Epoch,Training Loss,Validation Loss
1,681596214845728.4,1114949586.4713845
2,12246645687627.459,2575610.0715384614
