Epoch,Training Loss,Validation Loss
1,0.4547232870240497,0.3656267985849299
2,0.3350105777316623,0.3363289547333351
3,0.3033010303968718,0.307903816575678
4,0.28649803775776483,0.302454102640478
5,0.26916257094222934,0.28247285468354183
6,0.25682076358577804,0.27335348494745726
7,22.936896667454928,0.9999515791224618
8,0.9999852481458941,0.9999460697826157
