Epoch,Training Loss,Validation Loss
1,2894.3998338093825,0.9748220095838237
2,0.9734531598558454,0.9703625556220357
