Epoch,Training Loss,Validation Loss
1,6474822.0733813755,4.5247732871618025
2,1.6563783346404377,1.003474925281655
