Epoch,Training Loss,Validation Loss
1,1879288064.273805,1.821897633658515
2,55367293.72839628,37.127343982924764
