=== 2026-07-05T09:20:45.801978+00:00 ===
C:\ProgramData\anaconda3\envs\NO_2D_Metamaterials\python.exe D:\Research\NO-2D-Metamaterials\train_from_disk.py --amp none --hidden-channels 128 --learning-rate 2e-3 --weight-decay 0 --scheduler steplr --step-size 1 --gamma 0.9 --eigen-ch0-encoding uniform --batch-size 520 --num-workers 2 --prefetch-factor 3 --seed 0 --progress-mode plain --epochs 12 --loss nmae

2026-07-05 05:20:59,817 | INFO | NMAE epsilon=1.000000e-05
2026-07-05 05:20:59,818 | INFO | Loss logging: active=nmae; every epoch records train/val nmae, MAE, and MSE
D:\Research\NO-2D-Metamaterials\train_from_disk.py:1858: FutureWarning: `torch.cuda.amp.GradScaler(args...)` is deprecated. Please use `torch.amp.GradScaler('cuda', args...)` instead.
  scaler = torch.cuda.amp.GradScaler(enabled=(device.type == "cuda" and args.amp == "fp16"))
2026-07-05 05:21:00,349 | INFO | Run started | run_name=NO_I3O5_BCF16_NMAE_HC128_LR2e-03_WD0e+00_SS1_G9e-01_ch0u_260705 run_id=NO_I3O5_BCF16_NMAE_HC128_LR2e-03_WD0e+00_SS1_G9e-01_ch0u_260705 device=cuda train_samples=18720000 test_samples=3900000 val_index_source=indices_full epoch_range=1..12
2026-07-05 05:21:00,349 | INFO | Fault diagnostics | main_fault_log=D:\Research\NO-2D-Metamaterials\MODELS\training_runs\NO_I3O5_BCF16_NMAE_HC128_LR2e-03_WD0e+00_SS1_G9e-01_ch0u_260705\main_process_fault.log
E1/12 B100/36000 batch_loss=8.7479e-01
E1/12 B200/36000 batch_loss=8.3145e-01
E1/12 B300/36000 batch_loss=8.1314e-01
E1/12 B400/36000 batch_loss=7.9841e-01
E1/12 B500/36000 batch_loss=7.5323e-01
E1/12 B600/36000 batch_loss=7.4226e-01
E1/12 B700/36000 batch_loss=7.0597e-01
E1/12 B800/36000 batch_loss=6.7811e-01
E1/12 B900/36000 batch_loss=6.6383e-01
E1/12 B1000/36000 batch_loss=6.3394e-01
E1/12 B1100/36000 batch_loss=6.2311e-01
E1/12 B1200/36000 batch_loss=5.6263e-01
E1/12 B1300/36000 batch_loss=5.5872e-01
E1/12 B1400/36000 batch_loss=5.4282e-01
E1/12 B1500/36000 batch_loss=5.4483e-01
E1/12 B1600/36000 batch_loss=5.7288e-01
E1/12 B1700/36000 batch_loss=5.1572e-01
E1/12 B1800/36000 batch_loss=5.5857e-01
E1/12 B1900/36000 batch_loss=5.7805e-01
E1/12 B2000/36000 batch_loss=4.8210e-01
E1/12 B2100/36000 batch_loss=5.2703e-01
E1/12 B2200/36000 batch_loss=4.8368e-01
E1/12 B2300/36000 batch_loss=4.3027e-01
E1/12 B2400/36000 batch_loss=4.3041e-01
E1/12 B2500/36000 batch_loss=4.3978e-01
E1/12 B2600/36000 batch_loss=4.9127e-01
E1/12 B2700/36000 batch_loss=4.6879e-01
E1/12 B2800/36000 batch_loss=4.3542e-01
E1/12 B2900/36000 batch_loss=5.2626e-01
E1/12 B3000/36000 batch_loss=4.7229e-01
E1/12 B3100/36000 batch_loss=4.9313e-01
E1/12 B3200/36000 batch_loss=4.0030e-01
E1/12 B3300/36000 batch_loss=4.1861e-01
E1/12 B3400/36000 batch_loss=3.7909e-01
E1/12 B3500/36000 batch_loss=5.0353e-01
E1/12 B3600/36000 batch_loss=4.6827e-01
E1/12 B3700/36000 batch_loss=4.8026e-01
E1/12 B3800/36000 batch_loss=4.6937e-01
E1/12 B3900/36000 batch_loss=3.8613e-01
E1/12 B4000/36000 batch_loss=3.8388e-01
E1/12 B4100/36000 batch_loss=3.7007e-01
E1/12 B4200/36000 batch_loss=3.7140e-01
E1/12 B4300/36000 batch_loss=4.7209e-01
E1/12 B4400/36000 batch_loss=3.6777e-01
E1/12 B4500/36000 batch_loss=3.7770e-01
E1/12 B4600/36000 batch_loss=3.6432e-01
E1/12 B4700/36000 batch_loss=4.4922e-01
E1/12 B4800/36000 batch_loss=4.6251e-01
E1/12 B4900/36000 batch_loss=4.2842e-01
E1/12 B5000/36000 batch_loss=4.4131e-01
E1/12 B5100/36000 batch_loss=3.6383e-01
E1/12 B5200/36000 batch_loss=4.3184e-01
E1/12 B5300/36000 batch_loss=3.5024e-01
E1/12 B5400/36000 batch_loss=3.3653e-01
E1/12 B5500/36000 batch_loss=4.1797e-01
E1/12 B5600/36000 batch_loss=4.4314e-01
E1/12 B5700/36000 batch_loss=4.2526e-01
E1/12 B5800/36000 batch_loss=4.2075e-01
E1/12 B5900/36000 batch_loss=3.5734e-01
E1/12 B6000/36000 batch_loss=3.6032e-01
E1/12 B6100/36000 batch_loss=3.3030e-01
E1/12 B6200/36000 batch_loss=3.2598e-01
E1/12 B6300/36000 batch_loss=4.4328e-01
E1/12 B6400/36000 batch_loss=3.3957e-01
E1/12 B6500/36000 batch_loss=3.2908e-01
E1/12 B6600/36000 batch_loss=3.4177e-01
E1/12 B6700/36000 batch_loss=3.4349e-01
E1/12 B6800/36000 batch_loss=3.4436e-01
E1/12 B6900/36000 batch_loss=3.8746e-01
E1/12 B7000/36000 batch_loss=3.3841e-01
E1/12 B7100/36000 batch_loss=3.9417e-01
E1/12 B7200/36000 batch_loss=4.0970e-01
E1/12 B7300/36000 batch_loss=3.5225e-01
E1/12 B7400/36000 batch_loss=4.1763e-01
E1/12 B7500/36000 batch_loss=3.9651e-01
E1/12 B7600/36000 batch_loss=3.3519e-01
E1/12 B7700/36000 batch_loss=3.9725e-01
E1/12 B7800/36000 batch_loss=4.0381e-01
E1/12 B7900/36000 batch_loss=3.2337e-01
E1/12 B8000/36000 batch_loss=3.0055e-01
E1/12 B8100/36000 batch_loss=3.1280e-01
E1/12 B8200/36000 batch_loss=4.2625e-01
E1/12 B8300/36000 batch_loss=3.4573e-01
E1/12 B8400/36000 batch_loss=3.2187e-01
E1/12 B8500/36000 batch_loss=3.0517e-01
E1/12 B8600/36000 batch_loss=4.0784e-01
E1/12 B8700/36000 batch_loss=3.7991e-01
E1/12 B8800/36000 batch_loss=3.7456e-01
E1/12 B8900/36000 batch_loss=2.8970e-01
E1/12 B9000/36000 batch_loss=3.7358e-01
E1/12 B9100/36000 batch_loss=3.7908e-01
E1/12 B9200/36000 batch_loss=3.9249e-01
E1/12 B9300/36000 batch_loss=3.7257e-01
E1/12 B9400/36000 batch_loss=4.0529e-01
E1/12 B9500/36000 batch_loss=2.7195e-01
E1/12 B9600/36000 batch_loss=4.2909e-01
E1/12 B9700/36000 batch_loss=3.3499e-01
E1/12 B9800/36000 batch_loss=3.8851e-01
E1/12 B9900/36000 batch_loss=3.7727e-01
E1/12 B10000/36000 batch_loss=4.0486e-01
E1/12 B10100/36000 batch_loss=3.1679e-01
E1/12 B10200/36000 batch_loss=3.9784e-01
E1/12 B10300/36000 batch_loss=3.8357e-01
E1/12 B10400/36000 batch_loss=3.5451e-01
E1/12 B10500/36000 batch_loss=3.7049e-01
E1/12 B10600/36000 batch_loss=3.0384e-01
E1/12 B10700/36000 batch_loss=4.0642e-01
E1/12 B10800/36000 batch_loss=4.0543e-01
E1/12 B10900/36000 batch_loss=4.1004e-01
E1/12 B11000/36000 batch_loss=3.1361e-01
E1/12 B11100/36000 batch_loss=2.8874e-01
E1/12 B11200/36000 batch_loss=2.8117e-01
E1/12 B11300/36000 batch_loss=3.0172e-01
E1/12 B11400/36000 batch_loss=3.7401e-01
E1/12 B11500/36000 batch_loss=2.9437e-01
E1/12 B11600/36000 batch_loss=2.7575e-01
E1/12 B11700/36000 batch_loss=2.9436e-01
E1/12 B11800/36000 batch_loss=3.7156e-01
E1/12 B11900/36000 batch_loss=3.9195e-01
E1/12 B12000/36000 batch_loss=3.4091e-01
E1/12 B12100/36000 batch_loss=2.8671e-01
E1/12 B12200/36000 batch_loss=2.8702e-01
E1/12 B12300/36000 batch_loss=3.6275e-01
E1/12 B12400/36000 batch_loss=3.8538e-01
E1/12 B12500/36000 batch_loss=3.6192e-01
E1/12 B12600/36000 batch_loss=3.6659e-01
E1/12 B12700/36000 batch_loss=3.0882e-01
E1/12 B12800/36000 batch_loss=2.5942e-01
E1/12 B12900/36000 batch_loss=3.5476e-01
E1/12 B13000/36000 batch_loss=3.1753e-01
E1/12 B13100/36000 batch_loss=3.6433e-01
E1/12 B13200/36000 batch_loss=3.1517e-01
E1/12 B13300/36000 batch_loss=3.6251e-01
E1/12 B13400/36000 batch_loss=2.8285e-01
E1/12 B13500/36000 batch_loss=2.9708e-01
E1/12 B13600/36000 batch_loss=3.6561e-01
E1/12 B13700/36000 batch_loss=3.7143e-01
E1/12 B13800/36000 batch_loss=3.5845e-01
E1/12 B13900/36000 batch_loss=3.8459e-01
E1/12 B14000/36000 batch_loss=2.8271e-01
E1/12 B14100/36000 batch_loss=2.9307e-01
E1/12 B14200/36000 batch_loss=3.0660e-01
E1/12 B14300/36000 batch_loss=2.8767e-01
E1/12 B14400/36000 batch_loss=2.6223e-01
E1/12 B14500/36000 batch_loss=3.3639e-01
E1/12 B14600/36000 batch_loss=3.5971e-01
E1/12 B14700/36000 batch_loss=2.9177e-01
E1/12 B14800/36000 batch_loss=2.9822e-01
E1/12 B14900/36000 batch_loss=2.8707e-01
E1/12 B15000/36000 batch_loss=2.9398e-01
E1/12 B15100/36000 batch_loss=2.7358e-01
E1/12 B15200/36000 batch_loss=3.4800e-01
E1/12 B15300/36000 batch_loss=2.7916e-01
E1/12 B15400/36000 batch_loss=3.7273e-01
E1/12 B15500/36000 batch_loss=3.7130e-01
E1/12 B15600/36000 batch_loss=3.7808e-01
E1/12 B15700/36000 batch_loss=3.4677e-01
E1/12 B15800/36000 batch_loss=3.5046e-01
E1/12 B15900/36000 batch_loss=3.5104e-01
E1/12 B16000/36000 batch_loss=2.9088e-01
E1/12 B16100/36000 batch_loss=2.7197e-01
E1/12 B16200/36000 batch_loss=3.5166e-01
E1/12 B16300/36000 batch_loss=2.5940e-01
E1/12 B16400/36000 batch_loss=3.6004e-01
E1/12 B16500/36000 batch_loss=3.3988e-01
E1/12 B16600/36000 batch_loss=3.6087e-01
E1/12 B16700/36000 batch_loss=3.6430e-01
E1/12 B16800/36000 batch_loss=3.4443e-01
E1/12 B16900/36000 batch_loss=2.6548e-01
E1/12 B17000/36000 batch_loss=3.4892e-01
E1/12 B17100/36000 batch_loss=2.9392e-01
E1/12 B17200/36000 batch_loss=3.3573e-01
E1/12 B17300/36000 batch_loss=3.6887e-01
E1/12 B17400/36000 batch_loss=3.3948e-01
E1/12 B17500/36000 batch_loss=3.5856e-01
E1/12 B17600/36000 batch_loss=2.9153e-01
E1/12 B17700/36000 batch_loss=2.5855e-01
E1/12 B17800/36000 batch_loss=3.6520e-01
E1/12 B17900/36000 batch_loss=2.7031e-01
E1/12 B18000/36000 batch_loss=2.7190e-01
E1/12 B18100/36000 batch_loss=2.6585e-01
E1/12 B18200/36000 batch_loss=3.7189e-01
E1/12 B18300/36000 batch_loss=3.5819e-01
E1/12 B18400/36000 batch_loss=2.4053e-01
E1/12 B18500/36000 batch_loss=2.7554e-01
E1/12 B18600/36000 batch_loss=3.6629e-01
E1/12 B18700/36000 batch_loss=2.4067e-01
E1/12 B18800/36000 batch_loss=3.4166e-01
E1/12 B18900/36000 batch_loss=2.5171e-01
E1/12 B19000/36000 batch_loss=3.4630e-01
E1/12 B19100/36000 batch_loss=2.4555e-01
E1/12 B19200/36000 batch_loss=2.6213e-01
E1/12 B19300/36000 batch_loss=2.7303e-01
E1/12 B19400/36000 batch_loss=3.4443e-01
E1/12 B19500/36000 batch_loss=3.3139e-01
E1/12 B19600/36000 batch_loss=2.6596e-01
E1/12 B19700/36000 batch_loss=3.6097e-01
E1/12 B19800/36000 batch_loss=2.5557e-01
E1/12 B19900/36000 batch_loss=3.5794e-01
E1/12 B20000/36000 batch_loss=3.5012e-01
E1/12 B20100/36000 batch_loss=3.5191e-01
E1/12 B20200/36000 batch_loss=2.7938e-01
E1/12 B20300/36000 batch_loss=3.3448e-01
E1/12 B20400/36000 batch_loss=3.4603e-01
E1/12 B20500/36000 batch_loss=3.3803e-01
E1/12 B20600/36000 batch_loss=3.2188e-01
E1/12 B20700/36000 batch_loss=3.3437e-01
E1/12 B20800/36000 batch_loss=2.6231e-01
E1/12 B20900/36000 batch_loss=3.3375e-01
E1/12 B21000/36000 batch_loss=2.5217e-01
E1/12 B21100/36000 batch_loss=3.4570e-01
E1/12 B21200/36000 batch_loss=3.9081e-01
E1/12 B21300/36000 batch_loss=3.5139e-01
E1/12 B21400/36000 batch_loss=2.8727e-01
E1/12 B21500/36000 batch_loss=3.3387e-01
E1/12 B21600/36000 batch_loss=2.8452e-01
E1/12 B21700/36000 batch_loss=2.4875e-01
E1/12 B21800/36000 batch_loss=3.6181e-01
E1/12 B21900/36000 batch_loss=3.5467e-01
E1/12 B22000/36000 batch_loss=3.1557e-01
E1/12 B22100/36000 batch_loss=2.4750e-01
E1/12 B22200/36000 batch_loss=3.5012e-01
E1/12 B22300/36000 batch_loss=3.6613e-01
E1/12 B22400/36000 batch_loss=3.3900e-01
E1/12 B22500/36000 batch_loss=2.5605e-01
E1/12 B22600/36000 batch_loss=3.6821e-01
E1/12 B22700/36000 batch_loss=3.2716e-01
E1/12 B22800/36000 batch_loss=3.2709e-01
E1/12 B22900/36000 batch_loss=2.8932e-01
E1/12 B23000/36000 batch_loss=3.0435e-01
E1/12 B23100/36000 batch_loss=3.3380e-01
E1/12 B23200/36000 batch_loss=1.9867e-01
E1/12 B23300/36000 batch_loss=2.5247e-01
E1/12 B23400/36000 batch_loss=2.6307e-01
E1/12 B23500/36000 batch_loss=2.4465e-01
E1/12 B23600/36000 batch_loss=2.4021e-01
E1/12 B23700/36000 batch_loss=2.5634e-01
E1/12 B23800/36000 batch_loss=2.4960e-01
E1/12 B23900/36000 batch_loss=3.5319e-01
E1/12 B24000/36000 batch_loss=3.5457e-01
E1/12 B24100/36000 batch_loss=3.0880e-01
E1/12 B24200/36000 batch_loss=2.4159e-01
E1/12 B24300/36000 batch_loss=2.3633e-01
E1/12 B24400/36000 batch_loss=2.2297e-01
E1/12 B24500/36000 batch_loss=2.7288e-01
E1/12 B24600/36000 batch_loss=2.3867e-01
E1/12 B24700/36000 batch_loss=2.4141e-01
E1/12 B24800/36000 batch_loss=2.5461e-01
E1/12 B24900/36000 batch_loss=2.6300e-01
E1/12 B25000/36000 batch_loss=3.2863e-01
E1/12 B25100/36000 batch_loss=2.7763e-01
E1/12 B25200/36000 batch_loss=3.5781e-01
E1/12 B25300/36000 batch_loss=3.2378e-01
E1/12 B25400/36000 batch_loss=3.1314e-01
E1/12 B25500/36000 batch_loss=2.3592e-01
E1/12 B25600/36000 batch_loss=2.4486e-01
E1/12 B25700/36000 batch_loss=2.4058e-01
E1/12 B25800/36000 batch_loss=2.6020e-01
E1/12 B25900/36000 batch_loss=2.6052e-01
E1/12 B26000/36000 batch_loss=3.5002e-01
E1/12 B26100/36000 batch_loss=3.2035e-01
E1/12 B26200/36000 batch_loss=2.5588e-01
E1/12 B26300/36000 batch_loss=2.3571e-01
E1/12 B26400/36000 batch_loss=3.2081e-01
E1/12 B26500/36000 batch_loss=2.3387e-01
E1/12 B26600/36000 batch_loss=3.1307e-01
E1/12 B26700/36000 batch_loss=2.7549e-01
E1/12 B26800/36000 batch_loss=2.3103e-01
E1/12 B26900/36000 batch_loss=2.4635e-01
E1/12 B27000/36000 batch_loss=3.5292e-01
E1/12 B27100/36000 batch_loss=3.5439e-01
E1/12 B27200/36000 batch_loss=3.3766e-01
E1/12 B27300/36000 batch_loss=3.3132e-01
E1/12 B27400/36000 batch_loss=2.4323e-01
E1/12 B27500/36000 batch_loss=2.4128e-01
E1/12 B27600/36000 batch_loss=2.5826e-01
E1/12 B27700/36000 batch_loss=3.2629e-01
E1/12 B27800/36000 batch_loss=2.1670e-01
E1/12 B27900/36000 batch_loss=3.3037e-01
E1/12 B28000/36000 batch_loss=2.3425e-01
E1/12 B28100/36000 batch_loss=2.4711e-01
E1/12 B28200/36000 batch_loss=2.6289e-01
E1/12 B28300/36000 batch_loss=8.9734e-01
E1/12 B28400/36000 batch_loss=4.7336e-01
E1/12 B28500/36000 batch_loss=3.0733e-01
E1/12 B28600/36000 batch_loss=2.8017e-01
E1/12 B28700/36000 batch_loss=3.5687e-01
E1/12 B28800/36000 batch_loss=3.6045e-01
E1/12 B28900/36000 batch_loss=2.6602e-01
E1/12 B29000/36000 batch_loss=2.5170e-01
E1/12 B29100/36000 batch_loss=2.4456e-01
E1/12 B29200/36000 batch_loss=2.5671e-01
E1/12 B29300/36000 batch_loss=2.8096e-01
E1/12 B29400/36000 batch_loss=2.5293e-01
E1/12 B29500/36000 batch_loss=2.1739e-01
E1/12 B29600/36000 batch_loss=2.3147e-01
E1/12 B29700/36000 batch_loss=2.3348e-01
E1/12 B29800/36000 batch_loss=3.3094e-01
E1/12 B29900/36000 batch_loss=3.4396e-01
E1/12 B30000/36000 batch_loss=3.3841e-01
E1/12 B30100/36000 batch_loss=3.0378e-01
E1/12 B30200/36000 batch_loss=3.7082e-01
E1/12 B30300/36000 batch_loss=2.5161e-01
E1/12 B30400/36000 batch_loss=2.3636e-01
E1/12 B30500/36000 batch_loss=3.3838e-01
E1/12 B30600/36000 batch_loss=2.2869e-01
E1/12 B30700/36000 batch_loss=3.4623e-01
E1/12 B30800/36000 batch_loss=3.4364e-01
E1/12 B30900/36000 batch_loss=3.4159e-01
E1/12 B31000/36000 batch_loss=2.2403e-01
E1/12 B31100/36000 batch_loss=3.3460e-01
E1/12 B31200/36000 batch_loss=2.4859e-01
E1/12 B31300/36000 batch_loss=3.3062e-01
E1/12 B31400/36000 batch_loss=3.3538e-01
E1/12 B31500/36000 batch_loss=3.3228e-01
E1/12 B31600/36000 batch_loss=2.3541e-01
E1/12 B31700/36000 batch_loss=3.4116e-01
E1/12 B31800/36000 batch_loss=3.1900e-01
E1/12 B31900/36000 batch_loss=3.3490e-01
E1/12 B32000/36000 batch_loss=2.4225e-01
E1/12 B32100/36000 batch_loss=2.5449e-01
E1/12 B32200/36000 batch_loss=2.2783e-01
E1/12 B32300/36000 batch_loss=2.6077e-01
E1/12 B32400/36000 batch_loss=3.2865e-01
E1/12 B32500/36000 batch_loss=3.2456e-01
E1/12 B32600/36000 batch_loss=3.3852e-01
E1/12 B32700/36000 batch_loss=2.4087e-01
E1/12 B32800/36000 batch_loss=2.1840e-01
E1/12 B32900/36000 batch_loss=2.2703e-01
E1/12 B33000/36000 batch_loss=2.3034e-01
E1/12 B33100/36000 batch_loss=3.2897e-01
E1/12 B33200/36000 batch_loss=3.3188e-01
E1/12 B33300/36000 batch_loss=2.4355e-01
E1/12 B33400/36000 batch_loss=3.1991e-01
E1/12 B33500/36000 batch_loss=2.2833e-01
E1/12 B33600/36000 batch_loss=3.1833e-01
E1/12 B33700/36000 batch_loss=2.3754e-01
E1/12 B33800/36000 batch_loss=3.0230e-01
E1/12 B33900/36000 batch_loss=2.2834e-01
E1/12 B34000/36000 batch_loss=2.4027e-01
E1/12 B34100/36000 batch_loss=2.2522e-01
E1/12 B34200/36000 batch_loss=2.4901e-01
E1/12 B34300/36000 batch_loss=2.3174e-01
E1/12 B34400/36000 batch_loss=2.5260e-01
E1/12 B34500/36000 batch_loss=2.4662e-01
E1/12 B34600/36000 batch_loss=2.4734e-01
E1/12 B34700/36000 batch_loss=2.3642e-01
E1/12 B34800/36000 batch_loss=2.4563e-01
E1/12 B34900/36000 batch_loss=3.1078e-01
E1/12 B35000/36000 batch_loss=3.1283e-01
E1/12 B35100/36000 batch_loss=3.2899e-01
E1/12 B35200/36000 batch_loss=3.1195e-01
E1/12 B35300/36000 batch_loss=3.2623e-01
E1/12 B35400/36000 batch_loss=3.5532e-01
E1/12 B35500/36000 batch_loss=2.3887e-01
E1/12 B35600/36000 batch_loss=2.1098e-01
E1/12 B35700/36000 batch_loss=3.1683e-01
E1/12 B35800/36000 batch_loss=2.2652e-01
E1/12 B35900/36000 batch_loss=3.0648e-01
E1/12 B36000/36000 batch_loss=2.1665e-01
2026-07-05 09:07:24,597 | INFO | Saved 10 diagnostic panel(s) under D:\Research\NO-2D-Metamaterials\MODELS\training_runs\NO_I3O5_BCF16_NMAE_HC128_LR2e-03_WD0e+00_SS1_G9e-01_ch0u_260705\diagnostics\epoch_001
epoch=1/12 loss=nmae train_nmae=3.448102e-01 val_nmae=3.092513e-01 train_mae=3.334644e-03 val_mae=2.740760e-03 train_mse=8.044860e-05 val_mse=6.144123e-05 lr=1.800e-03 train_sps=1481.2
2026-07-05 09:07:26,080 | INFO | epoch=1/12 loss=nmae train_nmae=3.448102e-01 val_nmae=3.092513e-01 train_mae=3.334644e-03 val_mae=2.740760e-03 train_mse=8.044860e-05 val_mse=6.144123e-05 lr=1.800e-03 train_sps=1481.2
2026-07-05 09:07:26,080 | INFO | epoch=1/12 loss_ch_nmae train=2.417e-02 3.877e-01 4.017e-01 4.547e-01 4.559e-01 val=2.160e-02 3.406e-01 3.534e-01 4.147e-01 4.160e-01
2026-07-05 09:07:26,080 | INFO | epoch=1/12 mae_ch train=1.542e-03 3.573e-03 3.434e-03 4.172e-03 3.952e-03 val=1.301e-03 2.890e-03 2.740e-03 3.490e-03 3.282e-03 mse_ch train=2.385e-05 8.549e-05 8.078e-05 1.123e-04 9.982e-05 val=4.493e-06 6.575e-05 6.261e-05 9.290e-05 8.145e-05
Epoch 1/12 done | loss=nmae train=3.4481e-01 val=3.0925e-01 mae=2.7408e-03 mse=6.1441e-05 lr=1.80e-03
E2/12 B100/36000 batch_loss=2.4161e-01
E2/12 B200/36000 batch_loss=3.2080e-01
E2/12 B300/36000 batch_loss=2.1765e-01
E2/12 B400/36000 batch_loss=3.0059e-01
E2/12 B500/36000 batch_loss=2.3472e-01
E2/12 B600/36000 batch_loss=2.4061e-01
E2/12 B700/36000 batch_loss=2.2129e-01
E2/12 B800/36000 batch_loss=2.3317e-01
E2/12 B900/36000 batch_loss=3.5011e-01
E2/12 B1000/36000 batch_loss=2.1187e-01
E2/12 B1100/36000 batch_loss=2.0083e-01
E2/12 B1200/36000 batch_loss=2.4143e-01
E2/12 B1300/36000 batch_loss=3.1381e-01
E2/12 B1400/36000 batch_loss=2.3787e-01
E2/12 B1500/36000 batch_loss=3.1437e-01
E2/12 B1600/36000 batch_loss=3.2608e-01
E2/12 B1700/36000 batch_loss=2.0825e-01
E2/12 B1800/36000 batch_loss=2.1587e-01
E2/12 B1900/36000 batch_loss=2.0561e-01
E2/12 B2000/36000 batch_loss=2.9971e-01
E2/12 B2100/36000 batch_loss=3.3494e-01
E2/12 B2200/36000 batch_loss=2.8543e-01
E2/12 B2300/36000 batch_loss=3.3753e-01
E2/12 B2400/36000 batch_loss=3.1813e-01
E2/12 B2500/36000 batch_loss=2.2327e-01
E2/12 B2600/36000 batch_loss=3.1873e-01
E2/12 B2700/36000 batch_loss=2.0409e-01
E2/12 B2800/36000 batch_loss=2.1688e-01
E2/12 B2900/36000 batch_loss=2.2363e-01
E2/12 B3000/36000 batch_loss=2.9465e-01
E2/12 B3100/36000 batch_loss=3.0331e-01
E2/12 B3200/36000 batch_loss=2.2616e-01
E2/12 B3300/36000 batch_loss=2.2249e-01
E2/12 B3400/36000 batch_loss=3.5257e-01
E2/12 B3500/36000 batch_loss=2.0280e-01
E2/12 B3600/36000 batch_loss=2.0826e-01
E2/12 B3700/36000 batch_loss=2.9359e-01
E2/12 B3800/36000 batch_loss=2.7044e-01
E2/12 B3900/36000 batch_loss=3.3084e-01
E2/12 B4000/36000 batch_loss=2.2199e-01
E2/12 B4100/36000 batch_loss=2.1217e-01
E2/12 B4200/36000 batch_loss=2.0928e-01
E2/12 B4300/36000 batch_loss=2.2760e-01
E2/12 B4400/36000 batch_loss=3.1156e-01
E2/12 B4500/36000 batch_loss=2.3325e-01
E2/12 B4600/36000 batch_loss=3.1153e-01
E2/12 B4700/36000 batch_loss=2.9101e-01
E2/12 B4800/36000 batch_loss=3.0618e-01
E2/12 B4900/36000 batch_loss=2.1891e-01
E2/12 B5000/36000 batch_loss=2.8406e-01
E2/12 B5100/36000 batch_loss=2.8713e-01
E2/12 B5200/36000 batch_loss=3.1023e-01
E2/12 B5300/36000 batch_loss=3.0639e-01
E2/12 B5400/36000 batch_loss=2.1815e-01
E2/12 B5500/36000 batch_loss=3.1788e-01
E2/12 B5600/36000 batch_loss=2.2387e-01
E2/12 B5700/36000 batch_loss=3.1621e-01
E2/12 B5800/36000 batch_loss=2.2796e-01
E2/12 B5900/36000 batch_loss=2.4580e-01
E2/12 B6000/36000 batch_loss=3.0592e-01
E2/12 B6100/36000 batch_loss=3.2455e-01
E2/12 B6200/36000 batch_loss=3.2657e-01
E2/12 B6300/36000 batch_loss=3.1802e-01
E2/12 B6400/36000 batch_loss=2.1535e-01
E2/12 B6500/36000 batch_loss=3.2213e-01
E2/12 B6600/36000 batch_loss=3.1527e-01
E2/12 B6700/36000 batch_loss=1.9919e-01
E2/12 B6800/36000 batch_loss=2.2847e-01
E2/12 B6900/36000 batch_loss=1.9658e-01
E2/12 B7000/36000 batch_loss=3.2979e-01
E2/12 B7100/36000 batch_loss=2.2259e-01
E2/12 B7200/36000 batch_loss=2.1297e-01
E2/12 B7300/36000 batch_loss=3.0826e-01
E2/12 B7400/36000 batch_loss=2.1616e-01
E2/12 B7500/36000 batch_loss=2.2636e-01
E2/12 B7600/36000 batch_loss=2.1371e-01
E2/12 B7700/36000 batch_loss=3.0322e-01
E2/12 B7800/36000 batch_loss=3.0850e-01
E2/12 B7900/36000 batch_loss=3.0285e-01
E2/12 B8000/36000 batch_loss=1.8090e-01
E2/12 B8100/36000 batch_loss=2.4831e-01
E2/12 B8200/36000 batch_loss=2.9197e-01
E2/12 B8300/36000 batch_loss=2.2301e-01
E2/12 B8400/36000 batch_loss=2.2507e-01
E2/12 B8500/36000 batch_loss=2.2003e-01
E2/12 B8600/36000 batch_loss=2.1489e-01
E2/12 B8700/36000 batch_loss=2.3027e-01
E2/12 B8800/36000 batch_loss=3.1647e-01
E2/12 B8900/36000 batch_loss=2.2358e-01
E2/12 B9000/36000 batch_loss=2.1280e-01
E2/12 B9100/36000 batch_loss=2.1878e-01
E2/12 B9200/36000 batch_loss=3.0412e-01
E2/12 B9300/36000 batch_loss=2.0558e-01
E2/12 B9400/36000 batch_loss=2.6627e-01
E2/12 B9500/36000 batch_loss=1.9443e-01
E2/12 B9600/36000 batch_loss=3.0230e-01
E2/12 B9700/36000 batch_loss=2.9811e-01
E2/12 B9800/36000 batch_loss=2.9848e-01
E2/12 B9900/36000 batch_loss=1.9693e-01
E2/12 B10000/36000 batch_loss=2.3059e-01
E2/12 B10100/36000 batch_loss=3.3866e-01
E2/12 B10200/36000 batch_loss=2.3306e-01
E2/12 B10300/36000 batch_loss=1.8806e-01
E2/12 B10400/36000 batch_loss=2.2843e-01
E2/12 B10500/36000 batch_loss=2.0252e-01
E2/12 B10600/36000 batch_loss=3.0132e-01
E2/12 B10700/36000 batch_loss=3.0884e-01
E2/12 B10800/36000 batch_loss=3.2771e-01
E2/12 B10900/36000 batch_loss=3.1550e-01
E2/12 B11000/36000 batch_loss=3.1484e-01
E2/12 B11100/36000 batch_loss=3.0799e-01
E2/12 B11200/36000 batch_loss=3.1234e-01
E2/12 B11300/36000 batch_loss=3.2085e-01
E2/12 B11400/36000 batch_loss=2.2028e-01
E2/12 B11500/36000 batch_loss=2.2273e-01
E2/12 B11600/36000 batch_loss=2.0027e-01
E2/12 B11700/36000 batch_loss=2.1423e-01
E2/12 B11800/36000 batch_loss=2.3337e-01
E2/12 B11900/36000 batch_loss=2.2862e-01
E2/12 B12000/36000 batch_loss=3.1341e-01
E2/12 B12100/36000 batch_loss=2.9845e-01
E2/12 B12200/36000 batch_loss=1.8520e-01
E2/12 B12300/36000 batch_loss=2.1908e-01
E2/12 B12400/36000 batch_loss=2.1471e-01
E2/12 B12500/36000 batch_loss=2.1256e-01
E2/12 B12600/36000 batch_loss=2.0311e-01
E2/12 B12700/36000 batch_loss=3.0676e-01
E2/12 B12800/36000 batch_loss=2.1204e-01
E2/12 B12900/36000 batch_loss=3.1070e-01
E2/12 B13000/36000 batch_loss=3.3887e-01
E2/12 B13100/36000 batch_loss=2.8922e-01
E2/12 B13200/36000 batch_loss=1.9024e-01
E2/12 B13300/36000 batch_loss=2.1451e-01
E2/12 B13400/36000 batch_loss=2.1324e-01
E2/12 B13500/36000 batch_loss=2.9130e-01
E2/12 B13600/36000 batch_loss=1.9445e-01
E2/12 B13700/36000 batch_loss=2.3477e-01
E2/12 B13800/36000 batch_loss=2.1098e-01
E2/12 B13900/36000 batch_loss=3.2038e-01
E2/12 B14000/36000 batch_loss=2.9188e-01
E2/12 B14100/36000 batch_loss=2.9807e-01
E2/12 B14200/36000 batch_loss=3.0277e-01
E2/12 B14300/36000 batch_loss=2.3193e-01
E2/12 B14400/36000 batch_loss=2.0332e-01
E2/12 B14500/36000 batch_loss=2.0472e-01
E2/12 B14600/36000 batch_loss=3.2515e-01
E2/12 B14700/36000 batch_loss=3.0440e-01
E2/12 B14800/36000 batch_loss=2.8062e-01
E2/12 B14900/36000 batch_loss=2.9939e-01
E2/12 B15000/36000 batch_loss=2.9602e-01
E2/12 B15100/36000 batch_loss=1.9110e-01
E2/12 B15200/36000 batch_loss=2.1439e-01
E2/12 B15300/36000 batch_loss=2.0393e-01
E2/12 B15400/36000 batch_loss=3.3133e-01
E2/12 B15500/36000 batch_loss=1.9622e-01
E2/12 B15600/36000 batch_loss=2.1090e-01
E2/12 B15700/36000 batch_loss=2.2999e-01
E2/12 B15800/36000 batch_loss=2.1474e-01
E2/12 B15900/36000 batch_loss=1.8215e-01
E2/12 B16000/36000 batch_loss=2.1198e-01
E2/12 B16100/36000 batch_loss=2.9350e-01
E2/12 B16200/36000 batch_loss=2.7716e-01
E2/12 B16300/36000 batch_loss=2.7387e-01
E2/12 B16400/36000 batch_loss=3.0010e-01
E2/12 B16500/36000 batch_loss=2.9501e-01
E2/12 B16600/36000 batch_loss=3.2504e-01
E2/12 B16700/36000 batch_loss=2.6800e-01
E2/12 B16800/36000 batch_loss=2.0281e-01
E2/12 B16900/36000 batch_loss=2.0771e-01
E2/12 B17000/36000 batch_loss=2.1677e-01
E2/12 B17100/36000 batch_loss=3.0281e-01
E2/12 B17200/36000 batch_loss=2.1053e-01
E2/12 B17300/36000 batch_loss=1.7146e-01
E2/12 B17400/36000 batch_loss=2.1086e-01
E2/12 B17500/36000 batch_loss=2.9887e-01
E2/12 B17600/36000 batch_loss=2.8200e-01
E2/12 B17700/36000 batch_loss=2.8296e-01
E2/12 B17800/36000 batch_loss=2.9899e-01
E2/12 B17900/36000 batch_loss=3.2582e-01
E2/12 B18000/36000 batch_loss=3.2240e-01
E2/12 B18100/36000 batch_loss=3.1217e-01
E2/12 B18200/36000 batch_loss=3.0194e-01
E2/12 B18300/36000 batch_loss=3.0865e-01
E2/12 B18400/36000 batch_loss=1.9307e-01
E2/12 B18500/36000 batch_loss=2.8640e-01
E2/12 B18600/36000 batch_loss=1.8965e-01
E2/12 B18700/36000 batch_loss=4.0010e-01
E2/12 B18800/36000 batch_loss=1.8907e-01
E2/12 B18900/36000 batch_loss=3.0285e-01
E2/12 B19000/36000 batch_loss=2.8666e-01
E2/12 B19100/36000 batch_loss=2.9135e-01
E2/12 B19200/36000 batch_loss=2.9523e-01
E2/12 B19300/36000 batch_loss=3.0323e-01
E2/12 B19400/36000 batch_loss=2.8854e-01
E2/12 B19500/36000 batch_loss=2.9570e-01
E2/12 B19600/36000 batch_loss=2.0495e-01
E2/12 B19700/36000 batch_loss=3.3330e-01
E2/12 B19800/36000 batch_loss=3.0147e-01
E2/12 B19900/36000 batch_loss=2.0778e-01
E2/12 B20000/36000 batch_loss=2.8771e-01
E2/12 B20100/36000 batch_loss=2.9239e-01
E2/12 B20200/36000 batch_loss=2.0278e-01
E2/12 B20300/36000 batch_loss=1.9964e-01
E2/12 B20400/36000 batch_loss=1.9843e-01
E2/12 B20500/36000 batch_loss=1.8925e-01
E2/12 B20600/36000 batch_loss=3.0099e-01
E2/12 B20700/36000 batch_loss=2.9014e-01
E2/12 B20800/36000 batch_loss=3.2448e-01
E2/12 B20900/36000 batch_loss=2.8397e-01
E2/12 B21000/36000 batch_loss=2.7760e-01
E2/12 B21100/36000 batch_loss=2.0313e-01
E2/12 B21200/36000 batch_loss=2.6051e-01
E2/12 B21300/36000 batch_loss=2.8288e-01
E2/12 B21400/36000 batch_loss=2.0665e-01
E2/12 B21500/36000 batch_loss=1.7613e-01
E2/12 B21600/36000 batch_loss=2.8406e-01
E2/12 B21700/36000 batch_loss=2.0365e-01
E2/12 B21800/36000 batch_loss=2.9503e-01
E2/12 B21900/36000 batch_loss=2.9510e-01
E2/12 B22000/36000 batch_loss=3.0163e-01
E2/12 B22100/36000 batch_loss=1.9067e-01
E2/12 B22200/36000 batch_loss=2.0503e-01
E2/12 B22300/36000 batch_loss=3.2134e-01
E2/12 B22400/36000 batch_loss=2.1462e-01
E2/12 B22500/36000 batch_loss=1.9338e-01
E2/12 B22600/36000 batch_loss=1.7520e-01
E2/12 B22700/36000 batch_loss=1.9967e-01
E2/12 B22800/36000 batch_loss=1.9214e-01
E2/12 B22900/36000 batch_loss=2.9402e-01
E2/12 B23000/36000 batch_loss=2.9417e-01
E2/12 B23100/36000 batch_loss=2.1225e-01
E2/12 B23200/36000 batch_loss=3.2203e-01
E2/12 B23300/36000 batch_loss=1.9764e-01
E2/12 B23400/36000 batch_loss=2.8033e-01
E2/12 B23500/36000 batch_loss=3.0040e-01
E2/12 B23600/36000 batch_loss=3.1927e-01
E2/12 B23700/36000 batch_loss=2.1016e-01
E2/12 B23800/36000 batch_loss=2.1246e-01
E2/12 B23900/36000 batch_loss=2.1058e-01
E2/12 B24000/36000 batch_loss=1.9189e-01
E2/12 B24100/36000 batch_loss=2.8687e-01
E2/12 B24200/36000 batch_loss=1.9565e-01
E2/12 B24300/36000 batch_loss=3.1362e-01
E2/12 B24400/36000 batch_loss=2.6967e-01
E2/12 B24500/36000 batch_loss=1.9814e-01
E2/12 B24600/36000 batch_loss=3.0120e-01
E2/12 B24700/36000 batch_loss=2.9327e-01
E2/12 B24800/36000 batch_loss=1.7431e-01
E2/12 B24900/36000 batch_loss=3.1099e-01
E2/12 B25000/36000 batch_loss=1.9255e-01
E2/12 B25100/36000 batch_loss=4.6494e-01
E2/12 B25200/36000 batch_loss=2.2190e-01
E2/12 B25300/36000 batch_loss=3.0817e-01
E2/12 B25400/36000 batch_loss=1.8951e-01
E2/12 B25500/36000 batch_loss=2.9394e-01
E2/12 B25600/36000 batch_loss=2.8597e-01
E2/12 B25700/36000 batch_loss=3.1682e-01
E2/12 B25800/36000 batch_loss=2.9172e-01
E2/12 B25900/36000 batch_loss=2.8725e-01
E2/12 B26000/36000 batch_loss=3.0882e-01
E2/12 B26100/36000 batch_loss=2.1104e-01
E2/12 B26200/36000 batch_loss=2.9980e-01
E2/12 B26300/36000 batch_loss=2.2841e-01
E2/12 B26400/36000 batch_loss=2.9709e-01
E2/12 B26500/36000 batch_loss=2.0908e-01
E2/12 B26600/36000 batch_loss=3.0888e-01
E2/12 B26700/36000 batch_loss=2.0565e-01
E2/12 B26800/36000 batch_loss=1.8582e-01
E2/12 B26900/36000 batch_loss=3.2809e-01
E2/12 B27000/36000 batch_loss=1.8889e-01
E2/12 B27100/36000 batch_loss=2.8148e-01
E2/12 B27200/36000 batch_loss=2.8546e-01
E2/12 B27300/36000 batch_loss=1.7880e-01
E2/12 B27400/36000 batch_loss=3.0450e-01
E2/12 B27500/36000 batch_loss=1.9653e-01
E2/12 B27600/36000 batch_loss=1.8468e-01
E2/12 B27700/36000 batch_loss=2.0164e-01
E2/12 B27800/36000 batch_loss=1.9945e-01
E2/12 B27900/36000 batch_loss=1.9319e-01
E2/12 B28000/36000 batch_loss=2.0453e-01
E2/12 B28100/36000 batch_loss=2.7651e-01
E2/12 B28200/36000 batch_loss=2.0166e-01
E2/12 B28300/36000 batch_loss=3.0301e-01
E2/12 B28400/36000 batch_loss=3.2318e-01
E2/12 B28500/36000 batch_loss=2.9598e-01
E2/12 B28600/36000 batch_loss=3.1488e-01
E2/12 B28700/36000 batch_loss=2.0225e-01
E2/12 B28800/36000 batch_loss=1.9897e-01
E2/12 B28900/36000 batch_loss=2.0942e-01
E2/12 B29000/36000 batch_loss=3.1463e-01
E2/12 B29100/36000 batch_loss=1.9166e-01
E2/12 B29200/36000 batch_loss=2.0164e-01
E2/12 B29300/36000 batch_loss=1.8666e-01
E2/12 B29400/36000 batch_loss=2.9100e-01
E2/12 B29500/36000 batch_loss=1.8441e-01
E2/12 B29600/36000 batch_loss=2.9813e-01
E2/12 B29700/36000 batch_loss=2.9088e-01
E2/12 B29800/36000 batch_loss=3.1272e-01
E2/12 B29900/36000 batch_loss=2.0262e-01
E2/12 B30000/36000 batch_loss=1.9014e-01
E2/12 B30100/36000 batch_loss=2.8937e-01
E2/12 B30200/36000 batch_loss=2.1179e-01
E2/12 B30300/36000 batch_loss=1.9026e-01
E2/12 B30400/36000 batch_loss=2.9067e-01
E2/12 B30500/36000 batch_loss=2.1918e-01
E2/12 B30600/36000 batch_loss=1.9167e-01
E2/12 B30700/36000 batch_loss=2.0648e-01
E2/12 B30800/36000 batch_loss=2.1492e-01
E2/12 B30900/36000 batch_loss=3.1174e-01
E2/12 B31000/36000 batch_loss=2.9067e-01
E2/12 B31100/36000 batch_loss=1.9132e-01
E2/12 B31200/36000 batch_loss=1.9926e-01
E2/12 B31300/36000 batch_loss=1.8620e-01
E2/12 B31400/36000 batch_loss=3.1542e-01
E2/12 B31500/36000 batch_loss=2.0411e-01
E2/12 B31600/36000 batch_loss=2.9903e-01
E2/12 B31700/36000 batch_loss=1.9999e-01
E2/12 B31800/36000 batch_loss=2.6622e-01
E2/12 B31900/36000 batch_loss=2.9065e-01
E2/12 B32000/36000 batch_loss=1.9454e-01
E2/12 B32100/36000 batch_loss=3.1810e-01
E2/12 B32200/36000 batch_loss=1.9491e-01
E2/12 B32300/36000 batch_loss=2.8157e-01
E2/12 B32400/36000 batch_loss=2.0095e-01
E2/12 B32500/36000 batch_loss=1.8484e-01
E2/12 B32600/36000 batch_loss=2.9196e-01
E2/12 B32700/36000 batch_loss=2.0783e-01
E2/12 B32800/36000 batch_loss=1.9644e-01
E2/12 B32900/36000 batch_loss=2.9051e-01
E2/12 B33000/36000 batch_loss=2.7779e-01
E2/12 B33100/36000 batch_loss=2.7864e-01
E2/12 B33200/36000 batch_loss=3.0894e-01
E2/12 B33300/36000 batch_loss=1.6526e-01
E2/12 B33400/36000 batch_loss=2.1473e-01
E2/12 B33500/36000 batch_loss=2.9277e-01
E2/12 B33600/36000 batch_loss=3.2357e-01
E2/12 B33700/36000 batch_loss=3.1102e-01
E2/12 B33800/36000 batch_loss=2.7861e-01
E2/12 B33900/36000 batch_loss=1.9269e-01
E2/12 B34000/36000 batch_loss=1.8565e-01
E2/12 B34100/36000 batch_loss=2.9930e-01
E2/12 B34200/36000 batch_loss=2.8413e-01
E2/12 B34300/36000 batch_loss=2.9194e-01
E2/12 B34400/36000 batch_loss=2.8862e-01
E2/12 B34500/36000 batch_loss=1.9131e-01
E2/12 B34600/36000 batch_loss=2.0394e-01
E2/12 B34700/36000 batch_loss=1.9934e-01
E2/12 B34800/36000 batch_loss=2.0852e-01
E2/12 B34900/36000 batch_loss=1.8149e-01
E2/12 B35000/36000 batch_loss=2.8845e-01
E2/12 B35100/36000 batch_loss=3.0287e-01
E2/12 B35200/36000 batch_loss=3.0388e-01
E2/12 B35300/36000 batch_loss=2.8542e-01
E2/12 B35400/36000 batch_loss=2.7486e-01
E2/12 B35500/36000 batch_loss=1.9706e-01
E2/12 B35600/36000 batch_loss=2.8018e-01
E2/12 B35700/36000 batch_loss=2.8550e-01
E2/12 B35800/36000 batch_loss=2.9640e-01
E2/12 B35900/36000 batch_loss=2.8725e-01
E2/12 B36000/36000 batch_loss=1.9521e-01
2026-07-05 12:53:52,957 | INFO | Saved 10 diagnostic panel(s) under D:\Research\NO-2D-Metamaterials\MODELS\training_runs\NO_I3O5_BCF16_NMAE_HC128_LR2e-03_WD0e+00_SS1_G9e-01_ch0u_260705\diagnostics\epoch_002
epoch=2/12 loss=nmae train_nmae=2.556459e-01 val_nmae=2.816953e-01 train_mae=2.444763e-03 val_mae=2.476404e-03 train_mse=5.623186e-05 val_mse=5.583078e-05 lr=1.620e-03 train_sps=1480.8
2026-07-05 12:53:54,471 | INFO | epoch=2/12 loss=nmae train_nmae=2.556459e-01 val_nmae=2.816953e-01 train_mae=2.444763e-03 val_mae=2.476404e-03 train_mse=5.623186e-05 val_mse=5.583078e-05 lr=1.620e-03 train_sps=1480.8
2026-07-05 12:53:54,471 | INFO | epoch=2/12 loss_ch_nmae train=1.560e-02 2.820e-01 2.900e-01 3.471e-01 3.435e-01 val=1.584e-02 3.097e-01 3.218e-01 3.778e-01 3.834e-01
2026-07-05 12:53:54,471 | INFO | epoch=2/12 mae_ch train=9.916e-04 2.597e-03 2.476e-03 3.184e-03 2.975e-03 val=1.003e-03 2.639e-03 2.502e-03 3.199e-03 3.040e-03 mse_ch train=1.347e-05 5.695e-05 5.435e-05 8.340e-05 7.299e-05 val=3.155e-06 5.937e-05 5.656e-05 8.519e-05 7.488e-05
Epoch 2/12 done | loss=nmae train=2.5565e-01 val=2.8170e-01 mae=2.4764e-03 mse=5.5831e-05 lr=1.62e-03
E3/12 B100/36000 batch_loss=1.7375e-01
E3/12 B200/36000 batch_loss=2.5383e-01
E3/12 B300/36000 batch_loss=2.7312e-01
E3/12 B400/36000 batch_loss=1.9258e-01
E3/12 B500/36000 batch_loss=2.1031e-01
E3/12 B600/36000 batch_loss=2.8333e-01
E3/12 B700/36000 batch_loss=1.7150e-01
E3/12 B800/36000 batch_loss=1.9186e-01
E3/12 B900/36000 batch_loss=2.7299e-01
E3/12 B1000/36000 batch_loss=2.6359e-01
E3/12 B1100/36000 batch_loss=1.7294e-01
E3/12 B1200/36000 batch_loss=2.7603e-01
E3/12 B1300/36000 batch_loss=1.7957e-01
E3/12 B1400/36000 batch_loss=2.6493e-01
E3/12 B1500/36000 batch_loss=2.6653e-01
E3/12 B1600/36000 batch_loss=2.0213e-01
E3/12 B1700/36000 batch_loss=2.9168e-01
E3/12 B1800/36000 batch_loss=1.9429e-01
E3/12 B1900/36000 batch_loss=3.0058e-01
E3/12 B2000/36000 batch_loss=2.6316e-01
E3/12 B2100/36000 batch_loss=1.9790e-01
E3/12 B2200/36000 batch_loss=2.8124e-01
E3/12 B2300/36000 batch_loss=1.8833e-01
E3/12 B2400/36000 batch_loss=1.8036e-01
E3/12 B2500/36000 batch_loss=1.7051e-01
E3/12 B2600/36000 batch_loss=1.8493e-01
E3/12 B2700/36000 batch_loss=2.9381e-01
E3/12 B2800/36000 batch_loss=2.0653e-01
E3/12 B2900/36000 batch_loss=2.8095e-01
E3/12 B3000/36000 batch_loss=2.8044e-01
E3/12 B3100/36000 batch_loss=1.9019e-01
E3/12 B3200/36000 batch_loss=1.8644e-01
E3/12 B3300/36000 batch_loss=2.7972e-01
E3/12 B3400/36000 batch_loss=1.8812e-01
E3/12 B3500/36000 batch_loss=2.5105e-01
E3/12 B3600/36000 batch_loss=2.7826e-01
E3/12 B3700/36000 batch_loss=2.6384e-01
E3/12 B3800/36000 batch_loss=1.7147e-01
E3/12 B3900/36000 batch_loss=1.7046e-01
E3/12 B4000/36000 batch_loss=1.9714e-01
E3/12 B4100/36000 batch_loss=1.8758e-01
E3/12 B4200/36000 batch_loss=1.7142e-01
E3/12 B4300/36000 batch_loss=2.6259e-01
E3/12 B4400/36000 batch_loss=1.7478e-01
E3/12 B4500/36000 batch_loss=1.9647e-01
E3/12 B4600/36000 batch_loss=2.7840e-01
E3/12 B4700/36000 batch_loss=1.9203e-01
E3/12 B4800/36000 batch_loss=1.8095e-01
E3/12 B4900/36000 batch_loss=2.9986e-01
E3/12 B5000/36000 batch_loss=1.7981e-01
E3/12 B5100/36000 batch_loss=1.9509e-01
E3/12 B5200/36000 batch_loss=1.8322e-01
E3/12 B5300/36000 batch_loss=2.7320e-01
E3/12 B5400/36000 batch_loss=1.8780e-01
E3/12 B5500/36000 batch_loss=1.8154e-01
E3/12 B5600/36000 batch_loss=2.8087e-01
E3/12 B5700/36000 batch_loss=3.0273e-01
E3/12 B5800/36000 batch_loss=1.7676e-01
E3/12 B5900/36000 batch_loss=1.6741e-01
E3/12 B6000/36000 batch_loss=2.6927e-01
E3/12 B6100/36000 batch_loss=2.8740e-01
E3/12 B6200/36000 batch_loss=1.9880e-01
E3/12 B6300/36000 batch_loss=1.9693e-01
E3/12 B6400/36000 batch_loss=2.5964e-01
E3/12 B6500/36000 batch_loss=2.5808e-01
E3/12 B6600/36000 batch_loss=1.9371e-01
E3/12 B6700/36000 batch_loss=1.7537e-01
E3/12 B6800/36000 batch_loss=1.8318e-01
E3/12 B6900/36000 batch_loss=3.1181e-01
E3/12 B7000/36000 batch_loss=2.5981e-01
E3/12 B7100/36000 batch_loss=1.8326e-01
E3/12 B7200/36000 batch_loss=1.8905e-01
E3/12 B7300/36000 batch_loss=1.9075e-01
E3/12 B7400/36000 batch_loss=2.0446e-01
E3/12 B7500/36000 batch_loss=2.6383e-01
E3/12 B7600/36000 batch_loss=1.8487e-01
E3/12 B7700/36000 batch_loss=2.8160e-01
E3/12 B7800/36000 batch_loss=2.8868e-01
E3/12 B7900/36000 batch_loss=2.7055e-01
E3/12 B8000/36000 batch_loss=2.6794e-01
E3/12 B8100/36000 batch_loss=2.6895e-01
E3/12 B8200/36000 batch_loss=1.9844e-01
E3/12 B8300/36000 batch_loss=2.8304e-01
E3/12 B8400/36000 batch_loss=2.5644e-01
E3/12 B8500/36000 batch_loss=2.0182e-01
E3/12 B8600/36000 batch_loss=1.8475e-01
E3/12 B8700/36000 batch_loss=1.9084e-01
E3/12 B8800/36000 batch_loss=2.9149e-01
E3/12 B8900/36000 batch_loss=2.0189e-01
E3/12 B9000/36000 batch_loss=2.6407e-01
E3/12 B9100/36000 batch_loss=2.7941e-01
E3/12 B9200/36000 batch_loss=2.0378e-01
E3/12 B9300/36000 batch_loss=1.9544e-01
E3/12 B9400/36000 batch_loss=2.6014e-01
E3/12 B9500/36000 batch_loss=1.8264e-01
E3/12 B9600/36000 batch_loss=2.0794e-01
E3/12 B9700/36000 batch_loss=1.9962e-01
E3/12 B9800/36000 batch_loss=2.6834e-01
E3/12 B9900/36000 batch_loss=2.4732e-01
E3/12 B10000/36000 batch_loss=2.8434e-01
E3/12 B10100/36000 batch_loss=1.9590e-01
E3/12 B10200/36000 batch_loss=2.8932e-01
E3/12 B10300/36000 batch_loss=2.6271e-01
E3/12 B10400/36000 batch_loss=1.7631e-01
E3/12 B10500/36000 batch_loss=1.7696e-01
E3/12 B10600/36000 batch_loss=2.0759e-01
E3/12 B10700/36000 batch_loss=2.9802e-01
E3/12 B10800/36000 batch_loss=2.7623e-01
E3/12 B10900/36000 batch_loss=1.8896e-01
E3/12 B11000/36000 batch_loss=1.8648e-01
E3/12 B11100/36000 batch_loss=3.0543e-01
E3/12 B11200/36000 batch_loss=1.8340e-01
E3/12 B11300/36000 batch_loss=3.1617e-01
E3/12 B11400/36000 batch_loss=1.9197e-01
E3/12 B11500/36000 batch_loss=2.7302e-01
E3/12 B11600/36000 batch_loss=1.8488e-01
E3/12 B11700/36000 batch_loss=2.8437e-01
E3/12 B11800/36000 batch_loss=2.5235e-01
E3/12 B11900/36000 batch_loss=2.7026e-01
E3/12 B12000/36000 batch_loss=2.9063e-01
E3/12 B12100/36000 batch_loss=1.9057e-01
E3/12 B12200/36000 batch_loss=2.0943e-01
E3/12 B12300/36000 batch_loss=2.6752e-01
E3/12 B12400/36000 batch_loss=2.4364e-01
E3/12 B12500/36000 batch_loss=2.9704e-01
E3/12 B12600/36000 batch_loss=1.9844e-01
E3/12 B12700/36000 batch_loss=2.8952e-01
E3/12 B12800/36000 batch_loss=1.8371e-01
E3/12 B12900/36000 batch_loss=1.7021e-01
E3/12 B13000/36000 batch_loss=2.7041e-01
E3/12 B13100/36000 batch_loss=2.7235e-01
E3/12 B13200/36000 batch_loss=1.7880e-01
E3/12 B13300/36000 batch_loss=1.8557e-01
E3/12 B13400/36000 batch_loss=2.9944e-01
E3/12 B13500/36000 batch_loss=2.7880e-01
E3/12 B13600/36000 batch_loss=1.7499e-01
E3/12 B13700/36000 batch_loss=2.8921e-01
E3/12 B13800/36000 batch_loss=2.0651e-01
E3/12 B13900/36000 batch_loss=1.7851e-01
E3/12 B14000/36000 batch_loss=2.8348e-01
E3/12 B14100/36000 batch_loss=2.8805e-01
E3/12 B14200/36000 batch_loss=2.8365e-01
E3/12 B14300/36000 batch_loss=1.8230e-01
E3/12 B14400/36000 batch_loss=1.9489e-01
E3/12 B14500/36000 batch_loss=2.6334e-01
E3/12 B14600/36000 batch_loss=3.1472e-01
E3/12 B14700/36000 batch_loss=1.9120e-01
E3/12 B14800/36000 batch_loss=1.7913e-01
E3/12 B14900/36000 batch_loss=1.6948e-01
E3/12 B15000/36000 batch_loss=2.6921e-01
E3/12 B15100/36000 batch_loss=3.0223e-01
E3/12 B15200/36000 batch_loss=2.8055e-01
E3/12 B15300/36000 batch_loss=2.6556e-01
E3/12 B15400/36000 batch_loss=2.9511e-01
E3/12 B15500/36000 batch_loss=1.7335e-01
E3/12 B15600/36000 batch_loss=1.9130e-01
E3/12 B15700/36000 batch_loss=1.9016e-01
E3/12 B15800/36000 batch_loss=1.8818e-01
E3/12 B15900/36000 batch_loss=2.7825e-01
E3/12 B16000/36000 batch_loss=2.9469e-01
E3/12 B16100/36000 batch_loss=2.7969e-01
E3/12 B16200/36000 batch_loss=1.7623e-01
E3/12 B16300/36000 batch_loss=1.9323e-01
E3/12 B16400/36000 batch_loss=2.5391e-01
E3/12 B16500/36000 batch_loss=2.5957e-01
E3/12 B16600/36000 batch_loss=2.8243e-01
E3/12 B16700/36000 batch_loss=2.7798e-01
E3/12 B16800/36000 batch_loss=1.7661e-01
E3/12 B16900/36000 batch_loss=2.8988e-01
E3/12 B17000/36000 batch_loss=2.9252e-01
E3/12 B17100/36000 batch_loss=2.8797e-01
E3/12 B17200/36000 batch_loss=2.7732e-01
E3/12 B17300/36000 batch_loss=2.8024e-01
E3/12 B17400/36000 batch_loss=2.9201e-01
E3/12 B17500/36000 batch_loss=1.6988e-01
E3/12 B17600/36000 batch_loss=2.7809e-01
E3/12 B17700/36000 batch_loss=1.8230e-01
E3/12 B17800/36000 batch_loss=1.8076e-01
E3/12 B17900/36000 batch_loss=2.6346e-01
E3/12 B18000/36000 batch_loss=1.8272e-01
E3/12 B18100/36000 batch_loss=2.0393e-01
E3/12 B18200/36000 batch_loss=2.6882e-01
E3/12 B18300/36000 batch_loss=1.8644e-01
E3/12 B18400/36000 batch_loss=1.9576e-01
E3/12 B18500/36000 batch_loss=1.5794e-01
E3/12 B18600/36000 batch_loss=2.7317e-01
E3/12 B18700/36000 batch_loss=2.6834e-01
E3/12 B18800/36000 batch_loss=1.7125e-01
E3/12 B18900/36000 batch_loss=1.8932e-01
E3/12 B19000/36000 batch_loss=2.8007e-01
E3/12 B19100/36000 batch_loss=2.6458e-01
E3/12 B19200/36000 batch_loss=2.8468e-01
E3/12 B19300/36000 batch_loss=2.7998e-01
E3/12 B19400/36000 batch_loss=1.8547e-01
E3/12 B19500/36000 batch_loss=2.9285e-01
E3/12 B19600/36000 batch_loss=2.8389e-01
E3/12 B19700/36000 batch_loss=3.0102e-01
E3/12 B19800/36000 batch_loss=2.6354e-01
E3/12 B19900/36000 batch_loss=2.9771e-01
E3/12 B20000/36000 batch_loss=1.9359e-01
E3/12 B20100/36000 batch_loss=1.7769e-01
E3/12 B20200/36000 batch_loss=2.7788e-01
E3/12 B20300/36000 batch_loss=1.9028e-01
E3/12 B20400/36000 batch_loss=1.6504e-01
E3/12 B20500/36000 batch_loss=1.9295e-01
E3/12 B20600/36000 batch_loss=2.8249e-01
E3/12 B20700/36000 batch_loss=2.7098e-01
E3/12 B20800/36000 batch_loss=1.9128e-01
E3/12 B20900/36000 batch_loss=1.6821e-01
E3/12 B21000/36000 batch_loss=1.8548e-01
E3/12 B21100/36000 batch_loss=2.9078e-01
E3/12 B21200/36000 batch_loss=2.6821e-01
E3/12 B21300/36000 batch_loss=1.7249e-01
E3/12 B21400/36000 batch_loss=1.8057e-01
E3/12 B21500/36000 batch_loss=1.8499e-01
E3/12 B21600/36000 batch_loss=2.8347e-01
E3/12 B21700/36000 batch_loss=2.6907e-01
E3/12 B21800/36000 batch_loss=1.8888e-01
E3/12 B21900/36000 batch_loss=1.7620e-01
E3/12 B22000/36000 batch_loss=2.8127e-01
E3/12 B22100/36000 batch_loss=2.4915e-01
E3/12 B22200/36000 batch_loss=2.8543e-01
E3/12 B22300/36000 batch_loss=2.5301e-01
E3/12 B22400/36000 batch_loss=2.7444e-01
E3/12 B22500/36000 batch_loss=1.6671e-01
E3/12 B22600/36000 batch_loss=1.8298e-01
E3/12 B22700/36000 batch_loss=2.6018e-01
E3/12 B22800/36000 batch_loss=1.8907e-01
E3/12 B22900/36000 batch_loss=1.9373e-01
E3/12 B23000/36000 batch_loss=2.4840e-01
E3/12 B23100/36000 batch_loss=1.7946e-01
E3/12 B23200/36000 batch_loss=1.5471e-01
E3/12 B23300/36000 batch_loss=2.0039e-01
E3/12 B23400/36000 batch_loss=1.9947e-01
E3/12 B23500/36000 batch_loss=1.8197e-01
E3/12 B23600/36000 batch_loss=2.8542e-01
E3/12 B23700/36000 batch_loss=1.7949e-01
E3/12 B23800/36000 batch_loss=2.4985e-01
E3/12 B23900/36000 batch_loss=1.8649e-01
E3/12 B24000/36000 batch_loss=2.7264e-01
E3/12 B24100/36000 batch_loss=1.7812e-01
E3/12 B24200/36000 batch_loss=1.8874e-01
E3/12 B24300/36000 batch_loss=1.8781e-01
E3/12 B24400/36000 batch_loss=1.6685e-01
E3/12 B24500/36000 batch_loss=1.7008e-01
E3/12 B24600/36000 batch_loss=2.8486e-01
E3/12 B24700/36000 batch_loss=1.9618e-01
E3/12 B24800/36000 batch_loss=2.6476e-01
E3/12 B24900/36000 batch_loss=1.6901e-01
E3/12 B25000/36000 batch_loss=1.9793e-01
E3/12 B25100/36000 batch_loss=2.5893e-01
E3/12 B25200/36000 batch_loss=1.9004e-01
E3/12 B25300/36000 batch_loss=1.7517e-01
E3/12 B25400/36000 batch_loss=1.9087e-01
E3/12 B25500/36000 batch_loss=1.6722e-01
E3/12 B25600/36000 batch_loss=2.5652e-01
E3/12 B25700/36000 batch_loss=2.9486e-01
E3/12 B25800/36000 batch_loss=2.6906e-01
E3/12 B25900/36000 batch_loss=2.6875e-01
E3/12 B26000/36000 batch_loss=2.7851e-01
E3/12 B26100/36000 batch_loss=2.8854e-01
E3/12 B26200/36000 batch_loss=1.7749e-01
E3/12 B26300/36000 batch_loss=2.8159e-01
E3/12 B26400/36000 batch_loss=2.6310e-01
E3/12 B26500/36000 batch_loss=2.9601e-01
E3/12 B26600/36000 batch_loss=2.9370e-01
E3/12 B26700/36000 batch_loss=2.6264e-01
E3/12 B26800/36000 batch_loss=2.7229e-01
E3/12 B26900/36000 batch_loss=2.5457e-01
E3/12 B27000/36000 batch_loss=2.7648e-01
E3/12 B27100/36000 batch_loss=1.8509e-01
E3/12 B27200/36000 batch_loss=1.8819e-01
E3/12 B27300/36000 batch_loss=1.8924e-01
E3/12 B27400/36000 batch_loss=1.9440e-01
E3/12 B27500/36000 batch_loss=1.7190e-01
E3/12 B27600/36000 batch_loss=2.7732e-01
E3/12 B27700/36000 batch_loss=3.0204e-01
E3/12 B27800/36000 batch_loss=1.7483e-01
E3/12 B27900/36000 batch_loss=1.7614e-01
E3/12 B28000/36000 batch_loss=1.9266e-01
E3/12 B28100/36000 batch_loss=1.8409e-01
E3/12 B28200/36000 batch_loss=2.6739e-01
E3/12 B28300/36000 batch_loss=1.8248e-01
E3/12 B28400/36000 batch_loss=2.6738e-01
E3/12 B28500/36000 batch_loss=1.6500e-01
E3/12 B28600/36000 batch_loss=1.6565e-01
E3/12 B28700/36000 batch_loss=2.0325e-01
E3/12 B28800/36000 batch_loss=2.4408e-01
E3/12 B28900/36000 batch_loss=2.7228e-01
E3/12 B29000/36000 batch_loss=1.9289e-01
E3/12 B29100/36000 batch_loss=2.6520e-01
E3/12 B29200/36000 batch_loss=1.7416e-01
E3/12 B29300/36000 batch_loss=1.7577e-01
E3/12 B29400/36000 batch_loss=1.9649e-01
E3/12 B29500/36000 batch_loss=2.5314e-01
E3/12 B29600/36000 batch_loss=2.7836e-01
E3/12 B29700/36000 batch_loss=2.4176e-01
E3/12 B29800/36000 batch_loss=1.8999e-01
E3/12 B29900/36000 batch_loss=1.7871e-01
E3/12 B30000/36000 batch_loss=2.4413e-01
E3/12 B30100/36000 batch_loss=1.7389e-01
E3/12 B30200/36000 batch_loss=1.7099e-01
E3/12 B30300/36000 batch_loss=1.7940e-01
E3/12 B30400/36000 batch_loss=2.8585e-01
E3/12 B30500/36000 batch_loss=1.7696e-01
E3/12 B30600/36000 batch_loss=1.8025e-01
E3/12 B30700/36000 batch_loss=2.6403e-01
E3/12 B30800/36000 batch_loss=2.7662e-01
E3/12 B30900/36000 batch_loss=2.6994e-01
E3/12 B31000/36000 batch_loss=2.6010e-01
E3/12 B31100/36000 batch_loss=1.7146e-01
E3/12 B31200/36000 batch_loss=2.8638e-01
E3/12 B31300/36000 batch_loss=2.8011e-01
E3/12 B31400/36000 batch_loss=1.7166e-01
E3/12 B31500/36000 batch_loss=1.8920e-01
E3/12 B31600/36000 batch_loss=1.7844e-01
E3/12 B31700/36000 batch_loss=2.5172e-01
E3/12 B31800/36000 batch_loss=1.6832e-01
E3/12 B31900/36000 batch_loss=1.9677e-01
E3/12 B32000/36000 batch_loss=2.7562e-01
E3/12 B32100/36000 batch_loss=1.9351e-01
E3/12 B32200/36000 batch_loss=2.7615e-01
E3/12 B32300/36000 batch_loss=2.6340e-01
E3/12 B32400/36000 batch_loss=1.8979e-01
E3/12 B32500/36000 batch_loss=2.6107e-01
E3/12 B32600/36000 batch_loss=1.9881e-01
E3/12 B32700/36000 batch_loss=1.9159e-01
E3/12 B32800/36000 batch_loss=1.5480e-01
E3/12 B32900/36000 batch_loss=1.7075e-01
E3/12 B33000/36000 batch_loss=1.9077e-01
E3/12 B33100/36000 batch_loss=1.9749e-01
E3/12 B33200/36000 batch_loss=1.8802e-01
E3/12 B33300/36000 batch_loss=1.7141e-01
E3/12 B33400/36000 batch_loss=1.8168e-01
E3/12 B33500/36000 batch_loss=2.8293e-01
E3/12 B33600/36000 batch_loss=2.8380e-01
E3/12 B33700/36000 batch_loss=1.7262e-01
E3/12 B33800/36000 batch_loss=1.8024e-01
E3/12 B33900/36000 batch_loss=2.6789e-01
E3/12 B34000/36000 batch_loss=2.5173e-01
E3/12 B34100/36000 batch_loss=1.8850e-01
E3/12 B34200/36000 batch_loss=2.4595e-01
E3/12 B34300/36000 batch_loss=2.7559e-01
E3/12 B34400/36000 batch_loss=2.6057e-01
E3/12 B34500/36000 batch_loss=2.8079e-01
E3/12 B34600/36000 batch_loss=2.8506e-01
E3/12 B34700/36000 batch_loss=1.7384e-01
E3/12 B34800/36000 batch_loss=2.8693e-01
E3/12 B34900/36000 batch_loss=1.9275e-01
E3/12 B35000/36000 batch_loss=1.8349e-01
E3/12 B35100/36000 batch_loss=1.8147e-01
E3/12 B35200/36000 batch_loss=1.5952e-01
E3/12 B35300/36000 batch_loss=1.6027e-01
E3/12 B35400/36000 batch_loss=2.5263e-01
E3/12 B35500/36000 batch_loss=1.7830e-01
E3/12 B35600/36000 batch_loss=2.6460e-01
E3/12 B35700/36000 batch_loss=1.9712e-01
E3/12 B35800/36000 batch_loss=2.7899e-01
E3/12 B35900/36000 batch_loss=2.3843e-01
E3/12 B36000/36000 batch_loss=1.7294e-01
2026-07-05 16:40:27,865 | INFO | Saved 10 diagnostic panel(s) under D:\Research\NO-2D-Metamaterials\MODELS\training_runs\NO_I3O5_BCF16_NMAE_HC128_LR2e-03_WD0e+00_SS1_G9e-01_ch0u_260705\diagnostics\epoch_003
epoch=3/12 loss=nmae train_nmae=2.306438e-01 val_nmae=2.656238e-01 train_mae=2.202306e-03 val_mae=2.318405e-03 train_mse=4.975768e-05 val_mse=5.310809e-05 lr=1.458e-03 train_sps=1480.1
2026-07-05 16:40:29,334 | INFO | epoch=3/12 loss=nmae train_nmae=2.306438e-01 val_nmae=2.656238e-01 train_mae=2.202306e-03 val_mae=2.318405e-03 train_mse=4.975768e-05 val_mse=5.310809e-05 lr=1.458e-03 train_sps=1480.1
2026-07-05 16:40:29,334 | INFO | epoch=3/12 loss_ch_nmae train=1.378e-02 2.526e-01 2.584e-01 3.168e-01 3.116e-01 val=1.465e-02 2.887e-01 3.015e-01 3.615e-01 3.617e-01
2026-07-05 16:40:29,334 | INFO | epoch=3/12 mae_ch train=8.762e-04 2.326e-03 2.205e-03 2.905e-03 2.699e-03 val=8.780e-04 2.462e-03 2.345e-03 3.055e-03 2.852e-03 mse_ch train=1.287e-05 4.929e-05 4.678e-05 7.486e-05 6.499e-05 val=3.105e-06 5.582e-05 5.327e-05 8.161e-05 7.173e-05
Epoch 3/12 done | loss=nmae train=2.3064e-01 val=2.6562e-01 mae=2.3184e-03 mse=5.3108e-05 lr=1.46e-03
E4/12 B100/36000 batch_loss=2.7300e-01
E4/12 B200/36000 batch_loss=2.7271e-01
E4/12 B300/36000 batch_loss=2.3667e-01
E4/12 B400/36000 batch_loss=2.3716e-01
E4/12 B500/36000 batch_loss=1.5326e-01
E4/12 B600/36000 batch_loss=1.7091e-01
E4/12 B700/36000 batch_loss=2.5865e-01
E4/12 B800/36000 batch_loss=1.7777e-01
E4/12 B900/36000 batch_loss=2.4876e-01
E4/12 B1000/36000 batch_loss=2.3811e-01
E4/12 B1100/36000 batch_loss=2.6018e-01
E4/12 B1200/36000 batch_loss=1.9319e-01
E4/12 B1300/36000 batch_loss=1.5639e-01
E4/12 B1400/36000 batch_loss=1.7098e-01
E4/12 B1500/36000 batch_loss=2.5334e-01
E4/12 B1600/36000 batch_loss=2.4528e-01
E4/12 B1700/36000 batch_loss=1.7856e-01
E4/12 B1800/36000 batch_loss=2.7082e-01
E4/12 B1900/36000 batch_loss=1.8469e-01
E4/12 B2000/36000 batch_loss=2.6127e-01
E4/12 B2100/36000 batch_loss=2.2996e-01
E4/12 B2200/36000 batch_loss=2.1750e-01
E4/12 B2300/36000 batch_loss=2.3352e-01
E4/12 B2400/36000 batch_loss=2.3985e-01
E4/12 B2500/36000 batch_loss=2.6206e-01
E4/12 B2600/36000 batch_loss=1.8848e-01
E4/12 B2700/36000 batch_loss=1.7900e-01
E4/12 B2800/36000 batch_loss=1.6073e-01
E4/12 B2900/36000 batch_loss=2.5417e-01
E4/12 B3000/36000 batch_loss=1.7313e-01
E4/12 B3100/36000 batch_loss=2.5904e-01
E4/12 B3200/36000 batch_loss=1.6632e-01
E4/12 B3300/36000 batch_loss=2.6470e-01
E4/12 B3400/36000 batch_loss=2.4340e-01
E4/12 B3500/36000 batch_loss=2.8243e-01
E4/12 B3600/36000 batch_loss=1.8532e-01
E4/12 B3700/36000 batch_loss=2.6371e-01
E4/12 B3800/36000 batch_loss=2.5822e-01
E4/12 B3900/36000 batch_loss=2.7302e-01
E4/12 B4000/36000 batch_loss=3.2112e-01
E4/12 B4100/36000 batch_loss=1.6601e-01
E4/12 B4200/36000 batch_loss=2.5948e-01
E4/12 B4300/36000 batch_loss=2.7008e-01
E4/12 B4400/36000 batch_loss=2.5172e-01
E4/12 B4500/36000 batch_loss=1.6930e-01
E4/12 B4600/36000 batch_loss=1.5762e-01
E4/12 B4700/36000 batch_loss=2.6636e-01
E4/12 B4800/36000 batch_loss=1.9482e-01
E4/12 B4900/36000 batch_loss=1.8504e-01
E4/12 B5000/36000 batch_loss=2.6093e-01
E4/12 B5100/36000 batch_loss=1.8194e-01
E4/12 B5200/36000 batch_loss=1.7464e-01
E4/12 B5300/36000 batch_loss=1.5744e-01
E4/12 B5400/36000 batch_loss=2.4526e-01
E4/12 B5500/36000 batch_loss=2.3536e-01
E4/12 B5600/36000 batch_loss=2.4701e-01
E4/12 B5700/36000 batch_loss=2.4252e-01
E4/12 B5800/36000 batch_loss=2.6861e-01
E4/12 B5900/36000 batch_loss=1.7187e-01
E4/12 B6000/36000 batch_loss=1.9756e-01
E4/12 B6100/36000 batch_loss=1.5526e-01
E4/12 B6200/36000 batch_loss=1.6965e-01
E4/12 B6300/36000 batch_loss=1.8577e-01
E4/12 B6400/36000 batch_loss=1.6779e-01
E4/12 B6500/36000 batch_loss=1.8991e-01
E4/12 B6600/36000 batch_loss=1.8099e-01
E4/12 B6700/36000 batch_loss=2.7147e-01
E4/12 B6800/36000 batch_loss=1.7006e-01
E4/12 B6900/36000 batch_loss=1.6844e-01
E4/12 B7000/36000 batch_loss=2.5873e-01
E4/12 B7100/36000 batch_loss=2.7052e-01
E4/12 B7200/36000 batch_loss=2.6323e-01
E4/12 B7300/36000 batch_loss=2.7714e-01
E4/12 B7400/36000 batch_loss=1.7043e-01
E4/12 B7500/36000 batch_loss=2.5609e-01
E4/12 B7600/36000 batch_loss=3.2136e-01
E4/12 B7700/36000 batch_loss=2.4829e-01
E4/12 B7800/36000 batch_loss=1.5836e-01
E4/12 B7900/36000 batch_loss=1.6443e-01
E4/12 B8000/36000 batch_loss=2.6052e-01
E4/12 B8100/36000 batch_loss=2.5314e-01
E4/12 B8200/36000 batch_loss=2.7181e-01
E4/12 B8300/36000 batch_loss=2.6825e-01
E4/12 B8400/36000 batch_loss=1.7332e-01
E4/12 B8500/36000 batch_loss=2.5978e-01
E4/12 B8600/36000 batch_loss=1.6352e-01
E4/12 B8700/36000 batch_loss=2.6098e-01
E4/12 B8800/36000 batch_loss=2.5892e-01
E4/12 B8900/36000 batch_loss=2.5650e-01
E4/12 B9000/36000 batch_loss=2.5352e-01
E4/12 B9100/36000 batch_loss=1.6340e-01
E4/12 B9200/36000 batch_loss=2.6290e-01
E4/12 B9300/36000 batch_loss=2.6796e-01
E4/12 B9400/36000 batch_loss=2.4434e-01
E4/12 B9500/36000 batch_loss=1.7862e-01
E4/12 B9600/36000 batch_loss=1.6726e-01
E4/12 B9700/36000 batch_loss=2.2968e-01
E4/12 B9800/36000 batch_loss=1.8504e-01
E4/12 B9900/36000 batch_loss=2.6029e-01
E4/12 B10000/36000 batch_loss=2.5387e-01
E4/12 B10100/36000 batch_loss=1.7898e-01
E4/12 B10200/36000 batch_loss=1.7621e-01
E4/12 B10300/36000 batch_loss=2.6123e-01
E4/12 B10400/36000 batch_loss=1.6954e-01
E4/12 B10500/36000 batch_loss=2.6511e-01
E4/12 B10600/36000 batch_loss=2.6190e-01
E4/12 B10700/36000 batch_loss=1.8553e-01
E4/12 B10800/36000 batch_loss=2.6111e-01
E4/12 B10900/36000 batch_loss=2.8837e-01
E4/12 B11000/36000 batch_loss=1.6339e-01
E4/12 B11100/36000 batch_loss=2.4640e-01
E4/12 B11200/36000 batch_loss=2.7321e-01
E4/12 B11300/36000 batch_loss=1.5658e-01
E4/12 B11400/36000 batch_loss=2.5047e-01
E4/12 B11500/36000 batch_loss=2.4621e-01
E4/12 B11600/36000 batch_loss=2.8189e-01
E4/12 B11700/36000 batch_loss=1.6373e-01
E4/12 B11800/36000 batch_loss=2.5098e-01
E4/12 B11900/36000 batch_loss=1.6025e-01
E4/12 B12000/36000 batch_loss=1.6528e-01
E4/12 B12100/36000 batch_loss=2.6868e-01
E4/12 B12200/36000 batch_loss=1.7799e-01
E4/12 B12300/36000 batch_loss=1.6141e-01
E4/12 B12400/36000 batch_loss=1.7507e-01
E4/12 B12500/36000 batch_loss=2.5653e-01
E4/12 B12600/36000 batch_loss=2.6872e-01
E4/12 B12700/36000 batch_loss=1.6579e-01
E4/12 B12800/36000 batch_loss=2.3561e-01
E4/12 B12900/36000 batch_loss=1.6222e-01
E4/12 B13000/36000 batch_loss=1.6401e-01
E4/12 B13100/36000 batch_loss=1.7969e-01
E4/12 B13200/36000 batch_loss=1.7556e-01
E4/12 B13300/36000 batch_loss=1.7232e-01
E4/12 B13400/36000 batch_loss=2.1649e-01
E4/12 B13500/36000 batch_loss=2.4761e-01
E4/12 B13600/36000 batch_loss=1.5118e-01
E4/12 B13700/36000 batch_loss=1.7455e-01
E4/12 B13800/36000 batch_loss=2.5000e-01
E4/12 B13900/36000 batch_loss=2.5522e-01
E4/12 B14000/36000 batch_loss=1.8372e-01
E4/12 B14100/36000 batch_loss=1.8203e-01
E4/12 B14200/36000 batch_loss=2.3962e-01
E4/12 B14300/36000 batch_loss=2.6754e-01
E4/12 B14400/36000 batch_loss=2.5381e-01
E4/12 B14500/36000 batch_loss=1.7402e-01
E4/12 B14600/36000 batch_loss=2.5477e-01
E4/12 B14700/36000 batch_loss=2.5775e-01
E4/12 B14800/36000 batch_loss=1.6706e-01
E4/12 B14900/36000 batch_loss=1.5861e-01
E4/12 B15000/36000 batch_loss=2.7684e-01
E4/12 B15100/36000 batch_loss=1.7538e-01
E4/12 B15200/36000 batch_loss=2.6840e-01
E4/12 B15300/36000 batch_loss=1.7692e-01
E4/12 B15400/36000 batch_loss=2.5342e-01
E4/12 B15500/36000 batch_loss=1.7283e-01
E4/12 B15600/36000 batch_loss=1.7677e-01
E4/12 B15700/36000 batch_loss=1.7490e-01
E4/12 B15800/36000 batch_loss=1.6475e-01
E4/12 B15900/36000 batch_loss=1.7549e-01
E4/12 B16000/36000 batch_loss=1.6506e-01
E4/12 B16100/36000 batch_loss=1.6291e-01
E4/12 B16200/36000 batch_loss=1.5965e-01
E4/12 B16300/36000 batch_loss=1.7043e-01
E4/12 B16400/36000 batch_loss=1.8135e-01
E4/12 B16500/36000 batch_loss=1.6481e-01
E4/12 B16600/36000 batch_loss=1.7144e-01
E4/12 B16700/36000 batch_loss=1.6128e-01
E4/12 B16800/36000 batch_loss=1.6833e-01
E4/12 B16900/36000 batch_loss=2.4996e-01
E4/12 B17000/36000 batch_loss=1.6405e-01
E4/12 B17100/36000 batch_loss=2.5336e-01
E4/12 B17200/36000 batch_loss=1.7158e-01
E4/12 B17300/36000 batch_loss=3.9625e-01
E4/12 B17400/36000 batch_loss=1.6449e-01
E4/12 B17500/36000 batch_loss=1.8750e-01
E4/12 B17600/36000 batch_loss=1.5355e-01
E4/12 B17700/36000 batch_loss=2.7455e-01
E4/12 B17800/36000 batch_loss=1.6852e-01
E4/12 B17900/36000 batch_loss=2.5541e-01
E4/12 B18000/36000 batch_loss=1.6607e-01
E4/12 B18100/36000 batch_loss=1.7097e-01
E4/12 B18200/36000 batch_loss=1.7485e-01
E4/12 B18300/36000 batch_loss=2.7285e-01
E4/12 B18400/36000 batch_loss=2.5686e-01
E4/12 B18500/36000 batch_loss=1.7113e-01
E4/12 B18600/36000 batch_loss=2.3244e-01
E4/12 B18700/36000 batch_loss=1.6406e-01
E4/12 B18800/36000 batch_loss=2.9992e-01
E4/12 B18900/36000 batch_loss=2.7338e-01
E4/12 B19000/36000 batch_loss=1.8475e-01
E4/12 B19100/36000 batch_loss=2.5743e-01
E4/12 B19200/36000 batch_loss=2.6958e-01
E4/12 B19300/36000 batch_loss=1.7628e-01
E4/12 B19400/36000 batch_loss=1.8063e-01
E4/12 B19500/36000 batch_loss=2.8188e-01
E4/12 B19600/36000 batch_loss=1.5318e-01
E4/12 B19700/36000 batch_loss=2.5974e-01
E4/12 B19800/36000 batch_loss=2.3517e-01
E4/12 B19900/36000 batch_loss=2.5244e-01
E4/12 B20000/36000 batch_loss=2.6720e-01
E4/12 B20100/36000 batch_loss=2.6494e-01
E4/12 B20200/36000 batch_loss=2.5842e-01
E4/12 B20300/36000 batch_loss=2.3874e-01
E4/12 B20400/36000 batch_loss=1.7159e-01
E4/12 B20500/36000 batch_loss=1.5875e-01
E4/12 B20600/36000 batch_loss=1.4938e-01
E4/12 B20700/36000 batch_loss=1.6875e-01
E4/12 B20800/36000 batch_loss=1.5389e-01
E4/12 B20900/36000 batch_loss=2.6407e-01
E4/12 B21000/36000 batch_loss=1.8893e-01
E4/12 B21100/36000 batch_loss=1.7854e-01
E4/12 B21200/36000 batch_loss=1.6500e-01
E4/12 B21300/36000 batch_loss=1.6104e-01
E4/12 B21400/36000 batch_loss=1.8158e-01
E4/12 B21500/36000 batch_loss=1.6221e-01
E4/12 B21600/36000 batch_loss=2.6648e-01
E4/12 B21700/36000 batch_loss=2.5838e-01
E4/12 B21800/36000 batch_loss=2.7286e-01
E4/12 B21900/36000 batch_loss=1.7146e-01
E4/12 B22000/36000 batch_loss=2.3573e-01
E4/12 B22100/36000 batch_loss=1.8308e-01
E4/12 B22200/36000 batch_loss=2.9599e-01
E4/12 B22300/36000 batch_loss=1.7446e-01
E4/12 B22400/36000 batch_loss=1.6610e-01
E4/12 B22500/36000 batch_loss=2.9234e-01
E4/12 B22600/36000 batch_loss=2.5899e-01
E4/12 B22700/36000 batch_loss=2.3867e-01
E4/12 B22800/36000 batch_loss=2.6673e-01
E4/12 B22900/36000 batch_loss=1.6328e-01
E4/12 B23000/36000 batch_loss=2.6593e-01
E4/12 B23100/36000 batch_loss=1.5790e-01
E4/12 B23200/36000 batch_loss=1.6289e-01
E4/12 B23300/36000 batch_loss=1.4636e-01
E4/12 B23400/36000 batch_loss=2.4530e-01
E4/12 B23500/36000 batch_loss=2.6114e-01
E4/12 B23600/36000 batch_loss=2.7548e-01
E4/12 B23700/36000 batch_loss=1.6277e-01
E4/12 B23800/36000 batch_loss=1.5913e-01
E4/12 B23900/36000 batch_loss=2.4610e-01
E4/12 B24000/36000 batch_loss=1.6486e-01
E4/12 B24100/36000 batch_loss=1.8275e-01
E4/12 B24200/36000 batch_loss=1.5226e-01
E4/12 B24300/36000 batch_loss=1.8696e-01
E4/12 B24400/36000 batch_loss=1.7038e-01
E4/12 B24500/36000 batch_loss=1.5117e-01
E4/12 B24600/36000 batch_loss=2.5806e-01
E4/12 B24700/36000 batch_loss=2.6808e-01
E4/12 B24800/36000 batch_loss=2.5999e-01
E4/12 B24900/36000 batch_loss=2.4831e-01
E4/12 B25000/36000 batch_loss=2.5122e-01
E4/12 B25100/36000 batch_loss=1.6655e-01
E4/12 B25200/36000 batch_loss=1.9158e-01
E4/12 B25300/36000 batch_loss=1.6670e-01
E4/12 B25400/36000 batch_loss=2.5869e-01
E4/12 B25500/36000 batch_loss=1.8496e-01
E4/12 B25600/36000 batch_loss=2.3313e-01
E4/12 B25700/36000 batch_loss=1.7793e-01
E4/12 B25800/36000 batch_loss=2.6993e-01
E4/12 B25900/36000 batch_loss=1.7787e-01
E4/12 B26000/36000 batch_loss=1.5886e-01
E4/12 B26100/36000 batch_loss=1.5896e-01
E4/12 B26200/36000 batch_loss=2.7143e-01
E4/12 B26300/36000 batch_loss=1.7802e-01
E4/12 B26400/36000 batch_loss=1.7061e-01
E4/12 B26500/36000 batch_loss=2.4934e-01
E4/12 B26600/36000 batch_loss=2.7305e-01
E4/12 B26700/36000 batch_loss=2.9558e-01
E4/12 B26800/36000 batch_loss=1.6752e-01
E4/12 B26900/36000 batch_loss=1.6370e-01
E4/12 B27000/36000 batch_loss=1.7651e-01
E4/12 B27100/36000 batch_loss=2.3732e-01
E4/12 B27200/36000 batch_loss=1.7921e-01
E4/12 B27300/36000 batch_loss=2.5480e-01
E4/12 B27400/36000 batch_loss=1.7050e-01
E4/12 B27500/36000 batch_loss=1.7893e-01
E4/12 B27600/36000 batch_loss=2.4745e-01
E4/12 B27700/36000 batch_loss=2.6107e-01
E4/12 B27800/36000 batch_loss=1.8323e-01
E4/12 B27900/36000 batch_loss=2.6629e-01
E4/12 B28000/36000 batch_loss=2.5937e-01
E4/12 B28100/36000 batch_loss=2.5220e-01
E4/12 B28200/36000 batch_loss=2.4640e-01
E4/12 B28300/36000 batch_loss=1.5684e-01
E4/12 B28400/36000 batch_loss=2.4785e-01
E4/12 B28500/36000 batch_loss=1.6725e-01
E4/12 B28600/36000 batch_loss=1.5652e-01
E4/12 B28700/36000 batch_loss=2.5452e-01
E4/12 B28800/36000 batch_loss=1.6391e-01
E4/12 B28900/36000 batch_loss=1.5959e-01
E4/12 B29000/36000 batch_loss=2.5367e-01
E4/12 B29100/36000 batch_loss=2.4347e-01
E4/12 B29200/36000 batch_loss=2.4832e-01
E4/12 B29300/36000 batch_loss=2.4572e-01
E4/12 B29400/36000 batch_loss=1.7581e-01
E4/12 B29500/36000 batch_loss=1.7603e-01
E4/12 B29600/36000 batch_loss=1.7486e-01
E4/12 B29700/36000 batch_loss=1.6065e-01
E4/12 B29800/36000 batch_loss=2.7273e-01
E4/12 B29900/36000 batch_loss=1.8733e-01
E4/12 B30000/36000 batch_loss=1.7161e-01
E4/12 B30100/36000 batch_loss=1.6783e-01
E4/12 B30200/36000 batch_loss=2.6384e-01
E4/12 B30300/36000 batch_loss=1.8318e-01
E4/12 B30400/36000 batch_loss=1.7026e-01
E4/12 B30500/36000 batch_loss=2.4246e-01
E4/12 B30600/36000 batch_loss=1.7108e-01
E4/12 B30700/36000 batch_loss=1.7272e-01
E4/12 B30800/36000 batch_loss=1.7908e-01
E4/12 B30900/36000 batch_loss=2.4634e-01
E4/12 B31000/36000 batch_loss=1.6942e-01
E4/12 B31100/36000 batch_loss=1.9101e-01
E4/12 B31200/36000 batch_loss=1.7912e-01
E4/12 B31300/36000 batch_loss=2.6756e-01
E4/12 B31400/36000 batch_loss=2.5429e-01
E4/12 B31500/36000 batch_loss=2.7489e-01
E4/12 B31600/36000 batch_loss=1.6105e-01
E4/12 B31700/36000 batch_loss=2.4709e-01
E4/12 B31800/36000 batch_loss=2.5586e-01
E4/12 B31900/36000 batch_loss=2.4428e-01
E4/12 B32000/36000 batch_loss=1.6833e-01
E4/12 B32100/36000 batch_loss=2.6073e-01
E4/12 B32200/36000 batch_loss=2.6306e-01
E4/12 B32300/36000 batch_loss=2.9633e-01
E4/12 B32400/36000 batch_loss=2.5398e-01
E4/12 B32500/36000 batch_loss=1.7693e-01
E4/12 B32600/36000 batch_loss=2.6689e-01
E4/12 B32700/36000 batch_loss=1.7400e-01
E4/12 B32800/36000 batch_loss=2.3588e-01
E4/12 B32900/36000 batch_loss=2.7000e-01
E4/12 B33000/36000 batch_loss=2.5596e-01
E4/12 B33100/36000 batch_loss=2.4246e-01
E4/12 B33200/36000 batch_loss=2.6665e-01
E4/12 B33300/36000 batch_loss=1.5292e-01
E4/12 B33400/36000 batch_loss=2.4033e-01
E4/12 B33500/36000 batch_loss=2.5631e-01
E4/12 B33600/36000 batch_loss=1.7445e-01
E4/12 B33700/36000 batch_loss=2.4036e-01
E4/12 B33800/36000 batch_loss=1.6396e-01
E4/12 B33900/36000 batch_loss=1.5208e-01
E4/12 B34000/36000 batch_loss=2.4716e-01
E4/12 B34100/36000 batch_loss=2.6723e-01
E4/12 B34200/36000 batch_loss=1.6926e-01
E4/12 B34300/36000 batch_loss=1.6646e-01
E4/12 B34400/36000 batch_loss=1.5511e-01
E4/12 B34500/36000 batch_loss=1.5655e-01
E4/12 B34600/36000 batch_loss=1.7758e-01
E4/12 B34700/36000 batch_loss=1.6653e-01
E4/12 B34800/36000 batch_loss=1.6148e-01
E4/12 B34900/36000 batch_loss=2.3786e-01
E4/12 B35000/36000 batch_loss=2.6152e-01
E4/12 B35100/36000 batch_loss=1.5858e-01
E4/12 B35200/36000 batch_loss=2.7673e-01
E4/12 B35300/36000 batch_loss=2.7122e-01
E4/12 B35400/36000 batch_loss=1.6788e-01
E4/12 B35500/36000 batch_loss=2.5095e-01
E4/12 B35600/36000 batch_loss=2.5442e-01
E4/12 B35700/36000 batch_loss=2.5201e-01
E4/12 B35800/36000 batch_loss=1.7596e-01
E4/12 B35900/36000 batch_loss=2.3737e-01
E4/12 B36000/36000 batch_loss=2.6246e-01
2026-07-05 20:26:30,537 | INFO | Saved 10 diagnostic panel(s) under D:\Research\NO-2D-Metamaterials\MODELS\training_runs\NO_I3O5_BCF16_NMAE_HC128_LR2e-03_WD0e+00_SS1_G9e-01_ch0u_260705\diagnostics\epoch_004
epoch=4/12 loss=nmae train_nmae=2.152557e-01 val_nmae=2.660928e-01 train_mae=2.055222e-03 val_mae=2.281727e-03 train_mse=4.577483e-05 val_mse=5.240733e-05 lr=1.312e-03 train_sps=1483.5
2026-07-05 20:26:31,735 | INFO | epoch=4/12 loss=nmae train_nmae=2.152557e-01 val_nmae=2.660928e-01 train_mae=2.055222e-03 val_mae=2.281727e-03 train_mse=4.577483e-05 val_mse=5.240733e-05 lr=1.312e-03 train_sps=1483.5
2026-07-05 20:26:31,736 | INFO | epoch=4/12 loss_ch_nmae train=1.285e-02 2.345e-01 2.391e-01 2.979e-01 2.918e-01 val=1.031e-02 2.869e-01 2.996e-01 3.738e-01 3.598e-01
2026-07-05 20:26:31,736 | INFO | epoch=4/12 mae_ch train=8.166e-04 2.159e-03 2.040e-03 2.732e-03 2.527e-03 val=6.414e-04 2.443e-03 2.330e-03 3.146e-03 2.848e-03 mse_ch train=1.262e-05 4.464e-05 4.210e-05 6.951e-05 6.000e-05 val=2.319e-06 5.508e-05 5.247e-05 8.117e-05 7.100e-05
Epoch 4/12 done | loss=nmae train=2.1526e-01 val=2.6609e-01 mae=2.2817e-03 mse=5.2407e-05 lr=1.31e-03
E5/12 B100/36000 batch_loss=1.4060e-01
E5/12 B200/36000 batch_loss=2.3789e-01
E5/12 B300/36000 batch_loss=2.4047e-01
E5/12 B400/36000 batch_loss=1.6301e-01
E5/12 B500/36000 batch_loss=1.6758e-01
E5/12 B600/36000 batch_loss=2.4091e-01
E5/12 B700/36000 batch_loss=2.6647e-01
E5/12 B800/36000 batch_loss=1.3566e-01
E5/12 B900/36000 batch_loss=2.8136e-01
E5/12 B1000/36000 batch_loss=1.6815e-01
E5/12 B1100/36000 batch_loss=1.6952e-01
E5/12 B1200/36000 batch_loss=2.3867e-01
E5/12 B1300/36000 batch_loss=1.4938e-01
E5/12 B1400/36000 batch_loss=1.4995e-01
E5/12 B1500/36000 batch_loss=1.6370e-01
E5/12 B1600/36000 batch_loss=2.3410e-01
E5/12 B1700/36000 batch_loss=1.6753e-01
E5/12 B1800/36000 batch_loss=2.2196e-01
E5/12 B1900/36000 batch_loss=2.1848e-01
E5/12 B2000/36000 batch_loss=1.6605e-01
E5/12 B2100/36000 batch_loss=1.3403e-01
E5/12 B2200/36000 batch_loss=1.6389e-01
E5/12 B2300/36000 batch_loss=1.8004e-01
E5/12 B2400/36000 batch_loss=2.3486e-01
E5/12 B2500/36000 batch_loss=1.6621e-01
E5/12 B2600/36000 batch_loss=1.5725e-01
E5/12 B2700/36000 batch_loss=1.6368e-01
E5/12 B2800/36000 batch_loss=2.2162e-01
E5/12 B2900/36000 batch_loss=1.4689e-01
E5/12 B3000/36000 batch_loss=1.4967e-01
E5/12 B3100/36000 batch_loss=1.7921e-01
E5/12 B3200/36000 batch_loss=2.3950e-01
E5/12 B3300/36000 batch_loss=2.6822e-01
E5/12 B3400/36000 batch_loss=2.5167e-01
E5/12 B3500/36000 batch_loss=2.7316e-01
E5/12 B3600/36000 batch_loss=1.4422e-01
E5/12 B3700/36000 batch_loss=2.3483e-01
E5/12 B3800/36000 batch_loss=2.4164e-01
E5/12 B3900/36000 batch_loss=1.3444e-01
E5/12 B4000/36000 batch_loss=2.5699e-01
E5/12 B4100/36000 batch_loss=2.3592e-01
E5/12 B4200/36000 batch_loss=1.8568e-01
E5/12 B4300/36000 batch_loss=2.5194e-01
E5/12 B4400/36000 batch_loss=1.4468e-01
E5/12 B4500/36000 batch_loss=1.7227e-01
E5/12 B4600/36000 batch_loss=2.7152e-01
E5/12 B4700/36000 batch_loss=1.5595e-01
E5/12 B4800/36000 batch_loss=2.6126e-01
E5/12 B4900/36000 batch_loss=1.5517e-01
E5/12 B5000/36000 batch_loss=2.4893e-01
E5/12 B5100/36000 batch_loss=2.4007e-01
E5/12 B5200/36000 batch_loss=2.3567e-01
E5/12 B5300/36000 batch_loss=1.5923e-01
E5/12 B5400/36000 batch_loss=2.2084e-01
E5/12 B5500/36000 batch_loss=1.5785e-01
E5/12 B5600/36000 batch_loss=1.4790e-01
E5/12 B5700/36000 batch_loss=1.6067e-01
E5/12 B5800/36000 batch_loss=1.6487e-01
E5/12 B5900/36000 batch_loss=1.6165e-01
E5/12 B6000/36000 batch_loss=2.6041e-01
E5/12 B6100/36000 batch_loss=1.6840e-01
E5/12 B6200/36000 batch_loss=2.3284e-01
E5/12 B6300/36000 batch_loss=2.4241e-01
E5/12 B6400/36000 batch_loss=2.2608e-01
E5/12 B6500/36000 batch_loss=2.6537e-01
E5/12 B6600/36000 batch_loss=1.5001e-01
E5/12 B6700/36000 batch_loss=2.2458e-01
E5/12 B6800/36000 batch_loss=2.2017e-01
E5/12 B6900/36000 batch_loss=1.7412e-01
E5/12 B7000/36000 batch_loss=2.5061e-01
E5/12 B7100/36000 batch_loss=1.6857e-01
E5/12 B7200/36000 batch_loss=1.4789e-01
E5/12 B7300/36000 batch_loss=2.3041e-01
E5/12 B7400/36000 batch_loss=1.8628e-01
E5/12 B7500/36000 batch_loss=2.5102e-01
E5/12 B7600/36000 batch_loss=1.6709e-01
E5/12 B7700/36000 batch_loss=2.4746e-01
E5/12 B7800/36000 batch_loss=2.4960e-01
E5/12 B7900/36000 batch_loss=1.6184e-01
E5/12 B8000/36000 batch_loss=2.5561e-01
E5/12 B8100/36000 batch_loss=1.7172e-01
E5/12 B8200/36000 batch_loss=1.5952e-01
E5/12 B8300/36000 batch_loss=2.5049e-01
E5/12 B8400/36000 batch_loss=1.5760e-01
E5/12 B8500/36000 batch_loss=1.6052e-01
E5/12 B8600/36000 batch_loss=1.5804e-01
E5/12 B8700/36000 batch_loss=2.2455e-01
E5/12 B8800/36000 batch_loss=2.4610e-01
E5/12 B8900/36000 batch_loss=2.3427e-01
E5/12 B9000/36000 batch_loss=1.5341e-01
E5/12 B9100/36000 batch_loss=2.2330e-01
E5/12 B9200/36000 batch_loss=2.3761e-01
E5/12 B9300/36000 batch_loss=2.4032e-01
E5/12 B9400/36000 batch_loss=2.6669e-01
E5/12 B9500/36000 batch_loss=1.6190e-01
E5/12 B9600/36000 batch_loss=2.4332e-01
E5/12 B9700/36000 batch_loss=1.4083e-01
E5/12 B9800/36000 batch_loss=1.5965e-01
E5/12 B9900/36000 batch_loss=1.5253e-01
E5/12 B10000/36000 batch_loss=1.6738e-01
E5/12 B10100/36000 batch_loss=2.3338e-01
E5/12 B10200/36000 batch_loss=1.6100e-01
E5/12 B10300/36000 batch_loss=1.4922e-01
E5/12 B10400/36000 batch_loss=2.3992e-01
E5/12 B10500/36000 batch_loss=2.5723e-01
E5/12 B10600/36000 batch_loss=1.5536e-01
E5/12 B10700/36000 batch_loss=1.5947e-01
E5/12 B10800/36000 batch_loss=2.5384e-01
E5/12 B10900/36000 batch_loss=1.6438e-01
E5/12 B11000/36000 batch_loss=1.7009e-01
E5/12 B11100/36000 batch_loss=1.5357e-01
E5/12 B11200/36000 batch_loss=1.4649e-01
E5/12 B11300/36000 batch_loss=1.4008e-01
E5/12 B11400/36000 batch_loss=2.4599e-01
E5/12 B11500/36000 batch_loss=1.5753e-01
E5/12 B11600/36000 batch_loss=2.5806e-01
E5/12 B11700/36000 batch_loss=1.7106e-01
E5/12 B11800/36000 batch_loss=2.4429e-01
E5/12 B11900/36000 batch_loss=2.2866e-01
E5/12 B12000/36000 batch_loss=2.3788e-01
E5/12 B12100/36000 batch_loss=2.3750e-01
E5/12 B12200/36000 batch_loss=2.5260e-01
E5/12 B12300/36000 batch_loss=2.5551e-01
E5/12 B12400/36000 batch_loss=1.7992e-01
E5/12 B12500/36000 batch_loss=2.4156e-01
E5/12 B12600/36000 batch_loss=2.5278e-01
E5/12 B12700/36000 batch_loss=1.4243e-01
E5/12 B12800/36000 batch_loss=1.6111e-01
E5/12 B12900/36000 batch_loss=1.7203e-01
E5/12 B13000/36000 batch_loss=1.7549e-01
E5/12 B13100/36000 batch_loss=1.5355e-01
E5/12 B13200/36000 batch_loss=2.1426e-01
E5/12 B13300/36000 batch_loss=1.6811e-01
E5/12 B13400/36000 batch_loss=2.3942e-01
E5/12 B13500/36000 batch_loss=1.5577e-01
E5/12 B13600/36000 batch_loss=2.4624e-01
E5/12 B13700/36000 batch_loss=1.5170e-01
E5/12 B13800/36000 batch_loss=2.4889e-01
E5/12 B13900/36000 batch_loss=1.5066e-01
E5/12 B14000/36000 batch_loss=2.5197e-01
E5/12 B14100/36000 batch_loss=2.5576e-01
E5/12 B14200/36000 batch_loss=1.5781e-01
E5/12 B14300/36000 batch_loss=2.5169e-01
E5/12 B14400/36000 batch_loss=1.5207e-01
E5/12 B14500/36000 batch_loss=1.4868e-01
E5/12 B14600/36000 batch_loss=1.6338e-01
E5/12 B14700/36000 batch_loss=2.1820e-01
E5/12 B14800/36000 batch_loss=1.5227e-01
E5/12 B14900/36000 batch_loss=2.6127e-01
E5/12 B15000/36000 batch_loss=2.3351e-01
E5/12 B15100/36000 batch_loss=1.6314e-01
E5/12 B15200/36000 batch_loss=1.6958e-01
E5/12 B15300/36000 batch_loss=2.4365e-01
E5/12 B15400/36000 batch_loss=2.3999e-01
E5/12 B15500/36000 batch_loss=2.6598e-01
E5/12 B15600/36000 batch_loss=2.6925e-01
E5/12 B15700/36000 batch_loss=2.4122e-01
E5/12 B15800/36000 batch_loss=1.5633e-01
E5/12 B15900/36000 batch_loss=1.5567e-01
E5/12 B16000/36000 batch_loss=1.5906e-01
E5/12 B16100/36000 batch_loss=2.2411e-01
E5/12 B16200/36000 batch_loss=2.3528e-01
E5/12 B16300/36000 batch_loss=2.3541e-01
E5/12 B16400/36000 batch_loss=1.4689e-01
E5/12 B16500/36000 batch_loss=1.7267e-01
E5/12 B16600/36000 batch_loss=2.5156e-01
E5/12 B16700/36000 batch_loss=1.8055e-01
E5/12 B16800/36000 batch_loss=2.4298e-01
E5/12 B16900/36000 batch_loss=2.3983e-01
E5/12 B17000/36000 batch_loss=2.4909e-01
E5/12 B17100/36000 batch_loss=2.2870e-01
E5/12 B17200/36000 batch_loss=2.3354e-01
E5/12 B17300/36000 batch_loss=1.7791e-01
E5/12 B17400/36000 batch_loss=2.3288e-01
E5/12 B17500/36000 batch_loss=2.5090e-01
E5/12 B17600/36000 batch_loss=1.7001e-01
E5/12 B17700/36000 batch_loss=1.5739e-01
E5/12 B17800/36000 batch_loss=1.6493e-01
E5/12 B17900/36000 batch_loss=2.5137e-01
E5/12 B18000/36000 batch_loss=1.5193e-01
E5/12 B18100/36000 batch_loss=2.5664e-01
E5/12 B18200/36000 batch_loss=2.4689e-01
E5/12 B18300/36000 batch_loss=2.4367e-01
E5/12 B18400/36000 batch_loss=1.9194e-01
E5/12 B18500/36000 batch_loss=2.5064e-01
E5/12 B18600/36000 batch_loss=1.4646e-01
E5/12 B18700/36000 batch_loss=2.5779e-01
E5/12 B18800/36000 batch_loss=1.7350e-01
E5/12 B18900/36000 batch_loss=2.5122e-01
E5/12 B19000/36000 batch_loss=1.9175e-01
E5/12 B19100/36000 batch_loss=1.6260e-01
E5/12 B19200/36000 batch_loss=2.3461e-01
E5/12 B19300/36000 batch_loss=2.2113e-01
E5/12 B19400/36000 batch_loss=2.5779e-01
E5/12 B19500/36000 batch_loss=2.3401e-01
E5/12 B19600/36000 batch_loss=1.5745e-01
E5/12 B19700/36000 batch_loss=2.3801e-01
E5/12 B19800/36000 batch_loss=2.4253e-01
E5/12 B19900/36000 batch_loss=2.3508e-01
E5/12 B20000/36000 batch_loss=2.4328e-01
E5/12 B20100/36000 batch_loss=1.5206e-01
E5/12 B20200/36000 batch_loss=1.7697e-01
E5/12 B20300/36000 batch_loss=2.3018e-01
E5/12 B20400/36000 batch_loss=2.4174e-01
E5/12 B20500/36000 batch_loss=2.4317e-01
E5/12 B20600/36000 batch_loss=2.4746e-01
E5/12 B20700/36000 batch_loss=1.5472e-01
E5/12 B20800/36000 batch_loss=2.3410e-01
E5/12 B20900/36000 batch_loss=2.4555e-01
E5/12 B21000/36000 batch_loss=2.4610e-01
E5/12 B21100/36000 batch_loss=1.6836e-01
E5/12 B21200/36000 batch_loss=2.5338e-01
E5/12 B21300/36000 batch_loss=2.4928e-01
E5/12 B21400/36000 batch_loss=1.5518e-01
E5/12 B21500/36000 batch_loss=2.4172e-01
E5/12 B21600/36000 batch_loss=1.4435e-01
E5/12 B21700/36000 batch_loss=1.6249e-01
E5/12 B21800/36000 batch_loss=2.3834e-01
E5/12 B21900/36000 batch_loss=1.5455e-01
E5/12 B22000/36000 batch_loss=2.2475e-01
E5/12 B22100/36000 batch_loss=1.6068e-01
E5/12 B22200/36000 batch_loss=2.6869e-01
E5/12 B22300/36000 batch_loss=1.6180e-01
E5/12 B22400/36000 batch_loss=1.6269e-01
E5/12 B22500/36000 batch_loss=2.4399e-01
E5/12 B22600/36000 batch_loss=2.2853e-01
E5/12 B22700/36000 batch_loss=2.3618e-01
E5/12 B22800/36000 batch_loss=1.6088e-01
E5/12 B22900/36000 batch_loss=1.7354e-01
E5/12 B23000/36000 batch_loss=1.9648e-01
E5/12 B23100/36000 batch_loss=2.4227e-01
E5/12 B23200/36000 batch_loss=2.6922e-01
E5/12 B23300/36000 batch_loss=2.3352e-01
E5/12 B23400/36000 batch_loss=2.3526e-01
E5/12 B23500/36000 batch_loss=2.6323e-01
E5/12 B23600/36000 batch_loss=2.5357e-01
E5/12 B23700/36000 batch_loss=2.3793e-01
E5/12 B23800/36000 batch_loss=1.4024e-01
E5/12 B23900/36000 batch_loss=1.5899e-01
E5/12 B24000/36000 batch_loss=1.7510e-01
E5/12 B24100/36000 batch_loss=1.6795e-01
E5/12 B24200/36000 batch_loss=1.6053e-01
E5/12 B24300/36000 batch_loss=1.7840e-01
E5/12 B24400/36000 batch_loss=1.7964e-01
E5/12 B24500/36000 batch_loss=1.5536e-01
E5/12 B24600/36000 batch_loss=1.6184e-01
E5/12 B24700/36000 batch_loss=1.5245e-01
E5/12 B24800/36000 batch_loss=2.1217e-01
E5/12 B24900/36000 batch_loss=2.3003e-01
E5/12 B25000/36000 batch_loss=1.9587e-01
E5/12 B25100/36000 batch_loss=2.3404e-01
E5/12 B25200/36000 batch_loss=2.6486e-01
E5/12 B25300/36000 batch_loss=1.5259e-01
E5/12 B25400/36000 batch_loss=2.4464e-01
E5/12 B25500/36000 batch_loss=1.9050e-01
E5/12 B25600/36000 batch_loss=1.5006e-01
E5/12 B25700/36000 batch_loss=2.5058e-01
E5/12 B25800/36000 batch_loss=1.5783e-01
E5/12 B25900/36000 batch_loss=1.5829e-01
E5/12 B26000/36000 batch_loss=1.8115e-01
E5/12 B26100/36000 batch_loss=1.6303e-01
E5/12 B26200/36000 batch_loss=2.6538e-01
E5/12 B26300/36000 batch_loss=1.6066e-01
E5/12 B26400/36000 batch_loss=2.5340e-01
E5/12 B26500/36000 batch_loss=2.4948e-01
E5/12 B26600/36000 batch_loss=1.6164e-01
E5/12 B26700/36000 batch_loss=1.5062e-01
E5/12 B26800/36000 batch_loss=2.3133e-01
E5/12 B26900/36000 batch_loss=1.7005e-01
E5/12 B27000/36000 batch_loss=2.4660e-01
E5/12 B27100/36000 batch_loss=1.6112e-01
E5/12 B27200/36000 batch_loss=1.4716e-01
E5/12 B27300/36000 batch_loss=1.7959e-01
E5/12 B27400/36000 batch_loss=3.0323e-01
E5/12 B27500/36000 batch_loss=2.5429e-01
E5/12 B27600/36000 batch_loss=1.3371e-01
E5/12 B27700/36000 batch_loss=2.5021e-01
E5/12 B27800/36000 batch_loss=2.3483e-01
E5/12 B27900/36000 batch_loss=2.5240e-01
E5/12 B28000/36000 batch_loss=2.2663e-01
E5/12 B28100/36000 batch_loss=1.5479e-01
E5/12 B28200/36000 batch_loss=1.3547e-01
E5/12 B28300/36000 batch_loss=2.3863e-01
E5/12 B28400/36000 batch_loss=2.2441e-01
E5/12 B28500/36000 batch_loss=2.8100e-01
E5/12 B28600/36000 batch_loss=2.3846e-01
E5/12 B28700/36000 batch_loss=2.4072e-01
E5/12 B28800/36000 batch_loss=1.7988e-01
E5/12 B28900/36000 batch_loss=1.5907e-01
E5/12 B29000/36000 batch_loss=2.2205e-01
E5/12 B29100/36000 batch_loss=1.5723e-01
E5/12 B29200/36000 batch_loss=1.5300e-01
E5/12 B29300/36000 batch_loss=1.4487e-01
E5/12 B29400/36000 batch_loss=2.0407e-01
E5/12 B29500/36000 batch_loss=2.4513e-01
E5/12 B29600/36000 batch_loss=2.3100e-01
E5/12 B29700/36000 batch_loss=1.4872e-01
E5/12 B29800/36000 batch_loss=2.4923e-01
E5/12 B29900/36000 batch_loss=2.5183e-01
E5/12 B30000/36000 batch_loss=2.5494e-01
E5/12 B30100/36000 batch_loss=2.5807e-01
E5/12 B30200/36000 batch_loss=2.4601e-01
E5/12 B30300/36000 batch_loss=2.4416e-01
E5/12 B30400/36000 batch_loss=2.3002e-01
E5/12 B30500/36000 batch_loss=2.4720e-01
E5/12 B30600/36000 batch_loss=1.4462e-01
E5/12 B30700/36000 batch_loss=2.4612e-01
E5/12 B30800/36000 batch_loss=1.5662e-01
E5/12 B30900/36000 batch_loss=2.5508e-01
E5/12 B31000/36000 batch_loss=2.2921e-01
E5/12 B31100/36000 batch_loss=2.5247e-01
E5/12 B31200/36000 batch_loss=1.5777e-01
E5/12 B31300/36000 batch_loss=1.5463e-01
E5/12 B31400/36000 batch_loss=2.4978e-01
E5/12 B31500/36000 batch_loss=1.6627e-01
E5/12 B31600/36000 batch_loss=1.5951e-01
E5/12 B31700/36000 batch_loss=1.4885e-01
E5/12 B31800/36000 batch_loss=1.5719e-01
E5/12 B31900/36000 batch_loss=2.4839e-01
E5/12 B32000/36000 batch_loss=1.3931e-01
E5/12 B32100/36000 batch_loss=1.5086e-01
E5/12 B32200/36000 batch_loss=2.3478e-01
E5/12 B32300/36000 batch_loss=1.6217e-01
E5/12 B32400/36000 batch_loss=2.3334e-01
E5/12 B32500/36000 batch_loss=2.3917e-01
E5/12 B32600/36000 batch_loss=1.3786e-01
E5/12 B32700/36000 batch_loss=2.7094e-01
E5/12 B32800/36000 batch_loss=2.3828e-01
E5/12 B32900/36000 batch_loss=2.4520e-01
E5/12 B33000/36000 batch_loss=1.4655e-01
E5/12 B33100/36000 batch_loss=1.4686e-01
E5/12 B33200/36000 batch_loss=1.7128e-01
E5/12 B33300/36000 batch_loss=1.5161e-01
E5/12 B33400/36000 batch_loss=1.8647e-01
E5/12 B33500/36000 batch_loss=1.6239e-01
E5/12 B33600/36000 batch_loss=1.4668e-01
E5/12 B33700/36000 batch_loss=2.4562e-01
E5/12 B33800/36000 batch_loss=2.1965e-01
E5/12 B33900/36000 batch_loss=2.3651e-01
E5/12 B34000/36000 batch_loss=2.6290e-01
E5/12 B34100/36000 batch_loss=1.6279e-01
E5/12 B34200/36000 batch_loss=1.6272e-01
E5/12 B34300/36000 batch_loss=1.7537e-01
E5/12 B34400/36000 batch_loss=2.5165e-01
E5/12 B34500/36000 batch_loss=1.4474e-01
E5/12 B34600/36000 batch_loss=2.2329e-01
E5/12 B34700/36000 batch_loss=1.4518e-01
E5/12 B34800/36000 batch_loss=1.5273e-01
E5/12 B34900/36000 batch_loss=1.6096e-01
E5/12 B35000/36000 batch_loss=2.5959e-01
E5/12 B35100/36000 batch_loss=1.4519e-01
E5/12 B35200/36000 batch_loss=1.5664e-01
E5/12 B35300/36000 batch_loss=2.5187e-01
E5/12 B35400/36000 batch_loss=1.4110e-01
E5/12 B35500/36000 batch_loss=2.2627e-01
E5/12 B35600/36000 batch_loss=1.5290e-01
E5/12 B35700/36000 batch_loss=1.6649e-01
E5/12 B35800/36000 batch_loss=2.2495e-01
E5/12 B35900/36000 batch_loss=2.7200e-01
E5/12 B36000/36000 batch_loss=1.5115e-01
2026-07-06 00:12:23,305 | INFO | Saved 10 diagnostic panel(s) under D:\Research\NO-2D-Metamaterials\MODELS\training_runs\NO_I3O5_BCF16_NMAE_HC128_LR2e-03_WD0e+00_SS1_G9e-01_ch0u_260705\diagnostics\epoch_005
epoch=5/12 loss=nmae train_nmae=2.036593e-01 val_nmae=2.549141e-01 train_mae=1.942160e-03 val_mae=2.188925e-03 train_mse=4.285431e-05 val_mse=5.131850e-05 lr=1.181e-03 train_sps=1484.2
2026-07-06 00:12:24,794 | INFO | epoch=5/12 loss=nmae train_nmae=2.036593e-01 val_nmae=2.549141e-01 train_mae=1.942160e-03 val_mae=2.188925e-03 train_mse=4.285431e-05 val_mse=5.131850e-05 lr=1.181e-03 train_sps=1484.2
2026-07-06 00:12:24,795 | INFO | epoch=5/12 loss_ch_nmae train=1.194e-02 2.210e-01 2.248e-01 2.836e-01 2.769e-01 val=1.001e-02 2.774e-01 2.900e-01 3.488e-01 3.484e-01
2026-07-06 00:12:24,795 | INFO | epoch=5/12 mae_ch train=7.589e-04 2.034e-03 1.918e-03 2.601e-03 2.398e-03 val=6.168e-04 2.367e-03 2.254e-03 2.954e-03 2.753e-03 mse_ch train=1.246e-05 4.129e-05 3.868e-05 6.557e-05 5.628e-05 val=2.337e-06 5.375e-05 5.123e-05 7.943e-05 6.984e-05
Epoch 5/12 done | loss=nmae train=2.0366e-01 val=2.5491e-01 mae=2.1889e-03 mse=5.1319e-05 lr=1.18e-03
E6/12 B100/36000 batch_loss=1.3550e-01
E6/12 B200/36000 batch_loss=1.3516e-01
E6/12 B300/36000 batch_loss=1.5155e-01
E6/12 B400/36000 batch_loss=2.4182e-01
E6/12 B500/36000 batch_loss=2.2042e-01
E6/12 B600/36000 batch_loss=1.4250e-01
E6/12 B700/36000 batch_loss=2.3909e-01
E6/12 B800/36000 batch_loss=1.5498e-01
E6/12 B900/36000 batch_loss=1.3971e-01
E6/12 B1000/36000 batch_loss=1.5194e-01
E6/12 B1100/36000 batch_loss=2.3266e-01
E6/12 B1200/36000 batch_loss=2.4561e-01
E6/12 B1300/36000 batch_loss=2.1954e-01
E6/12 B1400/36000 batch_loss=1.4020e-01
E6/12 B1500/36000 batch_loss=1.5139e-01
E6/12 B1600/36000 batch_loss=2.1823e-01
E6/12 B1700/36000 batch_loss=1.6607e-01
E6/12 B1800/36000 batch_loss=2.3431e-01
E6/12 B1900/36000 batch_loss=2.0820e-01
E6/12 B2000/36000 batch_loss=1.5468e-01
E6/12 B2100/36000 batch_loss=1.4244e-01
E6/12 B2200/36000 batch_loss=1.6413e-01
E6/12 B2300/36000 batch_loss=2.2950e-01
E6/12 B2400/36000 batch_loss=1.5428e-01
E6/12 B2500/36000 batch_loss=2.2106e-01
E6/12 B2600/36000 batch_loss=2.2101e-01
E6/12 B2700/36000 batch_loss=2.0759e-01
E6/12 B2800/36000 batch_loss=1.4214e-01
E6/12 B2900/36000 batch_loss=1.4960e-01
E6/12 B3000/36000 batch_loss=2.6439e-01
E6/12 B3100/36000 batch_loss=1.4671e-01
E6/12 B3200/36000 batch_loss=1.5217e-01
E6/12 B3300/36000 batch_loss=2.3104e-01
E6/12 B3400/36000 batch_loss=2.5207e-01
E6/12 B3500/36000 batch_loss=2.2169e-01
E6/12 B3600/36000 batch_loss=1.5255e-01
E6/12 B3700/36000 batch_loss=1.4956e-01
E6/12 B3800/36000 batch_loss=1.3357e-01
E6/12 B3900/36000 batch_loss=1.8013e-01
E6/12 B4000/36000 batch_loss=1.4888e-01
E6/12 B4100/36000 batch_loss=1.5953e-01
E6/12 B4200/36000 batch_loss=1.6640e-01
E6/12 B4300/36000 batch_loss=2.2772e-01
E6/12 B4400/36000 batch_loss=1.5497e-01
E6/12 B4500/36000 batch_loss=2.2940e-01
E6/12 B4600/36000 batch_loss=2.3580e-01
E6/12 B4700/36000 batch_loss=2.3547e-01
E6/12 B4800/36000 batch_loss=2.2642e-01
E6/12 B4900/36000 batch_loss=2.3628e-01
E6/12 B5000/36000 batch_loss=1.3136e-01
E6/12 B5100/36000 batch_loss=1.4672e-01
E6/12 B5200/36000 batch_loss=2.5040e-01
E6/12 B5300/36000 batch_loss=1.5003e-01
E6/12 B5400/36000 batch_loss=2.4011e-01
E6/12 B5500/36000 batch_loss=2.3901e-01
E6/12 B5600/36000 batch_loss=1.4864e-01
E6/12 B5700/36000 batch_loss=2.3759e-01
E6/12 B5800/36000 batch_loss=1.4619e-01
E6/12 B5900/36000 batch_loss=2.3304e-01
E6/12 B6000/36000 batch_loss=2.3278e-01
E6/12 B6100/36000 batch_loss=1.5761e-01
E6/12 B6200/36000 batch_loss=1.4933e-01
E6/12 B6300/36000 batch_loss=2.3765e-01
E6/12 B6400/36000 batch_loss=2.3647e-01
E6/12 B6500/36000 batch_loss=1.5923e-01
E6/12 B6600/36000 batch_loss=2.5503e-01
E6/12 B6700/36000 batch_loss=1.5572e-01
E6/12 B6800/36000 batch_loss=2.3708e-01
E6/12 B6900/36000 batch_loss=1.5174e-01
E6/12 B7000/36000 batch_loss=1.2923e-01
E6/12 B7100/36000 batch_loss=2.2956e-01
E6/12 B7200/36000 batch_loss=2.3846e-01
E6/12 B7300/36000 batch_loss=2.1932e-01
E6/12 B7400/36000 batch_loss=2.3217e-01
E6/12 B7500/36000 batch_loss=2.5360e-01
E6/12 B7600/36000 batch_loss=1.7118e-01
E6/12 B7700/36000 batch_loss=2.3300e-01
E6/12 B7800/36000 batch_loss=2.2840e-01
E6/12 B7900/36000 batch_loss=1.7190e-01
E6/12 B8000/36000 batch_loss=1.4072e-01
E6/12 B8100/36000 batch_loss=2.2895e-01
E6/12 B8200/36000 batch_loss=1.4271e-01
E6/12 B8300/36000 batch_loss=2.2550e-01
E6/12 B8400/36000 batch_loss=1.5018e-01
E6/12 B8500/36000 batch_loss=2.3279e-01
E6/12 B8600/36000 batch_loss=2.3253e-01
E6/12 B8700/36000 batch_loss=1.4813e-01
E6/12 B8800/36000 batch_loss=1.6362e-01
E6/12 B8900/36000 batch_loss=2.3006e-01
E6/12 B9000/36000 batch_loss=2.2357e-01
E6/12 B9100/36000 batch_loss=2.3932e-01
E6/12 B9200/36000 batch_loss=1.3678e-01
E6/12 B9300/36000 batch_loss=1.4165e-01
E6/12 B9400/36000 batch_loss=1.5412e-01
E6/12 B9500/36000 batch_loss=2.2477e-01
E6/12 B9600/36000 batch_loss=2.3623e-01
E6/12 B9700/36000 batch_loss=2.2938e-01
E6/12 B9800/36000 batch_loss=2.4542e-01
E6/12 B9900/36000 batch_loss=1.7013e-01
E6/12 B10000/36000 batch_loss=1.5609e-01
E6/12 B10100/36000 batch_loss=2.1381e-01
E6/12 B10200/36000 batch_loss=1.5302e-01
E6/12 B10300/36000 batch_loss=1.6084e-01
E6/12 B10400/36000 batch_loss=2.4478e-01
E6/12 B10500/36000 batch_loss=1.4432e-01
E6/12 B10600/36000 batch_loss=1.4717e-01
E6/12 B10700/36000 batch_loss=2.2067e-01
E6/12 B10800/36000 batch_loss=2.3247e-01
E6/12 B10900/36000 batch_loss=1.5831e-01
E6/12 B11000/36000 batch_loss=1.3180e-01
E6/12 B11100/36000 batch_loss=1.5546e-01
E6/12 B11200/36000 batch_loss=2.2272e-01
E6/12 B11300/36000 batch_loss=1.4899e-01
E6/12 B11400/36000 batch_loss=1.5272e-01
E6/12 B11500/36000 batch_loss=2.2566e-01
E6/12 B11600/36000 batch_loss=2.2262e-01
E6/12 B11700/36000 batch_loss=2.4076e-01
E6/12 B11800/36000 batch_loss=1.5393e-01
E6/12 B11900/36000 batch_loss=2.2385e-01
E6/12 B12000/36000 batch_loss=1.6109e-01
E6/12 B12100/36000 batch_loss=2.2667e-01
E6/12 B12200/36000 batch_loss=2.3641e-01
E6/12 B12300/36000 batch_loss=1.5492e-01
E6/12 B12400/36000 batch_loss=1.6057e-01
E6/12 B12500/36000 batch_loss=1.5331e-01
E6/12 B12600/36000 batch_loss=1.5766e-01
E6/12 B12700/36000 batch_loss=1.4911e-01
E6/12 B12800/36000 batch_loss=1.4376e-01
E6/12 B12900/36000 batch_loss=1.6700e-01
E6/12 B13000/36000 batch_loss=1.3953e-01
E6/12 B13100/36000 batch_loss=2.3841e-01
E6/12 B13200/36000 batch_loss=2.1885e-01
E6/12 B13300/36000 batch_loss=2.5073e-01
E6/12 B13400/36000 batch_loss=2.5391e-01
E6/12 B13500/36000 batch_loss=1.5139e-01
E6/12 B13600/36000 batch_loss=2.5815e-01
E6/12 B13700/36000 batch_loss=1.7125e-01
E6/12 B13800/36000 batch_loss=2.4054e-01
E6/12 B13900/36000 batch_loss=1.5172e-01
E6/12 B14000/36000 batch_loss=2.2969e-01
E6/12 B14100/36000 batch_loss=2.3707e-01
E6/12 B14200/36000 batch_loss=2.2817e-01
E6/12 B14300/36000 batch_loss=2.1819e-01
E6/12 B14400/36000 batch_loss=2.1714e-01
E6/12 B14500/36000 batch_loss=1.6012e-01
E6/12 B14600/36000 batch_loss=1.4681e-01
E6/12 B14700/36000 batch_loss=1.4366e-01
E6/12 B14800/36000 batch_loss=2.3645e-01
E6/12 B14900/36000 batch_loss=2.4211e-01
E6/12 B15000/36000 batch_loss=1.4345e-01
E6/12 B15100/36000 batch_loss=1.5068e-01
E6/12 B15200/36000 batch_loss=1.6220e-01
E6/12 B15300/36000 batch_loss=2.2371e-01
E6/12 B15400/36000 batch_loss=2.4725e-01
E6/12 B15500/36000 batch_loss=1.5359e-01
E6/12 B15600/36000 batch_loss=1.5444e-01
E6/12 B15700/36000 batch_loss=1.5725e-01
E6/12 B15800/36000 batch_loss=1.4550e-01
E6/12 B15900/36000 batch_loss=2.5410e-01
E6/12 B16000/36000 batch_loss=2.2204e-01
E6/12 B16100/36000 batch_loss=2.1974e-01
E6/12 B16200/36000 batch_loss=2.0920e-01
E6/12 B16300/36000 batch_loss=2.3306e-01
E6/12 B16400/36000 batch_loss=1.5264e-01
E6/12 B16500/36000 batch_loss=1.5385e-01
E6/12 B16600/36000 batch_loss=2.3506e-01
E6/12 B16700/36000 batch_loss=2.2564e-01
E6/12 B16800/36000 batch_loss=1.6697e-01
E6/12 B16900/36000 batch_loss=2.4749e-01
E6/12 B17000/36000 batch_loss=2.5434e-01
E6/12 B17100/36000 batch_loss=2.3814e-01
E6/12 B17200/36000 batch_loss=1.4306e-01
E6/12 B17300/36000 batch_loss=2.3378e-01
E6/12 B17400/36000 batch_loss=2.3241e-01
E6/12 B17500/36000 batch_loss=1.4825e-01
E6/12 B17600/36000 batch_loss=1.5315e-01
E6/12 B17700/36000 batch_loss=2.2751e-01
E6/12 B17800/36000 batch_loss=1.6960e-01
E6/12 B17900/36000 batch_loss=2.4805e-01
E6/12 B18000/36000 batch_loss=2.2606e-01
E6/12 B18100/36000 batch_loss=2.3449e-01
E6/12 B18200/36000 batch_loss=2.3194e-01
E6/12 B18300/36000 batch_loss=1.4260e-01
E6/12 B18400/36000 batch_loss=1.5983e-01
E6/12 B18500/36000 batch_loss=1.5020e-01
E6/12 B18600/36000 batch_loss=1.5499e-01
E6/12 B18700/36000 batch_loss=2.5367e-01
E6/12 B18800/36000 batch_loss=1.5140e-01
E6/12 B18900/36000 batch_loss=2.3484e-01
E6/12 B19000/36000 batch_loss=1.4957e-01
E6/12 B19100/36000 batch_loss=1.5143e-01
E6/12 B19200/36000 batch_loss=1.3898e-01
E6/12 B19300/36000 batch_loss=1.8025e-01
E6/12 B19400/36000 batch_loss=2.1801e-01
E6/12 B19500/36000 batch_loss=1.5683e-01
E6/12 B19600/36000 batch_loss=2.4150e-01
E6/12 B19700/36000 batch_loss=2.2436e-01
E6/12 B19800/36000 batch_loss=1.7359e-01
E6/12 B19900/36000 batch_loss=2.5111e-01
E6/12 B20000/36000 batch_loss=2.1986e-01
E6/12 B20100/36000 batch_loss=2.2669e-01
E6/12 B20200/36000 batch_loss=2.1344e-01
E6/12 B20300/36000 batch_loss=2.4428e-01
E6/12 B20400/36000 batch_loss=1.5096e-01
E6/12 B20500/36000 batch_loss=1.5620e-01
E6/12 B20600/36000 batch_loss=2.1693e-01
E6/12 B20700/36000 batch_loss=2.2741e-01
E6/12 B20800/36000 batch_loss=2.1668e-01
E6/12 B20900/36000 batch_loss=1.5518e-01
E6/12 B21000/36000 batch_loss=1.5894e-01
E6/12 B21100/36000 batch_loss=1.4383e-01
E6/12 B21200/36000 batch_loss=2.3445e-01
E6/12 B21300/36000 batch_loss=1.6758e-01
E6/12 B21400/36000 batch_loss=1.4013e-01
E6/12 B21500/36000 batch_loss=2.4198e-01
E6/12 B21600/36000 batch_loss=1.5733e-01
E6/12 B21700/36000 batch_loss=2.1577e-01
E6/12 B21800/36000 batch_loss=1.6546e-01
E6/12 B21900/36000 batch_loss=1.4504e-01
E6/12 B22000/36000 batch_loss=1.5038e-01
E6/12 B22100/36000 batch_loss=1.5528e-01
E6/12 B22200/36000 batch_loss=2.3690e-01
E6/12 B22300/36000 batch_loss=1.6334e-01
E6/12 B22400/36000 batch_loss=2.6251e-01
E6/12 B22500/36000 batch_loss=1.6852e-01
E6/12 B22600/36000 batch_loss=1.6476e-01
E6/12 B22700/36000 batch_loss=2.3804e-01
E6/12 B22800/36000 batch_loss=1.7073e-01
E6/12 B22900/36000 batch_loss=1.6077e-01
E6/12 B23000/36000 batch_loss=2.4148e-01
E6/12 B23100/36000 batch_loss=2.3938e-01
E6/12 B23200/36000 batch_loss=1.4924e-01
E6/12 B23300/36000 batch_loss=1.6309e-01
E6/12 B23400/36000 batch_loss=2.4741e-01
E6/12 B23500/36000 batch_loss=1.5677e-01
E6/12 B23600/36000 batch_loss=1.4867e-01
E6/12 B23700/36000 batch_loss=1.5898e-01
E6/12 B23800/36000 batch_loss=1.5389e-01
E6/12 B23900/36000 batch_loss=2.3451e-01
E6/12 B24000/36000 batch_loss=2.1739e-01
E6/12 B24100/36000 batch_loss=1.4360e-01
E6/12 B24200/36000 batch_loss=2.3449e-01
E6/12 B24300/36000 batch_loss=1.3945e-01
E6/12 B24400/36000 batch_loss=1.5627e-01
E6/12 B24500/36000 batch_loss=1.4807e-01
E6/12 B24600/36000 batch_loss=1.6646e-01
E6/12 B24700/36000 batch_loss=2.3528e-01
E6/12 B24800/36000 batch_loss=2.1594e-01
E6/12 B24900/36000 batch_loss=1.6759e-01
E6/12 B25000/36000 batch_loss=2.2995e-01
E6/12 B25100/36000 batch_loss=2.1768e-01
E6/12 B25200/36000 batch_loss=1.5088e-01
E6/12 B25300/36000 batch_loss=1.3819e-01
E6/12 B25400/36000 batch_loss=2.3490e-01
E6/12 B25500/36000 batch_loss=1.9077e-01
E6/12 B25600/36000 batch_loss=1.6750e-01
E6/12 B25700/36000 batch_loss=2.2911e-01
E6/12 B25800/36000 batch_loss=2.3696e-01
E6/12 B25900/36000 batch_loss=2.2301e-01
E6/12 B26000/36000 batch_loss=1.5098e-01
E6/12 B26100/36000 batch_loss=2.3680e-01
E6/12 B26200/36000 batch_loss=1.4670e-01
E6/12 B26300/36000 batch_loss=2.4028e-01
E6/12 B26400/36000 batch_loss=1.3468e-01
E6/12 B26500/36000 batch_loss=2.4266e-01
E6/12 B26600/36000 batch_loss=2.5104e-01
E6/12 B26700/36000 batch_loss=2.5237e-01
E6/12 B26800/36000 batch_loss=1.3986e-01
E6/12 B26900/36000 batch_loss=1.4828e-01
E6/12 B27000/36000 batch_loss=1.6106e-01
E6/12 B27100/36000 batch_loss=2.2992e-01
E6/12 B27200/36000 batch_loss=2.3945e-01
E6/12 B27300/36000 batch_loss=2.0576e-01
E6/12 B27400/36000 batch_loss=1.6670e-01
E6/12 B27500/36000 batch_loss=1.4025e-01
E6/12 B27600/36000 batch_loss=1.6554e-01
E6/12 B27700/36000 batch_loss=2.3416e-01
E6/12 B27800/36000 batch_loss=1.5813e-01
E6/12 B27900/36000 batch_loss=1.9715e-01
E6/12 B28000/36000 batch_loss=1.4856e-01
E6/12 B28100/36000 batch_loss=1.5045e-01
E6/12 B28200/36000 batch_loss=2.4249e-01
E6/12 B28300/36000 batch_loss=1.4528e-01
E6/12 B28400/36000 batch_loss=2.1274e-01
E6/12 B28500/36000 batch_loss=1.5752e-01
E6/12 B28600/36000 batch_loss=1.5554e-01
E6/12 B28700/36000 batch_loss=2.1277e-01
E6/12 B28800/36000 batch_loss=1.6918e-01
E6/12 B28900/36000 batch_loss=2.5486e-01
E6/12 B29000/36000 batch_loss=1.4678e-01
E6/12 B29100/36000 batch_loss=2.2444e-01
E6/12 B29200/36000 batch_loss=2.1834e-01
E6/12 B29300/36000 batch_loss=1.4658e-01
E6/12 B29400/36000 batch_loss=1.5123e-01
E6/12 B29500/36000 batch_loss=1.5907e-01
E6/12 B29600/36000 batch_loss=1.5183e-01
E6/12 B29700/36000 batch_loss=2.6443e-01
E6/12 B29800/36000 batch_loss=1.6744e-01
E6/12 B29900/36000 batch_loss=2.2842e-01
E6/12 B30000/36000 batch_loss=2.5071e-01
E6/12 B30100/36000 batch_loss=2.1605e-01
E6/12 B30200/36000 batch_loss=1.7033e-01
E6/12 B30300/36000 batch_loss=1.6097e-01
E6/12 B30400/36000 batch_loss=1.5394e-01
E6/12 B30500/36000 batch_loss=2.4227e-01
E6/12 B30600/36000 batch_loss=2.2501e-01
E6/12 B30700/36000 batch_loss=2.4915e-01
E6/12 B30800/36000 batch_loss=2.5545e-01
E6/12 B30900/36000 batch_loss=1.5312e-01
E6/12 B31000/36000 batch_loss=2.4942e-01
E6/12 B31100/36000 batch_loss=2.2609e-01
E6/12 B31200/36000 batch_loss=1.5803e-01
E6/12 B31300/36000 batch_loss=1.5137e-01
E6/12 B31400/36000 batch_loss=1.5406e-01
E6/12 B31500/36000 batch_loss=2.2451e-01
E6/12 B31600/36000 batch_loss=2.3156e-01
E6/12 B31700/36000 batch_loss=1.4924e-01
E6/12 B31800/36000 batch_loss=2.2934e-01
E6/12 B31900/36000 batch_loss=2.4562e-01
E6/12 B32000/36000 batch_loss=2.3355e-01
E6/12 B32100/36000 batch_loss=2.3389e-01
E6/12 B32200/36000 batch_loss=2.3063e-01
E6/12 B32300/36000 batch_loss=2.2736e-01
E6/12 B32400/36000 batch_loss=1.2194e-01
E6/12 B32500/36000 batch_loss=1.4533e-01
E6/12 B32600/36000 batch_loss=2.1488e-01
E6/12 B32700/36000 batch_loss=2.4346e-01
E6/12 B32800/36000 batch_loss=2.1962e-01
E6/12 B32900/36000 batch_loss=1.5332e-01
E6/12 B33000/36000 batch_loss=1.4957e-01
E6/12 B33100/36000 batch_loss=2.2359e-01
E6/12 B33200/36000 batch_loss=1.5137e-01
E6/12 B33300/36000 batch_loss=1.4413e-01
E6/12 B33400/36000 batch_loss=2.3241e-01
E6/12 B33500/36000 batch_loss=1.7581e-01
E6/12 B33600/36000 batch_loss=1.4710e-01
E6/12 B33700/36000 batch_loss=2.3390e-01
E6/12 B33800/36000 batch_loss=1.6450e-01
E6/12 B33900/36000 batch_loss=2.3096e-01
E6/12 B34000/36000 batch_loss=2.4075e-01
E6/12 B34100/36000 batch_loss=1.5690e-01
E6/12 B34200/36000 batch_loss=1.3547e-01
E6/12 B34300/36000 batch_loss=1.6772e-01
E6/12 B34400/36000 batch_loss=2.3192e-01
E6/12 B34500/36000 batch_loss=1.4323e-01
E6/12 B34600/36000 batch_loss=2.2878e-01
E6/12 B34700/36000 batch_loss=1.6834e-01
E6/12 B34800/36000 batch_loss=2.3707e-01
E6/12 B34900/36000 batch_loss=2.4041e-01
E6/12 B35000/36000 batch_loss=1.6252e-01
E6/12 B35100/36000 batch_loss=1.6304e-01
E6/12 B35200/36000 batch_loss=1.4764e-01
E6/12 B35300/36000 batch_loss=1.5345e-01
E6/12 B35400/36000 batch_loss=2.0203e-01
E6/12 B35500/36000 batch_loss=1.4630e-01
E6/12 B35600/36000 batch_loss=1.3888e-01
E6/12 B35700/36000 batch_loss=1.5591e-01
E6/12 B35800/36000 batch_loss=1.3673e-01
E6/12 B35900/36000 batch_loss=1.4948e-01
E6/12 B36000/36000 batch_loss=1.5606e-01
2026-07-06 04:14:12,016 | INFO | Saved 10 diagnostic panel(s) under D:\Research\NO-2D-Metamaterials\MODELS\training_runs\NO_I3O5_BCF16_NMAE_HC128_LR2e-03_WD0e+00_SS1_G9e-01_ch0u_260705\diagnostics\epoch_006
epoch=6/12 loss=nmae train_nmae=1.942788e-01 val_nmae=2.520922e-01 train_mae=1.849730e-03 val_mae=2.218097e-03 train_mse=4.057274e-05 val_mse=5.076563e-05 lr=1.063e-03 train_sps=1390.3
2026-07-06 04:14:13,556 | INFO | epoch=6/12 loss=nmae train_nmae=1.942788e-01 val_nmae=2.520922e-01 train_mae=1.849730e-03 val_mae=2.218097e-03 train_mse=4.057274e-05 val_mse=5.076563e-05 lr=1.063e-03 train_sps=1390.3
2026-07-06 04:14:13,556 | INFO | epoch=6/12 loss_ch_nmae train=1.112e-02 2.101e-01 2.133e-01 2.718e-01 2.650e-01 val=1.521e-02 2.719e-01 2.880e-01 3.413e-01 3.440e-01
2026-07-06 04:14:13,556 | INFO | epoch=6/12 mae_ch train=7.066e-04 1.934e-03 1.819e-03 2.493e-03 2.295e-03 val=9.288e-04 2.319e-03 2.235e-03 2.892e-03 2.716e-03 mse_ch train=1.228e-05 3.869e-05 3.604e-05 6.247e-05 5.338e-05 val=3.118e-06 5.272e-05 5.021e-05 7.868e-05 6.910e-05
Epoch 6/12 done | loss=nmae train=1.9428e-01 val=2.5209e-01 mae=2.2181e-03 mse=5.0766e-05 lr=1.06e-03
E7/12 B100/36000 batch_loss=1.4876e-01
E7/12 B200/36000 batch_loss=1.3191e-01
E7/12 B300/36000 batch_loss=1.2573e-01
E7/12 B400/36000 batch_loss=2.3196e-01
E7/12 B500/36000 batch_loss=1.3921e-01
E7/12 B600/36000 batch_loss=1.4233e-01
E7/12 B700/36000 batch_loss=1.5062e-01
E7/12 B800/36000 batch_loss=1.4689e-01
E7/12 B900/36000 batch_loss=2.1214e-01
E7/12 B1000/36000 batch_loss=2.2758e-01
E7/12 B1100/36000 batch_loss=1.4405e-01
E7/12 B1200/36000 batch_loss=2.2192e-01
E7/12 B1300/36000 batch_loss=2.3367e-01
E7/12 B1400/36000 batch_loss=1.5371e-01
E7/12 B1500/36000 batch_loss=2.1772e-01
E7/12 B1600/36000 batch_loss=2.4016e-01
E7/12 B1700/36000 batch_loss=2.2215e-01
E7/12 B1800/36000 batch_loss=1.5018e-01
E7/12 B1900/36000 batch_loss=1.4512e-01
E7/12 B2000/36000 batch_loss=1.3120e-01
E7/12 B2100/36000 batch_loss=2.0579e-01
E7/12 B2200/36000 batch_loss=2.3145e-01
E7/12 B2300/36000 batch_loss=2.1135e-01
E7/12 B2400/36000 batch_loss=2.2765e-01
E7/12 B2500/36000 batch_loss=2.3306e-01
E7/12 B2600/36000 batch_loss=2.0751e-01
E7/12 B2700/36000 batch_loss=1.3174e-01
E7/12 B2800/36000 batch_loss=1.5654e-01
E7/12 B2900/36000 batch_loss=2.0930e-01
E7/12 B3000/36000 batch_loss=2.3228e-01
E7/12 B3100/36000 batch_loss=2.2472e-01
E7/12 B3200/36000 batch_loss=2.3286e-01
E7/12 B3300/36000 batch_loss=2.2726e-01
E7/12 B3400/36000 batch_loss=2.3011e-01
E7/12 B3500/36000 batch_loss=2.2525e-01
E7/12 B3600/36000 batch_loss=1.3006e-01
E7/12 B3700/36000 batch_loss=1.5212e-01
E7/12 B3800/36000 batch_loss=1.3765e-01
E7/12 B3900/36000 batch_loss=1.3558e-01
E7/12 B4000/36000 batch_loss=1.4891e-01
E7/12 B4100/36000 batch_loss=1.3737e-01
E7/12 B4200/36000 batch_loss=1.4794e-01
E7/12 B4300/36000 batch_loss=2.3062e-01
E7/12 B4400/36000 batch_loss=2.0480e-01
E7/12 B4500/36000 batch_loss=2.2658e-01
E7/12 B4600/36000 batch_loss=2.2550e-01
E7/12 B4700/36000 batch_loss=2.4221e-01
E7/12 B4800/36000 batch_loss=1.4275e-01
E7/12 B4900/36000 batch_loss=2.2740e-01
E7/12 B5000/36000 batch_loss=1.4407e-01
E7/12 B5100/36000 batch_loss=1.4939e-01
E7/12 B5200/36000 batch_loss=1.3101e-01
E7/12 B5300/36000 batch_loss=1.6336e-01
E7/12 B5400/36000 batch_loss=2.1619e-01
E7/12 B5500/36000 batch_loss=2.2554e-01
E7/12 B5600/36000 batch_loss=2.2520e-01
E7/12 B5700/36000 batch_loss=1.5187e-01
E7/12 B5800/36000 batch_loss=1.6665e-01
E7/12 B5900/36000 batch_loss=2.3232e-01
E7/12 B6000/36000 batch_loss=2.5680e-01
E7/12 B6100/36000 batch_loss=1.3820e-01
E7/12 B6200/36000 batch_loss=1.4318e-01
E7/12 B6300/36000 batch_loss=2.2585e-01
E7/12 B6400/36000 batch_loss=1.3408e-01
E7/12 B6500/36000 batch_loss=2.3768e-01
E7/12 B6600/36000 batch_loss=1.4546e-01
E7/12 B6700/36000 batch_loss=1.5245e-01
E7/12 B6800/36000 batch_loss=1.3278e-01
E7/12 B6900/36000 batch_loss=1.2848e-01
E7/12 B7000/36000 batch_loss=2.2416e-01
E7/12 B7100/36000 batch_loss=2.0195e-01
E7/12 B7200/36000 batch_loss=2.4306e-01
E7/12 B7300/36000 batch_loss=2.1974e-01
E7/12 B7400/36000 batch_loss=2.0611e-01
E7/12 B7500/36000 batch_loss=1.4173e-01
E7/12 B7600/36000 batch_loss=2.2296e-01
E7/12 B7700/36000 batch_loss=2.3241e-01
E7/12 B7800/36000 batch_loss=1.8939e-01
E7/12 B7900/36000 batch_loss=1.3719e-01
E7/12 B8000/36000 batch_loss=2.3080e-01
E7/12 B8100/36000 batch_loss=2.0415e-01
E7/12 B8200/36000 batch_loss=2.3751e-01
E7/12 B8300/36000 batch_loss=2.1849e-01
E7/12 B8400/36000 batch_loss=2.3082e-01
E7/12 B8500/36000 batch_loss=2.1534e-01
E7/12 B8600/36000 batch_loss=1.4497e-01
E7/12 B8700/36000 batch_loss=2.2466e-01
E7/12 B8800/36000 batch_loss=1.2673e-01
E7/12 B8900/36000 batch_loss=2.5871e-01
E7/12 B9000/36000 batch_loss=1.4395e-01
E7/12 B9100/36000 batch_loss=2.6532e-01
E7/12 B9200/36000 batch_loss=1.5307e-01
E7/12 B9300/36000 batch_loss=1.5075e-01
E7/12 B9400/36000 batch_loss=1.4613e-01
E7/12 B9500/36000 batch_loss=1.5004e-01
E7/12 B9600/36000 batch_loss=1.3507e-01
E7/12 B9700/36000 batch_loss=1.4029e-01
E7/12 B9800/36000 batch_loss=2.1596e-01
E7/12 B9900/36000 batch_loss=2.1651e-01
E7/12 B10000/36000 batch_loss=1.2955e-01
E7/12 B10100/36000 batch_loss=1.5293e-01
E7/12 B10200/36000 batch_loss=2.0783e-01
E7/12 B10300/36000 batch_loss=2.0847e-01
E7/12 B10400/36000 batch_loss=1.5525e-01
E7/12 B10500/36000 batch_loss=1.4969e-01
E7/12 B10600/36000 batch_loss=2.3399e-01
E7/12 B10700/36000 batch_loss=1.4249e-01
E7/12 B10800/36000 batch_loss=2.2161e-01
E7/12 B10900/36000 batch_loss=1.4089e-01
E7/12 B11000/36000 batch_loss=2.1549e-01
E7/12 B11100/36000 batch_loss=2.4901e-01
E7/12 B11200/36000 batch_loss=1.2713e-01
E7/12 B11300/36000 batch_loss=2.1832e-01
E7/12 B11400/36000 batch_loss=2.1997e-01
E7/12 B11500/36000 batch_loss=1.3639e-01
E7/12 B11600/36000 batch_loss=1.5678e-01
E7/12 B11700/36000 batch_loss=2.2000e-01
E7/12 B11800/36000 batch_loss=2.1282e-01
E7/12 B11900/36000 batch_loss=2.0727e-01
E7/12 B12000/36000 batch_loss=1.5718e-01
E7/12 B12100/36000 batch_loss=1.5124e-01
E7/12 B12200/36000 batch_loss=1.4790e-01
E7/12 B12300/36000 batch_loss=1.6367e-01
E7/12 B12400/36000 batch_loss=2.1742e-01
E7/12 B12500/36000 batch_loss=1.6161e-01
E7/12 B12600/36000 batch_loss=2.3756e-01
E7/12 B12700/36000 batch_loss=1.4443e-01
E7/12 B12800/36000 batch_loss=2.2126e-01
E7/12 B12900/36000 batch_loss=1.3705e-01
E7/12 B13000/36000 batch_loss=2.5210e-01
E7/12 B13100/36000 batch_loss=1.3427e-01
E7/12 B13200/36000 batch_loss=2.4862e-01
E7/12 B13300/36000 batch_loss=1.2288e-01
E7/12 B13400/36000 batch_loss=1.5245e-01
E7/12 B13500/36000 batch_loss=1.5106e-01
E7/12 B13600/36000 batch_loss=1.5040e-01
E7/12 B13700/36000 batch_loss=2.1887e-01
E7/12 B13800/36000 batch_loss=2.1144e-01
E7/12 B13900/36000 batch_loss=1.3129e-01
E7/12 B14000/36000 batch_loss=1.6164e-01
E7/12 B14100/36000 batch_loss=1.3732e-01
E7/12 B14200/36000 batch_loss=2.3023e-01
E7/12 B14300/36000 batch_loss=2.2521e-01
E7/12 B14400/36000 batch_loss=1.3864e-01
E7/12 B14500/36000 batch_loss=2.2138e-01
E7/12 B14600/36000 batch_loss=2.2741e-01
E7/12 B14700/36000 batch_loss=1.5213e-01
E7/12 B14800/36000 batch_loss=2.2777e-01
E7/12 B14900/36000 batch_loss=2.6225e-01
E7/12 B15000/36000 batch_loss=2.2928e-01
E7/12 B15100/36000 batch_loss=2.3730e-01
E7/12 B15200/36000 batch_loss=1.4929e-01
E7/12 B15300/36000 batch_loss=1.4561e-01
E7/12 B15400/36000 batch_loss=2.2065e-01
E7/12 B15500/36000 batch_loss=1.6233e-01
E7/12 B15600/36000 batch_loss=2.2295e-01
E7/12 B15700/36000 batch_loss=1.5290e-01
E7/12 B15800/36000 batch_loss=2.3448e-01
E7/12 B15900/36000 batch_loss=1.4595e-01
E7/12 B16000/36000 batch_loss=2.2039e-01
E7/12 B16100/36000 batch_loss=1.3883e-01
E7/12 B16200/36000 batch_loss=2.1212e-01
E7/12 B16300/36000 batch_loss=2.2224e-01
E7/12 B16400/36000 batch_loss=1.5797e-01
E7/12 B16500/36000 batch_loss=2.2973e-01
E7/12 B16600/36000 batch_loss=1.4319e-01
E7/12 B16700/36000 batch_loss=2.4597e-01
E7/12 B16800/36000 batch_loss=2.0880e-01
E7/12 B16900/36000 batch_loss=1.4505e-01
E7/12 B17000/36000 batch_loss=2.2727e-01
E7/12 B17100/36000 batch_loss=2.4939e-01
E7/12 B17200/36000 batch_loss=1.5048e-01
E7/12 B17300/36000 batch_loss=2.2814e-01
E7/12 B17400/36000 batch_loss=1.4037e-01
E7/12 B17500/36000 batch_loss=2.2323e-01
E7/12 B17600/36000 batch_loss=1.5335e-01
E7/12 B17700/36000 batch_loss=2.2655e-01
E7/12 B17800/36000 batch_loss=1.4000e-01
E7/12 B17900/36000 batch_loss=1.4369e-01
E7/12 B18000/36000 batch_loss=1.7450e-01
E7/12 B18100/36000 batch_loss=1.5506e-01
E7/12 B18200/36000 batch_loss=2.3557e-01
E7/12 B18300/36000 batch_loss=1.6266e-01
E7/12 B18400/36000 batch_loss=2.2715e-01
E7/12 B18500/36000 batch_loss=1.4774e-01
E7/12 B18600/36000 batch_loss=2.1147e-01
E7/12 B18700/36000 batch_loss=2.1025e-01
E7/12 B18800/36000 batch_loss=1.2635e-01
E7/12 B18900/36000 batch_loss=2.2259e-01
E7/12 B19000/36000 batch_loss=2.3092e-01
E7/12 B19100/36000 batch_loss=2.3037e-01
E7/12 B19200/36000 batch_loss=2.0422e-01
E7/12 B19300/36000 batch_loss=1.6512e-01
E7/12 B19400/36000 batch_loss=1.4649e-01
E7/12 B19500/36000 batch_loss=2.4665e-01
E7/12 B19600/36000 batch_loss=1.6403e-01
E7/12 B19700/36000 batch_loss=1.5139e-01
E7/12 B19800/36000 batch_loss=2.2886e-01
E7/12 B19900/36000 batch_loss=1.4199e-01
E7/12 B20000/36000 batch_loss=2.1820e-01
E7/12 B20100/36000 batch_loss=2.4894e-01
E7/12 B20200/36000 batch_loss=1.5592e-01
E7/12 B20300/36000 batch_loss=2.1924e-01
E7/12 B20400/36000 batch_loss=2.3570e-01
E7/12 B20500/36000 batch_loss=2.2419e-01
E7/12 B20600/36000 batch_loss=2.4441e-01
E7/12 B20700/36000 batch_loss=1.5486e-01
E7/12 B20800/36000 batch_loss=1.4126e-01
E7/12 B20900/36000 batch_loss=2.2334e-01
E7/12 B21000/36000 batch_loss=2.1493e-01
E7/12 B21100/36000 batch_loss=2.0019e-01
E7/12 B21200/36000 batch_loss=1.2453e-01
E7/12 B21300/36000 batch_loss=2.3399e-01
E7/12 B21400/36000 batch_loss=2.4716e-01
E7/12 B21500/36000 batch_loss=2.3605e-01
E7/12 B21600/36000 batch_loss=2.4499e-01
E7/12 B21700/36000 batch_loss=1.5981e-01
E7/12 B21800/36000 batch_loss=2.4086e-01
E7/12 B21900/36000 batch_loss=2.3409e-01
E7/12 B22000/36000 batch_loss=2.1229e-01
E7/12 B22100/36000 batch_loss=2.3840e-01
E7/12 B22200/36000 batch_loss=2.1441e-01
E7/12 B22300/36000 batch_loss=2.1340e-01
E7/12 B22400/36000 batch_loss=2.2170e-01
E7/12 B22500/36000 batch_loss=1.5817e-01
E7/12 B22600/36000 batch_loss=2.3547e-01
E7/12 B22700/36000 batch_loss=1.3610e-01
E7/12 B22800/36000 batch_loss=2.2297e-01
E7/12 B22900/36000 batch_loss=2.5367e-01
E7/12 B23000/36000 batch_loss=2.3604e-01
E7/12 B23100/36000 batch_loss=1.4492e-01
E7/12 B23200/36000 batch_loss=2.2666e-01
E7/12 B23300/36000 batch_loss=1.3438e-01
E7/12 B23400/36000 batch_loss=2.2300e-01
E7/12 B23500/36000 batch_loss=1.6182e-01
E7/12 B23600/36000 batch_loss=2.1510e-01
E7/12 B23700/36000 batch_loss=2.2389e-01
E7/12 B23800/36000 batch_loss=2.2156e-01
E7/12 B23900/36000 batch_loss=1.3344e-01
E7/12 B24000/36000 batch_loss=1.3822e-01
E7/12 B24100/36000 batch_loss=1.5333e-01
E7/12 B24200/36000 batch_loss=2.1518e-01
E7/12 B24300/36000 batch_loss=1.5378e-01
E7/12 B24400/36000 batch_loss=2.3232e-01
E7/12 B24500/36000 batch_loss=1.3918e-01
E7/12 B24600/36000 batch_loss=2.2898e-01
E7/12 B24700/36000 batch_loss=1.5729e-01
E7/12 B24800/36000 batch_loss=2.0980e-01
E7/12 B24900/36000 batch_loss=1.3769e-01
E7/12 B25000/36000 batch_loss=1.4199e-01
E7/12 B25100/36000 batch_loss=2.3717e-01
E7/12 B25200/36000 batch_loss=2.2465e-01
E7/12 B25300/36000 batch_loss=1.3274e-01
E7/12 B25400/36000 batch_loss=1.3702e-01
E7/12 B25500/36000 batch_loss=1.5056e-01
E7/12 B25600/36000 batch_loss=1.4489e-01
E7/12 B25700/36000 batch_loss=1.3940e-01
E7/12 B25800/36000 batch_loss=1.6990e-01
E7/12 B25900/36000 batch_loss=1.4533e-01
E7/12 B26000/36000 batch_loss=1.5137e-01
E7/12 B26100/36000 batch_loss=2.2826e-01
E7/12 B26200/36000 batch_loss=2.2561e-01
E7/12 B26300/36000 batch_loss=1.4967e-01
E7/12 B26400/36000 batch_loss=2.4553e-01
E7/12 B26500/36000 batch_loss=2.2205e-01
E7/12 B26600/36000 batch_loss=2.2686e-01
E7/12 B26700/36000 batch_loss=1.3344e-01
E7/12 B26800/36000 batch_loss=2.4480e-01
E7/12 B26900/36000 batch_loss=2.1689e-01
E7/12 B27000/36000 batch_loss=1.2747e-01
E7/12 B27100/36000 batch_loss=1.6113e-01
E7/12 B27200/36000 batch_loss=1.3583e-01
E7/12 B27300/36000 batch_loss=1.4857e-01
E7/12 B27400/36000 batch_loss=2.2147e-01
E7/12 B27500/36000 batch_loss=2.2438e-01
E7/12 B27600/36000 batch_loss=2.1331e-01
E7/12 B27700/36000 batch_loss=1.8819e-01
E7/12 B27800/36000 batch_loss=2.1961e-01
E7/12 B27900/36000 batch_loss=1.4040e-01
E7/12 B28000/36000 batch_loss=1.4197e-01
E7/12 B28100/36000 batch_loss=1.4989e-01
E7/12 B28200/36000 batch_loss=1.9593e-01
E7/12 B28300/36000 batch_loss=2.2892e-01
E7/12 B28400/36000 batch_loss=1.3935e-01
E7/12 B28500/36000 batch_loss=1.5317e-01
E7/12 B28600/36000 batch_loss=2.1477e-01
E7/12 B28700/36000 batch_loss=1.5316e-01
E7/12 B28800/36000 batch_loss=1.6938e-01
E7/12 B28900/36000 batch_loss=1.5197e-01
E7/12 B29000/36000 batch_loss=2.1459e-01
E7/12 B29100/36000 batch_loss=1.5182e-01
E7/12 B29200/36000 batch_loss=2.3483e-01
E7/12 B29300/36000 batch_loss=2.5404e-01
E7/12 B29400/36000 batch_loss=2.2503e-01
E7/12 B29500/36000 batch_loss=1.5072e-01
E7/12 B29600/36000 batch_loss=2.6221e-01
E7/12 B29700/36000 batch_loss=2.3253e-01
E7/12 B29800/36000 batch_loss=1.5890e-01
E7/12 B29900/36000 batch_loss=2.2218e-01
E7/12 B30000/36000 batch_loss=1.5390e-01
E7/12 B30100/36000 batch_loss=2.3407e-01
E7/12 B30200/36000 batch_loss=1.4835e-01
E7/12 B30300/36000 batch_loss=2.4277e-01
E7/12 B30400/36000 batch_loss=1.4327e-01
E7/12 B30500/36000 batch_loss=2.4087e-01
E7/12 B30600/36000 batch_loss=1.4044e-01
E7/12 B30700/36000 batch_loss=2.2407e-01
E7/12 B30800/36000 batch_loss=1.6713e-01
E7/12 B30900/36000 batch_loss=2.3368e-01
E7/12 B31000/36000 batch_loss=1.4133e-01
E7/12 B31100/36000 batch_loss=1.3664e-01
E7/12 B31200/36000 batch_loss=2.4632e-01
E7/12 B31300/36000 batch_loss=2.4435e-01
E7/12 B31400/36000 batch_loss=2.4467e-01
E7/12 B31500/36000 batch_loss=1.5609e-01
E7/12 B31600/36000 batch_loss=1.7949e-01
E7/12 B31700/36000 batch_loss=2.2376e-01
E7/12 B31800/36000 batch_loss=2.4174e-01
E7/12 B31900/36000 batch_loss=2.0639e-01
E7/12 B32000/36000 batch_loss=1.6388e-01
E7/12 B32100/36000 batch_loss=1.3926e-01
E7/12 B32200/36000 batch_loss=2.2342e-01
E7/12 B32300/36000 batch_loss=2.2858e-01
E7/12 B32400/36000 batch_loss=2.1956e-01
E7/12 B32500/36000 batch_loss=1.4631e-01
E7/12 B32600/36000 batch_loss=2.2918e-01
E7/12 B32700/36000 batch_loss=1.6194e-01
E7/12 B32800/36000 batch_loss=2.0714e-01
E7/12 B32900/36000 batch_loss=1.4617e-01
E7/12 B33000/36000 batch_loss=1.3888e-01
E7/12 B33100/36000 batch_loss=1.5693e-01
E7/12 B33200/36000 batch_loss=2.2880e-01
E7/12 B33300/36000 batch_loss=2.0832e-01
E7/12 B33400/36000 batch_loss=1.5092e-01
E7/12 B33500/36000 batch_loss=2.2701e-01
E7/12 B33600/36000 batch_loss=2.2058e-01
E7/12 B33700/36000 batch_loss=2.1008e-01
E7/12 B33800/36000 batch_loss=2.2414e-01
E7/12 B33900/36000 batch_loss=2.4290e-01
E7/12 B34000/36000 batch_loss=1.4581e-01
E7/12 B34100/36000 batch_loss=1.3669e-01
E7/12 B34200/36000 batch_loss=1.5508e-01
E7/12 B34300/36000 batch_loss=1.3226e-01
E7/12 B34400/36000 batch_loss=2.2830e-01
E7/12 B34500/36000 batch_loss=1.5340e-01
E7/12 B34600/36000 batch_loss=1.6009e-01
E7/12 B34700/36000 batch_loss=2.3807e-01
E7/12 B34800/36000 batch_loss=1.6103e-01
E7/12 B34900/36000 batch_loss=2.3774e-01
E7/12 B35000/36000 batch_loss=1.3060e-01
E7/12 B35100/36000 batch_loss=1.4507e-01
E7/12 B35200/36000 batch_loss=1.3641e-01
E7/12 B35300/36000 batch_loss=2.2626e-01
E7/12 B35400/36000 batch_loss=2.0378e-01
E7/12 B35500/36000 batch_loss=1.4138e-01
E7/12 B35600/36000 batch_loss=1.3805e-01
E7/12 B35700/36000 batch_loss=2.0146e-01
E7/12 B35800/36000 batch_loss=2.3508e-01
E7/12 B35900/36000 batch_loss=2.4555e-01
E7/12 B36000/36000 batch_loss=2.1595e-01
2026-07-06 08:00:53,013 | INFO | Saved 10 diagnostic panel(s) under D:\Research\NO-2D-Metamaterials\MODELS\training_runs\NO_I3O5_BCF16_NMAE_HC128_LR2e-03_WD0e+00_SS1_G9e-01_ch0u_260705\diagnostics\epoch_007
epoch=7/12 loss=nmae train_nmae=1.865276e-01 val_nmae=2.516523e-01 train_mae=1.775414e-03 val_mae=2.140767e-03 train_mse=3.868653e-05 val_mse=5.016693e-05 lr=9.566e-04 train_sps=1478.7
2026-07-06 08:00:54,414 | INFO | epoch=7/12 loss=nmae train_nmae=1.865276e-01 val_nmae=2.516523e-01 train_mae=1.775414e-03 val_mae=2.140767e-03 train_mse=3.868653e-05 val_mse=5.016693e-05 lr=9.566e-04 train_sps=1478.7
2026-07-06 08:00:54,414 | INFO | epoch=7/12 loss_ch_nmae train=1.063e-02 2.013e-01 2.039e-01 2.618e-01 2.549e-01 val=8.394e-03 2.802e-01 2.823e-01 3.453e-01 3.420e-01
2026-07-06 08:00:54,414 | INFO | epoch=7/12 mae_ch train=6.752e-04 1.854e-03 1.739e-03 2.401e-03 2.208e-03 val=5.139e-04 2.376e-03 2.193e-03 2.921e-03 2.699e-03 mse_ch train=1.220e-05 3.656e-05 3.393e-05 5.978e-05 5.096e-05 val=2.311e-06 5.241e-05 4.980e-05 7.809e-05 6.822e-05
Epoch 7/12 done | loss=nmae train=1.8653e-01 val=2.5165e-01 mae=2.1408e-03 mse=5.0167e-05 lr=9.57e-04
E8/12 B100/36000 batch_loss=1.4541e-01
E8/12 B200/36000 batch_loss=2.1227e-01
E8/12 B300/36000 batch_loss=2.0557e-01
E8/12 B400/36000 batch_loss=2.0627e-01
E8/12 B500/36000 batch_loss=2.3522e-01
E8/12 B600/36000 batch_loss=2.0535e-01
E8/12 B700/36000 batch_loss=1.1258e-01
E8/12 B800/36000 batch_loss=2.3008e-01
E8/12 B900/36000 batch_loss=2.3439e-01
E8/12 B1000/36000 batch_loss=1.3778e-01
E8/12 B1100/36000 batch_loss=2.2855e-01
E8/12 B1200/36000 batch_loss=2.0507e-01
E8/12 B1300/36000 batch_loss=2.0760e-01
E8/12 B1400/36000 batch_loss=2.1955e-01
E8/12 B1500/36000 batch_loss=1.5664e-01
E8/12 B1600/36000 batch_loss=2.0205e-01
E8/12 B1700/36000 batch_loss=2.0566e-01
E8/12 B1800/36000 batch_loss=2.2603e-01
E8/12 B1900/36000 batch_loss=2.3154e-01
E8/12 B2000/36000 batch_loss=1.4736e-01
E8/12 B2100/36000 batch_loss=2.3476e-01
E8/12 B2200/36000 batch_loss=1.2676e-01
E8/12 B2300/36000 batch_loss=2.2971e-01
E8/12 B2400/36000 batch_loss=2.2924e-01
E8/12 B2500/36000 batch_loss=1.3566e-01
E8/12 B2600/36000 batch_loss=2.3051e-01
E8/12 B2700/36000 batch_loss=2.0048e-01
E8/12 B2800/36000 batch_loss=2.1297e-01
E8/12 B2900/36000 batch_loss=1.4863e-01
E8/12 B3000/36000 batch_loss=1.5072e-01
E8/12 B3100/36000 batch_loss=2.0288e-01
E8/12 B3200/36000 batch_loss=2.3179e-01
E8/12 B3300/36000 batch_loss=1.4613e-01
E8/12 B3400/36000 batch_loss=2.1083e-01
E8/12 B3500/36000 batch_loss=2.0649e-01
E8/12 B3600/36000 batch_loss=2.1414e-01
E8/12 B3700/36000 batch_loss=1.4366e-01
E8/12 B3800/36000 batch_loss=2.3571e-01
E8/12 B3900/36000 batch_loss=2.0936e-01
E8/12 B4000/36000 batch_loss=2.1877e-01
E8/12 B4100/36000 batch_loss=1.4086e-01
E8/12 B4200/36000 batch_loss=2.2687e-01
E8/12 B4300/36000 batch_loss=1.3756e-01
E8/12 B4400/36000 batch_loss=2.0436e-01
E8/12 B4500/36000 batch_loss=2.1884e-01
E8/12 B4600/36000 batch_loss=2.4095e-01
E8/12 B4700/36000 batch_loss=2.4849e-01
E8/12 B4800/36000 batch_loss=1.4821e-01
E8/12 B4900/36000 batch_loss=2.2646e-01
E8/12 B5000/36000 batch_loss=2.3124e-01
E8/12 B5100/36000 batch_loss=2.1606e-01
E8/12 B5200/36000 batch_loss=1.1295e-01
E8/12 B5300/36000 batch_loss=1.3727e-01
E8/12 B5400/36000 batch_loss=1.9528e-01
E8/12 B5500/36000 batch_loss=2.1141e-01
E8/12 B5600/36000 batch_loss=2.2095e-01
E8/12 B5700/36000 batch_loss=1.4936e-01
E8/12 B5800/36000 batch_loss=1.2239e-01
E8/12 B5900/36000 batch_loss=1.3734e-01
E8/12 B6000/36000 batch_loss=2.3820e-01
E8/12 B6100/36000 batch_loss=2.0186e-01
E8/12 B6200/36000 batch_loss=1.3029e-01
E8/12 B6300/36000 batch_loss=2.2318e-01
E8/12 B6400/36000 batch_loss=1.8763e-01
E8/12 B6500/36000 batch_loss=2.1606e-01
E8/12 B6600/36000 batch_loss=2.0118e-01
E8/12 B6700/36000 batch_loss=1.2971e-01
E8/12 B6800/36000 batch_loss=1.9737e-01
E8/12 B6900/36000 batch_loss=1.2667e-01
E8/12 B7000/36000 batch_loss=1.4004e-01
E8/12 B7100/36000 batch_loss=1.6124e-01
E8/12 B7200/36000 batch_loss=2.2947e-01
E8/12 B7300/36000 batch_loss=1.6283e-01
E8/12 B7400/36000 batch_loss=1.2768e-01
E8/12 B7500/36000 batch_loss=2.0587e-01
E8/12 B7600/36000 batch_loss=1.3061e-01
E8/12 B7700/36000 batch_loss=2.0863e-01
E8/12 B7800/36000 batch_loss=2.0663e-01
E8/12 B7900/36000 batch_loss=2.1398e-01
E8/12 B8000/36000 batch_loss=2.4251e-01
E8/12 B8100/36000 batch_loss=1.4780e-01
E8/12 B8200/36000 batch_loss=2.1504e-01
E8/12 B8300/36000 batch_loss=1.3314e-01
E8/12 B8400/36000 batch_loss=2.3243e-01
E8/12 B8500/36000 batch_loss=2.1080e-01
E8/12 B8600/36000 batch_loss=2.3205e-01
E8/12 B8700/36000 batch_loss=1.3334e-01
E8/12 B8800/36000 batch_loss=1.3090e-01
E8/12 B8900/36000 batch_loss=1.3007e-01
E8/12 B9000/36000 batch_loss=2.1485e-01
E8/12 B9100/36000 batch_loss=1.2117e-01
E8/12 B9200/36000 batch_loss=1.4702e-01
E8/12 B9300/36000 batch_loss=2.3166e-01
E8/12 B9400/36000 batch_loss=2.2858e-01
E8/12 B9500/36000 batch_loss=2.0504e-01
E8/12 B9600/36000 batch_loss=1.2939e-01
E8/12 B9700/36000 batch_loss=2.1580e-01
E8/12 B9800/36000 batch_loss=2.0921e-01
E8/12 B9900/36000 batch_loss=2.2391e-01
E8/12 B10000/36000 batch_loss=2.0337e-01
E8/12 B10100/36000 batch_loss=2.2426e-01
E8/12 B10200/36000 batch_loss=1.2265e-01
E8/12 B10300/36000 batch_loss=2.2264e-01
E8/12 B10400/36000 batch_loss=1.3425e-01
E8/12 B10500/36000 batch_loss=2.4339e-01
E8/12 B10600/36000 batch_loss=2.0384e-01
E8/12 B10700/36000 batch_loss=1.5440e-01
E8/12 B10800/36000 batch_loss=2.1354e-01
E8/12 B10900/36000 batch_loss=1.3606e-01
E8/12 B11000/36000 batch_loss=2.0858e-01
E8/12 B11100/36000 batch_loss=2.1581e-01
E8/12 B11200/36000 batch_loss=2.4730e-01
E8/12 B11300/36000 batch_loss=1.4637e-01
E8/12 B11400/36000 batch_loss=1.4316e-01
E8/12 B11500/36000 batch_loss=1.5527e-01
E8/12 B11600/36000 batch_loss=2.2761e-01
E8/12 B11700/36000 batch_loss=2.0949e-01
E8/12 B11800/36000 batch_loss=1.5876e-01
E8/12 B11900/36000 batch_loss=2.2076e-01
E8/12 B12000/36000 batch_loss=1.3094e-01
E8/12 B12100/36000 batch_loss=2.0339e-01
E8/12 B12200/36000 batch_loss=2.3069e-01
E8/12 B12300/36000 batch_loss=2.4247e-01
E8/12 B12400/36000 batch_loss=1.4443e-01
E8/12 B12500/36000 batch_loss=2.3034e-01
E8/12 B12600/36000 batch_loss=1.4005e-01
E8/12 B12700/36000 batch_loss=2.0123e-01
E8/12 B12800/36000 batch_loss=1.4842e-01
E8/12 B12900/36000 batch_loss=1.2868e-01
E8/12 B13000/36000 batch_loss=1.2979e-01
E8/12 B13100/36000 batch_loss=1.9698e-01
E8/12 B13200/36000 batch_loss=2.2964e-01
E8/12 B13300/36000 batch_loss=2.0625e-01
E8/12 B13400/36000 batch_loss=2.1768e-01
E8/12 B13500/36000 batch_loss=1.5446e-01
E8/12 B13600/36000 batch_loss=2.2221e-01
E8/12 B13700/36000 batch_loss=1.3408e-01
E8/12 B13800/36000 batch_loss=1.5548e-01
E8/12 B13900/36000 batch_loss=2.1709e-01
E8/12 B14000/36000 batch_loss=2.2451e-01
E8/12 B14100/36000 batch_loss=1.5133e-01
E8/12 B14200/36000 batch_loss=1.4096e-01
E8/12 B14300/36000 batch_loss=1.4214e-01
E8/12 B14400/36000 batch_loss=1.2217e-01
E8/12 B14500/36000 batch_loss=1.4061e-01
E8/12 B14600/36000 batch_loss=2.1940e-01
E8/12 B14700/36000 batch_loss=1.4796e-01
E8/12 B14800/36000 batch_loss=2.2246e-01
E8/12 B14900/36000 batch_loss=1.4478e-01
E8/12 B15000/36000 batch_loss=2.4334e-01
E8/12 B15100/36000 batch_loss=2.2338e-01
E8/12 B15200/36000 batch_loss=2.1291e-01
E8/12 B15300/36000 batch_loss=1.8886e-01
E8/12 B15400/36000 batch_loss=2.1505e-01
E8/12 B15500/36000 batch_loss=2.2196e-01
E8/12 B15600/36000 batch_loss=2.0963e-01
E8/12 B15700/36000 batch_loss=2.3936e-01
E8/12 B15800/36000 batch_loss=2.1422e-01
E8/12 B15900/36000 batch_loss=2.1226e-01
E8/12 B16000/36000 batch_loss=1.3613e-01
E8/12 B16100/36000 batch_loss=1.4642e-01
E8/12 B16200/36000 batch_loss=1.3481e-01
E8/12 B16300/36000 batch_loss=2.0845e-01
E8/12 B16400/36000 batch_loss=2.1621e-01
E8/12 B16500/36000 batch_loss=2.1174e-01
E8/12 B16600/36000 batch_loss=2.4441e-01
E8/12 B16700/36000 batch_loss=1.5041e-01
E8/12 B16800/36000 batch_loss=2.0015e-01
E8/12 B16900/36000 batch_loss=1.3891e-01
E8/12 B17000/36000 batch_loss=2.0062e-01
E8/12 B17100/36000 batch_loss=1.4305e-01
E8/12 B17200/36000 batch_loss=1.4105e-01
E8/12 B17300/36000 batch_loss=1.4080e-01
E8/12 B17400/36000 batch_loss=2.1995e-01
E8/12 B17500/36000 batch_loss=2.6008e-01
E8/12 B17600/36000 batch_loss=1.2213e-01
E8/12 B17700/36000 batch_loss=1.4405e-01
E8/12 B17800/36000 batch_loss=1.4738e-01
E8/12 B17900/36000 batch_loss=2.3077e-01
E8/12 B18000/36000 batch_loss=2.1154e-01
E8/12 B18100/36000 batch_loss=2.2882e-01
E8/12 B18200/36000 batch_loss=2.1639e-01
E8/12 B18300/36000 batch_loss=1.2768e-01
E8/12 B18400/36000 batch_loss=1.3964e-01
E8/12 B18500/36000 batch_loss=1.4050e-01
E8/12 B18600/36000 batch_loss=2.2431e-01
E8/12 B18700/36000 batch_loss=2.0426e-01
E8/12 B18800/36000 batch_loss=1.3722e-01
E8/12 B18900/36000 batch_loss=1.4901e-01
E8/12 B19000/36000 batch_loss=1.4348e-01
E8/12 B19100/36000 batch_loss=2.6472e-01
E8/12 B19200/36000 batch_loss=2.3310e-01
E8/12 B19300/36000 batch_loss=2.4189e-01
E8/12 B19400/36000 batch_loss=1.4916e-01
E8/12 B19500/36000 batch_loss=2.1593e-01
E8/12 B19600/36000 batch_loss=1.6678e-01
E8/12 B19700/36000 batch_loss=2.1693e-01
E8/12 B19800/36000 batch_loss=1.3583e-01
E8/12 B19900/36000 batch_loss=1.5372e-01
E8/12 B20000/36000 batch_loss=1.3291e-01
E8/12 B20100/36000 batch_loss=2.1517e-01
E8/12 B20200/36000 batch_loss=1.5111e-01
E8/12 B20300/36000 batch_loss=2.1789e-01
E8/12 B20400/36000 batch_loss=1.4607e-01
E8/12 B20500/36000 batch_loss=1.4161e-01
E8/12 B20600/36000 batch_loss=1.4264e-01
E8/12 B20700/36000 batch_loss=2.1146e-01
E8/12 B20800/36000 batch_loss=2.3538e-01
E8/12 B20900/36000 batch_loss=1.4033e-01
E8/12 B21000/36000 batch_loss=1.5348e-01
E8/12 B21100/36000 batch_loss=1.2972e-01
E8/12 B21200/36000 batch_loss=1.4347e-01
E8/12 B21300/36000 batch_loss=1.3970e-01
E8/12 B21400/36000 batch_loss=1.3031e-01
E8/12 B21500/36000 batch_loss=2.3129e-01
E8/12 B21600/36000 batch_loss=1.4488e-01
E8/12 B21700/36000 batch_loss=1.1414e-01
E8/12 B21800/36000 batch_loss=1.4412e-01
E8/12 B21900/36000 batch_loss=2.3960e-01
E8/12 B22000/36000 batch_loss=1.5060e-01
E8/12 B22100/36000 batch_loss=1.2202e-01
E8/12 B22200/36000 batch_loss=2.2397e-01
E8/12 B22300/36000 batch_loss=1.3790e-01
E8/12 B22400/36000 batch_loss=2.4580e-01
E8/12 B22500/36000 batch_loss=1.4549e-01
E8/12 B22600/36000 batch_loss=2.1211e-01
E8/12 B22700/36000 batch_loss=2.2584e-01
E8/12 B22800/36000 batch_loss=1.3297e-01
E8/12 B22900/36000 batch_loss=1.4429e-01
E8/12 B23000/36000 batch_loss=2.1916e-01
E8/12 B23100/36000 batch_loss=2.1587e-01
E8/12 B23200/36000 batch_loss=2.0600e-01
E8/12 B23300/36000 batch_loss=2.0672e-01
E8/12 B23400/36000 batch_loss=2.2409e-01
E8/12 B23500/36000 batch_loss=2.4964e-01
E8/12 B23600/36000 batch_loss=2.2369e-01
E8/12 B23700/36000 batch_loss=1.9983e-01
E8/12 B23800/36000 batch_loss=2.4310e-01
E8/12 B23900/36000 batch_loss=2.0448e-01
E8/12 B24000/36000 batch_loss=1.3792e-01
E8/12 B24100/36000 batch_loss=2.1001e-01
E8/12 B24200/36000 batch_loss=2.3274e-01
E8/12 B24300/36000 batch_loss=1.4262e-01
E8/12 B24400/36000 batch_loss=2.1408e-01
E8/12 B24500/36000 batch_loss=2.2421e-01
E8/12 B24600/36000 batch_loss=2.2467e-01
E8/12 B24700/36000 batch_loss=2.3307e-01
E8/12 B24800/36000 batch_loss=2.1108e-01
E8/12 B24900/36000 batch_loss=2.0939e-01
E8/12 B25000/36000 batch_loss=2.2713e-01
E8/12 B25100/36000 batch_loss=1.5135e-01
E8/12 B25200/36000 batch_loss=1.5742e-01
E8/12 B25300/36000 batch_loss=2.1424e-01
E8/12 B25400/36000 batch_loss=2.1016e-01
E8/12 B25500/36000 batch_loss=2.1481e-01
E8/12 B25600/36000 batch_loss=2.1268e-01
E8/12 B25700/36000 batch_loss=1.3119e-01
E8/12 B25800/36000 batch_loss=2.0996e-01
E8/12 B25900/36000 batch_loss=1.4412e-01
E8/12 B26000/36000 batch_loss=1.3646e-01
E8/12 B26100/36000 batch_loss=1.3920e-01
E8/12 B26200/36000 batch_loss=2.2050e-01
E8/12 B26300/36000 batch_loss=1.9575e-01
E8/12 B26400/36000 batch_loss=1.4309e-01
E8/12 B26500/36000 batch_loss=1.3531e-01
E8/12 B26600/36000 batch_loss=1.3735e-01
E8/12 B26700/36000 batch_loss=2.3625e-01
E8/12 B26800/36000 batch_loss=2.2779e-01
E8/12 B26900/36000 batch_loss=2.0637e-01
E8/12 B27000/36000 batch_loss=1.3055e-01
E8/12 B27100/36000 batch_loss=2.2349e-01
E8/12 B27200/36000 batch_loss=2.3032e-01
E8/12 B27300/36000 batch_loss=2.2132e-01
E8/12 B27400/36000 batch_loss=2.2553e-01
E8/12 B27500/36000 batch_loss=1.9320e-01
E8/12 B27600/36000 batch_loss=2.0915e-01
E8/12 B27700/36000 batch_loss=1.4700e-01
E8/12 B27800/36000 batch_loss=2.2917e-01
E8/12 B27900/36000 batch_loss=1.5193e-01
E8/12 B28000/36000 batch_loss=2.2086e-01
E8/12 B28100/36000 batch_loss=2.0897e-01
E8/12 B28200/36000 batch_loss=2.1706e-01
E8/12 B28300/36000 batch_loss=1.3635e-01
E8/12 B28400/36000 batch_loss=2.0613e-01
E8/12 B28500/36000 batch_loss=2.3161e-01
E8/12 B28600/36000 batch_loss=1.5298e-01
E8/12 B28700/36000 batch_loss=1.5452e-01
E8/12 B28800/36000 batch_loss=1.4316e-01
E8/12 B28900/36000 batch_loss=1.4455e-01
E8/12 B29000/36000 batch_loss=1.4719e-01
E8/12 B29100/36000 batch_loss=1.3150e-01
E8/12 B29200/36000 batch_loss=2.2478e-01
E8/12 B29300/36000 batch_loss=1.5447e-01
E8/12 B29400/36000 batch_loss=2.1265e-01
E8/12 B29500/36000 batch_loss=1.5794e-01
E8/12 B29600/36000 batch_loss=1.5049e-01
E8/12 B29700/36000 batch_loss=1.5056e-01
E8/12 B29800/36000 batch_loss=1.3531e-01
E8/12 B29900/36000 batch_loss=2.3154e-01
E8/12 B30000/36000 batch_loss=1.4005e-01
E8/12 B30100/36000 batch_loss=1.4062e-01
E8/12 B30200/36000 batch_loss=1.3512e-01
E8/12 B30300/36000 batch_loss=1.3844e-01
E8/12 B30400/36000 batch_loss=1.3224e-01
E8/12 B30500/36000 batch_loss=1.4950e-01
E8/12 B30600/36000 batch_loss=1.3325e-01
E8/12 B30700/36000 batch_loss=1.4006e-01
E8/12 B30800/36000 batch_loss=1.3737e-01
E8/12 B30900/36000 batch_loss=2.3351e-01
E8/12 B31000/36000 batch_loss=1.3356e-01
E8/12 B31100/36000 batch_loss=2.1593e-01
E8/12 B31200/36000 batch_loss=1.4965e-01
E8/12 B31300/36000 batch_loss=1.4594e-01
E8/12 B31400/36000 batch_loss=1.3205e-01
E8/12 B31500/36000 batch_loss=2.1746e-01
E8/12 B31600/36000 batch_loss=1.3614e-01
E8/12 B31700/36000 batch_loss=2.1796e-01
E8/12 B31800/36000 batch_loss=1.4353e-01
E8/12 B31900/36000 batch_loss=1.3956e-01
E8/12 B32000/36000 batch_loss=2.2332e-01
E8/12 B32100/36000 batch_loss=1.2820e-01
E8/12 B32200/36000 batch_loss=1.3960e-01
E8/12 B32300/36000 batch_loss=1.5019e-01
E8/12 B32400/36000 batch_loss=2.1960e-01
E8/12 B32500/36000 batch_loss=1.4226e-01
E8/12 B32600/36000 batch_loss=1.3568e-01
E8/12 B32700/36000 batch_loss=1.3315e-01
E8/12 B32800/36000 batch_loss=2.2842e-01
E8/12 B32900/36000 batch_loss=2.2291e-01
E8/12 B33000/36000 batch_loss=2.0882e-01
E8/12 B33100/36000 batch_loss=1.2754e-01
E8/12 B33200/36000 batch_loss=2.2019e-01
E8/12 B33300/36000 batch_loss=2.0834e-01
E8/12 B33400/36000 batch_loss=1.3478e-01
E8/12 B33500/36000 batch_loss=2.3534e-01
E8/12 B33600/36000 batch_loss=1.2446e-01
E8/12 B33700/36000 batch_loss=1.9265e-01
E8/12 B33800/36000 batch_loss=1.5278e-01
E8/12 B33900/36000 batch_loss=2.1917e-01
E8/12 B34000/36000 batch_loss=2.0870e-01
E8/12 B34100/36000 batch_loss=2.2520e-01
E8/12 B34200/36000 batch_loss=1.9784e-01
E8/12 B34300/36000 batch_loss=1.4682e-01
E8/12 B34400/36000 batch_loss=2.3349e-01
E8/12 B34500/36000 batch_loss=1.6380e-01
E8/12 B34600/36000 batch_loss=2.1817e-01
E8/12 B34700/36000 batch_loss=1.9137e-01
E8/12 B34800/36000 batch_loss=1.3513e-01
E8/12 B34900/36000 batch_loss=1.5485e-01
E8/12 B35000/36000 batch_loss=2.1610e-01
E8/12 B35100/36000 batch_loss=2.0789e-01
E8/12 B35200/36000 batch_loss=1.1804e-01
E8/12 B35300/36000 batch_loss=2.1793e-01
E8/12 B35400/36000 batch_loss=1.9550e-01
E8/12 B35500/36000 batch_loss=2.4124e-01
E8/12 B35600/36000 batch_loss=2.1778e-01
E8/12 B35700/36000 batch_loss=1.9583e-01
E8/12 B35800/36000 batch_loss=1.5146e-01
E8/12 B35900/36000 batch_loss=2.0784e-01
E8/12 B36000/36000 batch_loss=1.6454e-01
2026-07-06 11:47:27,823 | INFO | Saved 10 diagnostic panel(s) under D:\Research\NO-2D-Metamaterials\MODELS\training_runs\NO_I3O5_BCF16_NMAE_HC128_LR2e-03_WD0e+00_SS1_G9e-01_ch0u_260705\diagnostics\epoch_008
epoch=8/12 loss=nmae train_nmae=1.797277e-01 val_nmae=2.487244e-01 train_mae=1.708846e-03 val_mae=2.177114e-03 train_mse=3.703252e-05 val_mse=5.081797e-05 lr=8.609e-04 train_sps=1479.7
2026-07-06 11:47:29,344 | INFO | epoch=8/12 loss=nmae train_nmae=1.797277e-01 val_nmae=2.487244e-01 train_mae=1.708846e-03 val_mae=2.177114e-03 train_mse=3.703252e-05 val_mse=5.081797e-05 lr=8.609e-04 train_sps=1479.7
2026-07-06 11:47:29,344 | INFO | epoch=8/12 loss_ch_nmae train=1.007e-02 1.937e-01 1.959e-01 2.529e-01 2.461e-01 val=1.351e-02 2.705e-01 2.804e-01 3.390e-01 3.402e-01
2026-07-06 11:47:29,344 | INFO | epoch=8/12 mae_ch train=6.399e-04 1.783e-03 1.671e-03 2.319e-03 2.131e-03 val=8.470e-04 2.306e-03 2.179e-03 2.871e-03 2.683e-03 mse_ch train=1.211e-05 3.477e-05 3.214e-05 5.733e-05 4.882e-05 val=2.723e-06 5.279e-05 5.015e-05 7.920e-05 6.922e-05
Epoch 8/12 done | loss=nmae train=1.7973e-01 val=2.4872e-01 mae=2.1771e-03 mse=5.0818e-05 lr=8.61e-04
E9/12 B100/36000 batch_loss=2.0396e-01
E9/12 B200/36000 batch_loss=1.2666e-01
E9/12 B300/36000 batch_loss=2.1415e-01
E9/12 B400/36000 batch_loss=2.0936e-01
E9/12 B500/36000 batch_loss=1.9504e-01
E9/12 B600/36000 batch_loss=2.1675e-01
E9/12 B700/36000 batch_loss=1.3094e-01
E9/12 B800/36000 batch_loss=1.5365e-01
E9/12 B900/36000 batch_loss=1.2734e-01
E9/12 B1000/36000 batch_loss=2.3878e-01
E9/12 B1100/36000 batch_loss=2.0560e-01
E9/12 B1200/36000 batch_loss=1.3749e-01
E9/12 B1300/36000 batch_loss=1.3858e-01
E9/12 B1400/36000 batch_loss=2.0570e-01
E9/12 B1500/36000 batch_loss=2.1371e-01
E9/12 B1600/36000 batch_loss=2.1762e-01
E9/12 B1700/36000 batch_loss=2.1073e-01
E9/12 B1800/36000 batch_loss=1.3407e-01
E9/12 B1900/36000 batch_loss=2.1112e-01
E9/12 B2000/36000 batch_loss=1.3336e-01
E9/12 B2100/36000 batch_loss=1.5191e-01
E9/12 B2200/36000 batch_loss=1.2570e-01
E9/12 B2300/36000 batch_loss=2.0563e-01
E9/12 B2400/36000 batch_loss=1.4487e-01
E9/12 B2500/36000 batch_loss=2.0839e-01
E9/12 B2600/36000 batch_loss=1.4130e-01
E9/12 B2700/36000 batch_loss=1.3185e-01
E9/12 B2800/36000 batch_loss=1.2885e-01
E9/12 B2900/36000 batch_loss=1.3759e-01
E9/12 B3000/36000 batch_loss=1.8013e-01
E9/12 B3100/36000 batch_loss=1.4540e-01
E9/12 B3200/36000 batch_loss=1.3424e-01
E9/12 B3300/36000 batch_loss=2.1829e-01
E9/12 B3400/36000 batch_loss=2.2794e-01
E9/12 B3500/36000 batch_loss=1.2851e-01
E9/12 B3600/36000 batch_loss=1.2636e-01
E9/12 B3700/36000 batch_loss=2.1327e-01
E9/12 B3800/36000 batch_loss=2.1944e-01
E9/12 B3900/36000 batch_loss=2.1039e-01
E9/12 B4000/36000 batch_loss=1.3964e-01
E9/12 B4100/36000 batch_loss=2.0549e-01
E9/12 B4200/36000 batch_loss=1.3895e-01
E9/12 B4300/36000 batch_loss=1.3156e-01
E9/12 B4400/36000 batch_loss=1.5251e-01
E9/12 B4500/36000 batch_loss=1.3391e-01
E9/12 B4600/36000 batch_loss=1.3077e-01
E9/12 B4700/36000 batch_loss=2.0840e-01
E9/12 B4800/36000 batch_loss=2.3154e-01
E9/12 B4900/36000 batch_loss=2.2936e-01
E9/12 B5000/36000 batch_loss=1.4271e-01
E9/12 B5100/36000 batch_loss=2.1495e-01
E9/12 B5200/36000 batch_loss=2.2236e-01
E9/12 B5300/36000 batch_loss=2.1565e-01
E9/12 B5400/36000 batch_loss=2.2811e-01
E9/12 B5500/36000 batch_loss=1.9540e-01
E9/12 B5600/36000 batch_loss=1.4032e-01
E9/12 B5700/36000 batch_loss=2.0716e-01
E9/12 B5800/36000 batch_loss=1.4252e-01
E9/12 B5900/36000 batch_loss=1.1724e-01
E9/12 B6000/36000 batch_loss=2.0885e-01
E9/12 B6100/36000 batch_loss=2.1087e-01
E9/12 B6200/36000 batch_loss=2.2977e-01
E9/12 B6300/36000 batch_loss=1.4566e-01
E9/12 B6400/36000 batch_loss=1.2971e-01
E9/12 B6500/36000 batch_loss=1.9583e-01
E9/12 B6600/36000 batch_loss=1.4680e-01
E9/12 B6700/36000 batch_loss=1.1947e-01
E9/12 B6800/36000 batch_loss=2.0933e-01
E9/12 B6900/36000 batch_loss=1.2863e-01
E9/12 B7000/36000 batch_loss=1.2551e-01
E9/12 B7100/36000 batch_loss=1.3859e-01
E9/12 B7200/36000 batch_loss=1.6108e-01
E9/12 B7300/36000 batch_loss=1.8088e-01
E9/12 B7400/36000 batch_loss=2.0859e-01
E9/12 B7500/36000 batch_loss=1.8648e-01
E9/12 B7600/36000 batch_loss=1.3715e-01
E9/12 B7700/36000 batch_loss=2.1196e-01
E9/12 B7800/36000 batch_loss=2.0124e-01
E9/12 B7900/36000 batch_loss=1.9101e-01
E9/12 B8000/36000 batch_loss=1.3334e-01
E9/12 B8100/36000 batch_loss=2.0429e-01
E9/12 B8200/36000 batch_loss=1.9388e-01
E9/12 B8300/36000 batch_loss=1.5372e-01
E9/12 B8400/36000 batch_loss=1.4849e-01
E9/12 B8500/36000 batch_loss=1.9765e-01
E9/12 B8600/36000 batch_loss=2.3341e-01
E9/12 B8700/36000 batch_loss=1.9665e-01
E9/12 B8800/36000 batch_loss=2.1513e-01
E9/12 B8900/36000 batch_loss=1.4183e-01
E9/12 B9000/36000 batch_loss=1.4551e-01
E9/12 B9100/36000 batch_loss=1.4051e-01
E9/12 B9200/36000 batch_loss=1.8190e-01
E9/12 B9300/36000 batch_loss=2.0876e-01
E9/12 B9400/36000 batch_loss=2.1965e-01
E9/12 B9500/36000 batch_loss=1.3273e-01
E9/12 B9600/36000 batch_loss=2.0603e-01
E9/12 B9700/36000 batch_loss=2.2845e-01
E9/12 B9800/36000 batch_loss=1.9837e-01
E9/12 B9900/36000 batch_loss=1.2697e-01
E9/12 B10000/36000 batch_loss=1.3897e-01
E9/12 B10100/36000 batch_loss=1.3253e-01
E9/12 B10200/36000 batch_loss=1.2291e-01
E9/12 B10300/36000 batch_loss=2.0485e-01
E9/12 B10400/36000 batch_loss=1.3282e-01
E9/12 B10500/36000 batch_loss=2.0559e-01
E9/12 B10600/36000 batch_loss=1.3400e-01
E9/12 B10700/36000 batch_loss=1.3379e-01
E9/12 B10800/36000 batch_loss=1.4424e-01
E9/12 B10900/36000 batch_loss=2.0241e-01
E9/12 B11000/36000 batch_loss=1.9942e-01
E9/12 B11100/36000 batch_loss=1.5394e-01
E9/12 B11200/36000 batch_loss=2.0113e-01
E9/12 B11300/36000 batch_loss=1.4509e-01
E9/12 B11400/36000 batch_loss=1.3231e-01
E9/12 B11500/36000 batch_loss=2.1404e-01
E9/12 B11600/36000 batch_loss=1.2637e-01
E9/12 B11700/36000 batch_loss=1.3692e-01
E9/12 B11800/36000 batch_loss=1.2894e-01
E9/12 B11900/36000 batch_loss=1.3109e-01
E9/12 B12000/36000 batch_loss=1.4134e-01
E9/12 B12100/36000 batch_loss=2.3218e-01
E9/12 B12200/36000 batch_loss=2.1159e-01
E9/12 B12300/36000 batch_loss=2.0292e-01
E9/12 B12400/36000 batch_loss=1.3836e-01
E9/12 B12500/36000 batch_loss=2.1079e-01
E9/12 B12600/36000 batch_loss=1.3833e-01
E9/12 B12700/36000 batch_loss=1.1591e-01
E9/12 B12800/36000 batch_loss=2.0275e-01
E9/12 B12900/36000 batch_loss=1.9391e-01
E9/12 B13000/36000 batch_loss=2.0157e-01
E9/12 B13100/36000 batch_loss=2.3671e-01
E9/12 B13200/36000 batch_loss=2.0712e-01
E9/12 B13300/36000 batch_loss=2.1159e-01
E9/12 B13400/36000 batch_loss=1.9995e-01
E9/12 B13500/36000 batch_loss=2.1429e-01
E9/12 B13600/36000 batch_loss=2.1451e-01
E9/12 B13700/36000 batch_loss=2.0238e-01
E9/12 B13800/36000 batch_loss=2.0593e-01
E9/12 B13900/36000 batch_loss=1.3524e-01
E9/12 B14000/36000 batch_loss=2.1577e-01
E9/12 B14100/36000 batch_loss=1.9734e-01
E9/12 B14200/36000 batch_loss=2.0391e-01
E9/12 B14300/36000 batch_loss=2.0339e-01
E9/12 B14400/36000 batch_loss=1.3718e-01
E9/12 B14500/36000 batch_loss=2.2933e-01
E9/12 B14600/36000 batch_loss=1.2560e-01
E9/12 B14700/36000 batch_loss=1.3329e-01
E9/12 B14800/36000 batch_loss=1.3360e-01
E9/12 B14900/36000 batch_loss=1.4260e-01
E9/12 B15000/36000 batch_loss=2.2694e-01
E9/12 B15100/36000 batch_loss=2.1363e-01
E9/12 B15200/36000 batch_loss=1.9646e-01
E9/12 B15300/36000 batch_loss=2.1858e-01
E9/12 B15400/36000 batch_loss=1.9916e-01
E9/12 B15500/36000 batch_loss=2.3378e-01
E9/12 B15600/36000 batch_loss=1.3871e-01
E9/12 B15700/36000 batch_loss=1.9609e-01
E9/12 B15800/36000 batch_loss=1.3745e-01
E9/12 B15900/36000 batch_loss=2.0116e-01
E9/12 B16000/36000 batch_loss=1.4203e-01
E9/12 B16100/36000 batch_loss=1.2900e-01
E9/12 B16200/36000 batch_loss=2.1145e-01
E9/12 B16300/36000 batch_loss=2.0852e-01
E9/12 B16400/36000 batch_loss=1.3971e-01
E9/12 B16500/36000 batch_loss=2.2415e-01
E9/12 B16600/36000 batch_loss=1.2643e-01
E9/12 B16700/36000 batch_loss=1.9521e-01
E9/12 B16800/36000 batch_loss=2.0721e-01
E9/12 B16900/36000 batch_loss=1.1682e-01
E9/12 B17000/36000 batch_loss=1.9643e-01
E9/12 B17100/36000 batch_loss=2.3259e-01
E9/12 B17200/36000 batch_loss=2.0039e-01
E9/12 B17300/36000 batch_loss=1.5104e-01
E9/12 B17400/36000 batch_loss=2.1962e-01
E9/12 B17500/36000 batch_loss=2.0196e-01
E9/12 B17600/36000 batch_loss=2.1987e-01
E9/12 B17700/36000 batch_loss=1.2234e-01
E9/12 B17800/36000 batch_loss=1.4063e-01
E9/12 B17900/36000 batch_loss=1.2929e-01
E9/12 B18000/36000 batch_loss=1.3699e-01
E9/12 B18100/36000 batch_loss=1.2178e-01
E9/12 B18200/36000 batch_loss=1.3849e-01
E9/12 B18300/36000 batch_loss=2.0183e-01
E9/12 B18400/36000 batch_loss=1.9999e-01
E9/12 B18500/36000 batch_loss=2.0543e-01
E9/12 B18600/36000 batch_loss=1.3129e-01
E9/12 B18700/36000 batch_loss=1.3464e-01
E9/12 B18800/36000 batch_loss=1.9314e-01
E9/12 B18900/36000 batch_loss=1.3914e-01
E9/12 B19000/36000 batch_loss=2.3451e-01
E9/12 B19100/36000 batch_loss=1.3533e-01
E9/12 B19200/36000 batch_loss=2.2894e-01
E9/12 B19300/36000 batch_loss=2.1729e-01
E9/12 B19400/36000 batch_loss=1.9345e-01
E9/12 B19500/36000 batch_loss=1.6749e-01
E9/12 B19600/36000 batch_loss=1.4082e-01
E9/12 B19700/36000 batch_loss=1.2196e-01
E9/12 B19800/36000 batch_loss=2.2406e-01
E9/12 B19900/36000 batch_loss=2.1008e-01
E9/12 B20000/36000 batch_loss=2.1754e-01
E9/12 B20100/36000 batch_loss=2.4319e-01
E9/12 B20200/36000 batch_loss=1.2200e-01
E9/12 B20300/36000 batch_loss=1.4808e-01
E9/12 B20400/36000 batch_loss=2.2619e-01
E9/12 B20500/36000 batch_loss=1.2581e-01
E9/12 B20600/36000 batch_loss=1.5115e-01
E9/12 B20700/36000 batch_loss=1.4041e-01
E9/12 B20800/36000 batch_loss=1.2295e-01
E9/12 B20900/36000 batch_loss=2.1959e-01
E9/12 B21000/36000 batch_loss=1.6459e-01
E9/12 B21100/36000 batch_loss=1.2620e-01
E9/12 B21200/36000 batch_loss=1.1236e-01
E9/12 B21300/36000 batch_loss=1.3153e-01
E9/12 B21400/36000 batch_loss=2.2193e-01
E9/12 B21500/36000 batch_loss=1.4351e-01
E9/12 B21600/36000 batch_loss=1.4084e-01
E9/12 B21700/36000 batch_loss=1.9883e-01
E9/12 B21800/36000 batch_loss=1.9387e-01
E9/12 B21900/36000 batch_loss=2.0131e-01
E9/12 B22000/36000 batch_loss=2.1160e-01
E9/12 B22100/36000 batch_loss=1.4713e-01
E9/12 B22200/36000 batch_loss=1.1867e-01
E9/12 B22300/36000 batch_loss=2.1386e-01
E9/12 B22400/36000 batch_loss=1.3871e-01
E9/12 B22500/36000 batch_loss=1.5502e-01
E9/12 B22600/36000 batch_loss=2.0780e-01
E9/12 B22700/36000 batch_loss=2.2081e-01
E9/12 B22800/36000 batch_loss=1.1334e-01
E9/12 B22900/36000 batch_loss=1.3340e-01
E9/12 B23000/36000 batch_loss=2.2142e-01
E9/12 B23100/36000 batch_loss=1.4784e-01
E9/12 B23200/36000 batch_loss=1.4050e-01
E9/12 B23300/36000 batch_loss=2.2894e-01
E9/12 B23400/36000 batch_loss=2.1936e-01
E9/12 B23500/36000 batch_loss=1.4735e-01
E9/12 B23600/36000 batch_loss=1.5138e-01
E9/12 B23700/36000 batch_loss=1.2921e-01
E9/12 B23800/36000 batch_loss=1.2910e-01
E9/12 B23900/36000 batch_loss=1.3991e-01
E9/12 B24000/36000 batch_loss=1.4150e-01
E9/12 B24100/36000 batch_loss=2.0529e-01
E9/12 B24200/36000 batch_loss=1.3478e-01
E9/12 B24300/36000 batch_loss=2.1928e-01
E9/12 B24400/36000 batch_loss=2.0660e-01
E9/12 B24500/36000 batch_loss=1.5396e-01
E9/12 B24600/36000 batch_loss=2.1183e-01
E9/12 B24700/36000 batch_loss=2.0378e-01
E9/12 B24800/36000 batch_loss=1.3650e-01
E9/12 B24900/36000 batch_loss=1.3879e-01
E9/12 B25000/36000 batch_loss=1.9533e-01
E9/12 B25100/36000 batch_loss=2.0981e-01
E9/12 B25200/36000 batch_loss=1.9410e-01
E9/12 B25300/36000 batch_loss=1.3162e-01
E9/12 B25400/36000 batch_loss=2.2120e-01
E9/12 B25500/36000 batch_loss=1.3972e-01
E9/12 B25600/36000 batch_loss=2.2003e-01
E9/12 B25700/36000 batch_loss=2.2081e-01
E9/12 B25800/36000 batch_loss=2.1014e-01
E9/12 B25900/36000 batch_loss=2.0460e-01
E9/12 B26000/36000 batch_loss=1.4712e-01
E9/12 B26100/36000 batch_loss=2.0473e-01
E9/12 B26200/36000 batch_loss=1.3481e-01
E9/12 B26300/36000 batch_loss=2.2257e-01
E9/12 B26400/36000 batch_loss=2.0712e-01
E9/12 B26500/36000 batch_loss=2.0561e-01
E9/12 B26600/36000 batch_loss=2.1180e-01
E9/12 B26700/36000 batch_loss=2.0526e-01
E9/12 B26800/36000 batch_loss=2.1540e-01
E9/12 B26900/36000 batch_loss=2.1157e-01
E9/12 B27000/36000 batch_loss=1.4528e-01
E9/12 B27100/36000 batch_loss=2.0383e-01
E9/12 B27200/36000 batch_loss=1.3098e-01
E9/12 B27300/36000 batch_loss=2.1679e-01
E9/12 B27400/36000 batch_loss=2.0986e-01
E9/12 B27500/36000 batch_loss=2.0450e-01
E9/12 B27600/36000 batch_loss=2.0929e-01
E9/12 B27700/36000 batch_loss=1.3947e-01
E9/12 B27800/36000 batch_loss=1.2723e-01
E9/12 B27900/36000 batch_loss=2.2550e-01
E9/12 B28000/36000 batch_loss=1.3566e-01
E9/12 B28100/36000 batch_loss=2.2224e-01
E9/12 B28200/36000 batch_loss=1.5453e-01
E9/12 B28300/36000 batch_loss=2.2586e-01
E9/12 B28400/36000 batch_loss=1.5184e-01
E9/12 B28500/36000 batch_loss=1.4671e-01
E9/12 B28600/36000 batch_loss=1.2406e-01
E9/12 B28700/36000 batch_loss=2.2474e-01
E9/12 B28800/36000 batch_loss=2.0916e-01
E9/12 B28900/36000 batch_loss=1.4071e-01
E9/12 B29000/36000 batch_loss=2.2030e-01
E9/12 B29100/36000 batch_loss=2.1484e-01
E9/12 B29200/36000 batch_loss=1.3589e-01
E9/12 B29300/36000 batch_loss=2.0544e-01
E9/12 B29400/36000 batch_loss=1.4288e-01
E9/12 B29500/36000 batch_loss=2.2123e-01
E9/12 B29600/36000 batch_loss=1.3143e-01
E9/12 B29700/36000 batch_loss=2.1918e-01
E9/12 B29800/36000 batch_loss=1.1785e-01
E9/12 B29900/36000 batch_loss=1.3001e-01
E9/12 B30000/36000 batch_loss=1.2511e-01
E9/12 B30100/36000 batch_loss=2.0793e-01
E9/12 B30200/36000 batch_loss=1.4020e-01
E9/12 B30300/36000 batch_loss=1.8516e-01
E9/12 B30400/36000 batch_loss=2.1322e-01
E9/12 B30500/36000 batch_loss=1.9738e-01
E9/12 B30600/36000 batch_loss=2.0447e-01
E9/12 B30700/36000 batch_loss=1.2910e-01
E9/12 B30800/36000 batch_loss=1.4588e-01
E9/12 B30900/36000 batch_loss=1.8849e-01
E9/12 B31000/36000 batch_loss=2.0494e-01
E9/12 B31100/36000 batch_loss=1.3705e-01
E9/12 B31200/36000 batch_loss=2.1748e-01
E9/12 B31300/36000 batch_loss=1.9860e-01
E9/12 B31400/36000 batch_loss=2.0993e-01
E9/12 B31500/36000 batch_loss=2.1250e-01
E9/12 B31600/36000 batch_loss=1.9869e-01
E9/12 B31700/36000 batch_loss=2.3578e-01
E9/12 B31800/36000 batch_loss=2.1214e-01
E9/12 B31900/36000 batch_loss=1.3365e-01
E9/12 B32000/36000 batch_loss=2.0327e-01
E9/12 B32100/36000 batch_loss=2.1612e-01
E9/12 B32200/36000 batch_loss=1.8868e-01
E9/12 B32300/36000 batch_loss=1.5123e-01
E9/12 B32400/36000 batch_loss=2.1522e-01
E9/12 B32500/36000 batch_loss=1.3165e-01
E9/12 B32600/36000 batch_loss=1.8885e-01
E9/12 B32700/36000 batch_loss=1.9720e-01
E9/12 B32800/36000 batch_loss=1.4761e-01
E9/12 B32900/36000 batch_loss=2.0710e-01
E9/12 B33000/36000 batch_loss=1.3745e-01
E9/12 B33100/36000 batch_loss=1.4168e-01
E9/12 B33200/36000 batch_loss=2.0801e-01
E9/12 B33300/36000 batch_loss=1.1774e-01
E9/12 B33400/36000 batch_loss=1.6865e-01
E9/12 B33500/36000 batch_loss=2.3722e-01
E9/12 B33600/36000 batch_loss=2.0304e-01
E9/12 B33700/36000 batch_loss=1.9859e-01
E9/12 B33800/36000 batch_loss=1.2892e-01
E9/12 B33900/36000 batch_loss=1.5222e-01
E9/12 B34000/36000 batch_loss=2.1731e-01
E9/12 B34100/36000 batch_loss=2.2884e-01
E9/12 B34200/36000 batch_loss=2.2118e-01
E9/12 B34300/36000 batch_loss=2.1631e-01
E9/12 B34400/36000 batch_loss=1.9796e-01
E9/12 B34500/36000 batch_loss=1.3455e-01
E9/12 B34600/36000 batch_loss=2.1100e-01
E9/12 B34700/36000 batch_loss=2.1811e-01
E9/12 B34800/36000 batch_loss=2.1916e-01
E9/12 B34900/36000 batch_loss=2.1147e-01
E9/12 B35000/36000 batch_loss=2.2286e-01
E9/12 B35100/36000 batch_loss=2.4109e-01
E9/12 B35200/36000 batch_loss=2.1551e-01
E9/12 B35300/36000 batch_loss=2.0847e-01
E9/12 B35400/36000 batch_loss=2.2433e-01
E9/12 B35500/36000 batch_loss=2.3898e-01
E9/12 B35600/36000 batch_loss=1.2606e-01
E9/12 B35700/36000 batch_loss=1.2801e-01
E9/12 B35800/36000 batch_loss=2.2038e-01
E9/12 B35900/36000 batch_loss=1.9626e-01
E9/12 B36000/36000 batch_loss=2.2700e-01
2026-07-06 15:53:47,560 | INFO | Saved 10 diagnostic panel(s) under D:\Research\NO-2D-Metamaterials\MODELS\training_runs\NO_I3O5_BCF16_NMAE_HC128_LR2e-03_WD0e+00_SS1_G9e-01_ch0u_260705\diagnostics\epoch_009
epoch=9/12 loss=nmae train_nmae=1.736839e-01 val_nmae=2.442919e-01 train_mae=1.648722e-03 val_mae=2.085418e-03 train_mse=3.558002e-05 val_mse=4.988007e-05 lr=7.748e-04 train_sps=1361.5
2026-07-06 15:53:49,154 | INFO | epoch=9/12 loss=nmae train_nmae=1.736839e-01 val_nmae=2.442919e-01 train_mae=1.648722e-03 val_mae=2.085418e-03 train_mse=3.558002e-05 val_mse=4.988007e-05 lr=7.748e-04 train_sps=1361.5
2026-07-06 15:53:49,154 | INFO | epoch=9/12 loss_ch_nmae train=9.500e-03 1.871e-01 1.890e-01 2.446e-01 2.382e-01 val=8.508e-03 2.660e-01 2.769e-01 3.357e-01 3.343e-01
2026-07-06 15:53:49,154 | INFO | epoch=9/12 mae_ch train=6.031e-04 1.722e-03 1.612e-03 2.243e-03 2.063e-03 val=5.226e-04 2.270e-03 2.150e-03 2.846e-03 2.638e-03 mse_ch train=1.201e-05 3.322e-05 3.062e-05 5.513e-05 4.692e-05 val=2.256e-06 5.200e-05 4.929e-05 7.811e-05 6.775e-05
Epoch 9/12 done | loss=nmae train=1.7368e-01 val=2.4429e-01 mae=2.0854e-03 mse=4.9880e-05 lr=7.75e-04
E10/12 B100/36000 batch_loss=1.9260e-01
E10/12 B200/36000 batch_loss=1.3838e-01
E10/12 B300/36000 batch_loss=1.3455e-01
E10/12 B400/36000 batch_loss=1.2475e-01
E10/12 B500/36000 batch_loss=2.1333e-01
E10/12 B600/36000 batch_loss=2.1347e-01
E10/12 B700/36000 batch_loss=2.1085e-01
E10/12 B800/36000 batch_loss=1.3360e-01
E10/12 B900/36000 batch_loss=1.9859e-01
E10/12 B1000/36000 batch_loss=2.2721e-01
E10/12 B1100/36000 batch_loss=2.2663e-01
E10/12 B1200/36000 batch_loss=1.4311e-01
E10/12 B1300/36000 batch_loss=1.2796e-01
E10/12 B1400/36000 batch_loss=2.0115e-01
E10/12 B1500/36000 batch_loss=1.3613e-01
E10/12 B1600/36000 batch_loss=1.2587e-01
E10/12 B1700/36000 batch_loss=1.3940e-01
E10/12 B1800/36000 batch_loss=2.0690e-01
E10/12 B1900/36000 batch_loss=1.8700e-01
E10/12 B2000/36000 batch_loss=2.1477e-01
E10/12 B2100/36000 batch_loss=1.9698e-01
E10/12 B2200/36000 batch_loss=1.4020e-01
E10/12 B2300/36000 batch_loss=1.4119e-01
E10/12 B2400/36000 batch_loss=2.2485e-01
E10/12 B2500/36000 batch_loss=1.3249e-01
E10/12 B2600/36000 batch_loss=1.3799e-01
E10/12 B2700/36000 batch_loss=1.2145e-01
E10/12 B2800/36000 batch_loss=1.8928e-01
E10/12 B2900/36000 batch_loss=1.3980e-01
E10/12 B3000/36000 batch_loss=1.2023e-01
E10/12 B3100/36000 batch_loss=2.0068e-01
E10/12 B3200/36000 batch_loss=2.0130e-01
E10/12 B3300/36000 batch_loss=1.8265e-01
E10/12 B3400/36000 batch_loss=1.9832e-01
E10/12 B3500/36000 batch_loss=2.1469e-01
E10/12 B3600/36000 batch_loss=1.4299e-01
E10/12 B3700/36000 batch_loss=1.1989e-01
E10/12 B3800/36000 batch_loss=2.0075e-01
E10/12 B3900/36000 batch_loss=1.9637e-01
E10/12 B4000/36000 batch_loss=1.3946e-01
E10/12 B4100/36000 batch_loss=1.2215e-01
E10/12 B4200/36000 batch_loss=1.8948e-01
E10/12 B4300/36000 batch_loss=1.7958e-01
E10/12 B4400/36000 batch_loss=2.0591e-01
E10/12 B4500/36000 batch_loss=1.4016e-01
E10/12 B4600/36000 batch_loss=2.0963e-01
E10/12 B4700/36000 batch_loss=2.0283e-01
E10/12 B4800/36000 batch_loss=2.0286e-01
E10/12 B4900/36000 batch_loss=1.3346e-01
E10/12 B5000/36000 batch_loss=1.9778e-01
E10/12 B5100/36000 batch_loss=2.1178e-01
E10/12 B5200/36000 batch_loss=2.1458e-01
E10/12 B5300/36000 batch_loss=1.1610e-01
E10/12 B5400/36000 batch_loss=1.2715e-01
E10/12 B5500/36000 batch_loss=2.1413e-01
E10/12 B5600/36000 batch_loss=1.3573e-01
E10/12 B5700/36000 batch_loss=2.0289e-01
E10/12 B5800/36000 batch_loss=1.4888e-01
E10/12 B5900/36000 batch_loss=1.2379e-01
E10/12 B6000/36000 batch_loss=1.8924e-01
E10/12 B6100/36000 batch_loss=1.2578e-01
E10/12 B6200/36000 batch_loss=1.3660e-01
E10/12 B6300/36000 batch_loss=1.9367e-01
E10/12 B6400/36000 batch_loss=2.0398e-01
E10/12 B6500/36000 batch_loss=1.2641e-01
E10/12 B6600/36000 batch_loss=2.1764e-01
E10/12 B6700/36000 batch_loss=1.4630e-01
E10/12 B6800/36000 batch_loss=1.8570e-01
E10/12 B6900/36000 batch_loss=1.9892e-01
E10/12 B7000/36000 batch_loss=2.0899e-01
E10/12 B7100/36000 batch_loss=2.1899e-01
E10/12 B7200/36000 batch_loss=1.2634e-01
E10/12 B7300/36000 batch_loss=1.3092e-01
E10/12 B7400/36000 batch_loss=1.9812e-01
E10/12 B7500/36000 batch_loss=1.4575e-01
E10/12 B7600/36000 batch_loss=1.1065e-01
E10/12 B7700/36000 batch_loss=1.9121e-01
E10/12 B7800/36000 batch_loss=1.8772e-01
E10/12 B7900/36000 batch_loss=2.0524e-01
E10/12 B8000/36000 batch_loss=1.4308e-01
E10/12 B8100/36000 batch_loss=1.3821e-01
E10/12 B8200/36000 batch_loss=2.2430e-01
E10/12 B8300/36000 batch_loss=1.5670e-01
E10/12 B8400/36000 batch_loss=1.2640e-01
E10/12 B8500/36000 batch_loss=1.9527e-01
E10/12 B8600/36000 batch_loss=2.0392e-01
E10/12 B8700/36000 batch_loss=1.1245e-01
E10/12 B8800/36000 batch_loss=2.1843e-01
E10/12 B8900/36000 batch_loss=1.3495e-01
E10/12 B9000/36000 batch_loss=1.2634e-01
E10/12 B9100/36000 batch_loss=1.2669e-01
E10/12 B9200/36000 batch_loss=1.3439e-01
E10/12 B9300/36000 batch_loss=1.2009e-01
E10/12 B9400/36000 batch_loss=1.2753e-01
E10/12 B9500/36000 batch_loss=1.7263e-01
E10/12 B9600/36000 batch_loss=1.3197e-01
E10/12 B9700/36000 batch_loss=1.3927e-01
E10/12 B9800/36000 batch_loss=1.2933e-01
E10/12 B9900/36000 batch_loss=1.3579e-01
E10/12 B10000/36000 batch_loss=1.2661e-01
E10/12 B10100/36000 batch_loss=1.2191e-01
E10/12 B10200/36000 batch_loss=2.0024e-01
E10/12 B10300/36000 batch_loss=2.0236e-01
E10/12 B10400/36000 batch_loss=2.0075e-01
E10/12 B10500/36000 batch_loss=1.3493e-01
E10/12 B10600/36000 batch_loss=2.1879e-01
E10/12 B10700/36000 batch_loss=2.0317e-01
E10/12 B10800/36000 batch_loss=1.2495e-01
E10/12 B10900/36000 batch_loss=1.3819e-01
E10/12 B11000/36000 batch_loss=1.3036e-01
E10/12 B11100/36000 batch_loss=1.3991e-01
E10/12 B11200/36000 batch_loss=1.2766e-01
E10/12 B11300/36000 batch_loss=2.1171e-01
E10/12 B11400/36000 batch_loss=1.2800e-01
E10/12 B11500/36000 batch_loss=1.1086e-01
E10/12 B11600/36000 batch_loss=1.2816e-01
E10/12 B11700/36000 batch_loss=1.3336e-01
E10/12 B11800/36000 batch_loss=1.9074e-01
E10/12 B11900/36000 batch_loss=1.3455e-01
E10/12 B12000/36000 batch_loss=1.8902e-01
E10/12 B12100/36000 batch_loss=2.1171e-01
E10/12 B12200/36000 batch_loss=2.1217e-01
E10/12 B12300/36000 batch_loss=1.3138e-01
E10/12 B12400/36000 batch_loss=2.0033e-01
E10/12 B12500/36000 batch_loss=1.2382e-01
E10/12 B12600/36000 batch_loss=1.3492e-01
E10/12 B12700/36000 batch_loss=2.1976e-01
E10/12 B12800/36000 batch_loss=2.0631e-01
E10/12 B12900/36000 batch_loss=2.1652e-01
E10/12 B13000/36000 batch_loss=1.7930e-01
E10/12 B13100/36000 batch_loss=1.1891e-01
E10/12 B13200/36000 batch_loss=1.9123e-01
E10/12 B13300/36000 batch_loss=1.3531e-01
E10/12 B13400/36000 batch_loss=1.3424e-01
E10/12 B13500/36000 batch_loss=1.4313e-01
E10/12 B13600/36000 batch_loss=1.3467e-01
E10/12 B13700/36000 batch_loss=2.2355e-01
E10/12 B13800/36000 batch_loss=1.3968e-01
E10/12 B13900/36000 batch_loss=1.4263e-01
E10/12 B14000/36000 batch_loss=1.8562e-01
E10/12 B14100/36000 batch_loss=2.0187e-01
E10/12 B14200/36000 batch_loss=1.3781e-01
E10/12 B14300/36000 batch_loss=1.0887e-01
E10/12 B14400/36000 batch_loss=1.9845e-01
E10/12 B14500/36000 batch_loss=2.0087e-01
E10/12 B14600/36000 batch_loss=1.4316e-01
E10/12 B14700/36000 batch_loss=2.0301e-01
E10/12 B14800/36000 batch_loss=1.9923e-01
E10/12 B14900/36000 batch_loss=1.9554e-01
E10/12 B15000/36000 batch_loss=1.3061e-01
E10/12 B15100/36000 batch_loss=2.1757e-01
E10/12 B15200/36000 batch_loss=1.8566e-01
E10/12 B15300/36000 batch_loss=1.2605e-01
E10/12 B15400/36000 batch_loss=2.1255e-01
E10/12 B15500/36000 batch_loss=2.2163e-01
E10/12 B15600/36000 batch_loss=1.3739e-01
E10/12 B15700/36000 batch_loss=2.0611e-01
E10/12 B15800/36000 batch_loss=1.2666e-01
E10/12 B15900/36000 batch_loss=1.7134e-01
E10/12 B16000/36000 batch_loss=2.0584e-01
E10/12 B16100/36000 batch_loss=1.3803e-01
E10/12 B16200/36000 batch_loss=1.3041e-01
E10/12 B16300/36000 batch_loss=2.1079e-01
E10/12 B16400/36000 batch_loss=1.1888e-01
E10/12 B16500/36000 batch_loss=1.8479e-01
E10/12 B16600/36000 batch_loss=1.9635e-01
E10/12 B16700/36000 batch_loss=1.4246e-01
E10/12 B16800/36000 batch_loss=1.3590e-01
E10/12 B16900/36000 batch_loss=1.2703e-01
E10/12 B17000/36000 batch_loss=2.0585e-01
E10/12 B17100/36000 batch_loss=2.1339e-01
E10/12 B17200/36000 batch_loss=1.3627e-01
E10/12 B17300/36000 batch_loss=1.9851e-01
E10/12 B17400/36000 batch_loss=2.0882e-01
E10/12 B17500/36000 batch_loss=1.2836e-01
E10/12 B17600/36000 batch_loss=1.9320e-01
E10/12 B17700/36000 batch_loss=1.3002e-01
E10/12 B17800/36000 batch_loss=1.4460e-01
E10/12 B17900/36000 batch_loss=2.1646e-01
E10/12 B18000/36000 batch_loss=1.3429e-01
E10/12 B18100/36000 batch_loss=1.3265e-01
E10/12 B18200/36000 batch_loss=1.8551e-01
E10/12 B18300/36000 batch_loss=1.4358e-01
E10/12 B18400/36000 batch_loss=1.3766e-01
E10/12 B18500/36000 batch_loss=1.5488e-01
E10/12 B18600/36000 batch_loss=2.0499e-01
E10/12 B18700/36000 batch_loss=1.8872e-01
E10/12 B18800/36000 batch_loss=1.2574e-01
E10/12 B18900/36000 batch_loss=1.2376e-01
E10/12 B19000/36000 batch_loss=2.1445e-01
E10/12 B19100/36000 batch_loss=1.9932e-01
E10/12 B19200/36000 batch_loss=1.3315e-01
E10/12 B19300/36000 batch_loss=2.0862e-01
E10/12 B19400/36000 batch_loss=1.9752e-01
E10/12 B19500/36000 batch_loss=1.4573e-01
E10/12 B19600/36000 batch_loss=2.0448e-01
E10/12 B19700/36000 batch_loss=1.3986e-01
E10/12 B19800/36000 batch_loss=2.1695e-01
E10/12 B19900/36000 batch_loss=1.3136e-01
E10/12 B20000/36000 batch_loss=2.0038e-01
E10/12 B20100/36000 batch_loss=2.0185e-01
E10/12 B20200/36000 batch_loss=1.4008e-01
E10/12 B20300/36000 batch_loss=1.4136e-01
E10/12 B20400/36000 batch_loss=1.9618e-01
E10/12 B20500/36000 batch_loss=1.2942e-01
E10/12 B20600/36000 batch_loss=1.9305e-01
E10/12 B20700/36000 batch_loss=1.2804e-01
E10/12 B20800/36000 batch_loss=2.1518e-01
E10/12 B20900/36000 batch_loss=2.0665e-01
E10/12 B21000/36000 batch_loss=1.9434e-01
E10/12 B21100/36000 batch_loss=1.9608e-01
E10/12 B21200/36000 batch_loss=1.2630e-01
E10/12 B21300/36000 batch_loss=1.3377e-01
E10/12 B21400/36000 batch_loss=1.4199e-01
E10/12 B21500/36000 batch_loss=1.3766e-01
E10/12 B21600/36000 batch_loss=1.2869e-01
E10/12 B21700/36000 batch_loss=1.2685e-01
E10/12 B21800/36000 batch_loss=1.4454e-01
E10/12 B21900/36000 batch_loss=1.2200e-01
E10/12 B22000/36000 batch_loss=1.2778e-01
E10/12 B22100/36000 batch_loss=1.4074e-01
E10/12 B22200/36000 batch_loss=1.2275e-01
E10/12 B22300/36000 batch_loss=2.0227e-01
E10/12 B22400/36000 batch_loss=1.9549e-01
E10/12 B22500/36000 batch_loss=1.3864e-01
E10/12 B22600/36000 batch_loss=2.2670e-01
E10/12 B22700/36000 batch_loss=2.2265e-01
E10/12 B22800/36000 batch_loss=1.2718e-01
E10/12 B22900/36000 batch_loss=2.0192e-01
E10/12 B23000/36000 batch_loss=2.2389e-01
E10/12 B23100/36000 batch_loss=2.3143e-01
E10/12 B23200/36000 batch_loss=1.2516e-01
E10/12 B23300/36000 batch_loss=2.1597e-01
E10/12 B23400/36000 batch_loss=1.4179e-01
E10/12 B23500/36000 batch_loss=1.2046e-01
E10/12 B23600/36000 batch_loss=2.2396e-01
E10/12 B23700/36000 batch_loss=1.1632e-01
E10/12 B23800/36000 batch_loss=1.2823e-01
E10/12 B23900/36000 batch_loss=2.1333e-01
E10/12 B24000/36000 batch_loss=2.0292e-01
E10/12 B24100/36000 batch_loss=1.3079e-01
E10/12 B24200/36000 batch_loss=1.4836e-01
E10/12 B24300/36000 batch_loss=1.1524e-01
E10/12 B24400/36000 batch_loss=1.3187e-01
E10/12 B24500/36000 batch_loss=1.1787e-01
E10/12 B24600/36000 batch_loss=1.3527e-01
E10/12 B24700/36000 batch_loss=1.1830e-01
E10/12 B24800/36000 batch_loss=1.9989e-01
E10/12 B24900/36000 batch_loss=1.5109e-01
E10/12 B25000/36000 batch_loss=1.3377e-01
E10/12 B25100/36000 batch_loss=2.1255e-01
E10/12 B25200/36000 batch_loss=1.4528e-01
E10/12 B25300/36000 batch_loss=1.2741e-01
E10/12 B25400/36000 batch_loss=1.2655e-01
E10/12 B25500/36000 batch_loss=1.2542e-01
E10/12 B25600/36000 batch_loss=1.3260e-01
E10/12 B25700/36000 batch_loss=1.3910e-01
E10/12 B25800/36000 batch_loss=1.3701e-01
E10/12 B25900/36000 batch_loss=1.4979e-01
E10/12 B26000/36000 batch_loss=1.4155e-01
E10/12 B26100/36000 batch_loss=1.3616e-01
E10/12 B26200/36000 batch_loss=2.2479e-01
E10/12 B26300/36000 batch_loss=1.2369e-01
E10/12 B26400/36000 batch_loss=1.4655e-01
E10/12 B26500/36000 batch_loss=1.1696e-01
E10/12 B26600/36000 batch_loss=2.1368e-01
E10/12 B26700/36000 batch_loss=1.4100e-01
E10/12 B26800/36000 batch_loss=1.8198e-01
E10/12 B26900/36000 batch_loss=1.2996e-01
E10/12 B27000/36000 batch_loss=1.8757e-01
E10/12 B27100/36000 batch_loss=1.9537e-01
E10/12 B27200/36000 batch_loss=2.0648e-01
E10/12 B27300/36000 batch_loss=1.3721e-01
E10/12 B27400/36000 batch_loss=2.0871e-01
E10/12 B27500/36000 batch_loss=1.4403e-01
E10/12 B27600/36000 batch_loss=1.4540e-01
E10/12 B27700/36000 batch_loss=1.4629e-01
E10/12 B27800/36000 batch_loss=2.1465e-01
E10/12 B27900/36000 batch_loss=2.0300e-01
E10/12 B28000/36000 batch_loss=1.3514e-01
E10/12 B28100/36000 batch_loss=2.1211e-01
E10/12 B28200/36000 batch_loss=1.4330e-01
E10/12 B28300/36000 batch_loss=1.3374e-01
E10/12 B28400/36000 batch_loss=1.4702e-01
E10/12 B28500/36000 batch_loss=2.1288e-01
E10/12 B28600/36000 batch_loss=2.1710e-01
E10/12 B28700/36000 batch_loss=1.2494e-01
E10/12 B28800/36000 batch_loss=1.4007e-01
E10/12 B28900/36000 batch_loss=2.0021e-01
E10/12 B29000/36000 batch_loss=1.3108e-01
E10/12 B29100/36000 batch_loss=1.2451e-01
E10/12 B29200/36000 batch_loss=1.0379e-01
E10/12 B29300/36000 batch_loss=1.1882e-01
E10/12 B29400/36000 batch_loss=1.3269e-01
E10/12 B29500/36000 batch_loss=1.3004e-01
E10/12 B29600/36000 batch_loss=1.9750e-01
E10/12 B29700/36000 batch_loss=1.2933e-01
E10/12 B29800/36000 batch_loss=2.2816e-01
E10/12 B29900/36000 batch_loss=1.3381e-01
E10/12 B30000/36000 batch_loss=2.0333e-01
E10/12 B30100/36000 batch_loss=1.9568e-01
E10/12 B30200/36000 batch_loss=1.3569e-01
E10/12 B30300/36000 batch_loss=1.3774e-01
E10/12 B30400/36000 batch_loss=1.2710e-01
E10/12 B30500/36000 batch_loss=1.3922e-01
E10/12 B30600/36000 batch_loss=1.2558e-01
E10/12 B30700/36000 batch_loss=2.0639e-01
E10/12 B30800/36000 batch_loss=2.0887e-01
E10/12 B30900/36000 batch_loss=2.3304e-01
E10/12 B31000/36000 batch_loss=1.2515e-01
E10/12 B31100/36000 batch_loss=1.3543e-01
E10/12 B31200/36000 batch_loss=2.0524e-01
E10/12 B31300/36000 batch_loss=1.1914e-01
E10/12 B31400/36000 batch_loss=2.2135e-01
E10/12 B31500/36000 batch_loss=1.2810e-01
E10/12 B31600/36000 batch_loss=1.2845e-01
E10/12 B31700/36000 batch_loss=2.1000e-01
E10/12 B31800/36000 batch_loss=1.3621e-01
E10/12 B31900/36000 batch_loss=2.0968e-01
E10/12 B32000/36000 batch_loss=1.2997e-01
E10/12 B32100/36000 batch_loss=1.3368e-01
E10/12 B32200/36000 batch_loss=1.8254e-01
E10/12 B32300/36000 batch_loss=1.1119e-01
E10/12 B32400/36000 batch_loss=2.0005e-01
E10/12 B32500/36000 batch_loss=2.1834e-01
E10/12 B32600/36000 batch_loss=2.2528e-01
E10/12 B32700/36000 batch_loss=1.9950e-01
E10/12 B32800/36000 batch_loss=1.4772e-01
E10/12 B32900/36000 batch_loss=2.1501e-01
E10/12 B33000/36000 batch_loss=2.1192e-01
E10/12 B33100/36000 batch_loss=2.1904e-01
E10/12 B33200/36000 batch_loss=2.0845e-01
E10/12 B33300/36000 batch_loss=2.0924e-01
E10/12 B33400/36000 batch_loss=2.0583e-01
E10/12 B33500/36000 batch_loss=2.1252e-01
E10/12 B33600/36000 batch_loss=2.0685e-01
E10/12 B33700/36000 batch_loss=1.3652e-01
E10/12 B33800/36000 batch_loss=1.1944e-01
E10/12 B33900/36000 batch_loss=1.3500e-01
E10/12 B34000/36000 batch_loss=1.4210e-01
E10/12 B34100/36000 batch_loss=1.9559e-01
E10/12 B34200/36000 batch_loss=1.3978e-01
E10/12 B34300/36000 batch_loss=1.4697e-01
E10/12 B34400/36000 batch_loss=1.9218e-01
E10/12 B34500/36000 batch_loss=1.1289e-01
E10/12 B34600/36000 batch_loss=1.8645e-01
E10/12 B34700/36000 batch_loss=2.3398e-01
E10/12 B34800/36000 batch_loss=1.2433e-01
E10/12 B34900/36000 batch_loss=2.0961e-01
E10/12 B35000/36000 batch_loss=2.1747e-01
E10/12 B35100/36000 batch_loss=1.1896e-01
E10/12 B35200/36000 batch_loss=1.2670e-01
E10/12 B35300/36000 batch_loss=2.0973e-01
E10/12 B35400/36000 batch_loss=2.0240e-01
E10/12 B35500/36000 batch_loss=1.3010e-01
E10/12 B35600/36000 batch_loss=1.3044e-01
E10/12 B35700/36000 batch_loss=2.1812e-01
E10/12 B35800/36000 batch_loss=1.3321e-01
E10/12 B35900/36000 batch_loss=1.8645e-01
E10/12 B36000/36000 batch_loss=2.1153e-01
2026-07-06 20:04:54,085 | INFO | Saved 10 diagnostic panel(s) under D:\Research\NO-2D-Metamaterials\MODELS\training_runs\NO_I3O5_BCF16_NMAE_HC128_LR2e-03_WD0e+00_SS1_G9e-01_ch0u_260705\diagnostics\epoch_010
epoch=10/12 loss=nmae train_nmae=1.683849e-01 val_nmae=2.424000e-01 train_mae=1.597653e-03 val_mae=2.065346e-03 train_mse=3.428183e-05 val_mse=4.980474e-05 lr=6.974e-04 train_sps=1333.5
2026-07-06 20:04:55,752 | INFO | epoch=10/12 loss=nmae train_nmae=1.683849e-01 val_nmae=2.424000e-01 train_mae=1.597653e-03 val_mae=2.065346e-03 train_mse=3.428183e-05 val_mse=4.980474e-05 lr=6.974e-04 train_sps=1333.5
2026-07-06 20:04:55,752 | INFO | epoch=10/12 loss_ch_nmae train=9.147e-03 1.813e-01 1.830e-01 2.372e-01 2.312e-01 val=8.629e-03 2.635e-01 2.742e-01 3.334e-01 3.323e-01
2026-07-06 20:04:55,752 | INFO | epoch=10/12 mae_ch train=5.804e-04 1.669e-03 1.561e-03 2.176e-03 2.003e-03 val=5.268e-04 2.242e-03 2.124e-03 2.819e-03 2.615e-03 mse_ch train=1.195e-05 3.185e-05 2.930e-05 5.307e-05 4.523e-05 val=2.202e-06 5.165e-05 4.901e-05 7.833e-05 6.782e-05
Epoch 10/12 done | loss=nmae train=1.6838e-01 val=2.4240e-01 mae=2.0653e-03 mse=4.9805e-05 lr=6.97e-04
E11/12 B100/36000 batch_loss=1.3053e-01
E11/12 B200/36000 batch_loss=1.2601e-01
E11/12 B300/36000 batch_loss=1.2443e-01
E11/12 B400/36000 batch_loss=1.8486e-01
E11/12 B500/36000 batch_loss=2.1435e-01
E11/12 B600/36000 batch_loss=1.9476e-01
E11/12 B700/36000 batch_loss=1.1270e-01
E11/12 B800/36000 batch_loss=1.2751e-01
E11/12 B900/36000 batch_loss=2.0073e-01
E11/12 B1000/36000 batch_loss=1.7775e-01
E11/12 B1100/36000 batch_loss=1.1383e-01
E11/12 B1200/36000 batch_loss=1.4138e-01
E11/12 B1300/36000 batch_loss=2.1414e-01
E11/12 B1400/36000 batch_loss=1.2948e-01
E11/12 B1500/36000 batch_loss=1.3390e-01
E11/12 B1600/36000 batch_loss=1.2803e-01
E11/12 B1700/36000 batch_loss=1.9924e-01
E11/12 B1800/36000 batch_loss=1.2246e-01
E11/12 B1900/36000 batch_loss=1.2765e-01
E11/12 B2000/36000 batch_loss=1.8941e-01
E11/12 B2100/36000 batch_loss=1.9613e-01
E11/12 B2200/36000 batch_loss=1.3268e-01
E11/12 B2300/36000 batch_loss=1.2524e-01
E11/12 B2400/36000 batch_loss=2.2154e-01
E11/12 B2500/36000 batch_loss=1.3310e-01
E11/12 B2600/36000 batch_loss=1.8654e-01
E11/12 B2700/36000 batch_loss=1.9853e-01
E11/12 B2800/36000 batch_loss=1.2681e-01
E11/12 B2900/36000 batch_loss=2.0482e-01
E11/12 B3000/36000 batch_loss=1.8337e-01
E11/12 B3100/36000 batch_loss=1.9390e-01
E11/12 B3200/36000 batch_loss=1.3545e-01
E11/12 B3300/36000 batch_loss=1.9094e-01
E11/12 B3400/36000 batch_loss=1.0823e-01
E11/12 B3500/36000 batch_loss=1.1608e-01
E11/12 B3600/36000 batch_loss=1.9865e-01
E11/12 B3700/36000 batch_loss=1.3650e-01
E11/12 B3800/36000 batch_loss=1.8491e-01
E11/12 B3900/36000 batch_loss=2.0251e-01
E11/12 B4000/36000 batch_loss=1.3339e-01
E11/12 B4100/36000 batch_loss=1.2428e-01
E11/12 B4200/36000 batch_loss=1.3276e-01
E11/12 B4300/36000 batch_loss=1.2297e-01
E11/12 B4400/36000 batch_loss=1.2592e-01
E11/12 B4500/36000 batch_loss=1.9413e-01
E11/12 B4600/36000 batch_loss=2.0776e-01
E11/12 B4700/36000 batch_loss=1.8679e-01
E11/12 B4800/36000 batch_loss=2.0946e-01
E11/12 B4900/36000 batch_loss=1.2703e-01
E11/12 B5000/36000 batch_loss=1.1955e-01
E11/12 B5100/36000 batch_loss=2.0542e-01
E11/12 B5200/36000 batch_loss=1.3509e-01
E11/12 B5300/36000 batch_loss=1.3098e-01
E11/12 B5400/36000 batch_loss=1.2426e-01
E11/12 B5500/36000 batch_loss=1.9298e-01
E11/12 B5600/36000 batch_loss=1.1090e-01
E11/12 B5700/36000 batch_loss=1.2775e-01
E11/12 B5800/36000 batch_loss=1.8474e-01
E11/12 B5900/36000 batch_loss=1.2889e-01
E11/12 B6000/36000 batch_loss=1.4530e-01
E11/12 B6100/36000 batch_loss=2.1732e-01
E11/12 B6200/36000 batch_loss=2.0074e-01
E11/12 B6300/36000 batch_loss=1.0458e-01
E11/12 B6400/36000 batch_loss=2.0813e-01
E11/12 B6500/36000 batch_loss=1.9437e-01
E11/12 B6600/36000 batch_loss=2.0227e-01
E11/12 B6700/36000 batch_loss=2.0044e-01
E11/12 B6800/36000 batch_loss=2.1363e-01
E11/12 B6900/36000 batch_loss=1.9448e-01
E11/12 B7000/36000 batch_loss=1.3277e-01
E11/12 B7100/36000 batch_loss=1.1710e-01
E11/12 B7200/36000 batch_loss=2.0473e-01
E11/12 B7300/36000 batch_loss=1.2357e-01
E11/12 B7400/36000 batch_loss=1.9451e-01
E11/12 B7500/36000 batch_loss=1.8693e-01
E11/12 B7600/36000 batch_loss=1.3524e-01
E11/12 B7700/36000 batch_loss=1.2831e-01
E11/12 B7800/36000 batch_loss=1.8388e-01
E11/12 B7900/36000 batch_loss=1.8554e-01
E11/12 B8000/36000 batch_loss=2.0830e-01
E11/12 B8100/36000 batch_loss=1.2773e-01
E11/12 B8200/36000 batch_loss=1.1828e-01
E11/12 B8300/36000 batch_loss=1.9161e-01
E11/12 B8400/36000 batch_loss=1.2711e-01
E11/12 B8500/36000 batch_loss=1.9633e-01
E11/12 B8600/36000 batch_loss=1.3943e-01
E11/12 B8700/36000 batch_loss=1.7906e-01
E11/12 B8800/36000 batch_loss=2.0171e-01
E11/12 B8900/36000 batch_loss=1.1258e-01
E11/12 B9000/36000 batch_loss=1.3035e-01
E11/12 B9100/36000 batch_loss=1.2663e-01
E11/12 B9200/36000 batch_loss=2.0578e-01
E11/12 B9300/36000 batch_loss=2.0330e-01
E11/12 B9400/36000 batch_loss=1.7490e-01
E11/12 B9500/36000 batch_loss=1.9933e-01
E11/12 B9600/36000 batch_loss=1.8052e-01
E11/12 B9700/36000 batch_loss=1.1548e-01
E11/12 B9800/36000 batch_loss=1.7992e-01
E11/12 B9900/36000 batch_loss=1.2955e-01
E11/12 B10000/36000 batch_loss=1.9774e-01
E11/12 B10100/36000 batch_loss=1.5236e-01
E11/12 B10200/36000 batch_loss=1.9654e-01
E11/12 B10300/36000 batch_loss=1.2280e-01
E11/12 B10400/36000 batch_loss=2.2418e-01
E11/12 B10500/36000 batch_loss=1.1493e-01
E11/12 B10600/36000 batch_loss=1.2239e-01
E11/12 B10700/36000 batch_loss=1.0838e-01
E11/12 B10800/36000 batch_loss=1.3367e-01
E11/12 B10900/36000 batch_loss=1.3878e-01
E11/12 B11000/36000 batch_loss=1.9679e-01
E11/12 B11100/36000 batch_loss=1.9710e-01
E11/12 B11200/36000 batch_loss=2.0547e-01
E11/12 B11300/36000 batch_loss=1.9313e-01
E11/12 B11400/36000 batch_loss=1.3719e-01
E11/12 B11500/36000 batch_loss=1.9005e-01
E11/12 B11600/36000 batch_loss=1.3683e-01
E11/12 B11700/36000 batch_loss=1.8479e-01
E11/12 B11800/36000 batch_loss=1.9751e-01
E11/12 B11900/36000 batch_loss=1.2155e-01
E11/12 B12000/36000 batch_loss=1.2279e-01
E11/12 B12100/36000 batch_loss=2.0037e-01
E11/12 B12200/36000 batch_loss=1.2035e-01
E11/12 B12300/36000 batch_loss=1.9361e-01
E11/12 B12400/36000 batch_loss=1.8710e-01
E11/12 B12500/36000 batch_loss=1.1641e-01
E11/12 B12600/36000 batch_loss=1.3353e-01
E11/12 B12700/36000 batch_loss=1.3425e-01
E11/12 B12800/36000 batch_loss=2.0351e-01
E11/12 B12900/36000 batch_loss=1.2417e-01
E11/12 B13000/36000 batch_loss=1.3858e-01
E11/12 B13100/36000 batch_loss=1.8248e-01
E11/12 B13200/36000 batch_loss=2.0490e-01
E11/12 B13300/36000 batch_loss=1.9644e-01
E11/12 B13400/36000 batch_loss=1.2605e-01
E11/12 B13500/36000 batch_loss=1.8659e-01
E11/12 B13600/36000 batch_loss=1.2923e-01
E11/12 B13700/36000 batch_loss=1.9531e-01
E11/12 B13800/36000 batch_loss=1.3025e-01
E11/12 B13900/36000 batch_loss=2.1061e-01
E11/12 B14000/36000 batch_loss=2.4014e-01
E11/12 B14100/36000 batch_loss=1.2609e-01
E11/12 B14200/36000 batch_loss=1.9084e-01
E11/12 B14300/36000 batch_loss=2.0027e-01
E11/12 B14400/36000 batch_loss=1.2759e-01
E11/12 B14500/36000 batch_loss=1.1347e-01
E11/12 B14600/36000 batch_loss=1.9213e-01
E11/12 B14700/36000 batch_loss=2.0659e-01
E11/12 B14800/36000 batch_loss=1.2955e-01
E11/12 B14900/36000 batch_loss=1.3330e-01
E11/12 B15000/36000 batch_loss=2.0784e-01
E11/12 B15100/36000 batch_loss=1.2187e-01
E11/12 B15200/36000 batch_loss=1.1816e-01
E11/12 B15300/36000 batch_loss=1.3168e-01
E11/12 B15400/36000 batch_loss=1.2906e-01
E11/12 B15500/36000 batch_loss=2.0320e-01
E11/12 B15600/36000 batch_loss=1.4627e-01
E11/12 B15700/36000 batch_loss=1.3107e-01
E11/12 B15800/36000 batch_loss=1.2613e-01
E11/12 B15900/36000 batch_loss=2.0785e-01
E11/12 B16000/36000 batch_loss=1.9660e-01
E11/12 B16100/36000 batch_loss=1.4936e-01
E11/12 B16200/36000 batch_loss=1.3919e-01
E11/12 B16300/36000 batch_loss=1.9258e-01
E11/12 B16400/36000 batch_loss=1.9784e-01
E11/12 B16500/36000 batch_loss=1.9269e-01
E11/12 B16600/36000 batch_loss=2.1818e-01
E11/12 B16700/36000 batch_loss=2.1321e-01
E11/12 B16800/36000 batch_loss=1.8709e-01
E11/12 B16900/36000 batch_loss=1.3430e-01
E11/12 B17000/36000 batch_loss=1.9906e-01
E11/12 B17100/36000 batch_loss=1.7409e-01
E11/12 B17200/36000 batch_loss=1.9233e-01
E11/12 B17300/36000 batch_loss=2.0289e-01
E11/12 B17400/36000 batch_loss=1.0497e-01
E11/12 B17500/36000 batch_loss=1.3348e-01
E11/12 B17600/36000 batch_loss=1.7389e-01
E11/12 B17700/36000 batch_loss=1.1574e-01
E11/12 B17800/36000 batch_loss=1.3105e-01
E11/12 B17900/36000 batch_loss=1.1429e-01
E11/12 B18000/36000 batch_loss=2.0136e-01
E11/12 B18100/36000 batch_loss=2.1518e-01
E11/12 B18200/36000 batch_loss=1.9731e-01
E11/12 B18300/36000 batch_loss=2.1158e-01
E11/12 B18400/36000 batch_loss=2.0539e-01
E11/12 B18500/36000 batch_loss=1.9318e-01
E11/12 B18600/36000 batch_loss=2.0385e-01
E11/12 B18700/36000 batch_loss=1.3818e-01
E11/12 B18800/36000 batch_loss=1.2552e-01
E11/12 B18900/36000 batch_loss=1.3646e-01
E11/12 B19000/36000 batch_loss=1.2689e-01
E11/12 B19100/36000 batch_loss=1.1118e-01
E11/12 B19200/36000 batch_loss=1.1091e-01
E11/12 B19300/36000 batch_loss=1.2219e-01
E11/12 B19400/36000 batch_loss=1.8700e-01
E11/12 B19500/36000 batch_loss=1.3744e-01
E11/12 B19600/36000 batch_loss=1.0698e-01
E11/12 B19700/36000 batch_loss=1.3223e-01
E11/12 B19800/36000 batch_loss=1.9744e-01
E11/12 B19900/36000 batch_loss=1.7919e-01
E11/12 B20000/36000 batch_loss=1.2824e-01
E11/12 B20100/36000 batch_loss=1.9027e-01
E11/12 B20200/36000 batch_loss=1.1751e-01
E11/12 B20300/36000 batch_loss=1.9829e-01
E11/12 B20400/36000 batch_loss=2.0500e-01
E11/12 B20500/36000 batch_loss=1.3238e-01
E11/12 B20600/36000 batch_loss=2.1307e-01
E11/12 B20700/36000 batch_loss=1.4209e-01
E11/12 B20800/36000 batch_loss=1.9730e-01
E11/12 B20900/36000 batch_loss=2.1176e-01
E11/12 B21000/36000 batch_loss=1.8823e-01
E11/12 B21100/36000 batch_loss=1.2988e-01
E11/12 B21200/36000 batch_loss=1.1612e-01
E11/12 B21300/36000 batch_loss=1.9634e-01
E11/12 B21400/36000 batch_loss=1.2691e-01
E11/12 B21500/36000 batch_loss=1.2664e-01
E11/12 B21600/36000 batch_loss=1.2664e-01
E11/12 B21700/36000 batch_loss=1.9616e-01
E11/12 B21800/36000 batch_loss=1.7836e-01
E11/12 B21900/36000 batch_loss=1.9507e-01
E11/12 B22000/36000 batch_loss=1.2736e-01
E11/12 B22100/36000 batch_loss=1.5051e-01
E11/12 B22200/36000 batch_loss=2.0053e-01
E11/12 B22300/36000 batch_loss=1.3406e-01
E11/12 B22400/36000 batch_loss=1.1855e-01
E11/12 B22500/36000 batch_loss=2.0225e-01
E11/12 B22600/36000 batch_loss=1.8361e-01
E11/12 B22700/36000 batch_loss=1.2881e-01
E11/12 B22800/36000 batch_loss=1.2724e-01
E11/12 B22900/36000 batch_loss=2.1639e-01
E11/12 B23000/36000 batch_loss=1.9191e-01
E11/12 B23100/36000 batch_loss=1.4426e-01
E11/12 B23200/36000 batch_loss=1.3927e-01
E11/12 B23300/36000 batch_loss=2.2341e-01
E11/12 B23400/36000 batch_loss=2.0235e-01
E11/12 B23500/36000 batch_loss=1.3532e-01
E11/12 B23600/36000 batch_loss=1.1100e-01
E11/12 B23700/36000 batch_loss=1.4244e-01
E11/12 B23800/36000 batch_loss=1.8186e-01
E11/12 B23900/36000 batch_loss=1.2065e-01
E11/12 B24000/36000 batch_loss=1.9074e-01
E11/12 B24100/36000 batch_loss=1.0617e-01
E11/12 B24200/36000 batch_loss=1.2547e-01
E11/12 B24300/36000 batch_loss=2.0250e-01
E11/12 B24400/36000 batch_loss=1.9504e-01
E11/12 B24500/36000 batch_loss=1.2771e-01
E11/12 B24600/36000 batch_loss=1.9518e-01
E11/12 B24700/36000 batch_loss=2.0134e-01
E11/12 B24800/36000 batch_loss=1.3836e-01
E11/12 B24900/36000 batch_loss=1.2718e-01
E11/12 B25000/36000 batch_loss=1.1691e-01
E11/12 B25100/36000 batch_loss=2.0007e-01
E11/12 B25200/36000 batch_loss=1.2778e-01
E11/12 B25300/36000 batch_loss=1.9251e-01
E11/12 B25400/36000 batch_loss=2.0291e-01
E11/12 B25500/36000 batch_loss=1.8923e-01
E11/12 B25600/36000 batch_loss=1.8892e-01
E11/12 B25700/36000 batch_loss=1.8035e-01
E11/12 B25800/36000 batch_loss=2.0133e-01
E11/12 B25900/36000 batch_loss=1.2454e-01
E11/12 B26000/36000 batch_loss=1.9931e-01
E11/12 B26100/36000 batch_loss=1.3841e-01
E11/12 B26200/36000 batch_loss=2.0158e-01
E11/12 B26300/36000 batch_loss=1.3332e-01
E11/12 B26400/36000 batch_loss=1.9346e-01
E11/12 B26500/36000 batch_loss=1.3307e-01
E11/12 B26600/36000 batch_loss=2.1849e-01
E11/12 B26700/36000 batch_loss=1.1635e-01
E11/12 B26800/36000 batch_loss=2.1722e-01
E11/12 B26900/36000 batch_loss=1.2321e-01
E11/12 B27000/36000 batch_loss=1.2386e-01
E11/12 B27100/36000 batch_loss=1.3194e-01
E11/12 B27200/36000 batch_loss=1.2497e-01
E11/12 B27300/36000 batch_loss=1.3138e-01
E11/12 B27400/36000 batch_loss=1.2405e-01
E11/12 B27500/36000 batch_loss=1.8788e-01
E11/12 B27600/36000 batch_loss=2.0257e-01
E11/12 B27700/36000 batch_loss=1.2759e-01
E11/12 B27800/36000 batch_loss=1.1544e-01
E11/12 B27900/36000 batch_loss=2.0049e-01
E11/12 B28000/36000 batch_loss=1.4188e-01
E11/12 B28100/36000 batch_loss=1.2393e-01
E11/12 B28200/36000 batch_loss=1.9859e-01
E11/12 B28300/36000 batch_loss=1.2166e-01
E11/12 B28400/36000 batch_loss=1.2566e-01
E11/12 B28500/36000 batch_loss=1.8142e-01
E11/12 B28600/36000 batch_loss=1.9019e-01
E11/12 B28700/36000 batch_loss=2.0202e-01
E11/12 B28800/36000 batch_loss=1.3135e-01
E11/12 B28900/36000 batch_loss=2.3541e-01
E11/12 B29000/36000 batch_loss=1.9449e-01
E11/12 B29100/36000 batch_loss=1.3864e-01
E11/12 B29200/36000 batch_loss=2.1704e-01
E11/12 B29300/36000 batch_loss=1.8112e-01
E11/12 B29400/36000 batch_loss=1.9079e-01
E11/12 B29500/36000 batch_loss=1.3764e-01
E11/12 B29600/36000 batch_loss=1.2054e-01
E11/12 B29700/36000 batch_loss=1.8591e-01
E11/12 B29800/36000 batch_loss=1.2914e-01
E11/12 B29900/36000 batch_loss=1.3950e-01
E11/12 B30000/36000 batch_loss=1.9804e-01
E11/12 B30100/36000 batch_loss=1.9741e-01
E11/12 B30200/36000 batch_loss=1.3175e-01
E11/12 B30300/36000 batch_loss=2.0412e-01
E11/12 B30400/36000 batch_loss=1.8680e-01
E11/12 B30500/36000 batch_loss=1.2351e-01
E11/12 B30600/36000 batch_loss=1.3564e-01
E11/12 B30700/36000 batch_loss=1.7258e-01
E11/12 B30800/36000 batch_loss=1.2879e-01
E11/12 B30900/36000 batch_loss=1.4423e-01
E11/12 B31000/36000 batch_loss=1.2808e-01
E11/12 B31100/36000 batch_loss=2.0436e-01
E11/12 B31200/36000 batch_loss=1.2655e-01
E11/12 B31300/36000 batch_loss=1.9314e-01
E11/12 B31400/36000 batch_loss=1.8743e-01
E11/12 B31500/36000 batch_loss=1.1632e-01
E11/12 B31600/36000 batch_loss=1.2276e-01
E11/12 B31700/36000 batch_loss=1.1603e-01
E11/12 B31800/36000 batch_loss=1.9890e-01
E11/12 B31900/36000 batch_loss=1.9775e-01
E11/12 B32000/36000 batch_loss=1.9968e-01
E11/12 B32100/36000 batch_loss=1.3303e-01
E11/12 B32200/36000 batch_loss=2.1397e-01
E11/12 B32300/36000 batch_loss=1.3387e-01
E11/12 B32400/36000 batch_loss=2.1013e-01
E11/12 B32500/36000 batch_loss=1.2876e-01
E11/12 B32600/36000 batch_loss=1.4403e-01
E11/12 B32700/36000 batch_loss=2.0528e-01
E11/12 B32800/36000 batch_loss=1.4300e-01
E11/12 B32900/36000 batch_loss=1.8332e-01
E11/12 B33000/36000 batch_loss=2.0384e-01
E11/12 B33100/36000 batch_loss=1.9516e-01
E11/12 B33200/36000 batch_loss=1.2489e-01
E11/12 B33300/36000 batch_loss=1.8886e-01
E11/12 B33400/36000 batch_loss=1.4378e-01
E11/12 B33500/36000 batch_loss=1.9370e-01
E11/12 B33600/36000 batch_loss=1.2824e-01
E11/12 B33700/36000 batch_loss=1.3589e-01
E11/12 B33800/36000 batch_loss=1.1999e-01
E11/12 B33900/36000 batch_loss=1.8807e-01
E11/12 B34000/36000 batch_loss=2.1366e-01
E11/12 B34100/36000 batch_loss=2.0388e-01
E11/12 B34200/36000 batch_loss=1.1647e-01
E11/12 B34300/36000 batch_loss=1.2910e-01
E11/12 B34400/36000 batch_loss=1.3519e-01
E11/12 B34500/36000 batch_loss=1.3741e-01
E11/12 B34600/36000 batch_loss=1.3685e-01
E11/12 B34700/36000 batch_loss=1.9323e-01
E11/12 B34800/36000 batch_loss=1.2608e-01
E11/12 B34900/36000 batch_loss=2.0095e-01
E11/12 B35000/36000 batch_loss=2.1667e-01
E11/12 B35100/36000 batch_loss=1.1515e-01
E11/12 B35200/36000 batch_loss=1.1650e-01
E11/12 B35300/36000 batch_loss=2.0556e-01
E11/12 B35400/36000 batch_loss=1.8547e-01
E11/12 B35500/36000 batch_loss=2.0946e-01
E11/12 B35600/36000 batch_loss=1.3292e-01
E11/12 B35700/36000 batch_loss=1.2035e-01
E11/12 B35800/36000 batch_loss=1.8640e-01
E11/12 B35900/36000 batch_loss=1.9392e-01
E11/12 B36000/36000 batch_loss=1.9370e-01
2026-07-07 00:09:28,414 | INFO | Saved 10 diagnostic panel(s) under D:\Research\NO-2D-Metamaterials\MODELS\training_runs\NO_I3O5_BCF16_NMAE_HC128_LR2e-03_WD0e+00_SS1_G9e-01_ch0u_260705\diagnostics\epoch_011
epoch=11/12 loss=nmae train_nmae=1.635371e-01 val_nmae=2.419962e-01 train_mae=1.549516e-03 val_mae=2.052660e-03 train_mse=3.311602e-05 val_mse=4.981326e-05 lr=6.276e-04 train_sps=1371.9
2026-07-07 00:09:29,945 | INFO | epoch=11/12 loss=nmae train_nmae=1.635371e-01 val_nmae=2.419962e-01 train_mae=1.549516e-03 val_mae=2.052660e-03 train_mse=3.311602e-05 val_mse=4.981326e-05 lr=6.276e-04 train_sps=1371.9
2026-07-07 00:09:29,945 | INFO | epoch=11/12 loss_ch_nmae train=8.692e-03 1.761e-01 1.777e-01 2.304e-01 2.249e-01 val=7.602e-03 2.609e-01 2.741e-01 3.354e-01 3.320e-01
2026-07-07 00:09:29,946 | INFO | epoch=11/12 mae_ch train=5.514e-04 1.621e-03 1.515e-03 2.113e-03 1.948e-03 val=4.616e-04 2.225e-03 2.126e-03 2.837e-03 2.613e-03 mse_ch train=1.189e-05 3.064e-05 2.815e-05 5.120e-05 4.370e-05 val=2.118e-06 5.166e-05 4.916e-05 7.814e-05 6.798e-05
Epoch 11/12 done | loss=nmae train=1.6354e-01 val=2.4200e-01 mae=2.0527e-03 mse=4.9813e-05 lr=6.28e-04
E12/12 B100/36000 batch_loss=1.9425e-01
E12/12 B200/36000 batch_loss=1.3424e-01
E12/12 B300/36000 batch_loss=1.3306e-01
E12/12 B400/36000 batch_loss=1.9225e-01
E12/12 B500/36000 batch_loss=2.1861e-01
E12/12 B600/36000 batch_loss=1.7957e-01
E12/12 B700/36000 batch_loss=1.3505e-01
E12/12 B800/36000 batch_loss=1.8692e-01
E12/12 B900/36000 batch_loss=1.9845e-01
E12/12 B1000/36000 batch_loss=1.8179e-01
E12/12 B1100/36000 batch_loss=1.7964e-01
E12/12 B1200/36000 batch_loss=1.2262e-01
E12/12 B1300/36000 batch_loss=1.9943e-01
E12/12 B1400/36000 batch_loss=1.3254e-01
E12/12 B1500/36000 batch_loss=2.1747e-01
E12/12 B1600/36000 batch_loss=1.8917e-01
E12/12 B1700/36000 batch_loss=2.1844e-01
E12/12 B1800/36000 batch_loss=2.0058e-01
E12/12 B1900/36000 batch_loss=1.9987e-01
E12/12 B2000/36000 batch_loss=1.2693e-01
E12/12 B2100/36000 batch_loss=1.2615e-01
E12/12 B2200/36000 batch_loss=1.9787e-01
E12/12 B2300/36000 batch_loss=2.1090e-01
E12/12 B2400/36000 batch_loss=1.8609e-01
E12/12 B2500/36000 batch_loss=1.2415e-01
E12/12 B2600/36000 batch_loss=9.9906e-02
E12/12 B2700/36000 batch_loss=1.9715e-01
E12/12 B2800/36000 batch_loss=2.0381e-01
E12/12 B2900/36000 batch_loss=2.0191e-01
E12/12 B3000/36000 batch_loss=1.3484e-01
E12/12 B3100/36000 batch_loss=2.0820e-01
E12/12 B3200/36000 batch_loss=2.0983e-01
E12/12 B3300/36000 batch_loss=1.2455e-01
E12/12 B3400/36000 batch_loss=2.0342e-01
E12/12 B3500/36000 batch_loss=1.8808e-01
E12/12 B3600/36000 batch_loss=1.1610e-01
E12/12 B3700/36000 batch_loss=1.0292e-01
E12/12 B3800/36000 batch_loss=1.9807e-01
E12/12 B3900/36000 batch_loss=1.2379e-01
E12/12 B4000/36000 batch_loss=1.8432e-01
E12/12 B4100/36000 batch_loss=1.1572e-01
E12/12 B4200/36000 batch_loss=2.0116e-01
E12/12 B4300/36000 batch_loss=1.1455e-01
E12/12 B4400/36000 batch_loss=1.1872e-01
E12/12 B4500/36000 batch_loss=1.9718e-01
E12/12 B4600/36000 batch_loss=2.0259e-01
E12/12 B4700/36000 batch_loss=1.2976e-01
E12/12 B4800/36000 batch_loss=1.7827e-01
E12/12 B4900/36000 batch_loss=1.2690e-01
E12/12 B5000/36000 batch_loss=1.1174e-01
E12/12 B5100/36000 batch_loss=1.5891e-01
E12/12 B5200/36000 batch_loss=1.1540e-01
E12/12 B5300/36000 batch_loss=1.2963e-01
E12/12 B5400/36000 batch_loss=1.8482e-01
E12/12 B5500/36000 batch_loss=2.0081e-01
E12/12 B5600/36000 batch_loss=1.2969e-01
E12/12 B5700/36000 batch_loss=1.9161e-01
E12/12 B5800/36000 batch_loss=1.2225e-01
E12/12 B5900/36000 batch_loss=1.3783e-01
E12/12 B6000/36000 batch_loss=1.2538e-01
E12/12 B6100/36000 batch_loss=1.2874e-01
E12/12 B6200/36000 batch_loss=1.2097e-01
E12/12 B6300/36000 batch_loss=1.2247e-01
E12/12 B6400/36000 batch_loss=1.9812e-01
E12/12 B6500/36000 batch_loss=1.3046e-01
E12/12 B6600/36000 batch_loss=1.3659e-01
E12/12 B6700/36000 batch_loss=1.3067e-01
E12/12 B6800/36000 batch_loss=1.1193e-01
E12/12 B6900/36000 batch_loss=2.0429e-01
E12/12 B7000/36000 batch_loss=1.7217e-01
E12/12 B7100/36000 batch_loss=1.2285e-01
E12/12 B7200/36000 batch_loss=1.2266e-01
E12/12 B7300/36000 batch_loss=2.0221e-01
E12/12 B7400/36000 batch_loss=1.1987e-01
E12/12 B7500/36000 batch_loss=1.1418e-01
E12/12 B7600/36000 batch_loss=1.3155e-01
E12/12 B7700/36000 batch_loss=1.9925e-01
E12/12 B7800/36000 batch_loss=1.2718e-01
E12/12 B7900/36000 batch_loss=1.3326e-01
E12/12 B8000/36000 batch_loss=1.3478e-01
E12/12 B8100/36000 batch_loss=1.8020e-01
E12/12 B8200/36000 batch_loss=1.9369e-01
E12/12 B8300/36000 batch_loss=1.1621e-01
E12/12 B8400/36000 batch_loss=2.0065e-01
E12/12 B8500/36000 batch_loss=1.2638e-01
E12/12 B8600/36000 batch_loss=1.2339e-01
E12/12 B8700/36000 batch_loss=2.0657e-01
E12/12 B8800/36000 batch_loss=1.2592e-01
E12/12 B8900/36000 batch_loss=1.2213e-01
E12/12 B9000/36000 batch_loss=1.8828e-01
E12/12 B9100/36000 batch_loss=1.9136e-01
E12/12 B9200/36000 batch_loss=1.1779e-01
E12/12 B9300/36000 batch_loss=1.1524e-01
E12/12 B9400/36000 batch_loss=1.9982e-01
E12/12 B9500/36000 batch_loss=1.3146e-01
E12/12 B9600/36000 batch_loss=2.0658e-01
E12/12 B9700/36000 batch_loss=1.2518e-01
E12/12 B9800/36000 batch_loss=2.1436e-01
E12/12 B9900/36000 batch_loss=1.1940e-01
E12/12 B10000/36000 batch_loss=1.1907e-01
E12/12 B10100/36000 batch_loss=1.9203e-01
E12/12 B10200/36000 batch_loss=1.1070e-01
E12/12 B10300/36000 batch_loss=1.2276e-01
E12/12 B10400/36000 batch_loss=1.2300e-01
E12/12 B10500/36000 batch_loss=1.5368e-01
E12/12 B10600/36000 batch_loss=1.2071e-01
E12/12 B10700/36000 batch_loss=1.1520e-01
E12/12 B10800/36000 batch_loss=1.8180e-01
E12/12 B10900/36000 batch_loss=1.3277e-01
E12/12 B11000/36000 batch_loss=1.1021e-01
E12/12 B11100/36000 batch_loss=2.1454e-01
E12/12 B11200/36000 batch_loss=1.1612e-01
E12/12 B11300/36000 batch_loss=1.9679e-01
E12/12 B11400/36000 batch_loss=2.0479e-01
E12/12 B11500/36000 batch_loss=1.9226e-01
E12/12 B11600/36000 batch_loss=1.2264e-01
E12/12 B11700/36000 batch_loss=1.7277e-01
E12/12 B11800/36000 batch_loss=1.7909e-01
E12/12 B11900/36000 batch_loss=1.3577e-01
E12/12 B12000/36000 batch_loss=1.9922e-01
E12/12 B12100/36000 batch_loss=2.0787e-01
E12/12 B12200/36000 batch_loss=1.8536e-01
E12/12 B12300/36000 batch_loss=1.4066e-01
E12/12 B12400/36000 batch_loss=2.0100e-01
E12/12 B12500/36000 batch_loss=1.9250e-01
E12/12 B12600/36000 batch_loss=1.2658e-01
E12/12 B12700/36000 batch_loss=1.9132e-01
E12/12 B12800/36000 batch_loss=1.2230e-01
E12/12 B12900/36000 batch_loss=1.2289e-01
E12/12 B13000/36000 batch_loss=1.1388e-01
E12/12 B13100/36000 batch_loss=1.1361e-01
E12/12 B13200/36000 batch_loss=1.4850e-01
E12/12 B13300/36000 batch_loss=1.9101e-01
E12/12 B13400/36000 batch_loss=1.8118e-01
E12/12 B13500/36000 batch_loss=1.4719e-01
E12/12 B13600/36000 batch_loss=1.2353e-01
E12/12 B13700/36000 batch_loss=1.9404e-01
E12/12 B13800/36000 batch_loss=1.2867e-01
E12/12 B13900/36000 batch_loss=1.4510e-01
E12/12 B14000/36000 batch_loss=2.0015e-01
E12/12 B14100/36000 batch_loss=1.7639e-01
E12/12 B14200/36000 batch_loss=1.3534e-01
E12/12 B14300/36000 batch_loss=1.9697e-01
E12/12 B14400/36000 batch_loss=2.0119e-01
E12/12 B14500/36000 batch_loss=1.3266e-01
E12/12 B14600/36000 batch_loss=1.3795e-01
E12/12 B14700/36000 batch_loss=2.1103e-01
E12/12 B14800/36000 batch_loss=1.2869e-01
E12/12 B14900/36000 batch_loss=1.3143e-01
E12/12 B15000/36000 batch_loss=1.8719e-01
E12/12 B15100/36000 batch_loss=1.3206e-01
E12/12 B15200/36000 batch_loss=1.8842e-01
E12/12 B15300/36000 batch_loss=1.9546e-01
E12/12 B15400/36000 batch_loss=2.0587e-01
E12/12 B15500/36000 batch_loss=1.7337e-01
E12/12 B15600/36000 batch_loss=1.2963e-01
E12/12 B15700/36000 batch_loss=1.4708e-01
E12/12 B15800/36000 batch_loss=1.9668e-01
E12/12 B15900/36000 batch_loss=2.0127e-01
E12/12 B16000/36000 batch_loss=1.2751e-01
E12/12 B16100/36000 batch_loss=1.2478e-01
E12/12 B16200/36000 batch_loss=1.8175e-01
E12/12 B16300/36000 batch_loss=1.2535e-01
E12/12 B16400/36000 batch_loss=1.3404e-01
E12/12 B16500/36000 batch_loss=1.3665e-01
E12/12 B16600/36000 batch_loss=1.9838e-01
E12/12 B16700/36000 batch_loss=1.9509e-01
E12/12 B16800/36000 batch_loss=2.2009e-01
E12/12 B16900/36000 batch_loss=1.8984e-01
E12/12 B17000/36000 batch_loss=1.2468e-01
E12/12 B17100/36000 batch_loss=1.1322e-01
E12/12 B17200/36000 batch_loss=1.9623e-01
E12/12 B17300/36000 batch_loss=1.1086e-01
E12/12 B17400/36000 batch_loss=1.2541e-01
E12/12 B17500/36000 batch_loss=1.2978e-01
E12/12 B17600/36000 batch_loss=1.8759e-01
E12/12 B17700/36000 batch_loss=1.2188e-01
E12/12 B17800/36000 batch_loss=1.3007e-01
E12/12 B17900/36000 batch_loss=1.3361e-01
E12/12 B18000/36000 batch_loss=2.1689e-01
E12/12 B18100/36000 batch_loss=1.1957e-01
E12/12 B18200/36000 batch_loss=1.2469e-01
E12/12 B18300/36000 batch_loss=1.1023e-01
E12/12 B18400/36000 batch_loss=2.2359e-01
E12/12 B18500/36000 batch_loss=1.1980e-01
E12/12 B18600/36000 batch_loss=2.0115e-01
E12/12 B18700/36000 batch_loss=1.9621e-01
E12/12 B18800/36000 batch_loss=1.8236e-01
E12/12 B18900/36000 batch_loss=1.9759e-01
E12/12 B19000/36000 batch_loss=1.9836e-01
E12/12 B19100/36000 batch_loss=1.1682e-01
E12/12 B19200/36000 batch_loss=1.1581e-01
E12/12 B19300/36000 batch_loss=1.9681e-01
E12/12 B19400/36000 batch_loss=1.3017e-01
E12/12 B19500/36000 batch_loss=1.2684e-01
E12/12 B19600/36000 batch_loss=1.2582e-01
E12/12 B19700/36000 batch_loss=2.0476e-01
E12/12 B19800/36000 batch_loss=1.3109e-01
E12/12 B19900/36000 batch_loss=1.8032e-01
E12/12 B20000/36000 batch_loss=2.3368e-01
E12/12 B20100/36000 batch_loss=2.0648e-01
E12/12 B20200/36000 batch_loss=1.2034e-01
E12/12 B20300/36000 batch_loss=1.0906e-01
E12/12 B20400/36000 batch_loss=1.9046e-01
E12/12 B20500/36000 batch_loss=1.2112e-01
E12/12 B20600/36000 batch_loss=1.8268e-01
E12/12 B20700/36000 batch_loss=1.2862e-01
E12/12 B20800/36000 batch_loss=1.8286e-01
E12/12 B20900/36000 batch_loss=1.2933e-01
E12/12 B21000/36000 batch_loss=1.2058e-01
E12/12 B21100/36000 batch_loss=2.1199e-01
E12/12 B21200/36000 batch_loss=2.1029e-01
E12/12 B21300/36000 batch_loss=1.9455e-01
E12/12 B21400/36000 batch_loss=1.1424e-01
E12/12 B21500/36000 batch_loss=1.1263e-01
E12/12 B21600/36000 batch_loss=1.3686e-01
E12/12 B21700/36000 batch_loss=1.9369e-01
E12/12 B21800/36000 batch_loss=1.2064e-01
E12/12 B21900/36000 batch_loss=1.2360e-01
E12/12 B22000/36000 batch_loss=1.7413e-01
E12/12 B22100/36000 batch_loss=1.0900e-01
E12/12 B22200/36000 batch_loss=1.0670e-01
E12/12 B22300/36000 batch_loss=1.8130e-01
E12/12 B22400/36000 batch_loss=1.9346e-01
E12/12 B22500/36000 batch_loss=2.2524e-01
E12/12 B22600/36000 batch_loss=1.1689e-01
E12/12 B22700/36000 batch_loss=2.0970e-01
E12/12 B22800/36000 batch_loss=1.2360e-01
E12/12 B22900/36000 batch_loss=1.0398e-01
E12/12 B23000/36000 batch_loss=1.9296e-01
E12/12 B23100/36000 batch_loss=1.9126e-01
E12/12 B23200/36000 batch_loss=1.2452e-01
E12/12 B23300/36000 batch_loss=2.0434e-01
E12/12 B23400/36000 batch_loss=1.3102e-01
E12/12 B23500/36000 batch_loss=1.9877e-01
E12/12 B23600/36000 batch_loss=1.3646e-01
E12/12 B23700/36000 batch_loss=1.9420e-01
E12/12 B23800/36000 batch_loss=1.8631e-01
E12/12 B23900/36000 batch_loss=1.1932e-01
E12/12 B24000/36000 batch_loss=1.8910e-01
E12/12 B24100/36000 batch_loss=1.8833e-01
E12/12 B24200/36000 batch_loss=1.2021e-01
E12/12 B24300/36000 batch_loss=2.0593e-01
E12/12 B24400/36000 batch_loss=2.0384e-01
E12/12 B24500/36000 batch_loss=1.1051e-01
E12/12 B24600/36000 batch_loss=1.1573e-01
E12/12 B24700/36000 batch_loss=1.1821e-01
E12/12 B24800/36000 batch_loss=1.9281e-01
E12/12 B24900/36000 batch_loss=1.9846e-01
E12/12 B25000/36000 batch_loss=1.9881e-01
E12/12 B25100/36000 batch_loss=1.2210e-01
E12/12 B25200/36000 batch_loss=1.9593e-01
E12/12 B25300/36000 batch_loss=1.9342e-01
E12/12 B25400/36000 batch_loss=2.1171e-01
E12/12 B25500/36000 batch_loss=1.9179e-01
E12/12 B25600/36000 batch_loss=1.3782e-01
E12/12 B25700/36000 batch_loss=2.1003e-01
E12/12 B25800/36000 batch_loss=1.3213e-01
E12/12 B25900/36000 batch_loss=1.9290e-01
E12/12 B26000/36000 batch_loss=1.2315e-01
E12/12 B26100/36000 batch_loss=1.4733e-01
E12/12 B26200/36000 batch_loss=1.2644e-01
E12/12 B26300/36000 batch_loss=1.9316e-01
E12/12 B26400/36000 batch_loss=1.2467e-01
E12/12 B26500/36000 batch_loss=1.9853e-01
E12/12 B26600/36000 batch_loss=2.0324e-01
E12/12 B26700/36000 batch_loss=1.8474e-01
E12/12 B26800/36000 batch_loss=1.2304e-01
E12/12 B26900/36000 batch_loss=1.9387e-01
E12/12 B27000/36000 batch_loss=1.8172e-01
E12/12 B27100/36000 batch_loss=1.8682e-01
E12/12 B27200/36000 batch_loss=2.0268e-01
E12/12 B27300/36000 batch_loss=1.1282e-01
E12/12 B27400/36000 batch_loss=1.2932e-01
E12/12 B27500/36000 batch_loss=1.9408e-01
E12/12 B27600/36000 batch_loss=1.1849e-01
E12/12 B27700/36000 batch_loss=2.1083e-01
E12/12 B27800/36000 batch_loss=1.3536e-01
E12/12 B27900/36000 batch_loss=1.2610e-01
E12/12 B28000/36000 batch_loss=2.0720e-01
E12/12 B28100/36000 batch_loss=1.1974e-01
E12/12 B28200/36000 batch_loss=1.9993e-01
E12/12 B28300/36000 batch_loss=1.1740e-01
E12/12 B28400/36000 batch_loss=1.2387e-01
E12/12 B28500/36000 batch_loss=1.9576e-01
E12/12 B28600/36000 batch_loss=1.9985e-01
E12/12 B28700/36000 batch_loss=1.3328e-01
E12/12 B28800/36000 batch_loss=1.9656e-01
E12/12 B28900/36000 batch_loss=1.3920e-01
E12/12 B29000/36000 batch_loss=1.9305e-01
E12/12 B29100/36000 batch_loss=1.4336e-01
E12/12 B29200/36000 batch_loss=1.3599e-01
E12/12 B29300/36000 batch_loss=1.2261e-01
E12/12 B29400/36000 batch_loss=1.1317e-01
E12/12 B29500/36000 batch_loss=2.0795e-01
E12/12 B29600/36000 batch_loss=1.9790e-01
E12/12 B29700/36000 batch_loss=1.1538e-01
E12/12 B29800/36000 batch_loss=1.2844e-01
E12/12 B29900/36000 batch_loss=1.3251e-01
E12/12 B30000/36000 batch_loss=1.8668e-01
E12/12 B30100/36000 batch_loss=1.1516e-01
E12/12 B30200/36000 batch_loss=1.9364e-01
E12/12 B30300/36000 batch_loss=1.2854e-01
E12/12 B30400/36000 batch_loss=1.2025e-01
E12/12 B30500/36000 batch_loss=1.9775e-01
E12/12 B30600/36000 batch_loss=1.8773e-01
E12/12 B30700/36000 batch_loss=1.4062e-01
E12/12 B30800/36000 batch_loss=1.2564e-01
E12/12 B30900/36000 batch_loss=1.1429e-01
E12/12 B31000/36000 batch_loss=1.3165e-01
E12/12 B31100/36000 batch_loss=1.8525e-01
E12/12 B31200/36000 batch_loss=1.8374e-01
E12/12 B31300/36000 batch_loss=1.9488e-01
E12/12 B31400/36000 batch_loss=2.0530e-01
E12/12 B31500/36000 batch_loss=1.8069e-01
E12/12 B31600/36000 batch_loss=1.8756e-01
E12/12 B31700/36000 batch_loss=1.4722e-01
E12/12 B31800/36000 batch_loss=1.9674e-01
E12/12 B31900/36000 batch_loss=1.3062e-01
E12/12 B32000/36000 batch_loss=1.3006e-01
E12/12 B32100/36000 batch_loss=1.4269e-01
E12/12 B32200/36000 batch_loss=1.2357e-01
E12/12 B32300/36000 batch_loss=2.0110e-01
E12/12 B32400/36000 batch_loss=1.1317e-01
E12/12 B32500/36000 batch_loss=2.0297e-01
E12/12 B32600/36000 batch_loss=1.0873e-01
E12/12 B32700/36000 batch_loss=1.9481e-01
E12/12 B32800/36000 batch_loss=2.0426e-01
E12/12 B32900/36000 batch_loss=1.4474e-01
E12/12 B33000/36000 batch_loss=1.3197e-01
E12/12 B33100/36000 batch_loss=1.9215e-01
E12/12 B33200/36000 batch_loss=1.4120e-01
E12/12 B33300/36000 batch_loss=1.0646e-01
E12/12 B33400/36000 batch_loss=2.0495e-01
E12/12 B33500/36000 batch_loss=1.9275e-01
E12/12 B33600/36000 batch_loss=1.8925e-01
E12/12 B33700/36000 batch_loss=2.0427e-01
E12/12 B33800/36000 batch_loss=1.2983e-01
E12/12 B33900/36000 batch_loss=1.9505e-01
E12/12 B34000/36000 batch_loss=1.3479e-01
E12/12 B34100/36000 batch_loss=1.1904e-01
E12/12 B34200/36000 batch_loss=1.3084e-01
E12/12 B34300/36000 batch_loss=1.2228e-01
E12/12 B34400/36000 batch_loss=1.3142e-01
E12/12 B34500/36000 batch_loss=1.9157e-01
E12/12 B34600/36000 batch_loss=1.3034e-01
E12/12 B34700/36000 batch_loss=1.1555e-01
E12/12 B34800/36000 batch_loss=2.0939e-01
E12/12 B34900/36000 batch_loss=1.2702e-01
E12/12 B35000/36000 batch_loss=2.0079e-01
E12/12 B35100/36000 batch_loss=1.1209e-01
E12/12 B35200/36000 batch_loss=1.9930e-01
E12/12 B35300/36000 batch_loss=1.1141e-01
E12/12 B35400/36000 batch_loss=1.0842e-01
E12/12 B35500/36000 batch_loss=1.2099e-01
E12/12 B35600/36000 batch_loss=1.1143e-01
E12/12 B35700/36000 batch_loss=2.0787e-01
E12/12 B35800/36000 batch_loss=1.9903e-01
E12/12 B35900/36000 batch_loss=2.0146e-01
E12/12 B36000/36000 batch_loss=1.2908e-01
2026-07-07 04:09:31,385 | INFO | Saved 10 diagnostic panel(s) under D:\Research\NO-2D-Metamaterials\MODELS\training_runs\NO_I3O5_BCF16_NMAE_HC128_LR2e-03_WD0e+00_SS1_G9e-01_ch0u_260705\diagnostics\epoch_012
epoch=12/12 loss=nmae train_nmae=1.591737e-01 val_nmae=2.396925e-01 train_mae=1.507077e-03 val_mae=2.033791e-03 train_mse=3.205164e-05 val_mse=4.937639e-05 lr=5.649e-04 train_sps=1390.4
2026-07-07 04:09:32,843 | INFO | epoch=12/12 loss=nmae train_nmae=1.591737e-01 val_nmae=2.396925e-01 train_mae=1.507077e-03 val_mae=2.033791e-03 train_mse=3.205164e-05 val_mse=4.937639e-05 lr=5.649e-04 train_sps=1390.4
2026-07-07 04:09:32,843 | INFO | epoch=12/12 loss_ch_nmae train=8.366e-03 1.714e-01 1.730e-01 2.241e-01 2.190e-01 val=7.664e-03 2.593e-01 2.717e-01 3.298e-01 3.301e-01
2026-07-07 04:09:32,843 | INFO | epoch=12/12 mae_ch train=5.304e-04 1.578e-03 1.475e-03 2.056e-03 1.897e-03 val=4.635e-04 2.209e-03 2.106e-03 2.792e-03 2.599e-03 mse_ch train=1.185e-05 2.956e-05 2.712e-05 4.945e-05 4.228e-05 val=2.136e-06 5.110e-05 4.838e-05 7.776e-05 6.751e-05
Epoch 12/12 done | loss=nmae train=1.5917e-01 val=2.3969e-01 mae=2.0338e-03 mse=4.9376e-05 lr=5.65e-04
2026-07-07 04:09:33,132 | INFO | Run complete | run_name=NO_I3O5_BCF16_NMAE_HC128_LR2e-03_WD0e+00_SS1_G9e-01_ch0u_260705 run_id=NO_I3O5_BCF16_NMAE_HC128_LR2e-03_WD0e+00_SS1_G9e-01_ch0u_260705 best_val_loss=2.396925e-01
2026-07-07 04:09:33,132 | INFO | Artifacts saved to: D:\Research\NO-2D-Metamaterials\MODELS\training_runs\NO_I3O5_BCF16_NMAE_HC128_LR2e-03_WD0e+00_SS1_G9e-01_ch0u_260705
Run complete. run_name=NO_I3O5_BCF16_NMAE_HC128_LR2e-03_WD0e+00_SS1_G9e-01_ch0u_260705 run_id=NO_I3O5_BCF16_NMAE_HC128_LR2e-03_WD0e+00_SS1_G9e-01_ch0u_260705 best_val_loss=2.396925e-01
Artifacts saved to: D:\Research\NO-2D-Metamaterials\MODELS\training_runs\NO_I3O5_BCF16_NMAE_HC128_LR2e-03_WD0e+00_SS1_G9e-01_ch0u_260705
