=== 2026-07-04T02:59:58.545269+00:00 ===
C:\ProgramData\anaconda3\envs\NO_2D_Metamaterials\python.exe D:\Research\NO-2D-Metamaterials\train_from_disk.py --amp none --hidden-channels 128 --learning-rate 2e-3 --weight-decay 0 --scheduler steplr --step-size 1 --gamma 0.9 --eigen-ch0-encoding uniform --batch-size 520 --num-workers 2 --prefetch-factor 3 --seed 0 --progress-mode plain --resume-run-dir D:\Research\NO-2D-Metamaterials\MODELS\training_runs\NO_I3O5_BCF16_NMSE_HC128_LR2e-03_WD0e+00_SS1_G9e-01_ch0u_260701 --extend-epochs 8 --loss mse --reset-optimizer-scheduler

2026-07-03 23:00:13,372 | INFO | Loss logging: active=mse; every epoch records train/val mse, MAE, and MSE
D:\Research\NO-2D-Metamaterials\train_from_disk.py:1858: FutureWarning: `torch.cuda.amp.GradScaler(args...)` is deprecated. Please use `torch.amp.GradScaler('cuda', args...)` instead.
  scaler = torch.cuda.amp.GradScaler(enabled=(device.type == "cuda" and args.amp == "fp16"))
2026-07-03 23:00:14,380 | INFO | Resumed model weights from D:\Research\NO-2D-Metamaterials\MODELS\training_runs\NO_I3O5_BCF16_NMSE_HC128_LR2e-03_WD0e+00_SS1_G9e-01_ch0u_260701\training_state_latest.pt at epoch=12; reset optimizer/scheduler to lr=2.000e-03 gamma=0.9 (not restoring saved optimizer state).
2026-07-03 23:00:14,383 | INFO | Run started | run_name=NO_I3O5_BCF16_NMSE_HC128_LR2e-03_WD0e+00_SS1_G9e-01_ch0u_260701 run_id=NO_I3O5_BCF16_NMSE_HC128_LR2e-03_WD0e+00_SS1_G9e-01_ch0u_260701 device=cuda train_samples=18720000 test_samples=3900000 val_index_source=indices_full epoch_range=13..20
2026-07-03 23:00:14,383 | INFO | Fault diagnostics | main_fault_log=D:\Research\NO-2D-Metamaterials\MODELS\training_runs\NO_I3O5_BCF16_NMSE_HC128_LR2e-03_WD0e+00_SS1_G9e-01_ch0u_260701\main_process_fault.log
E13/20 B100/36000 batch_loss=2.9419e-05
E13/20 B200/36000 batch_loss=2.7791e-05
E13/20 B300/36000 batch_loss=3.0891e-05
E13/20 B400/36000 batch_loss=3.2999e-05
E13/20 B500/36000 batch_loss=2.0204e-05
E13/20 B600/36000 batch_loss=3.5142e-05
E13/20 B700/36000 batch_loss=4.3808e-05
E13/20 B800/36000 batch_loss=2.2239e-05
E13/20 B900/36000 batch_loss=2.0549e-05
E13/20 B1000/36000 batch_loss=3.2184e-05
E13/20 B1100/36000 batch_loss=2.1675e-05
E13/20 B1200/36000 batch_loss=2.6328e-05
E13/20 B1300/36000 batch_loss=2.9837e-05
E13/20 B1400/36000 batch_loss=2.5883e-05
E13/20 B1500/36000 batch_loss=2.9949e-05
E13/20 B1600/36000 batch_loss=2.3387e-05
E13/20 B1700/36000 batch_loss=3.8298e-05
E13/20 B1800/36000 batch_loss=3.5117e-05
E13/20 B1900/36000 batch_loss=2.9132e-05
E13/20 B2000/36000 batch_loss=2.8375e-05
E13/20 B2100/36000 batch_loss=2.9945e-05
E13/20 B2200/36000 batch_loss=2.2705e-05
E13/20 B2300/36000 batch_loss=3.3303e-05
E13/20 B2400/36000 batch_loss=2.6903e-05
E13/20 B2500/36000 batch_loss=2.8375e-05
E13/20 B2600/36000 batch_loss=2.7079e-05
E13/20 B2700/36000 batch_loss=2.0639e-05
E13/20 B2800/36000 batch_loss=2.4131e-05
E13/20 B2900/36000 batch_loss=1.9085e-05
E13/20 B3000/36000 batch_loss=3.3147e-05
E13/20 B3100/36000 batch_loss=2.1435e-05
E13/20 B3200/36000 batch_loss=3.0737e-05
E13/20 B3300/36000 batch_loss=2.9736e-05
E13/20 B3400/36000 batch_loss=2.7748e-05
E13/20 B3500/36000 batch_loss=2.8492e-05
E13/20 B3600/36000 batch_loss=2.2170e-05
E13/20 B3700/36000 batch_loss=5.8574e-05
E13/20 B3800/36000 batch_loss=4.2659e-05
E13/20 B3900/36000 batch_loss=2.2798e-05
E13/20 B4000/36000 batch_loss=2.6021e-05
E13/20 B4100/36000 batch_loss=2.3295e-05
E13/20 B4200/36000 batch_loss=1.9086e-05
E13/20 B4300/36000 batch_loss=3.1639e-05
E13/20 B4400/36000 batch_loss=1.7729e-05
E13/20 B4500/36000 batch_loss=2.2910e-05
E13/20 B4600/36000 batch_loss=3.1292e-05
E13/20 B4700/36000 batch_loss=1.9578e-05
E13/20 B4800/36000 batch_loss=3.0658e-05
E13/20 B4900/36000 batch_loss=2.0919e-05
E13/20 B5000/36000 batch_loss=2.6924e-05
E13/20 B5100/36000 batch_loss=2.0871e-05
E13/20 B5200/36000 batch_loss=2.7947e-05
E13/20 B5300/36000 batch_loss=2.1703e-05
E13/20 B5400/36000 batch_loss=2.0281e-05
E13/20 B5500/36000 batch_loss=2.0500e-05
E13/20 B5600/36000 batch_loss=2.5167e-05
E13/20 B5700/36000 batch_loss=1.8591e-05
E13/20 B5800/36000 batch_loss=2.5023e-05
E13/20 B5900/36000 batch_loss=4.2908e-05
E13/20 B6000/36000 batch_loss=2.5055e-05
E13/20 B6100/36000 batch_loss=2.1369e-05
E13/20 B6200/36000 batch_loss=3.2466e-05
E13/20 B6300/36000 batch_loss=2.0112e-05
E13/20 B6400/36000 batch_loss=1.7839e-05
E13/20 B6500/36000 batch_loss=3.1829e-05
E13/20 B6600/36000 batch_loss=2.4009e-05
E13/20 B6700/36000 batch_loss=2.9542e-05
E13/20 B6800/36000 batch_loss=1.8890e-05
E13/20 B6900/36000 batch_loss=3.6407e-05
E13/20 B7000/36000 batch_loss=3.0621e-05
E13/20 B7100/36000 batch_loss=2.0996e-05
E13/20 B7200/36000 batch_loss=2.4947e-05
E13/20 B7300/36000 batch_loss=2.2901e-05
E13/20 B7400/36000 batch_loss=2.9158e-05
E13/20 B7500/36000 batch_loss=2.9759e-05
E13/20 B7600/36000 batch_loss=2.1441e-05
E13/20 B7700/36000 batch_loss=2.0672e-05
E13/20 B7800/36000 batch_loss=2.0825e-05
E13/20 B7900/36000 batch_loss=1.9006e-05
E13/20 B8000/36000 batch_loss=2.8988e-05
E13/20 B8100/36000 batch_loss=1.9080e-05
E13/20 B8200/36000 batch_loss=3.1844e-05
E13/20 B8300/36000 batch_loss=3.8319e-05
E13/20 B8400/36000 batch_loss=3.1903e-05
E13/20 B8500/36000 batch_loss=2.7894e-05
E13/20 B8600/36000 batch_loss=2.8231e-05
E13/20 B8700/36000 batch_loss=2.3157e-05
E13/20 B8800/36000 batch_loss=2.6548e-05
E13/20 B8900/36000 batch_loss=3.5562e-05
E13/20 B9000/36000 batch_loss=2.3101e-05
E13/20 B9100/36000 batch_loss=2.0861e-05
E13/20 B9200/36000 batch_loss=2.1098e-05
E13/20 B9300/36000 batch_loss=2.5182e-05
E13/20 B9400/36000 batch_loss=2.9933e-05
E13/20 B9500/36000 batch_loss=2.6867e-05
E13/20 B9600/36000 batch_loss=1.8773e-05
E13/20 B9700/36000 batch_loss=1.9052e-04
E13/20 B9800/36000 batch_loss=2.4016e-04
E13/20 B9900/36000 batch_loss=2.0327e-04
E13/20 B10000/36000 batch_loss=2.0381e-04
E13/20 B10100/36000 batch_loss=2.0161e-04
E13/20 B10200/36000 batch_loss=1.9925e-04
E13/20 B10300/36000 batch_loss=2.0067e-04
E13/20 B10400/36000 batch_loss=2.0073e-04
E13/20 B10500/36000 batch_loss=2.0102e-04
E13/20 B10600/36000 batch_loss=2.2877e-04
E13/20 B10700/36000 batch_loss=2.0019e-04
E13/20 B10800/36000 batch_loss=1.9662e-04
E13/20 B10900/36000 batch_loss=2.1112e-04
E13/20 B11000/36000 batch_loss=1.9248e-04
E13/20 B11100/36000 batch_loss=1.9387e-04
E13/20 B11200/36000 batch_loss=1.9850e-04
E13/20 B11300/36000 batch_loss=1.9106e-04
E13/20 B11400/36000 batch_loss=1.8826e-04
E13/20 B11500/36000 batch_loss=1.9727e-04
E13/20 B11600/36000 batch_loss=1.9417e-04
E13/20 B11700/36000 batch_loss=1.9226e-04
E13/20 B11800/36000 batch_loss=1.8816e-04
E13/20 B11900/36000 batch_loss=1.9444e-04
E13/20 B12000/36000 batch_loss=1.8694e-04
E13/20 B12100/36000 batch_loss=2.0375e-04
E13/20 B12200/36000 batch_loss=1.9081e-04
E13/20 B12300/36000 batch_loss=1.8426e-04
E13/20 B12400/36000 batch_loss=1.8957e-04
E13/20 B12500/36000 batch_loss=1.8353e-04
E13/20 B12600/36000 batch_loss=1.8952e-04
E13/20 B12700/36000 batch_loss=1.8961e-04
E13/20 B12800/36000 batch_loss=1.8321e-04
E13/20 B12900/36000 batch_loss=1.9126e-04
E13/20 B13000/36000 batch_loss=1.9139e-04
E13/20 B13100/36000 batch_loss=1.8341e-04
E13/20 B13200/36000 batch_loss=1.8841e-04
E13/20 B13300/36000 batch_loss=1.8686e-04
E13/20 B13400/36000 batch_loss=1.8113e-04
E13/20 B13500/36000 batch_loss=1.8907e-04
E13/20 B13600/36000 batch_loss=1.7876e-04
E13/20 B13700/36000 batch_loss=1.7950e-04
E13/20 B13800/36000 batch_loss=1.8696e-04
E13/20 B13900/36000 batch_loss=1.8668e-04
E13/20 B14000/36000 batch_loss=1.8467e-04
E13/20 B14100/36000 batch_loss=1.7951e-04
E13/20 B14200/36000 batch_loss=1.8487e-04
E13/20 B14300/36000 batch_loss=2.1236e-04
E13/20 B14400/36000 batch_loss=2.1267e-04
E13/20 B14500/36000 batch_loss=1.9672e-04
E13/20 B14600/36000 batch_loss=2.1067e-04
E13/20 B14700/36000 batch_loss=1.9851e-04
E13/20 B14800/36000 batch_loss=1.9631e-04
E13/20 B14900/36000 batch_loss=2.0938e-04
E13/20 B15000/36000 batch_loss=1.9711e-04
E13/20 B15100/36000 batch_loss=1.9502e-04
E13/20 B15200/36000 batch_loss=2.0780e-04
E13/20 B15300/36000 batch_loss=1.9310e-04
E13/20 B15400/36000 batch_loss=2.0402e-04
E13/20 B15500/36000 batch_loss=2.0464e-04
E13/20 B15600/36000 batch_loss=2.0515e-04
E13/20 B15700/36000 batch_loss=2.3464e-04
E13/20 B15800/36000 batch_loss=1.9224e-04
E13/20 B15900/36000 batch_loss=1.9877e-04
E13/20 B16000/36000 batch_loss=1.9318e-04
E13/20 B16100/36000 batch_loss=1.9057e-04
E13/20 B16200/36000 batch_loss=1.8644e-04
E13/20 B16300/36000 batch_loss=2.0226e-04
E13/20 B16400/36000 batch_loss=1.9730e-04
E13/20 B16500/36000 batch_loss=1.8412e-04
E13/20 B16600/36000 batch_loss=1.8837e-04
E13/20 B16700/36000 batch_loss=1.8577e-04
E13/20 B16800/36000 batch_loss=1.8941e-04
E13/20 B16900/36000 batch_loss=1.9726e-04
E13/20 B17000/36000 batch_loss=1.8483e-04
E13/20 B17100/36000 batch_loss=1.8700e-04
E13/20 B17200/36000 batch_loss=1.8266e-04
E13/20 B17300/36000 batch_loss=1.8410e-04
E13/20 B17400/36000 batch_loss=1.8439e-04
E13/20 B17500/36000 batch_loss=1.8418e-04
E13/20 B17600/36000 batch_loss=1.8553e-04
E13/20 B17700/36000 batch_loss=1.8205e-04
E13/20 B17800/36000 batch_loss=1.7715e-04
E13/20 B17900/36000 batch_loss=1.8586e-04
E13/20 B18000/36000 batch_loss=1.7730e-04
E13/20 B18100/36000 batch_loss=1.8387e-04
E13/20 B18200/36000 batch_loss=1.8292e-04
E13/20 B18300/36000 batch_loss=1.8247e-04
E13/20 B18400/36000 batch_loss=1.7425e-04
E13/20 B18500/36000 batch_loss=1.7786e-04
E13/20 B18600/36000 batch_loss=1.8649e-04
E13/20 B18700/36000 batch_loss=1.7945e-04
E13/20 B18800/36000 batch_loss=1.8342e-04
E13/20 B18900/36000 batch_loss=1.8340e-04
E13/20 B19000/36000 batch_loss=1.7641e-04
E13/20 B19100/36000 batch_loss=1.7974e-04
E13/20 B19200/36000 batch_loss=1.8311e-04
E13/20 B19300/36000 batch_loss=2.2888e-04
E13/20 B19400/36000 batch_loss=1.9625e-04
E13/20 B19500/36000 batch_loss=1.7982e-04
E13/20 B19600/36000 batch_loss=1.8007e-04
E13/20 B19700/36000 batch_loss=1.7935e-04
E13/20 B19800/36000 batch_loss=1.7605e-04
E13/20 B19900/36000 batch_loss=1.8066e-04
E13/20 B20000/36000 batch_loss=1.7686e-04
E13/20 B20100/36000 batch_loss=1.6664e-04
E13/20 B20200/36000 batch_loss=1.7667e-04
E13/20 B20300/36000 batch_loss=1.7513e-04
E13/20 B20400/36000 batch_loss=1.6199e-04
E13/20 B20500/36000 batch_loss=1.6806e-04
E13/20 B20600/36000 batch_loss=1.7070e-04
E13/20 B20700/36000 batch_loss=1.6688e-04
E13/20 B20800/36000 batch_loss=1.6705e-04
E13/20 B20900/36000 batch_loss=1.5634e-04
E13/20 B21000/36000 batch_loss=1.6737e-04
E13/20 B21100/36000 batch_loss=1.5802e-04
E13/20 B21200/36000 batch_loss=1.6423e-04
E13/20 B21300/36000 batch_loss=1.5813e-04
E13/20 B21400/36000 batch_loss=1.6444e-04
E13/20 B21500/36000 batch_loss=1.5084e-04
E13/20 B21600/36000 batch_loss=1.5153e-04
E13/20 B21700/36000 batch_loss=1.7388e-04
E13/20 B21800/36000 batch_loss=1.5297e-04
E13/20 B21900/36000 batch_loss=1.4787e-04
E13/20 B22000/36000 batch_loss=1.5933e-04
E13/20 B22100/36000 batch_loss=1.5652e-04
E13/20 B22200/36000 batch_loss=1.4820e-04
E13/20 B22300/36000 batch_loss=1.6291e-04
E13/20 B22400/36000 batch_loss=1.6110e-04
E13/20 B22500/36000 batch_loss=1.4984e-04
E13/20 B22600/36000 batch_loss=1.3769e-04
E13/20 B22700/36000 batch_loss=1.5999e-04
E13/20 B22800/36000 batch_loss=1.4402e-04
E13/20 B22900/36000 batch_loss=1.5666e-04
E13/20 B23000/36000 batch_loss=1.5190e-04
E13/20 B23100/36000 batch_loss=1.5386e-04
E13/20 B23200/36000 batch_loss=1.4131e-04
E13/20 B23300/36000 batch_loss=1.5238e-04
E13/20 B23400/36000 batch_loss=1.6157e-04
E13/20 B23500/36000 batch_loss=1.5871e-04
E13/20 B23600/36000 batch_loss=1.4458e-04
E13/20 B23700/36000 batch_loss=1.6081e-04
E13/20 B23800/36000 batch_loss=1.4554e-04
E13/20 B23900/36000 batch_loss=1.5209e-04
E13/20 B24000/36000 batch_loss=1.5341e-04
E13/20 B24100/36000 batch_loss=1.4143e-04
E13/20 B24200/36000 batch_loss=1.5048e-04
E13/20 B24300/36000 batch_loss=1.6196e-04
E13/20 B24400/36000 batch_loss=1.4766e-04
E13/20 B24500/36000 batch_loss=1.5983e-04
E13/20 B24600/36000 batch_loss=1.5137e-04
E13/20 B24700/36000 batch_loss=1.4404e-04
E13/20 B24800/36000 batch_loss=1.3696e-04
E13/20 B24900/36000 batch_loss=1.4867e-04
E13/20 B25000/36000 batch_loss=1.5223e-04
E13/20 B25100/36000 batch_loss=1.4651e-04
E13/20 B25200/36000 batch_loss=1.3649e-04
E13/20 B25300/36000 batch_loss=1.3796e-04
E13/20 B25400/36000 batch_loss=1.2899e-04
E13/20 B25500/36000 batch_loss=1.3655e-04
E13/20 B25600/36000 batch_loss=1.4693e-04
E13/20 B25700/36000 batch_loss=1.4563e-04
E13/20 B25800/36000 batch_loss=1.4490e-04
E13/20 B25900/36000 batch_loss=1.2898e-04
E13/20 B26000/36000 batch_loss=1.3233e-04
E13/20 B26100/36000 batch_loss=1.3766e-04
E13/20 B26200/36000 batch_loss=1.4295e-04
E13/20 B26300/36000 batch_loss=1.4587e-04
E13/20 B26400/36000 batch_loss=1.3411e-04
E13/20 B26500/36000 batch_loss=1.5325e-04
E13/20 B26600/36000 batch_loss=1.4218e-04
E13/20 B26700/36000 batch_loss=1.3110e-04
E13/20 B26800/36000 batch_loss=1.2901e-04
E13/20 B26900/36000 batch_loss=1.3976e-04
E13/20 B27000/36000 batch_loss=1.4643e-04
E13/20 B27100/36000 batch_loss=1.3689e-04
E13/20 B27200/36000 batch_loss=1.3951e-04
E13/20 B27300/36000 batch_loss=1.4016e-04
E13/20 B27400/36000 batch_loss=1.3496e-04
E13/20 B27500/36000 batch_loss=1.4199e-04
E13/20 B27600/36000 batch_loss=1.4563e-04
E13/20 B27700/36000 batch_loss=1.3066e-04
E13/20 B27800/36000 batch_loss=1.2478e-04
E13/20 B27900/36000 batch_loss=1.4226e-04
E13/20 B28000/36000 batch_loss=1.5235e-04
E13/20 B28100/36000 batch_loss=1.3428e-04
E13/20 B28200/36000 batch_loss=1.3855e-04
E13/20 B28300/36000 batch_loss=1.4215e-04
E13/20 B28400/36000 batch_loss=1.2783e-04
E13/20 B28500/36000 batch_loss=1.2340e-04
E13/20 B28600/36000 batch_loss=1.3071e-04
E13/20 B28700/36000 batch_loss=1.4079e-04
E13/20 B28800/36000 batch_loss=1.3379e-04
E13/20 B28900/36000 batch_loss=1.2599e-04
E13/20 B29000/36000 batch_loss=1.2947e-04
E13/20 B29100/36000 batch_loss=1.3944e-04
E13/20 B29200/36000 batch_loss=1.4246e-04
E13/20 B29300/36000 batch_loss=1.4694e-04
E13/20 B29400/36000 batch_loss=1.5169e-04
E13/20 B29500/36000 batch_loss=1.2813e-04
E13/20 B29600/36000 batch_loss=1.2181e-04
E13/20 B29700/36000 batch_loss=1.3895e-04
E13/20 B29800/36000 batch_loss=1.4359e-04
E13/20 B29900/36000 batch_loss=1.6780e-04
E13/20 B30000/36000 batch_loss=1.2937e-04
E13/20 B30100/36000 batch_loss=1.4043e-04
E13/20 B30200/36000 batch_loss=1.4076e-04
E13/20 B30300/36000 batch_loss=1.2181e-04
E13/20 B30400/36000 batch_loss=1.2380e-04
E13/20 B30500/36000 batch_loss=1.4259e-04
E13/20 B30600/36000 batch_loss=1.3417e-04
E13/20 B30700/36000 batch_loss=1.2331e-04
E13/20 B30800/36000 batch_loss=1.1552e-04
E13/20 B30900/36000 batch_loss=4.4362e-04
E13/20 B31000/36000 batch_loss=2.3944e-04
E13/20 B31100/36000 batch_loss=1.9725e-04
E13/20 B31200/36000 batch_loss=1.9684e-04
E13/20 B31300/36000 batch_loss=2.1331e-04
E13/20 B31400/36000 batch_loss=1.9682e-04
E13/20 B31500/36000 batch_loss=2.0068e-04
E13/20 B31600/36000 batch_loss=2.0938e-04
E13/20 B31700/36000 batch_loss=2.2305e-04
E13/20 B31800/36000 batch_loss=1.9464e-04
E13/20 B31900/36000 batch_loss=1.9624e-04
E13/20 B32000/36000 batch_loss=1.9505e-04
E13/20 B32100/36000 batch_loss=1.9269e-04
E13/20 B32200/36000 batch_loss=1.9326e-04
E13/20 B32300/36000 batch_loss=1.8916e-04
E13/20 B32400/36000 batch_loss=1.9231e-04
E13/20 B32500/36000 batch_loss=1.8560e-04
E13/20 B32600/36000 batch_loss=1.8694e-04
E13/20 B32700/36000 batch_loss=2.1593e-04
E13/20 B32800/36000 batch_loss=1.9645e-04
E13/20 B32900/36000 batch_loss=1.7696e-04
E13/20 B33000/36000 batch_loss=1.8362e-04
E13/20 B33100/36000 batch_loss=1.7607e-04
E13/20 B33200/36000 batch_loss=1.7881e-04
E13/20 B33300/36000 batch_loss=1.7310e-04
E13/20 B33400/36000 batch_loss=1.7869e-04
E13/20 B33500/36000 batch_loss=1.7934e-04
E13/20 B33600/36000 batch_loss=1.6887e-04
E13/20 B33700/36000 batch_loss=1.6438e-04
E13/20 B33800/36000 batch_loss=1.5313e-04
E13/20 B33900/36000 batch_loss=1.5056e-04
E13/20 B34000/36000 batch_loss=1.5823e-04
E13/20 B34100/36000 batch_loss=1.5430e-04
E13/20 B34200/36000 batch_loss=1.4249e-04
E13/20 B34300/36000 batch_loss=1.4694e-04
E13/20 B34400/36000 batch_loss=1.5388e-04
E13/20 B34500/36000 batch_loss=1.5147e-04
E13/20 B34600/36000 batch_loss=1.4465e-04
E13/20 B34700/36000 batch_loss=1.4998e-04
E13/20 B34800/36000 batch_loss=1.4342e-04
E13/20 B34900/36000 batch_loss=1.3485e-04
E13/20 B35000/36000 batch_loss=1.4906e-04
E13/20 B35100/36000 batch_loss=1.4429e-04
E13/20 B35200/36000 batch_loss=1.2845e-04
E13/20 B35300/36000 batch_loss=1.2750e-04
E13/20 B35400/36000 batch_loss=1.4630e-04
E13/20 B35500/36000 batch_loss=1.3402e-04
E13/20 B35600/36000 batch_loss=1.3873e-04
E13/20 B35700/36000 batch_loss=1.2596e-04
E13/20 B35800/36000 batch_loss=1.4539e-04
E13/20 B35900/36000 batch_loss=1.4234e-04
E13/20 B36000/36000 batch_loss=1.2351e-04
2026-07-04 02:48:39,769 | INFO | Saved 10 diagnostic panel(s) under D:\Research\NO-2D-Metamaterials\MODELS\training_runs\NO_I3O5_BCF16_NMSE_HC128_LR2e-03_WD0e+00_SS1_G9e-01_ch0u_260701\diagnostics\epoch_013
epoch=13/20 loss=mse train_mse=1.321374e-04 val_mse=1.325144e-04 train_mae=5.817880e-03 val_mae=5.935670e-03 train_mse=1.321374e-04 val_mse=1.325144e-04 lr=1.800e-03 train_sps=1467.1
2026-07-04 02:48:41,027 | INFO | epoch=13/20 loss=mse train_mse=1.321374e-04 val_mse=1.325144e-04 train_mae=5.817880e-03 val_mae=5.935670e-03 train_mse=1.321374e-04 val_mse=1.325144e-04 lr=1.800e-03 train_sps=1467.1
2026-07-04 02:48:41,027 | INFO | epoch=13/20 loss_ch_mse train=2.576e-05 1.491e-04 1.439e-04 1.788e-04 1.631e-04 val=7.548e-06 1.441e-04 1.451e-04 1.891e-04 1.768e-04
2026-07-04 02:48:41,027 | INFO | epoch=13/20 mae_ch train=2.503e-03 6.477e-03 6.271e-03 7.089e-03 6.750e-03 val=1.775e-03 6.519e-03 6.472e-03 7.506e-03 7.407e-03 mse_ch train=2.576e-05 1.491e-04 1.439e-04 1.788e-04 1.631e-04 val=7.548e-06 1.441e-04 1.451e-04 1.891e-04 1.768e-04
Epoch 13/20 done | loss=mse train=1.3214e-04 val=1.3251e-04 mae=5.9357e-03 mse=1.3251e-04 lr=1.80e-03
E14/20 B100/36000 batch_loss=1.3882e-04
E14/20 B200/36000 batch_loss=1.2283e-04
E14/20 B300/36000 batch_loss=1.3902e-04
E14/20 B400/36000 batch_loss=1.2403e-04
E14/20 B500/36000 batch_loss=1.2604e-04
E14/20 B600/36000 batch_loss=1.3809e-04
E14/20 B700/36000 batch_loss=1.4732e-04
E14/20 B800/36000 batch_loss=1.2111e-04
E14/20 B900/36000 batch_loss=1.2216e-04
E14/20 B1000/36000 batch_loss=1.3808e-04
E14/20 B1100/36000 batch_loss=1.4106e-04
E14/20 B1200/36000 batch_loss=1.4088e-04
E14/20 B1300/36000 batch_loss=1.3559e-04
E14/20 B1400/36000 batch_loss=1.3647e-04
E14/20 B1500/36000 batch_loss=1.2170e-04
E14/20 B1600/36000 batch_loss=1.3330e-04
E14/20 B1700/36000 batch_loss=1.3175e-04
E14/20 B1800/36000 batch_loss=1.1708e-04
E14/20 B1900/36000 batch_loss=1.3769e-04
E14/20 B2000/36000 batch_loss=1.1726e-04
E14/20 B2100/36000 batch_loss=1.2322e-04
E14/20 B2200/36000 batch_loss=1.3542e-04
E14/20 B2300/36000 batch_loss=1.3789e-04
E14/20 B2400/36000 batch_loss=1.3802e-04
E14/20 B2500/36000 batch_loss=1.2770e-04
E14/20 B2600/36000 batch_loss=1.2118e-04
E14/20 B2700/36000 batch_loss=1.1596e-04
E14/20 B2800/36000 batch_loss=1.2827e-04
E14/20 B2900/36000 batch_loss=1.3381e-04
E14/20 B3000/36000 batch_loss=1.2746e-04
E14/20 B3100/36000 batch_loss=1.1516e-04
E14/20 B3200/36000 batch_loss=1.4607e-04
E14/20 B3300/36000 batch_loss=1.3221e-04
E14/20 B3400/36000 batch_loss=1.2835e-04
E14/20 B3500/36000 batch_loss=1.2733e-04
E14/20 B3600/36000 batch_loss=1.3154e-04
E14/20 B3700/36000 batch_loss=1.3857e-04
E14/20 B3800/36000 batch_loss=1.2844e-04
E14/20 B3900/36000 batch_loss=1.2135e-04
E14/20 B4000/36000 batch_loss=1.2927e-04
E14/20 B4100/36000 batch_loss=1.3788e-04
E14/20 B4200/36000 batch_loss=1.3515e-04
E14/20 B4300/36000 batch_loss=1.3661e-04
E14/20 B4400/36000 batch_loss=1.2512e-04
E14/20 B4500/36000 batch_loss=1.3094e-04
E14/20 B4600/36000 batch_loss=1.2132e-04
E14/20 B4700/36000 batch_loss=1.0965e-04
E14/20 B4800/36000 batch_loss=1.2159e-04
E14/20 B4900/36000 batch_loss=1.3834e-04
E14/20 B5000/36000 batch_loss=1.1277e-04
E14/20 B5100/36000 batch_loss=1.3875e-04
E14/20 B5200/36000 batch_loss=1.3098e-04
E14/20 B5300/36000 batch_loss=1.2681e-04
E14/20 B5400/36000 batch_loss=1.0859e-04
E14/20 B5500/36000 batch_loss=1.3402e-04
E14/20 B5600/36000 batch_loss=1.1175e-04
E14/20 B5700/36000 batch_loss=1.1386e-04
E14/20 B5800/36000 batch_loss=1.1256e-04
E14/20 B5900/36000 batch_loss=1.2583e-04
E14/20 B6000/36000 batch_loss=1.1190e-04
E14/20 B6100/36000 batch_loss=1.3112e-04
E14/20 B6200/36000 batch_loss=1.1323e-04
E14/20 B6300/36000 batch_loss=1.1763e-04
E14/20 B6400/36000 batch_loss=1.2832e-04
E14/20 B6500/36000 batch_loss=1.1535e-04
E14/20 B6600/36000 batch_loss=1.2183e-04
E14/20 B6700/36000 batch_loss=1.2865e-04
E14/20 B6800/36000 batch_loss=1.0891e-04
E14/20 B6900/36000 batch_loss=1.3367e-04
E14/20 B7000/36000 batch_loss=1.2768e-04
E14/20 B7100/36000 batch_loss=1.2125e-04
E14/20 B7200/36000 batch_loss=1.1691e-04
E14/20 B7300/36000 batch_loss=1.2469e-04
E14/20 B7400/36000 batch_loss=1.3015e-04
E14/20 B7500/36000 batch_loss=1.2456e-04
E14/20 B7600/36000 batch_loss=1.1714e-04
E14/20 B7700/36000 batch_loss=1.3687e-04
E14/20 B7800/36000 batch_loss=1.1001e-04
E14/20 B7900/36000 batch_loss=1.3658e-04
E14/20 B8000/36000 batch_loss=1.1926e-04
E14/20 B8100/36000 batch_loss=1.1619e-04
E14/20 B8200/36000 batch_loss=1.2360e-04
E14/20 B8300/36000 batch_loss=1.2801e-04
E14/20 B8400/36000 batch_loss=1.2791e-04
E14/20 B8500/36000 batch_loss=1.2132e-04
E14/20 B8600/36000 batch_loss=1.2667e-04
E14/20 B8700/36000 batch_loss=1.2889e-04
E14/20 B8800/36000 batch_loss=1.0790e-04
E14/20 B8900/36000 batch_loss=1.2496e-04
E14/20 B9000/36000 batch_loss=1.2813e-04
E14/20 B9100/36000 batch_loss=1.1034e-04
E14/20 B9200/36000 batch_loss=1.1963e-04
E14/20 B9300/36000 batch_loss=1.2308e-04
E14/20 B9400/36000 batch_loss=1.2739e-04
E14/20 B9500/36000 batch_loss=1.2414e-04
E14/20 B9600/36000 batch_loss=1.2890e-04
E14/20 B9700/36000 batch_loss=1.2679e-04
E14/20 B9800/36000 batch_loss=1.4571e-04
E14/20 B9900/36000 batch_loss=1.2608e-04
E14/20 B10000/36000 batch_loss=1.2551e-04
E14/20 B10100/36000 batch_loss=1.2366e-04
E14/20 B10200/36000 batch_loss=1.1173e-04
E14/20 B10300/36000 batch_loss=1.3169e-04
E14/20 B10400/36000 batch_loss=1.2644e-04
E14/20 B10500/36000 batch_loss=1.2675e-04
E14/20 B10600/36000 batch_loss=1.1215e-04
E14/20 B10700/36000 batch_loss=1.1802e-04
E14/20 B10800/36000 batch_loss=1.2800e-04
E14/20 B10900/36000 batch_loss=1.0867e-04
E14/20 B11000/36000 batch_loss=1.1019e-04
E14/20 B11100/36000 batch_loss=1.1699e-04
E14/20 B11200/36000 batch_loss=1.0347e-04
E14/20 B11300/36000 batch_loss=1.2248e-04
E14/20 B11400/36000 batch_loss=1.2716e-04
E14/20 B11500/36000 batch_loss=1.0711e-04
E14/20 B11600/36000 batch_loss=1.0545e-04
E14/20 B11700/36000 batch_loss=1.0308e-04
E14/20 B11800/36000 batch_loss=1.1693e-04
E14/20 B11900/36000 batch_loss=1.0666e-04
E14/20 B12000/36000 batch_loss=9.6475e-05
E14/20 B12100/36000 batch_loss=1.0047e-04
E14/20 B12200/36000 batch_loss=1.0707e-04
E14/20 B12300/36000 batch_loss=1.1585e-04
E14/20 B12400/36000 batch_loss=1.2138e-04
E14/20 B12500/36000 batch_loss=1.2457e-04
E14/20 B12600/36000 batch_loss=1.2026e-04
E14/20 B12700/36000 batch_loss=1.2152e-04
E14/20 B12800/36000 batch_loss=1.1351e-04
E14/20 B12900/36000 batch_loss=1.0650e-04
E14/20 B13000/36000 batch_loss=1.2447e-04
E14/20 B13100/36000 batch_loss=1.0665e-04
E14/20 B13200/36000 batch_loss=1.0059e-04
E14/20 B13300/36000 batch_loss=1.2617e-04
E14/20 B13400/36000 batch_loss=1.2043e-04
E14/20 B13500/36000 batch_loss=1.0794e-04
E14/20 B13600/36000 batch_loss=1.0604e-04
E14/20 B13700/36000 batch_loss=1.2546e-04
E14/20 B13800/36000 batch_loss=1.0032e-04
E14/20 B13900/36000 batch_loss=1.2212e-04
E14/20 B14000/36000 batch_loss=9.6700e-05
E14/20 B14100/36000 batch_loss=1.2379e-04
E14/20 B14200/36000 batch_loss=1.2530e-04
E14/20 B14300/36000 batch_loss=1.2043e-04
E14/20 B14400/36000 batch_loss=1.2021e-04
E14/20 B14500/36000 batch_loss=1.1909e-04
E14/20 B14600/36000 batch_loss=1.1522e-04
E14/20 B14700/36000 batch_loss=1.0814e-04
E14/20 B14800/36000 batch_loss=1.2310e-04
E14/20 B14900/36000 batch_loss=1.2780e-04
E14/20 B15000/36000 batch_loss=1.1787e-04
E14/20 B15100/36000 batch_loss=1.1579e-04
E14/20 B15200/36000 batch_loss=1.1755e-04
E14/20 B15300/36000 batch_loss=1.2178e-04
E14/20 B15400/36000 batch_loss=1.0996e-04
E14/20 B15500/36000 batch_loss=1.0208e-04
E14/20 B15600/36000 batch_loss=1.1865e-04
E14/20 B15700/36000 batch_loss=1.1824e-04
E14/20 B15800/36000 batch_loss=1.2746e-04
E14/20 B15900/36000 batch_loss=1.0300e-04
E14/20 B16000/36000 batch_loss=1.0008e-04
E14/20 B16100/36000 batch_loss=9.8034e-05
E14/20 B16200/36000 batch_loss=1.2028e-04
E14/20 B16300/36000 batch_loss=1.0089e-04
E14/20 B16400/36000 batch_loss=1.1695e-04
E14/20 B16500/36000 batch_loss=1.2271e-04
E14/20 B16600/36000 batch_loss=1.0303e-04
E14/20 B16700/36000 batch_loss=1.0404e-04
E14/20 B16800/36000 batch_loss=1.1558e-04
E14/20 B16900/36000 batch_loss=1.1604e-04
E14/20 B17000/36000 batch_loss=1.2072e-04
E14/20 B17100/36000 batch_loss=1.1739e-04
E14/20 B17200/36000 batch_loss=1.3313e-04
E14/20 B17300/36000 batch_loss=9.7540e-05
E14/20 B17400/36000 batch_loss=1.1666e-04
E14/20 B17500/36000 batch_loss=1.1005e-04
E14/20 B17600/36000 batch_loss=9.7854e-05
E14/20 B17700/36000 batch_loss=1.1928e-04
E14/20 B17800/36000 batch_loss=1.1294e-04
E14/20 B17900/36000 batch_loss=9.5923e-05
E14/20 B18000/36000 batch_loss=1.1577e-04
E14/20 B18100/36000 batch_loss=1.1760e-04
E14/20 B18200/36000 batch_loss=1.0069e-04
E14/20 B18300/36000 batch_loss=1.0266e-04
E14/20 B18400/36000 batch_loss=1.2120e-04
E14/20 B18500/36000 batch_loss=1.0139e-04
E14/20 B18600/36000 batch_loss=1.1683e-04
E14/20 B18700/36000 batch_loss=1.0464e-04
E14/20 B18800/36000 batch_loss=9.9426e-05
E14/20 B18900/36000 batch_loss=1.2424e-04
E14/20 B19000/36000 batch_loss=9.8412e-05
E14/20 B19100/36000 batch_loss=1.1649e-04
E14/20 B19200/36000 batch_loss=1.1328e-04
E14/20 B19300/36000 batch_loss=1.2354e-04
E14/20 B19400/36000 batch_loss=1.4386e-04
E14/20 B19500/36000 batch_loss=9.8637e-05
E14/20 B19600/36000 batch_loss=1.2288e-04
E14/20 B19700/36000 batch_loss=1.1916e-04
E14/20 B19800/36000 batch_loss=1.0002e-04
E14/20 B19900/36000 batch_loss=1.1209e-04
E14/20 B20000/36000 batch_loss=1.1950e-04
E14/20 B20100/36000 batch_loss=9.5381e-05
E14/20 B20200/36000 batch_loss=1.1716e-04
E14/20 B20300/36000 batch_loss=1.1914e-04
E14/20 B20400/36000 batch_loss=1.1580e-04
E14/20 B20500/36000 batch_loss=1.2230e-04
E14/20 B20600/36000 batch_loss=1.2045e-04
E14/20 B20700/36000 batch_loss=1.1842e-04
E14/20 B20800/36000 batch_loss=1.1940e-04
E14/20 B20900/36000 batch_loss=9.5946e-05
E14/20 B21000/36000 batch_loss=1.1599e-04
E14/20 B21100/36000 batch_loss=1.0690e-04
E14/20 B21200/36000 batch_loss=1.1194e-04
E14/20 B21300/36000 batch_loss=1.1675e-04
E14/20 B21400/36000 batch_loss=9.8824e-05
E14/20 B21500/36000 batch_loss=1.1351e-04
E14/20 B21600/36000 batch_loss=9.9189e-05
E14/20 B21700/36000 batch_loss=9.6488e-05
E14/20 B21800/36000 batch_loss=1.0004e-04
E14/20 B21900/36000 batch_loss=9.4121e-05
E14/20 B22000/36000 batch_loss=9.6453e-05
E14/20 B22100/36000 batch_loss=1.0631e-04
E14/20 B22200/36000 batch_loss=1.1683e-04
E14/20 B22300/36000 batch_loss=1.1494e-04
E14/20 B22400/36000 batch_loss=1.1408e-04
E14/20 B22500/36000 batch_loss=9.7681e-05
E14/20 B22600/36000 batch_loss=9.3833e-05
E14/20 B22700/36000 batch_loss=9.2752e-05
E14/20 B22800/36000 batch_loss=1.1697e-04
E14/20 B22900/36000 batch_loss=1.2046e-04
E14/20 B23000/36000 batch_loss=1.1389e-04
E14/20 B23100/36000 batch_loss=1.2232e-04
E14/20 B23200/36000 batch_loss=1.1760e-04
E14/20 B23300/36000 batch_loss=1.2051e-04
E14/20 B23400/36000 batch_loss=1.1529e-04
E14/20 B23500/36000 batch_loss=9.3271e-05
E14/20 B23600/36000 batch_loss=1.1623e-04
E14/20 B23700/36000 batch_loss=1.1631e-04
E14/20 B23800/36000 batch_loss=1.1205e-04
E14/20 B23900/36000 batch_loss=1.1933e-04
E14/20 B24000/36000 batch_loss=9.6633e-05
E14/20 B24100/36000 batch_loss=1.0699e-04
E14/20 B24200/36000 batch_loss=1.2164e-04
E14/20 B24300/36000 batch_loss=1.2264e-04
E14/20 B24400/36000 batch_loss=1.2283e-04
E14/20 B24500/36000 batch_loss=1.2025e-04
E14/20 B24600/36000 batch_loss=9.7077e-05
E14/20 B24700/36000 batch_loss=9.4863e-05
E14/20 B24800/36000 batch_loss=9.2649e-05
E14/20 B24900/36000 batch_loss=9.8237e-05
E14/20 B25000/36000 batch_loss=9.6624e-05
E14/20 B25100/36000 batch_loss=9.5080e-05
E14/20 B25200/36000 batch_loss=1.1792e-04
E14/20 B25300/36000 batch_loss=1.1542e-04
E14/20 B25400/36000 batch_loss=1.1690e-04
E14/20 B25500/36000 batch_loss=1.0758e-04
E14/20 B25600/36000 batch_loss=1.0600e-04
E14/20 B25700/36000 batch_loss=9.6807e-05
E14/20 B25800/36000 batch_loss=9.2574e-05
E14/20 B25900/36000 batch_loss=1.1502e-04
E14/20 B26000/36000 batch_loss=9.3829e-05
E14/20 B26100/36000 batch_loss=1.2599e-04
E14/20 B26200/36000 batch_loss=9.1428e-05
E14/20 B26300/36000 batch_loss=1.2078e-04
E14/20 B26400/36000 batch_loss=1.1640e-04
E14/20 B26500/36000 batch_loss=9.8400e-05
E14/20 B26600/36000 batch_loss=9.9625e-05
E14/20 B26700/36000 batch_loss=1.1921e-04
E14/20 B26800/36000 batch_loss=9.8693e-05
E14/20 B26900/36000 batch_loss=9.1090e-05
E14/20 B27000/36000 batch_loss=1.1427e-04
E14/20 B27100/36000 batch_loss=1.1804e-04
E14/20 B27200/36000 batch_loss=9.6930e-05
E14/20 B27300/36000 batch_loss=1.0435e-04
E14/20 B27400/36000 batch_loss=9.6356e-05
E14/20 B27500/36000 batch_loss=1.1315e-04
E14/20 B27600/36000 batch_loss=1.1688e-04
E14/20 B27700/36000 batch_loss=1.1231e-04
E14/20 B27800/36000 batch_loss=9.1595e-05
E14/20 B27900/36000 batch_loss=8.6544e-05
E14/20 B28000/36000 batch_loss=1.0663e-04
E14/20 B28100/36000 batch_loss=9.1972e-05
E14/20 B28200/36000 batch_loss=9.6937e-05
E14/20 B28300/36000 batch_loss=1.1837e-04
E14/20 B28400/36000 batch_loss=9.8719e-05
E14/20 B28500/36000 batch_loss=1.1559e-04
E14/20 B28600/36000 batch_loss=1.2188e-04
E14/20 B28700/36000 batch_loss=1.1318e-04
E14/20 B28800/36000 batch_loss=1.1724e-04
E14/20 B28900/36000 batch_loss=1.2222e-04
E14/20 B29000/36000 batch_loss=9.7476e-05
E14/20 B29100/36000 batch_loss=1.1289e-04
E14/20 B29200/36000 batch_loss=1.0470e-04
E14/20 B29300/36000 batch_loss=1.1587e-04
E14/20 B29400/36000 batch_loss=1.1135e-04
E14/20 B29500/36000 batch_loss=1.1490e-04
E14/20 B29600/36000 batch_loss=9.5035e-05
E14/20 B29700/36000 batch_loss=8.8013e-05
E14/20 B29800/36000 batch_loss=9.1937e-05
E14/20 B29900/36000 batch_loss=9.5747e-05
E14/20 B30000/36000 batch_loss=9.5260e-05
E14/20 B30100/36000 batch_loss=1.0857e-04
E14/20 B30200/36000 batch_loss=1.1554e-04
E14/20 B30300/36000 batch_loss=1.1028e-04
E14/20 B30400/36000 batch_loss=1.0760e-04
E14/20 B30500/36000 batch_loss=8.7232e-05
E14/20 B30600/36000 batch_loss=1.1484e-04
E14/20 B30700/36000 batch_loss=9.4147e-05
E14/20 B30800/36000 batch_loss=1.0105e-04
E14/20 B30900/36000 batch_loss=8.7539e-05
E14/20 B31000/36000 batch_loss=1.1398e-04
E14/20 B31100/36000 batch_loss=1.0941e-04
E14/20 B31200/36000 batch_loss=1.1054e-04
E14/20 B31300/36000 batch_loss=9.3130e-05
E14/20 B31400/36000 batch_loss=1.1350e-04
E14/20 B31500/36000 batch_loss=1.0633e-04
E14/20 B31600/36000 batch_loss=1.1657e-04
E14/20 B31700/36000 batch_loss=1.1329e-04
E14/20 B31800/36000 batch_loss=9.0452e-05
E14/20 B31900/36000 batch_loss=1.1895e-04
E14/20 B32000/36000 batch_loss=1.0754e-04
E14/20 B32100/36000 batch_loss=1.1443e-04
E14/20 B32200/36000 batch_loss=9.8694e-05
E14/20 B32300/36000 batch_loss=8.9391e-05
E14/20 B32400/36000 batch_loss=1.1623e-04
E14/20 B32500/36000 batch_loss=1.2026e-04
E14/20 B32600/36000 batch_loss=1.1099e-04
E14/20 B32700/36000 batch_loss=1.1087e-04
E14/20 B32800/36000 batch_loss=1.1615e-04
E14/20 B32900/36000 batch_loss=1.1076e-04
E14/20 B33000/36000 batch_loss=8.8180e-05
E14/20 B33100/36000 batch_loss=1.1326e-04
E14/20 B33200/36000 batch_loss=9.6647e-05
E14/20 B33300/36000 batch_loss=1.1429e-04
E14/20 B33400/36000 batch_loss=9.2718e-05
E14/20 B33500/36000 batch_loss=8.8015e-05
E14/20 B33600/36000 batch_loss=9.6305e-05
E14/20 B33700/36000 batch_loss=8.8955e-05
E14/20 B33800/36000 batch_loss=8.6342e-05
E14/20 B33900/36000 batch_loss=9.6908e-05
E14/20 B34000/36000 batch_loss=1.1288e-04
E14/20 B34100/36000 batch_loss=8.5460e-05
E14/20 B34200/36000 batch_loss=9.3095e-05
E14/20 B34300/36000 batch_loss=1.1329e-04
E14/20 B34400/36000 batch_loss=1.1382e-04
E14/20 B34500/36000 batch_loss=8.8495e-05
E14/20 B34600/36000 batch_loss=1.2029e-04
E14/20 B34700/36000 batch_loss=1.0943e-04
E14/20 B34800/36000 batch_loss=9.3392e-05
E14/20 B34900/36000 batch_loss=9.3217e-05
E14/20 B35000/36000 batch_loss=1.0953e-04
E14/20 B35100/36000 batch_loss=9.3915e-05
E14/20 B35200/36000 batch_loss=1.1375e-04
E14/20 B35300/36000 batch_loss=1.1092e-04
E14/20 B35400/36000 batch_loss=1.1486e-04
E14/20 B35500/36000 batch_loss=1.1447e-04
E14/20 B35600/36000 batch_loss=1.0877e-04
E14/20 B35700/36000 batch_loss=8.6501e-05
E14/20 B35800/36000 batch_loss=9.0973e-05
E14/20 B35900/36000 batch_loss=1.0582e-04
E14/20 B36000/36000 batch_loss=9.1501e-05
2026-07-04 06:36:41,412 | INFO | Saved 10 diagnostic panel(s) under D:\Research\NO-2D-Metamaterials\MODELS\training_runs\NO_I3O5_BCF16_NMSE_HC128_LR2e-03_WD0e+00_SS1_G9e-01_ch0u_260701\diagnostics\epoch_014
epoch=14/20 loss=mse train_mse=1.129085e-04 val_mse=1.036573e-04 train_mae=5.337867e-03 val_mae=5.104991e-03 train_mse=1.129085e-04 val_mse=1.036573e-04 lr=1.620e-03 train_sps=1469.9
2026-07-04 06:36:42,561 | INFO | epoch=14/20 loss=mse train_mse=1.129085e-04 val_mse=1.036573e-04 train_mae=5.337867e-03 val_mae=5.104991e-03 train_mse=1.129085e-04 val_mse=1.036573e-04 lr=1.620e-03 train_sps=1469.9
2026-07-04 06:36:42,561 | INFO | epoch=14/20 loss_ch_mse train=1.499e-05 1.220e-04 1.224e-04 1.581e-04 1.471e-04 val=1.932e-05 1.106e-04 1.111e-04 1.435e-04 1.337e-04
2026-07-04 06:36:42,561 | INFO | epoch=14/20 mae_ch train=1.791e-03 5.902e-03 5.827e-03 6.696e-03 6.472e-03 val=1.935e-03 5.524e-03 5.540e-03 6.247e-03 6.279e-03 mse_ch train=1.499e-05 1.220e-04 1.224e-04 1.581e-04 1.471e-04 val=1.932e-05 1.106e-04 1.111e-04 1.435e-04 1.337e-04
Epoch 14/20 done | loss=mse train=1.1291e-04 val=1.0366e-04 mae=5.1050e-03 mse=1.0366e-04 lr=1.62e-03
E15/20 B100/36000 batch_loss=1.0373e-04
E15/20 B200/36000 batch_loss=9.0732e-05
E15/20 B300/36000 batch_loss=8.9215e-05
E15/20 B400/36000 batch_loss=9.2516e-05
E15/20 B500/36000 batch_loss=8.6778e-05
E15/20 B600/36000 batch_loss=9.6517e-05
E15/20 B700/36000 batch_loss=1.0557e-04
E15/20 B800/36000 batch_loss=9.1190e-05
E15/20 B900/36000 batch_loss=8.9537e-05
E15/20 B1000/36000 batch_loss=1.0464e-04
E15/20 B1100/36000 batch_loss=1.0494e-04
E15/20 B1200/36000 batch_loss=1.1191e-04
E15/20 B1300/36000 batch_loss=8.8441e-05
E15/20 B1400/36000 batch_loss=1.2961e-04
E15/20 B1500/36000 batch_loss=1.0638e-04
E15/20 B1600/36000 batch_loss=1.0377e-04
E15/20 B1700/36000 batch_loss=1.0906e-04
E15/20 B1800/36000 batch_loss=1.1612e-04
E15/20 B1900/36000 batch_loss=9.0116e-05
E15/20 B2000/36000 batch_loss=1.0901e-04
E15/20 B2100/36000 batch_loss=1.1535e-04
E15/20 B2200/36000 batch_loss=8.7166e-05
E15/20 B2300/36000 batch_loss=1.0830e-04
E15/20 B2400/36000 batch_loss=1.0925e-04
E15/20 B2500/36000 batch_loss=8.3989e-05
E15/20 B2600/36000 batch_loss=9.1150e-05
E15/20 B2700/36000 batch_loss=1.0674e-04
E15/20 B2800/36000 batch_loss=1.0935e-04
E15/20 B2900/36000 batch_loss=8.5897e-05
E15/20 B3000/36000 batch_loss=8.7592e-05
E15/20 B3100/36000 batch_loss=1.0193e-04
E15/20 B3200/36000 batch_loss=1.0664e-04
E15/20 B3300/36000 batch_loss=1.0470e-04
E15/20 B3400/36000 batch_loss=1.0283e-04
E15/20 B3500/36000 batch_loss=8.8909e-05
E15/20 B3600/36000 batch_loss=1.0447e-04
E15/20 B3700/36000 batch_loss=9.1292e-05
E15/20 B3800/36000 batch_loss=8.7832e-05
E15/20 B3900/36000 batch_loss=1.0400e-04
E15/20 B4000/36000 batch_loss=1.0872e-04
E15/20 B4100/36000 batch_loss=1.0675e-04
E15/20 B4200/36000 batch_loss=1.0501e-04
E15/20 B4300/36000 batch_loss=1.0903e-04
E15/20 B4400/36000 batch_loss=9.0255e-05
E15/20 B4500/36000 batch_loss=8.5745e-05
E15/20 B4600/36000 batch_loss=1.1817e-04
E15/20 B4700/36000 batch_loss=1.1228e-04
E15/20 B4800/36000 batch_loss=1.0734e-04
E15/20 B4900/36000 batch_loss=9.0348e-05
E15/20 B5000/36000 batch_loss=1.0972e-04
E15/20 B5100/36000 batch_loss=1.0450e-04
E15/20 B5200/36000 batch_loss=9.0214e-05
E15/20 B5300/36000 batch_loss=8.7125e-05
E15/20 B5400/36000 batch_loss=1.0481e-04
E15/20 B5500/36000 batch_loss=8.4681e-05
E15/20 B5600/36000 batch_loss=8.8103e-05
E15/20 B5700/36000 batch_loss=1.1781e-04
E15/20 B5800/36000 batch_loss=1.0969e-04
E15/20 B5900/36000 batch_loss=1.1007e-04
E15/20 B6000/36000 batch_loss=1.0727e-04
E15/20 B6100/36000 batch_loss=1.0816e-04
E15/20 B6200/36000 batch_loss=8.4673e-05
E15/20 B6300/36000 batch_loss=8.6475e-05
E15/20 B6400/36000 batch_loss=8.5249e-05
E15/20 B6500/36000 batch_loss=9.5456e-05
E15/20 B6600/36000 batch_loss=9.8183e-05
E15/20 B6700/36000 batch_loss=1.1866e-04
E15/20 B6800/36000 batch_loss=8.3383e-05
E15/20 B6900/36000 batch_loss=8.6909e-05
E15/20 B7000/36000 batch_loss=1.1165e-04
E15/20 B7100/36000 batch_loss=1.0794e-04
E15/20 B7200/36000 batch_loss=1.1271e-04
E15/20 B7300/36000 batch_loss=1.0943e-04
E15/20 B7400/36000 batch_loss=1.0819e-04
E15/20 B7500/36000 batch_loss=1.0528e-04
E15/20 B7600/36000 batch_loss=8.4777e-05
E15/20 B7700/36000 batch_loss=1.0806e-04
E15/20 B7800/36000 batch_loss=9.7350e-05
E15/20 B7900/36000 batch_loss=8.7196e-05
E15/20 B8000/36000 batch_loss=8.8950e-05
E15/20 B8100/36000 batch_loss=8.4056e-05
E15/20 B8200/36000 batch_loss=7.8760e-05
E15/20 B8300/36000 batch_loss=1.1511e-04
E15/20 B8400/36000 batch_loss=1.0348e-04
E15/20 B8500/36000 batch_loss=8.5065e-05
E15/20 B8600/36000 batch_loss=8.8020e-05
E15/20 B8700/36000 batch_loss=8.8487e-05
E15/20 B8800/36000 batch_loss=1.1891e-04
E15/20 B8900/36000 batch_loss=1.2859e-04
E15/20 B9000/36000 batch_loss=1.0823e-04
E15/20 B9100/36000 batch_loss=8.4065e-05
E15/20 B9200/36000 batch_loss=8.7211e-05
E15/20 B9300/36000 batch_loss=1.0735e-04
E15/20 B9400/36000 batch_loss=1.0568e-04
E15/20 B9500/36000 batch_loss=7.9813e-05
E15/20 B9600/36000 batch_loss=8.7923e-05
E15/20 B9700/36000 batch_loss=8.6993e-05
E15/20 B9800/36000 batch_loss=8.9833e-05
E15/20 B9900/36000 batch_loss=1.0599e-04
E15/20 B10000/36000 batch_loss=1.0683e-04
E15/20 B10100/36000 batch_loss=8.7637e-05
E15/20 B10200/36000 batch_loss=8.2667e-05
E15/20 B10300/36000 batch_loss=1.0975e-04
E15/20 B10400/36000 batch_loss=1.1950e-04
E15/20 B10500/36000 batch_loss=7.6190e-05
E15/20 B10600/36000 batch_loss=1.0625e-04
E15/20 B10700/36000 batch_loss=1.1388e-04
E15/20 B10800/36000 batch_loss=8.4962e-05
E15/20 B10900/36000 batch_loss=7.7253e-05
E15/20 B11000/36000 batch_loss=8.0412e-05
E15/20 B11100/36000 batch_loss=8.4496e-05
E15/20 B11200/36000 batch_loss=8.7372e-05
E15/20 B11300/36000 batch_loss=8.5128e-05
E15/20 B11400/36000 batch_loss=9.2013e-05
E15/20 B11500/36000 batch_loss=1.0122e-04
E15/20 B11600/36000 batch_loss=8.3189e-05
E15/20 B11700/36000 batch_loss=9.0492e-05
E15/20 B11800/36000 batch_loss=8.3711e-05
E15/20 B11900/36000 batch_loss=8.7827e-05
E15/20 B12000/36000 batch_loss=1.0662e-04
E15/20 B12100/36000 batch_loss=8.7019e-05
E15/20 B12200/36000 batch_loss=1.1367e-04
E15/20 B12300/36000 batch_loss=1.1218e-04
E15/20 B12400/36000 batch_loss=1.0567e-04
E15/20 B12500/36000 batch_loss=1.1055e-04
E15/20 B12600/36000 batch_loss=8.1559e-05
E15/20 B12700/36000 batch_loss=1.0370e-04
E15/20 B12800/36000 batch_loss=9.9564e-05
E15/20 B12900/36000 batch_loss=8.2302e-05
E15/20 B13000/36000 batch_loss=1.2568e-04
E15/20 B13100/36000 batch_loss=8.2533e-05
E15/20 B13200/36000 batch_loss=8.0523e-05
E15/20 B13300/36000 batch_loss=1.0118e-04
E15/20 B13400/36000 batch_loss=1.1939e-04
E15/20 B13500/36000 batch_loss=8.0275e-05
E15/20 B13600/36000 batch_loss=7.9137e-05
E15/20 B13700/36000 batch_loss=8.1305e-05
E15/20 B13800/36000 batch_loss=7.4670e-05
E15/20 B13900/36000 batch_loss=1.0705e-04
E15/20 B14000/36000 batch_loss=1.0928e-04
E15/20 B14100/36000 batch_loss=1.0343e-04
E15/20 B14200/36000 batch_loss=8.7415e-05
E15/20 B14300/36000 batch_loss=1.0120e-04
E15/20 B14400/36000 batch_loss=1.0141e-04
E15/20 B14500/36000 batch_loss=1.0862e-04
E15/20 B14600/36000 batch_loss=8.0634e-05
E15/20 B14700/36000 batch_loss=1.0410e-04
E15/20 B14800/36000 batch_loss=1.0676e-04
E15/20 B14900/36000 batch_loss=1.0247e-04
E15/20 B15000/36000 batch_loss=1.1575e-04
E15/20 B15100/36000 batch_loss=8.3862e-05
E15/20 B15200/36000 batch_loss=1.0736e-04
E15/20 B15300/36000 batch_loss=9.2252e-05
E15/20 B15400/36000 batch_loss=1.0952e-04
E15/20 B15500/36000 batch_loss=1.1691e-04
E15/20 B15600/36000 batch_loss=1.0457e-04
E15/20 B15700/36000 batch_loss=1.1083e-04
E15/20 B15800/36000 batch_loss=8.3646e-05
E15/20 B15900/36000 batch_loss=8.8137e-05
E15/20 B16000/36000 batch_loss=9.9464e-05
E15/20 B16100/36000 batch_loss=8.3345e-05
E15/20 B16200/36000 batch_loss=8.4890e-05
E15/20 B16300/36000 batch_loss=1.0948e-04
E15/20 B16400/36000 batch_loss=8.3829e-05
E15/20 B16500/36000 batch_loss=8.2342e-05
E15/20 B16600/36000 batch_loss=8.6325e-05
E15/20 B16700/36000 batch_loss=8.0811e-05
E15/20 B16800/36000 batch_loss=8.3724e-05
E15/20 B16900/36000 batch_loss=7.9252e-05
E15/20 B17000/36000 batch_loss=1.0774e-04
E15/20 B17100/36000 batch_loss=1.0516e-04
E15/20 B17200/36000 batch_loss=8.2718e-05
E15/20 B17300/36000 batch_loss=1.0313e-04
E15/20 B17400/36000 batch_loss=7.7847e-05
E15/20 B17500/36000 batch_loss=7.8141e-05
E15/20 B17600/36000 batch_loss=1.0768e-04
E15/20 B17700/36000 batch_loss=1.0277e-04
E15/20 B17800/36000 batch_loss=1.0000e-04
E15/20 B17900/36000 batch_loss=1.0876e-04
E15/20 B18000/36000 batch_loss=1.1889e-04
E15/20 B18100/36000 batch_loss=8.5010e-05
E15/20 B18200/36000 batch_loss=8.4837e-05
E15/20 B18300/36000 batch_loss=1.0489e-04
E15/20 B18400/36000 batch_loss=9.1042e-05
E15/20 B18500/36000 batch_loss=1.1794e-04
E15/20 B18600/36000 batch_loss=9.7625e-05
E15/20 B18700/36000 batch_loss=1.0757e-04
E15/20 B18800/36000 batch_loss=7.9367e-05
E15/20 B18900/36000 batch_loss=7.9954e-05
E15/20 B19000/36000 batch_loss=1.0573e-04
E15/20 B19100/36000 batch_loss=8.8662e-05
E15/20 B19200/36000 batch_loss=1.1823e-04
E15/20 B19300/36000 batch_loss=1.0901e-04
E15/20 B19400/36000 batch_loss=1.0387e-04
E15/20 B19500/36000 batch_loss=1.1147e-04
E15/20 B19600/36000 batch_loss=1.0947e-04
E15/20 B19700/36000 batch_loss=8.4395e-05
E15/20 B19800/36000 batch_loss=8.4834e-05
E15/20 B19900/36000 batch_loss=1.1323e-04
E15/20 B20000/36000 batch_loss=1.0094e-04
E15/20 B20100/36000 batch_loss=7.5846e-05
E15/20 B20200/36000 batch_loss=1.2561e-04
E15/20 B20300/36000 batch_loss=1.0023e-04
E15/20 B20400/36000 batch_loss=1.0346e-04
E15/20 B20500/36000 batch_loss=7.8870e-05
E15/20 B20600/36000 batch_loss=7.8321e-05
E15/20 B20700/36000 batch_loss=1.0591e-04
E15/20 B20800/36000 batch_loss=1.0353e-04
E15/20 B20900/36000 batch_loss=7.9853e-05
E15/20 B21000/36000 batch_loss=1.0530e-04
E15/20 B21100/36000 batch_loss=1.0201e-04
E15/20 B21200/36000 batch_loss=7.7022e-05
E15/20 B21300/36000 batch_loss=1.0419e-04
E15/20 B21400/36000 batch_loss=8.6057e-05
E15/20 B21500/36000 batch_loss=7.8977e-05
E15/20 B21600/36000 batch_loss=1.0055e-04
E15/20 B21700/36000 batch_loss=1.0158e-04
E15/20 B21800/36000 batch_loss=1.0219e-04
E15/20 B21900/36000 batch_loss=1.0715e-04
E15/20 B22000/36000 batch_loss=7.8178e-05
E15/20 B22100/36000 batch_loss=7.7345e-05
E15/20 B22200/36000 batch_loss=1.0115e-04
E15/20 B22300/36000 batch_loss=1.1126e-04
E15/20 B22400/36000 batch_loss=1.0572e-04
E15/20 B22500/36000 batch_loss=1.0449e-04
E15/20 B22600/36000 batch_loss=8.8401e-05
E15/20 B22700/36000 batch_loss=7.9584e-05
E15/20 B22800/36000 batch_loss=1.0708e-04
E15/20 B22900/36000 batch_loss=9.6045e-05
E15/20 B23000/36000 batch_loss=7.9473e-05
E15/20 B23100/36000 batch_loss=9.7840e-05
E15/20 B23200/36000 batch_loss=1.0145e-04
E15/20 B23300/36000 batch_loss=1.0347e-04
E15/20 B23400/36000 batch_loss=1.0312e-04
E15/20 B23500/36000 batch_loss=7.5781e-05
E15/20 B23600/36000 batch_loss=7.9834e-05
E15/20 B23700/36000 batch_loss=8.3469e-05
E15/20 B23800/36000 batch_loss=8.2119e-05
E15/20 B23900/36000 batch_loss=9.6016e-05
E15/20 B24000/36000 batch_loss=7.9257e-05
E15/20 B24100/36000 batch_loss=8.3295e-05
E15/20 B24200/36000 batch_loss=9.9137e-05
E15/20 B24300/36000 batch_loss=8.7897e-05
E15/20 B24400/36000 batch_loss=7.5078e-05
E15/20 B24500/36000 batch_loss=7.9993e-05
E15/20 B24600/36000 batch_loss=8.2509e-05
E15/20 B24700/36000 batch_loss=8.1279e-05
E15/20 B24800/36000 batch_loss=7.6313e-05
E15/20 B24900/36000 batch_loss=1.0445e-04
E15/20 B25000/36000 batch_loss=8.0222e-05
E15/20 B25100/36000 batch_loss=7.4502e-05
E15/20 B25200/36000 batch_loss=8.0895e-05
E15/20 B25300/36000 batch_loss=1.0027e-04
E15/20 B25400/36000 batch_loss=7.6449e-05
E15/20 B25500/36000 batch_loss=7.7908e-05
E15/20 B25600/36000 batch_loss=1.1011e-04
E15/20 B25700/36000 batch_loss=1.0752e-04
E15/20 B25800/36000 batch_loss=1.1176e-04
E15/20 B25900/36000 batch_loss=8.6817e-05
E15/20 B26000/36000 batch_loss=8.1662e-05
E15/20 B26100/36000 batch_loss=9.7289e-05
E15/20 B26200/36000 batch_loss=1.0512e-04
E15/20 B26300/36000 batch_loss=1.0119e-04
E15/20 B26400/36000 batch_loss=8.2814e-05
E15/20 B26500/36000 batch_loss=9.8525e-05
E15/20 B26600/36000 batch_loss=1.0716e-04
E15/20 B26700/36000 batch_loss=1.0626e-04
E15/20 B26800/36000 batch_loss=8.4894e-05
E15/20 B26900/36000 batch_loss=8.0551e-05
E15/20 B27000/36000 batch_loss=9.6009e-05
E15/20 B27100/36000 batch_loss=8.2823e-05
E15/20 B27200/36000 batch_loss=8.1687e-05
E15/20 B27300/36000 batch_loss=1.1106e-04
E15/20 B27400/36000 batch_loss=8.1066e-05
E15/20 B27500/36000 batch_loss=1.0378e-04
E15/20 B27600/36000 batch_loss=1.0462e-04
E15/20 B27700/36000 batch_loss=7.5166e-05
E15/20 B27800/36000 batch_loss=1.0243e-04
E15/20 B27900/36000 batch_loss=7.6767e-05
E15/20 B28000/36000 batch_loss=1.0268e-04
E15/20 B28100/36000 batch_loss=8.4346e-05
E15/20 B28200/36000 batch_loss=7.9818e-05
E15/20 B28300/36000 batch_loss=1.0243e-04
E15/20 B28400/36000 batch_loss=8.3013e-05
E15/20 B28500/36000 batch_loss=1.0230e-04
E15/20 B28600/36000 batch_loss=1.0291e-04
E15/20 B28700/36000 batch_loss=7.7153e-05
E15/20 B28800/36000 batch_loss=1.1269e-04
E15/20 B28900/36000 batch_loss=9.1623e-05
E15/20 B29000/36000 batch_loss=8.1076e-05
E15/20 B29100/36000 batch_loss=8.3991e-05
E15/20 B29200/36000 batch_loss=1.0939e-04
E15/20 B29300/36000 batch_loss=9.8890e-05
E15/20 B29400/36000 batch_loss=8.3289e-05
E15/20 B29500/36000 batch_loss=1.0956e-04
E15/20 B29600/36000 batch_loss=1.0280e-04
E15/20 B29700/36000 batch_loss=7.6674e-05
E15/20 B29800/36000 batch_loss=1.0745e-04
E15/20 B29900/36000 batch_loss=9.8043e-05
E15/20 B30000/36000 batch_loss=8.6151e-05
E15/20 B30100/36000 batch_loss=1.0474e-04
E15/20 B30200/36000 batch_loss=8.1193e-05
E15/20 B30300/36000 batch_loss=6.8366e-05
E15/20 B30400/36000 batch_loss=8.1359e-05
E15/20 B30500/36000 batch_loss=8.2069e-05
E15/20 B30600/36000 batch_loss=8.3461e-05
E15/20 B30700/36000 batch_loss=9.3345e-05
E15/20 B30800/36000 batch_loss=7.3759e-05
E15/20 B30900/36000 batch_loss=9.6335e-05
E15/20 B31000/36000 batch_loss=1.0517e-04
E15/20 B31100/36000 batch_loss=7.7214e-05
E15/20 B31200/36000 batch_loss=1.0386e-04
E15/20 B31300/36000 batch_loss=7.7876e-05
E15/20 B31400/36000 batch_loss=7.9030e-05
E15/20 B31500/36000 batch_loss=7.5437e-05
E15/20 B31600/36000 batch_loss=7.6828e-05
E15/20 B31700/36000 batch_loss=9.7227e-05
E15/20 B31800/36000 batch_loss=8.8337e-05
E15/20 B31900/36000 batch_loss=7.2232e-05
E15/20 B32000/36000 batch_loss=7.8391e-05
E15/20 B32100/36000 batch_loss=7.4693e-05
E15/20 B32200/36000 batch_loss=1.0157e-04
E15/20 B32300/36000 batch_loss=9.9834e-05
E15/20 B32400/36000 batch_loss=1.0060e-04
E15/20 B32500/36000 batch_loss=7.9208e-05
E15/20 B32600/36000 batch_loss=1.0461e-04
E15/20 B32700/36000 batch_loss=9.8596e-05
E15/20 B32800/36000 batch_loss=1.0345e-04
E15/20 B32900/36000 batch_loss=7.7399e-05
E15/20 B33000/36000 batch_loss=7.5204e-05
E15/20 B33100/36000 batch_loss=9.5485e-05
E15/20 B33200/36000 batch_loss=7.7803e-05
E15/20 B33300/36000 batch_loss=1.0262e-04
E15/20 B33400/36000 batch_loss=1.0732e-04
E15/20 B33500/36000 batch_loss=1.0482e-04
E15/20 B33600/36000 batch_loss=9.5000e-05
E15/20 B33700/36000 batch_loss=1.0275e-04
E15/20 B33800/36000 batch_loss=9.9961e-05
E15/20 B33900/36000 batch_loss=6.8382e-05
E15/20 B34000/36000 batch_loss=7.9838e-05
E15/20 B34100/36000 batch_loss=7.7732e-05
E15/20 B34200/36000 batch_loss=1.0417e-04
E15/20 B34300/36000 batch_loss=7.3364e-05
E15/20 B34400/36000 batch_loss=7.9172e-05
E15/20 B34500/36000 batch_loss=9.4358e-05
E15/20 B34600/36000 batch_loss=1.0075e-04
E15/20 B34700/36000 batch_loss=8.1617e-05
E15/20 B34800/36000 batch_loss=1.0812e-04
E15/20 B34900/36000 batch_loss=1.0394e-04
E15/20 B35000/36000 batch_loss=7.3953e-05
E15/20 B35100/36000 batch_loss=7.6934e-05
E15/20 B35200/36000 batch_loss=1.0481e-04
E15/20 B35300/36000 batch_loss=7.2575e-05
E15/20 B35400/36000 batch_loss=8.1736e-05
E15/20 B35500/36000 batch_loss=7.9389e-05
E15/20 B35600/36000 batch_loss=8.8760e-05
E15/20 B35700/36000 batch_loss=9.3479e-05
E15/20 B35800/36000 batch_loss=7.6379e-05
E15/20 B35900/36000 batch_loss=1.1048e-04
E15/20 B36000/36000 batch_loss=9.7864e-05
2026-07-04 10:25:39,854 | INFO | Saved 10 diagnostic panel(s) under D:\Research\NO-2D-Metamaterials\MODELS\training_runs\NO_I3O5_BCF16_NMSE_HC128_LR2e-03_WD0e+00_SS1_G9e-01_ch0u_260701\diagnostics\epoch_015
epoch=15/20 loss=mse train_mse=9.466389e-05 val_mse=9.346849e-05 train_mae=4.730314e-03 val_mae=4.566787e-03 train_mse=9.466389e-05 val_mse=9.346849e-05 lr=1.458e-03 train_sps=1463.1
2026-07-04 10:25:41,050 | INFO | epoch=15/20 loss=mse train_mse=9.466389e-05 val_mse=9.346849e-05 train_mae=4.730314e-03 val_mae=4.566787e-03 train_mse=9.466389e-05 val_mse=9.346849e-05 lr=1.458e-03 train_sps=1463.1
2026-07-04 10:25:41,050 | INFO | epoch=15/20 loss_ch_mse train=9.966e-06 1.031e-04 1.026e-04 1.337e-04 1.240e-04 val=2.447e-05 9.918e-05 9.743e-05 1.281e-04 1.182e-04
2026-07-04 10:25:41,051 | INFO | epoch=15/20 mae_ch train=1.523e-03 5.279e-03 5.196e-03 5.938e-03 5.716e-03 val=1.462e-03 5.170e-03 4.997e-03 5.715e-03 5.490e-03 mse_ch train=9.966e-06 1.031e-04 1.026e-04 1.337e-04 1.240e-04 val=2.447e-05 9.918e-05 9.743e-05 1.281e-04 1.182e-04
Epoch 15/20 done | loss=mse train=9.4664e-05 val=9.3468e-05 mae=4.5668e-03 mse=9.3468e-05 lr=1.46e-03
E16/20 B100/36000 batch_loss=9.5920e-05
E16/20 B200/36000 batch_loss=8.8169e-05
E16/20 B300/36000 batch_loss=9.8222e-05
E16/20 B400/36000 batch_loss=6.7514e-05
E16/20 B500/36000 batch_loss=1.0444e-04
E16/20 B600/36000 batch_loss=7.3379e-05
E16/20 B700/36000 batch_loss=1.0023e-04
E16/20 B800/36000 batch_loss=8.1693e-05
E16/20 B900/36000 batch_loss=1.0862e-04
E16/20 B1000/36000 batch_loss=7.1277e-05
E16/20 B1100/36000 batch_loss=9.8560e-05
E16/20 B1200/36000 batch_loss=7.1514e-05
E16/20 B1300/36000 batch_loss=9.7709e-05
E16/20 B1400/36000 batch_loss=8.0354e-05
E16/20 B1500/36000 batch_loss=9.7610e-05
E16/20 B1600/36000 batch_loss=7.9338e-05
E16/20 B1700/36000 batch_loss=8.1156e-05
E16/20 B1800/36000 batch_loss=9.4603e-05
E16/20 B1900/36000 batch_loss=9.6616e-05
E16/20 B2000/36000 batch_loss=8.2096e-05
E16/20 B2100/36000 batch_loss=9.4829e-05
E16/20 B2200/36000 batch_loss=1.0901e-04
E16/20 B2300/36000 batch_loss=7.7918e-05
E16/20 B2400/36000 batch_loss=9.8241e-05
E16/20 B2500/36000 batch_loss=1.0178e-04
E16/20 B2600/36000 batch_loss=1.0973e-04
E16/20 B2700/36000 batch_loss=1.1136e-04
E16/20 B2800/36000 batch_loss=7.9132e-05
E16/20 B2900/36000 batch_loss=9.5518e-05
E16/20 B3000/36000 batch_loss=9.4971e-05
E16/20 B3100/36000 batch_loss=1.0925e-04
E16/20 B3200/36000 batch_loss=9.6616e-05
E16/20 B3300/36000 batch_loss=7.8127e-05
E16/20 B3400/36000 batch_loss=8.1235e-05
E16/20 B3500/36000 batch_loss=1.0112e-04
E16/20 B3600/36000 batch_loss=1.0249e-04
E16/20 B3700/36000 batch_loss=9.1493e-05
E16/20 B3800/36000 batch_loss=1.0140e-04
E16/20 B3900/36000 batch_loss=7.7849e-05
E16/20 B4000/36000 batch_loss=1.0631e-04
E16/20 B4100/36000 batch_loss=7.8576e-05
E16/20 B4200/36000 batch_loss=1.0043e-04
E16/20 B4300/36000 batch_loss=7.4291e-05
E16/20 B4400/36000 batch_loss=7.5840e-05
E16/20 B4500/36000 batch_loss=8.4339e-05
E16/20 B4600/36000 batch_loss=7.5694e-05
E16/20 B4700/36000 batch_loss=1.0415e-04
E16/20 B4800/36000 batch_loss=7.3455e-05
E16/20 B4900/36000 batch_loss=7.4404e-05
E16/20 B5000/36000 batch_loss=8.6593e-05
E16/20 B5100/36000 batch_loss=8.0015e-05
E16/20 B5200/36000 batch_loss=9.3269e-05
E16/20 B5300/36000 batch_loss=9.9371e-05
E16/20 B5400/36000 batch_loss=7.0796e-05
E16/20 B5500/36000 batch_loss=9.7111e-05
E16/20 B5600/36000 batch_loss=7.2672e-05
E16/20 B5700/36000 batch_loss=9.7453e-05
E16/20 B5800/36000 batch_loss=7.1330e-05
E16/20 B5900/36000 batch_loss=9.5846e-05
E16/20 B6000/36000 batch_loss=8.0679e-05
E16/20 B6100/36000 batch_loss=9.4121e-05
E16/20 B6200/36000 batch_loss=9.6374e-05
E16/20 B6300/36000 batch_loss=7.5042e-05
E16/20 B6400/36000 batch_loss=7.9029e-05
E16/20 B6500/36000 batch_loss=7.3826e-05
E16/20 B6600/36000 batch_loss=7.7412e-05
E16/20 B6700/36000 batch_loss=9.3292e-05
E16/20 B6800/36000 batch_loss=7.5298e-05
E16/20 B6900/36000 batch_loss=1.0001e-04
E16/20 B7000/36000 batch_loss=8.2794e-05
E16/20 B7100/36000 batch_loss=9.6332e-05
E16/20 B7200/36000 batch_loss=8.0977e-05
E16/20 B7300/36000 batch_loss=9.7399e-05
E16/20 B7400/36000 batch_loss=1.2100e-04
E16/20 B7500/36000 batch_loss=7.8032e-05
E16/20 B7600/36000 batch_loss=1.0463e-04
E16/20 B7700/36000 batch_loss=9.8628e-05
E16/20 B7800/36000 batch_loss=8.0333e-05
E16/20 B7900/36000 batch_loss=7.2505e-05
E16/20 B8000/36000 batch_loss=9.3075e-05
E16/20 B8100/36000 batch_loss=9.9641e-05
E16/20 B8200/36000 batch_loss=9.9701e-05
E16/20 B8300/36000 batch_loss=7.9743e-05
E16/20 B8400/36000 batch_loss=9.6146e-05
E16/20 B8500/36000 batch_loss=9.5214e-05
E16/20 B8600/36000 batch_loss=9.9158e-05
E16/20 B8700/36000 batch_loss=7.6818e-05
E16/20 B8800/36000 batch_loss=9.2442e-05
E16/20 B8900/36000 batch_loss=7.7202e-05
E16/20 B9000/36000 batch_loss=9.1315e-05
E16/20 B9100/36000 batch_loss=1.1017e-04
E16/20 B9200/36000 batch_loss=6.8388e-05
E16/20 B9300/36000 batch_loss=7.6648e-05
E16/20 B9400/36000 batch_loss=9.8404e-05
E16/20 B9500/36000 batch_loss=7.0643e-05
E16/20 B9600/36000 batch_loss=7.0448e-05
E16/20 B9700/36000 batch_loss=9.7961e-05
E16/20 B9800/36000 batch_loss=6.9003e-05
E16/20 B9900/36000 batch_loss=8.1159e-05
E16/20 B10000/36000 batch_loss=7.7530e-05
E16/20 B10100/36000 batch_loss=9.9076e-05
E16/20 B10200/36000 batch_loss=7.7649e-05
E16/20 B10300/36000 batch_loss=9.5945e-05
E16/20 B10400/36000 batch_loss=1.0238e-04
E16/20 B10500/36000 batch_loss=7.2924e-05
E16/20 B10600/36000 batch_loss=9.7164e-05
E16/20 B10700/36000 batch_loss=7.2641e-05
E16/20 B10800/36000 batch_loss=7.5777e-05
E16/20 B10900/36000 batch_loss=7.6327e-05
E16/20 B11000/36000 batch_loss=9.5655e-05
E16/20 B11100/36000 batch_loss=8.5885e-05
E16/20 B11200/36000 batch_loss=7.2145e-05
E16/20 B11300/36000 batch_loss=6.7088e-05
E16/20 B11400/36000 batch_loss=7.2721e-05
E16/20 B11500/36000 batch_loss=9.6899e-05
E16/20 B11600/36000 batch_loss=6.9640e-05
E16/20 B11700/36000 batch_loss=1.0237e-04
E16/20 B11800/36000 batch_loss=1.0589e-04
E16/20 B11900/36000 batch_loss=7.8176e-05
E16/20 B12000/36000 batch_loss=9.7834e-05
E16/20 B12100/36000 batch_loss=9.4156e-05
E16/20 B12200/36000 batch_loss=9.3989e-05
E16/20 B12300/36000 batch_loss=9.5008e-05
E16/20 B12400/36000 batch_loss=8.1996e-05
E16/20 B12500/36000 batch_loss=9.3469e-05
E16/20 B12600/36000 batch_loss=9.6083e-05
E16/20 B12700/36000 batch_loss=7.0660e-05
E16/20 B12800/36000 batch_loss=9.0347e-05
E16/20 B12900/36000 batch_loss=9.8885e-05
E16/20 B13000/36000 batch_loss=7.1092e-05
E16/20 B13100/36000 batch_loss=6.6243e-05
E16/20 B13200/36000 batch_loss=7.3898e-05
E16/20 B13300/36000 batch_loss=7.8104e-05
E16/20 B13400/36000 batch_loss=9.9525e-05
E16/20 B13500/36000 batch_loss=7.0978e-05
E16/20 B13600/36000 batch_loss=9.8625e-05
E16/20 B13700/36000 batch_loss=9.2124e-05
E16/20 B13800/36000 batch_loss=1.0096e-04
E16/20 B13900/36000 batch_loss=8.2975e-05
E16/20 B14000/36000 batch_loss=7.3771e-05
E16/20 B14100/36000 batch_loss=7.5141e-05
E16/20 B14200/36000 batch_loss=9.4716e-05
E16/20 B14300/36000 batch_loss=9.5443e-05
E16/20 B14400/36000 batch_loss=9.6727e-05
E16/20 B14500/36000 batch_loss=7.2616e-05
E16/20 B14600/36000 batch_loss=9.4314e-05
E16/20 B14700/36000 batch_loss=9.4248e-05
E16/20 B14800/36000 batch_loss=8.0990e-05
E16/20 B14900/36000 batch_loss=7.7768e-05
E16/20 B15000/36000 batch_loss=8.9740e-05
E16/20 B15100/36000 batch_loss=6.8697e-05
E16/20 B15200/36000 batch_loss=7.7633e-05
E16/20 B15300/36000 batch_loss=9.6834e-05
E16/20 B15400/36000 batch_loss=9.7569e-05
E16/20 B15500/36000 batch_loss=7.8226e-05
E16/20 B15600/36000 batch_loss=7.5862e-05
E16/20 B15700/36000 batch_loss=1.1015e-04
E16/20 B15800/36000 batch_loss=9.7295e-05
E16/20 B15900/36000 batch_loss=7.5425e-05
E16/20 B16000/36000 batch_loss=7.6694e-05
E16/20 B16100/36000 batch_loss=7.6811e-05
E16/20 B16200/36000 batch_loss=9.9001e-05
E16/20 B16300/36000 batch_loss=7.4724e-05
E16/20 B16400/36000 batch_loss=6.3839e-05
E16/20 B16500/36000 batch_loss=6.6617e-05
E16/20 B16600/36000 batch_loss=7.0617e-05
E16/20 B16700/36000 batch_loss=7.5837e-05
E16/20 B16800/36000 batch_loss=9.4825e-05
E16/20 B16900/36000 batch_loss=9.5440e-05
E16/20 B17000/36000 batch_loss=1.0653e-04
E16/20 B17100/36000 batch_loss=9.1399e-05
E16/20 B17200/36000 batch_loss=7.8818e-05
E16/20 B17300/36000 batch_loss=9.5610e-05
E16/20 B17400/36000 batch_loss=7.5067e-05
E16/20 B17500/36000 batch_loss=9.5690e-05
E16/20 B17600/36000 batch_loss=9.2386e-05
E16/20 B17700/36000 batch_loss=1.0304e-04
E16/20 B17800/36000 batch_loss=1.0050e-04
E16/20 B17900/36000 batch_loss=7.2723e-05
E16/20 B18000/36000 batch_loss=9.7379e-05
E16/20 B18100/36000 batch_loss=7.6656e-05
E16/20 B18200/36000 batch_loss=9.1457e-05
E16/20 B18300/36000 batch_loss=1.0515e-04
E16/20 B18400/36000 batch_loss=6.8356e-05
E16/20 B18500/36000 batch_loss=9.7573e-05
E16/20 B18600/36000 batch_loss=6.8509e-05
E16/20 B18700/36000 batch_loss=7.4878e-05
E16/20 B18800/36000 batch_loss=9.1874e-05
E16/20 B18900/36000 batch_loss=6.6920e-05
E16/20 B19000/36000 batch_loss=7.4562e-05
E16/20 B19100/36000 batch_loss=6.3681e-05
E16/20 B19200/36000 batch_loss=6.2018e-05
E16/20 B19300/36000 batch_loss=7.1145e-05
E16/20 B19400/36000 batch_loss=7.4643e-05
E16/20 B19500/36000 batch_loss=8.2552e-05
E16/20 B19600/36000 batch_loss=7.1426e-05
E16/20 B19700/36000 batch_loss=9.8136e-05
E16/20 B19800/36000 batch_loss=1.0435e-04
E16/20 B19900/36000 batch_loss=7.2882e-05
E16/20 B20000/36000 batch_loss=9.4093e-05
E16/20 B20100/36000 batch_loss=7.2612e-05
E16/20 B20200/36000 batch_loss=9.7207e-05
E16/20 B20300/36000 batch_loss=7.2160e-05
E16/20 B20400/36000 batch_loss=9.9041e-05
E16/20 B20500/36000 batch_loss=9.5592e-05
E16/20 B20600/36000 batch_loss=7.2915e-05
E16/20 B20700/36000 batch_loss=9.8960e-05
E16/20 B20800/36000 batch_loss=7.1856e-05
E16/20 B20900/36000 batch_loss=6.7654e-05
E16/20 B21000/36000 batch_loss=9.3342e-05
E16/20 B21100/36000 batch_loss=7.2214e-05
E16/20 B21200/36000 batch_loss=7.3254e-05
E16/20 B21300/36000 batch_loss=8.0200e-05
E16/20 B21400/36000 batch_loss=1.0585e-04
E16/20 B21500/36000 batch_loss=6.7230e-05
E16/20 B21600/36000 batch_loss=7.5728e-05
E16/20 B21700/36000 batch_loss=8.7295e-05
E16/20 B21800/36000 batch_loss=1.0154e-04
E16/20 B21900/36000 batch_loss=6.8645e-05
E16/20 B22000/36000 batch_loss=7.5243e-05
E16/20 B22100/36000 batch_loss=8.3212e-05
E16/20 B22200/36000 batch_loss=7.7006e-05
E16/20 B22300/36000 batch_loss=9.2731e-05
E16/20 B22400/36000 batch_loss=7.0384e-05
E16/20 B22500/36000 batch_loss=9.8629e-05
E16/20 B22600/36000 batch_loss=9.4969e-05
E16/20 B22700/36000 batch_loss=7.0328e-05
E16/20 B22800/36000 batch_loss=1.0115e-04
E16/20 B22900/36000 batch_loss=9.6550e-05
E16/20 B23000/36000 batch_loss=6.8671e-05
E16/20 B23100/36000 batch_loss=9.2143e-05
E16/20 B23200/36000 batch_loss=9.1724e-05
E16/20 B23300/36000 batch_loss=7.6988e-05
E16/20 B23400/36000 batch_loss=7.3890e-05
E16/20 B23500/36000 batch_loss=7.6068e-05
E16/20 B23600/36000 batch_loss=9.2046e-05
E16/20 B23700/36000 batch_loss=7.5814e-05
E16/20 B23800/36000 batch_loss=1.0079e-04
E16/20 B23900/36000 batch_loss=6.9182e-05
E16/20 B24000/36000 batch_loss=8.6762e-05
E16/20 B24100/36000 batch_loss=6.7631e-05
E16/20 B24200/36000 batch_loss=9.4146e-05
E16/20 B24300/36000 batch_loss=7.1925e-05
E16/20 B24400/36000 batch_loss=8.2335e-05
E16/20 B24500/36000 batch_loss=7.6427e-05
E16/20 B24600/36000 batch_loss=9.6535e-05
E16/20 B24700/36000 batch_loss=6.3885e-05
E16/20 B24800/36000 batch_loss=7.2981e-05
E16/20 B24900/36000 batch_loss=9.8217e-05
E16/20 B25000/36000 batch_loss=6.9947e-05
E16/20 B25100/36000 batch_loss=7.1193e-05
E16/20 B25200/36000 batch_loss=9.7663e-05
E16/20 B25300/36000 batch_loss=1.1018e-04
E16/20 B25400/36000 batch_loss=7.1416e-05
E16/20 B25500/36000 batch_loss=6.5953e-05
E16/20 B25600/36000 batch_loss=6.9413e-05
E16/20 B25700/36000 batch_loss=6.7633e-05
E16/20 B25800/36000 batch_loss=7.3050e-05
E16/20 B25900/36000 batch_loss=7.0021e-05
E16/20 B26000/36000 batch_loss=7.5406e-05
E16/20 B26100/36000 batch_loss=9.3631e-05
E16/20 B26200/36000 batch_loss=8.5003e-05
E16/20 B26300/36000 batch_loss=1.0070e-04
E16/20 B26400/36000 batch_loss=9.7777e-05
E16/20 B26500/36000 batch_loss=9.4582e-05
E16/20 B26600/36000 batch_loss=9.2287e-05
E16/20 B26700/36000 batch_loss=6.8531e-05
E16/20 B26800/36000 batch_loss=9.9854e-05
E16/20 B26900/36000 batch_loss=9.6236e-05
E16/20 B27000/36000 batch_loss=7.3258e-05
E16/20 B27100/36000 batch_loss=7.1407e-05
E16/20 B27200/36000 batch_loss=9.6395e-05
E16/20 B27300/36000 batch_loss=9.4859e-05
E16/20 B27400/36000 batch_loss=9.7383e-05
E16/20 B27500/36000 batch_loss=9.1949e-05
E16/20 B27600/36000 batch_loss=7.3661e-05
E16/20 B27700/36000 batch_loss=1.0471e-04
E16/20 B27800/36000 batch_loss=7.1618e-05
E16/20 B27900/36000 batch_loss=1.0040e-04
E16/20 B28000/36000 batch_loss=9.6006e-05
E16/20 B28100/36000 batch_loss=9.2924e-05
E16/20 B28200/36000 batch_loss=7.5146e-05
E16/20 B28300/36000 batch_loss=9.5193e-05
E16/20 B28400/36000 batch_loss=9.5312e-05
E16/20 B28500/36000 batch_loss=7.1550e-05
E16/20 B28600/36000 batch_loss=6.9079e-05
E16/20 B28700/36000 batch_loss=1.0253e-04
E16/20 B28800/36000 batch_loss=8.6451e-05
E16/20 B28900/36000 batch_loss=8.6839e-05
E16/20 B29000/36000 batch_loss=7.6557e-05
E16/20 B29100/36000 batch_loss=7.4479e-05
E16/20 B29200/36000 batch_loss=7.1283e-05
E16/20 B29300/36000 batch_loss=7.6021e-05
E16/20 B29400/36000 batch_loss=7.1637e-05
E16/20 B29500/36000 batch_loss=7.5429e-05
E16/20 B29600/36000 batch_loss=1.1339e-04
E16/20 B29700/36000 batch_loss=7.8303e-05
E16/20 B29800/36000 batch_loss=9.1431e-05
E16/20 B29900/36000 batch_loss=9.7514e-05
E16/20 B30000/36000 batch_loss=7.3731e-05
E16/20 B30100/36000 batch_loss=7.3336e-05
E16/20 B30200/36000 batch_loss=9.7975e-05
E16/20 B30300/36000 batch_loss=8.8140e-05
E16/20 B30400/36000 batch_loss=9.9565e-05
E16/20 B30500/36000 batch_loss=1.0172e-04
E16/20 B30600/36000 batch_loss=7.4869e-05
E16/20 B30700/36000 batch_loss=6.7326e-05
E16/20 B30800/36000 batch_loss=7.1744e-05
E16/20 B30900/36000 batch_loss=7.1292e-05
E16/20 B31000/36000 batch_loss=6.4118e-05
E16/20 B31100/36000 batch_loss=9.7510e-05
E16/20 B31200/36000 batch_loss=9.7718e-05
E16/20 B31300/36000 batch_loss=8.3086e-05
E16/20 B31400/36000 batch_loss=7.3425e-05
E16/20 B31500/36000 batch_loss=6.2980e-05
E16/20 B31600/36000 batch_loss=7.0530e-05
E16/20 B31700/36000 batch_loss=9.9468e-05
E16/20 B31800/36000 batch_loss=7.5433e-05
E16/20 B31900/36000 batch_loss=1.0083e-04
E16/20 B32000/36000 batch_loss=7.1657e-05
E16/20 B32100/36000 batch_loss=9.2216e-05
E16/20 B32200/36000 batch_loss=6.8457e-05
E16/20 B32300/36000 batch_loss=6.9880e-05
E16/20 B32400/36000 batch_loss=9.0508e-05
E16/20 B32500/36000 batch_loss=6.6579e-05
E16/20 B32600/36000 batch_loss=8.7329e-05
E16/20 B32700/36000 batch_loss=7.4953e-05
E16/20 B32800/36000 batch_loss=9.8023e-05
E16/20 B32900/36000 batch_loss=6.7744e-05
E16/20 B33000/36000 batch_loss=9.4228e-05
E16/20 B33100/36000 batch_loss=9.5442e-05
E16/20 B33200/36000 batch_loss=9.8602e-05
E16/20 B33300/36000 batch_loss=9.2003e-05
E16/20 B33400/36000 batch_loss=8.6529e-05
E16/20 B33500/36000 batch_loss=6.2857e-05
E16/20 B33600/36000 batch_loss=7.7591e-05
E16/20 B33700/36000 batch_loss=8.9113e-05
E16/20 B33800/36000 batch_loss=9.0175e-05
E16/20 B33900/36000 batch_loss=9.3337e-05
E16/20 B34000/36000 batch_loss=9.4285e-05
E16/20 B34100/36000 batch_loss=7.0102e-05
E16/20 B34200/36000 batch_loss=6.8243e-05
E16/20 B34300/36000 batch_loss=6.9077e-05
E16/20 B34400/36000 batch_loss=1.0387e-04
E16/20 B34500/36000 batch_loss=6.6360e-05
E16/20 B34600/36000 batch_loss=9.1784e-05
E16/20 B34700/36000 batch_loss=6.9792e-05
E16/20 B34800/36000 batch_loss=9.5452e-05
E16/20 B34900/36000 batch_loss=9.9664e-05
E16/20 B35000/36000 batch_loss=6.4942e-05
E16/20 B35100/36000 batch_loss=7.0387e-05
E16/20 B35200/36000 batch_loss=9.2391e-05
E16/20 B35300/36000 batch_loss=9.5664e-05
E16/20 B35400/36000 batch_loss=7.0100e-05
E16/20 B35500/36000 batch_loss=1.0856e-04
E16/20 B35600/36000 batch_loss=6.9878e-05
E16/20 B35700/36000 batch_loss=9.7408e-05
E16/20 B35800/36000 batch_loss=7.5235e-05
E16/20 B35900/36000 batch_loss=7.1870e-05
E16/20 B36000/36000 batch_loss=9.0489e-05
2026-07-04 14:13:17,620 | INFO | Saved 10 diagnostic panel(s) under D:\Research\NO-2D-Metamaterials\MODELS\training_runs\NO_I3O5_BCF16_NMSE_HC128_LR2e-03_WD0e+00_SS1_G9e-01_ch0u_260701\diagnostics\epoch_016
epoch=16/20 loss=mse train_mse=8.608367e-05 val_mse=8.840548e-05 train_mae=4.427800e-03 val_mae=4.297470e-03 train_mse=8.608367e-05 val_mse=8.840548e-05 lr=1.312e-03 train_sps=1472.7
2026-07-04 14:13:18,823 | INFO | epoch=16/20 loss=mse train_mse=8.608367e-05 val_mse=8.840548e-05 train_mae=4.427800e-03 val_mae=4.297470e-03 train_mse=8.608367e-05 val_mse=8.840548e-05 lr=1.312e-03 train_sps=1472.7
2026-07-04 14:13:18,823 | INFO | epoch=16/20 loss_ch_mse train=8.450e-06 9.379e-05 9.258e-05 1.225e-04 1.131e-04 val=3.114e-05 9.193e-05 8.983e-05 1.194e-04 1.097e-04
2026-07-04 14:13:18,824 | INFO | epoch=16/20 mae_ch train=1.386e-03 4.958e-03 4.872e-03 5.568e-03 5.355e-03 val=1.431e-03 4.814e-03 4.679e-03 5.374e-03 5.190e-03 mse_ch train=8.450e-06 9.379e-05 9.258e-05 1.225e-04 1.131e-04 val=3.114e-05 9.193e-05 8.983e-05 1.194e-04 1.097e-04
Epoch 16/20 done | loss=mse train=8.6084e-05 val=8.8405e-05 mae=4.2975e-03 mse=8.8405e-05 lr=1.31e-03
E17/20 B100/36000 batch_loss=6.9829e-05
E17/20 B200/36000 batch_loss=8.9241e-05
E17/20 B300/36000 batch_loss=6.7024e-05
E17/20 B400/36000 batch_loss=9.2488e-05
E17/20 B500/36000 batch_loss=9.1425e-05
E17/20 B600/36000 batch_loss=8.9186e-05
E17/20 B700/36000 batch_loss=7.3966e-05
E17/20 B800/36000 batch_loss=9.3380e-05
E17/20 B900/36000 batch_loss=1.0096e-04
E17/20 B1000/36000 batch_loss=7.0094e-05
E17/20 B1100/36000 batch_loss=7.7155e-05
E17/20 B1200/36000 batch_loss=6.9679e-05
E17/20 B1300/36000 batch_loss=9.1869e-05
E17/20 B1400/36000 batch_loss=7.0189e-05
E17/20 B1500/36000 batch_loss=7.1211e-05
E17/20 B1600/36000 batch_loss=9.3051e-05
E17/20 B1700/36000 batch_loss=8.8109e-05
E17/20 B1800/36000 batch_loss=7.4518e-05
E17/20 B1900/36000 batch_loss=7.5283e-05
E17/20 B2000/36000 batch_loss=8.7302e-05
E17/20 B2100/36000 batch_loss=8.8576e-05
E17/20 B2200/36000 batch_loss=6.6582e-05
E17/20 B2300/36000 batch_loss=9.0564e-05
E17/20 B2400/36000 batch_loss=9.5685e-05
E17/20 B2500/36000 batch_loss=6.8846e-05
E17/20 B2600/36000 batch_loss=7.1708e-05
E17/20 B2700/36000 batch_loss=1.0064e-04
E17/20 B2800/36000 batch_loss=6.7708e-05
E17/20 B2900/36000 batch_loss=9.5910e-05
E17/20 B3000/36000 batch_loss=6.5477e-05
E17/20 B3100/36000 batch_loss=9.5869e-05
E17/20 B3200/36000 batch_loss=1.0093e-04
E17/20 B3300/36000 batch_loss=6.9573e-05
E17/20 B3400/36000 batch_loss=7.3648e-05
E17/20 B3500/36000 batch_loss=7.7992e-05
E17/20 B3600/36000 batch_loss=6.9949e-05
E17/20 B3700/36000 batch_loss=7.6824e-05
E17/20 B3800/36000 batch_loss=7.6125e-05
E17/20 B3900/36000 batch_loss=9.6887e-05
E17/20 B4000/36000 batch_loss=6.5257e-05
E17/20 B4100/36000 batch_loss=9.0413e-05
E17/20 B4200/36000 batch_loss=6.5303e-05
E17/20 B4300/36000 batch_loss=9.1917e-05
E17/20 B4400/36000 batch_loss=7.0874e-05
E17/20 B4500/36000 batch_loss=9.7886e-05
E17/20 B4600/36000 batch_loss=9.0550e-05
E17/20 B4700/36000 batch_loss=6.6188e-05
E17/20 B4800/36000 batch_loss=9.5689e-05
E17/20 B4900/36000 batch_loss=1.0666e-04
E17/20 B5000/36000 batch_loss=2.4423e-04
E17/20 B5100/36000 batch_loss=2.1516e-04
E17/20 B5200/36000 batch_loss=2.1428e-04
E17/20 B5300/36000 batch_loss=1.9784e-04
E17/20 B5400/36000 batch_loss=1.9751e-04
E17/20 B5500/36000 batch_loss=2.0670e-04
E17/20 B5600/36000 batch_loss=1.9507e-04
E17/20 B5700/36000 batch_loss=2.1965e-04
E17/20 B5800/36000 batch_loss=2.1812e-04
E17/20 B5900/36000 batch_loss=2.2410e-04
E17/20 B6000/36000 batch_loss=1.9435e-04
E17/20 B6100/36000 batch_loss=2.0315e-04
E17/20 B6200/36000 batch_loss=2.1793e-04
E17/20 B6300/36000 batch_loss=1.9498e-04
E17/20 B6400/36000 batch_loss=2.0112e-04
E17/20 B6500/36000 batch_loss=1.9306e-04
E17/20 B6600/36000 batch_loss=1.9502e-04
E17/20 B6700/36000 batch_loss=2.3161e-04
E17/20 B6800/36000 batch_loss=2.1026e-04
E17/20 B6900/36000 batch_loss=1.9312e-04
E17/20 B7000/36000 batch_loss=2.1163e-04
E17/20 B7100/36000 batch_loss=2.0106e-04
E17/20 B7200/36000 batch_loss=2.3076e-04
E17/20 B7300/36000 batch_loss=1.9218e-04
E17/20 B7400/36000 batch_loss=1.9887e-04
E17/20 B7500/36000 batch_loss=1.9939e-04
E17/20 B7600/36000 batch_loss=1.9325e-04
E17/20 B7700/36000 batch_loss=1.9034e-04
E17/20 B7800/36000 batch_loss=1.9676e-04
E17/20 B7900/36000 batch_loss=2.1452e-04
E17/20 B8000/36000 batch_loss=2.0945e-04
E17/20 B8100/36000 batch_loss=1.9085e-04
E17/20 B8200/36000 batch_loss=1.9684e-04
E17/20 B8300/36000 batch_loss=1.9105e-04
E17/20 B8400/36000 batch_loss=1.9591e-04
E17/20 B8500/36000 batch_loss=1.9194e-04
E17/20 B8600/36000 batch_loss=1.9661e-04
E17/20 B8700/36000 batch_loss=2.1051e-04
E17/20 B8800/36000 batch_loss=1.9112e-04
E17/20 B8900/36000 batch_loss=1.9621e-04
E17/20 B9000/36000 batch_loss=1.9047e-04
E17/20 B9100/36000 batch_loss=1.9589e-04
E17/20 B9200/36000 batch_loss=1.9600e-04
E17/20 B9300/36000 batch_loss=2.2086e-04
E17/20 B9400/36000 batch_loss=1.8927e-04
E17/20 B9500/36000 batch_loss=2.1091e-04
E17/20 B9600/36000 batch_loss=1.8766e-04
E17/20 B9700/36000 batch_loss=2.0517e-04
E17/20 B9800/36000 batch_loss=2.0681e-04
E17/20 B9900/36000 batch_loss=1.9486e-04
E17/20 B10000/36000 batch_loss=1.9271e-04
E17/20 B10100/36000 batch_loss=1.8697e-04
E17/20 B10200/36000 batch_loss=2.1456e-04
E17/20 B10300/36000 batch_loss=1.9391e-04
E17/20 B10400/36000 batch_loss=1.8628e-04
E17/20 B10500/36000 batch_loss=2.0556e-04
E17/20 B10600/36000 batch_loss=1.9437e-04
E17/20 B10700/36000 batch_loss=1.8628e-04
E17/20 B10800/36000 batch_loss=2.0643e-04
E17/20 B10900/36000 batch_loss=1.9119e-04
E17/20 B11000/36000 batch_loss=1.8565e-04
E17/20 B11100/36000 batch_loss=2.0511e-04
E17/20 B11200/36000 batch_loss=1.8797e-04
E17/20 B11300/36000 batch_loss=2.0724e-04
E17/20 B11400/36000 batch_loss=2.0261e-04
E17/20 B11500/36000 batch_loss=2.2435e-04
E17/20 B11600/36000 batch_loss=1.8927e-04
E17/20 B11700/36000 batch_loss=2.0335e-04
E17/20 B11800/36000 batch_loss=2.4342e-04
E17/20 B11900/36000 batch_loss=1.8617e-04
E17/20 B12000/36000 batch_loss=2.2648e-04
E17/20 B12100/36000 batch_loss=2.0241e-04
E17/20 B12200/36000 batch_loss=1.8539e-04
E17/20 B12300/36000 batch_loss=1.8405e-04
E17/20 B12400/36000 batch_loss=1.8426e-04
E17/20 B12500/36000 batch_loss=1.8537e-04
E17/20 B12600/36000 batch_loss=1.8205e-04
E17/20 B12700/36000 batch_loss=1.8564e-04
E17/20 B12800/36000 batch_loss=1.8735e-04
E17/20 B12900/36000 batch_loss=2.2650e-04
E17/20 B13000/36000 batch_loss=1.9120e-04
E17/20 B13100/36000 batch_loss=1.8166e-04
E17/20 B13200/36000 batch_loss=1.9750e-04
E17/20 B13300/36000 batch_loss=1.8050e-04
E17/20 B13400/36000 batch_loss=1.8740e-04
E17/20 B13500/36000 batch_loss=2.0145e-04
E17/20 B13600/36000 batch_loss=1.8467e-04
E17/20 B13700/36000 batch_loss=1.7942e-04
E17/20 B13800/36000 batch_loss=2.0419e-04
E17/20 B13900/36000 batch_loss=1.8235e-04
E17/20 B14000/36000 batch_loss=1.9569e-04
E17/20 B14100/36000 batch_loss=1.9210e-04
E17/20 B14200/36000 batch_loss=1.8395e-04
E17/20 B14300/36000 batch_loss=1.8924e-04
E17/20 B14400/36000 batch_loss=1.7797e-04
E17/20 B14500/36000 batch_loss=1.9286e-04
E17/20 B14600/36000 batch_loss=1.8128e-04
E17/20 B14700/36000 batch_loss=1.9251e-04
E17/20 B14800/36000 batch_loss=1.8911e-04
E17/20 B14900/36000 batch_loss=1.9629e-04
E17/20 B15000/36000 batch_loss=1.8076e-04
E17/20 B15100/36000 batch_loss=1.7631e-04
E17/20 B15200/36000 batch_loss=1.7027e-04
E17/20 B15300/36000 batch_loss=1.7068e-04
E17/20 B15400/36000 batch_loss=1.8295e-04
E17/20 B15500/36000 batch_loss=1.6648e-04
E17/20 B15600/36000 batch_loss=1.7766e-04
E17/20 B15700/36000 batch_loss=1.6352e-04
E17/20 B15800/36000 batch_loss=1.6343e-04
E17/20 B15900/36000 batch_loss=1.7144e-04
E17/20 B16000/36000 batch_loss=1.6809e-04
E17/20 B16100/36000 batch_loss=1.5849e-04
E17/20 B16200/36000 batch_loss=1.6509e-04
E17/20 B16300/36000 batch_loss=1.7440e-04
E17/20 B16400/36000 batch_loss=1.6647e-04
E17/20 B16500/36000 batch_loss=1.5793e-04
E17/20 B16600/36000 batch_loss=1.6846e-04
E17/20 B16700/36000 batch_loss=1.7700e-04
E17/20 B16800/36000 batch_loss=1.5550e-04
E17/20 B16900/36000 batch_loss=1.6722e-04
E17/20 B17000/36000 batch_loss=1.6642e-04
E17/20 B17100/36000 batch_loss=1.5919e-04
E17/20 B17200/36000 batch_loss=1.7220e-04
E17/20 B17300/36000 batch_loss=1.5774e-04
E17/20 B17400/36000 batch_loss=1.5762e-04
E17/20 B17500/36000 batch_loss=1.4875e-04
E17/20 B17600/36000 batch_loss=1.4854e-04
E17/20 B17700/36000 batch_loss=1.4272e-04
E17/20 B17800/36000 batch_loss=1.6902e-04
E17/20 B17900/36000 batch_loss=1.4688e-04
E17/20 B18000/36000 batch_loss=1.4340e-04
E17/20 B18100/36000 batch_loss=1.4142e-04
E17/20 B18200/36000 batch_loss=1.5039e-04
E17/20 B18300/36000 batch_loss=1.5234e-04
E17/20 B18400/36000 batch_loss=1.4948e-04
E17/20 B18500/36000 batch_loss=1.5895e-04
E17/20 B18600/36000 batch_loss=1.5487e-04
E17/20 B18700/36000 batch_loss=1.4027e-04
E17/20 B18800/36000 batch_loss=1.4879e-04
E17/20 B18900/36000 batch_loss=1.4568e-04
E17/20 B19000/36000 batch_loss=1.3437e-04
E17/20 B19100/36000 batch_loss=1.4641e-04
E17/20 B19200/36000 batch_loss=1.3246e-04
E17/20 B19300/36000 batch_loss=1.2627e-04
E17/20 B19400/36000 batch_loss=1.2857e-04
E17/20 B19500/36000 batch_loss=1.4333e-04
E17/20 B19600/36000 batch_loss=1.4417e-04
E17/20 B19700/36000 batch_loss=1.3530e-04
E17/20 B19800/36000 batch_loss=1.2379e-04
E17/20 B19900/36000 batch_loss=1.3001e-04
E17/20 B20000/36000 batch_loss=1.1976e-04
E17/20 B20100/36000 batch_loss=1.2862e-04
E17/20 B20200/36000 batch_loss=1.3228e-04
E17/20 B20300/36000 batch_loss=1.3559e-04
E17/20 B20400/36000 batch_loss=1.3017e-04
E17/20 B20500/36000 batch_loss=1.2992e-04
E17/20 B20600/36000 batch_loss=1.2244e-04
E17/20 B20700/36000 batch_loss=1.1365e-04
E17/20 B20800/36000 batch_loss=1.0979e-04
E17/20 B20900/36000 batch_loss=1.2327e-04
E17/20 B21000/36000 batch_loss=1.0679e-04
E17/20 B21100/36000 batch_loss=1.0369e-04
E17/20 B21200/36000 batch_loss=9.9781e-05
E17/20 B21300/36000 batch_loss=1.2636e-04
E17/20 B21400/36000 batch_loss=1.1796e-04
E17/20 B21500/36000 batch_loss=1.2043e-04
E17/20 B21600/36000 batch_loss=1.2359e-04
E17/20 B21700/36000 batch_loss=1.0317e-04
E17/20 B21800/36000 batch_loss=1.0119e-04
E17/20 B21900/36000 batch_loss=1.1705e-04
E17/20 B22000/36000 batch_loss=1.2045e-04
E17/20 B22100/36000 batch_loss=1.0985e-04
E17/20 B22200/36000 batch_loss=1.1168e-04
E17/20 B22300/36000 batch_loss=1.0200e-04
E17/20 B22400/36000 batch_loss=1.1486e-04
E17/20 B22500/36000 batch_loss=8.7343e-05
E17/20 B22600/36000 batch_loss=1.1542e-04
E17/20 B22700/36000 batch_loss=8.6205e-05
E17/20 B22800/36000 batch_loss=9.3340e-05
E17/20 B22900/36000 batch_loss=9.0455e-05
E17/20 B23000/36000 batch_loss=9.1483e-05
E17/20 B23100/36000 batch_loss=1.1109e-04
E17/20 B23200/36000 batch_loss=9.4978e-05
E17/20 B23300/36000 batch_loss=8.3918e-05
E17/20 B23400/36000 batch_loss=1.1740e-04
E17/20 B23500/36000 batch_loss=1.0620e-04
E17/20 B23600/36000 batch_loss=2.2798e-04
E17/20 B23700/36000 batch_loss=2.1611e-04
E17/20 B23800/36000 batch_loss=1.7886e-04
E17/20 B23900/36000 batch_loss=1.7055e-04
E17/20 B24000/36000 batch_loss=1.5780e-04
E17/20 B24100/36000 batch_loss=1.5662e-04
E17/20 B24200/36000 batch_loss=1.3923e-04
E17/20 B24300/36000 batch_loss=1.2370e-04
E17/20 B24400/36000 batch_loss=1.3519e-04
E17/20 B24500/36000 batch_loss=1.3848e-04
E17/20 B24600/36000 batch_loss=1.1866e-04
E17/20 B24700/36000 batch_loss=1.2012e-04
E17/20 B24800/36000 batch_loss=1.0983e-04
E17/20 B24900/36000 batch_loss=1.1017e-04
E17/20 B25000/36000 batch_loss=1.0861e-04
E17/20 B25100/36000 batch_loss=1.1551e-04
E17/20 B25200/36000 batch_loss=1.0358e-04
E17/20 B25300/36000 batch_loss=1.1968e-04
E17/20 B25400/36000 batch_loss=1.2283e-04
E17/20 B25500/36000 batch_loss=1.1447e-04
E17/20 B25600/36000 batch_loss=1.0852e-04
E17/20 B25700/36000 batch_loss=1.0899e-04
E17/20 B25800/36000 batch_loss=1.2247e-04
E17/20 B25900/36000 batch_loss=8.9157e-05
E17/20 B26000/36000 batch_loss=1.1428e-04
E17/20 B26100/36000 batch_loss=1.1773e-04
E17/20 B26200/36000 batch_loss=8.8071e-05
E17/20 B26300/36000 batch_loss=8.9401e-05
E17/20 B26400/36000 batch_loss=8.9343e-05
E17/20 B26500/36000 batch_loss=1.0902e-04
E17/20 B26600/36000 batch_loss=1.0651e-04
E17/20 B26700/36000 batch_loss=9.7569e-05
E17/20 B26800/36000 batch_loss=8.6125e-05
E17/20 B26900/36000 batch_loss=9.2524e-05
E17/20 B27000/36000 batch_loss=9.1774e-05
E17/20 B27100/36000 batch_loss=8.5050e-05
E17/20 B27200/36000 batch_loss=1.0955e-04
E17/20 B27300/36000 batch_loss=8.8939e-05
E17/20 B27400/36000 batch_loss=8.5858e-05
E17/20 B27500/36000 batch_loss=1.0881e-04
E17/20 B27600/36000 batch_loss=1.1925e-04
E17/20 B27700/36000 batch_loss=1.0629e-04
E17/20 B27800/36000 batch_loss=1.0734e-04
E17/20 B27900/36000 batch_loss=1.1539e-04
E17/20 B28000/36000 batch_loss=8.6444e-05
E17/20 B28100/36000 batch_loss=8.9625e-05
E17/20 B28200/36000 batch_loss=8.5118e-05
E17/20 B28300/36000 batch_loss=1.0266e-04
E17/20 B28400/36000 batch_loss=8.1843e-05
E17/20 B28500/36000 batch_loss=8.9731e-05
E17/20 B28600/36000 batch_loss=1.0590e-04
E17/20 B28700/36000 batch_loss=8.2608e-05
E17/20 B28800/36000 batch_loss=1.0135e-04
E17/20 B28900/36000 batch_loss=9.8002e-05
E17/20 B29000/36000 batch_loss=1.0424e-04
E17/20 B29100/36000 batch_loss=7.6281e-05
E17/20 B29200/36000 batch_loss=1.1515e-04
E17/20 B29300/36000 batch_loss=8.3523e-05
E17/20 B29400/36000 batch_loss=1.0565e-04
E17/20 B29500/36000 batch_loss=8.0712e-05
E17/20 B29600/36000 batch_loss=9.9757e-05
E17/20 B29700/36000 batch_loss=8.3282e-05
E17/20 B29800/36000 batch_loss=9.7689e-05
E17/20 B29900/36000 batch_loss=8.0904e-05
E17/20 B30000/36000 batch_loss=8.3479e-05
E17/20 B30100/36000 batch_loss=8.5726e-05
E17/20 B30200/36000 batch_loss=9.8158e-05
E17/20 B30300/36000 batch_loss=8.2596e-05
E17/20 B30400/36000 batch_loss=7.9997e-05
E17/20 B30500/36000 batch_loss=7.9330e-05
E17/20 B30600/36000 batch_loss=1.0329e-04
E17/20 B30700/36000 batch_loss=1.0619e-04
E17/20 B30800/36000 batch_loss=7.6089e-05
E17/20 B30900/36000 batch_loss=9.8731e-05
E17/20 B31000/36000 batch_loss=7.8459e-05
E17/20 B31100/36000 batch_loss=9.7338e-05
E17/20 B31200/36000 batch_loss=1.0038e-04
E17/20 B31300/36000 batch_loss=8.3886e-05
E17/20 B31400/36000 batch_loss=7.6286e-05
E17/20 B31500/36000 batch_loss=1.0120e-04
E17/20 B31600/36000 batch_loss=9.9524e-05
E17/20 B31700/36000 batch_loss=9.9397e-05
E17/20 B31800/36000 batch_loss=9.4976e-05
E17/20 B31900/36000 batch_loss=9.6163e-05
E17/20 B32000/36000 batch_loss=1.0072e-04
E17/20 B32100/36000 batch_loss=8.5180e-05
E17/20 B32200/36000 batch_loss=7.8765e-05
E17/20 B32300/36000 batch_loss=8.8593e-05
E17/20 B32400/36000 batch_loss=7.4297e-05
E17/20 B32500/36000 batch_loss=9.6126e-05
E17/20 B32600/36000 batch_loss=7.3210e-05
E17/20 B32700/36000 batch_loss=7.1568e-05
E17/20 B32800/36000 batch_loss=8.0356e-05
E17/20 B32900/36000 batch_loss=9.5092e-05
E17/20 B33000/36000 batch_loss=7.2976e-05
E17/20 B33100/36000 batch_loss=7.6328e-05
E17/20 B33200/36000 batch_loss=1.1128e-04
E17/20 B33300/36000 batch_loss=9.9247e-05
E17/20 B33400/36000 batch_loss=7.8458e-05
E17/20 B33500/36000 batch_loss=7.8077e-05
E17/20 B33600/36000 batch_loss=9.8350e-05
E17/20 B33700/36000 batch_loss=8.2884e-05
E17/20 B33800/36000 batch_loss=9.8647e-05
E17/20 B33900/36000 batch_loss=8.0872e-05
E17/20 B34000/36000 batch_loss=7.9133e-05
E17/20 B34100/36000 batch_loss=9.4280e-05
E17/20 B34200/36000 batch_loss=1.0166e-04
E17/20 B34300/36000 batch_loss=8.3634e-05
E17/20 B34400/36000 batch_loss=8.1697e-05
E17/20 B34500/36000 batch_loss=9.6152e-05
E17/20 B34600/36000 batch_loss=8.4664e-05
E17/20 B34700/36000 batch_loss=1.0038e-04
E17/20 B34800/36000 batch_loss=9.9678e-05
E17/20 B34900/36000 batch_loss=7.6064e-05
E17/20 B35000/36000 batch_loss=1.0383e-04
E17/20 B35100/36000 batch_loss=8.0119e-05
E17/20 B35200/36000 batch_loss=9.9132e-05
E17/20 B35300/36000 batch_loss=7.8425e-05
E17/20 B35400/36000 batch_loss=9.7297e-05
E17/20 B35500/36000 batch_loss=7.6286e-05
E17/20 B35600/36000 batch_loss=1.0092e-04
E17/20 B35700/36000 batch_loss=7.6185e-05
E17/20 B35800/36000 batch_loss=9.9872e-05
E17/20 B35900/36000 batch_loss=9.6367e-05
E17/20 B36000/36000 batch_loss=9.2203e-05
2026-07-04 18:00:24,342 | INFO | Saved 10 diagnostic panel(s) under D:\Research\NO-2D-Metamaterials\MODELS\training_runs\NO_I3O5_BCF16_NMSE_HC128_LR2e-03_WD0e+00_SS1_G9e-01_ch0u_260701\diagnostics\epoch_017
epoch=17/20 loss=mse train_mse=1.695079e-04 val_mse=9.280044e-05 train_mae=5.984128e-03 val_mae=4.490308e-03 train_mse=1.695079e-04 val_mse=9.280044e-05 lr=1.181e-03 train_sps=1476.2
2026-07-04 18:00:25,616 | INFO | epoch=17/20 loss=mse train_mse=1.695079e-04 val_mse=9.280044e-05 train_mae=5.984128e-03 val_mae=4.490308e-03 train_mse=1.695079e-04 val_mse=9.280044e-05 lr=1.181e-03 train_sps=1476.2
2026-07-04 18:00:25,616 | INFO | epoch=17/20 loss_ch_mse train=4.123e-05 1.739e-04 1.938e-04 2.571e-04 1.815e-04 val=3.717e-05 9.462e-05 9.295e-05 1.245e-04 1.147e-04
2026-07-04 18:00:25,616 | INFO | epoch=17/20 mae_ch train=2.311e-03 6.752e-03 6.546e-03 7.314e-03 6.998e-03 val=1.656e-03 4.939e-03 4.835e-03 5.608e-03 5.414e-03 mse_ch train=4.123e-05 1.739e-04 1.938e-04 2.571e-04 1.815e-04 val=3.717e-05 9.462e-05 9.295e-05 1.245e-04 1.147e-04
Epoch 17/20 done | loss=mse train=1.6951e-04 val=9.2800e-05 mae=4.4903e-03 mse=9.2800e-05 lr=1.18e-03
E18/20 B100/36000 batch_loss=9.2894e-05
E18/20 B200/36000 batch_loss=9.6878e-05
E18/20 B300/36000 batch_loss=9.3712e-05
E18/20 B400/36000 batch_loss=7.5109e-05
E18/20 B500/36000 batch_loss=9.3420e-05
E18/20 B600/36000 batch_loss=7.1405e-05
E18/20 B700/36000 batch_loss=7.3865e-05
E18/20 B800/36000 batch_loss=6.9852e-05
E18/20 B900/36000 batch_loss=9.6569e-05
E18/20 B1000/36000 batch_loss=8.7614e-05
E18/20 B1100/36000 batch_loss=7.0858e-05
E18/20 B1200/36000 batch_loss=1.0176e-04
E18/20 B1300/36000 batch_loss=9.1747e-05
E18/20 B1400/36000 batch_loss=9.5213e-05
E18/20 B1500/36000 batch_loss=7.3700e-05
E18/20 B1600/36000 batch_loss=9.4830e-05
E18/20 B1700/36000 batch_loss=9.3399e-05
E18/20 B1800/36000 batch_loss=7.9846e-05
E18/20 B1900/36000 batch_loss=7.6402e-05
E18/20 B2000/36000 batch_loss=6.9500e-05
E18/20 B2100/36000 batch_loss=9.1111e-05
E18/20 B2200/36000 batch_loss=7.5577e-05
E18/20 B2300/36000 batch_loss=9.9971e-05
E18/20 B2400/36000 batch_loss=7.2266e-05
E18/20 B2500/36000 batch_loss=7.6246e-05
E18/20 B2600/36000 batch_loss=1.0322e-04
E18/20 B2700/36000 batch_loss=7.4514e-05
E18/20 B2800/36000 batch_loss=9.6602e-05
E18/20 B2900/36000 batch_loss=8.5232e-05
E18/20 B3000/36000 batch_loss=9.2865e-05
E18/20 B3100/36000 batch_loss=7.5411e-05
E18/20 B3200/36000 batch_loss=1.0092e-04
E18/20 B3300/36000 batch_loss=9.9713e-05
E18/20 B3400/36000 batch_loss=7.3570e-05
E18/20 B3500/36000 batch_loss=9.6170e-05
E18/20 B3600/36000 batch_loss=7.3834e-05
E18/20 B3700/36000 batch_loss=7.4485e-05
E18/20 B3800/36000 batch_loss=9.7267e-05
E18/20 B3900/36000 batch_loss=9.8928e-05
E18/20 B4000/36000 batch_loss=9.5022e-05
E18/20 B4100/36000 batch_loss=7.0242e-05
E18/20 B4200/36000 batch_loss=8.9621e-05
E18/20 B4300/36000 batch_loss=8.9970e-05
E18/20 B4400/36000 batch_loss=7.0876e-05
E18/20 B4500/36000 batch_loss=7.0084e-05
E18/20 B4600/36000 batch_loss=7.1308e-05
E18/20 B4700/36000 batch_loss=6.8294e-05
E18/20 B4800/36000 batch_loss=7.0721e-05
E18/20 B4900/36000 batch_loss=7.0295e-05
E18/20 B5000/36000 batch_loss=7.1596e-05
E18/20 B5100/36000 batch_loss=9.6360e-05
E18/20 B5200/36000 batch_loss=7.3167e-05
E18/20 B5300/36000 batch_loss=9.5301e-05
E18/20 B5400/36000 batch_loss=9.7307e-05
E18/20 B5500/36000 batch_loss=9.6248e-05
E18/20 B5600/36000 batch_loss=9.5424e-05
E18/20 B5700/36000 batch_loss=7.4625e-05
E18/20 B5800/36000 batch_loss=1.0046e-04
E18/20 B5900/36000 batch_loss=6.5037e-05
E18/20 B6000/36000 batch_loss=7.1095e-05
E18/20 B6100/36000 batch_loss=9.0241e-05
E18/20 B6200/36000 batch_loss=9.1325e-05
E18/20 B6300/36000 batch_loss=1.0219e-04
E18/20 B6400/36000 batch_loss=6.6029e-05
E18/20 B6500/36000 batch_loss=7.9398e-05
E18/20 B6600/36000 batch_loss=7.1151e-05
E18/20 B6700/36000 batch_loss=7.5522e-05
E18/20 B6800/36000 batch_loss=9.8032e-05
E18/20 B6900/36000 batch_loss=9.6180e-05
E18/20 B7000/36000 batch_loss=9.4388e-05
E18/20 B7100/36000 batch_loss=6.5182e-05
E18/20 B7200/36000 batch_loss=6.8623e-05
E18/20 B7300/36000 batch_loss=8.8335e-05
E18/20 B7400/36000 batch_loss=7.0717e-05
E18/20 B7500/36000 batch_loss=1.0898e-04
E18/20 B7600/36000 batch_loss=8.9191e-05
E18/20 B7700/36000 batch_loss=1.0867e-04
E18/20 B7800/36000 batch_loss=9.4871e-05
E18/20 B7900/36000 batch_loss=9.2431e-05
E18/20 B8000/36000 batch_loss=8.8635e-05
E18/20 B8100/36000 batch_loss=1.1323e-04
E18/20 B8200/36000 batch_loss=9.1949e-05
E18/20 B8300/36000 batch_loss=7.4816e-05
E18/20 B8400/36000 batch_loss=7.4177e-05
E18/20 B8500/36000 batch_loss=9.5515e-05
E18/20 B8600/36000 batch_loss=9.6713e-05
E18/20 B8700/36000 batch_loss=7.7371e-05
E18/20 B8800/36000 batch_loss=9.5493e-05
E18/20 B8900/36000 batch_loss=7.0817e-05
E18/20 B9000/36000 batch_loss=8.9927e-05
E18/20 B9100/36000 batch_loss=6.4497e-05
E18/20 B9200/36000 batch_loss=7.5344e-05
E18/20 B9300/36000 batch_loss=9.7730e-05
E18/20 B9400/36000 batch_loss=9.1995e-05
E18/20 B9500/36000 batch_loss=8.2145e-05
E18/20 B9600/36000 batch_loss=9.2384e-05
E18/20 B9700/36000 batch_loss=6.6065e-05
E18/20 B9800/36000 batch_loss=6.8117e-05
E18/20 B9900/36000 batch_loss=6.6156e-05
E18/20 B10000/36000 batch_loss=6.4336e-05
E18/20 B10100/36000 batch_loss=7.0537e-05
E18/20 B10200/36000 batch_loss=9.3441e-05
E18/20 B10300/36000 batch_loss=8.7081e-05
E18/20 B10400/36000 batch_loss=6.4964e-05
E18/20 B10500/36000 batch_loss=9.4446e-05
E18/20 B10600/36000 batch_loss=9.1141e-05
E18/20 B10700/36000 batch_loss=7.2184e-05
E18/20 B10800/36000 batch_loss=7.1834e-05
E18/20 B10900/36000 batch_loss=9.8224e-05
E18/20 B11000/36000 batch_loss=9.7336e-05
E18/20 B11100/36000 batch_loss=9.3310e-05
E18/20 B11200/36000 batch_loss=9.0375e-05
E18/20 B11300/36000 batch_loss=9.7326e-05
E18/20 B11400/36000 batch_loss=9.3992e-05
E18/20 B11500/36000 batch_loss=1.0099e-04
E18/20 B11600/36000 batch_loss=9.5044e-05
E18/20 B11700/36000 batch_loss=9.0559e-05
E18/20 B11800/36000 batch_loss=7.5072e-05
E18/20 B11900/36000 batch_loss=1.0078e-04
E18/20 B12000/36000 batch_loss=8.8680e-05
E18/20 B12100/36000 batch_loss=6.9763e-05
E18/20 B12200/36000 batch_loss=5.9587e-05
E18/20 B12300/36000 batch_loss=8.8166e-05
E18/20 B12400/36000 batch_loss=7.4040e-05
E18/20 B12500/36000 batch_loss=8.2916e-05
E18/20 B12600/36000 batch_loss=9.1698e-05
E18/20 B12700/36000 batch_loss=9.1334e-05
E18/20 B12800/36000 batch_loss=6.7629e-05
E18/20 B12900/36000 batch_loss=9.1742e-05
E18/20 B13000/36000 batch_loss=6.8186e-05
E18/20 B13100/36000 batch_loss=6.7337e-05
E18/20 B13200/36000 batch_loss=9.5087e-05
E18/20 B13300/36000 batch_loss=7.8315e-05
E18/20 B13400/36000 batch_loss=6.9147e-05
E18/20 B13500/36000 batch_loss=9.5940e-05
E18/20 B13600/36000 batch_loss=9.6211e-05
E18/20 B13700/36000 batch_loss=9.0951e-05
E18/20 B13800/36000 batch_loss=6.5755e-05
E18/20 B13900/36000 batch_loss=6.3128e-05
E18/20 B14000/36000 batch_loss=8.9061e-05
E18/20 B14100/36000 batch_loss=8.8006e-05
E18/20 B14200/36000 batch_loss=6.7402e-05
E18/20 B14300/36000 batch_loss=8.6768e-05
E18/20 B14400/36000 batch_loss=6.6326e-05
E18/20 B14500/36000 batch_loss=6.5760e-05
E18/20 B14600/36000 batch_loss=1.5050e-04
E18/20 B14700/36000 batch_loss=1.4000e-04
E18/20 B14800/36000 batch_loss=1.1098e-04
E18/20 B14900/36000 batch_loss=8.9868e-05
E18/20 B15000/36000 batch_loss=8.6043e-05
E18/20 B15100/36000 batch_loss=9.9227e-05
E18/20 B15200/36000 batch_loss=9.1625e-05
E18/20 B15300/36000 batch_loss=7.7776e-05
E18/20 B15400/36000 batch_loss=9.4652e-05
E18/20 B15500/36000 batch_loss=9.7292e-05
E18/20 B15600/36000 batch_loss=7.3956e-05
E18/20 B15700/36000 batch_loss=6.9411e-05
E18/20 B15800/36000 batch_loss=7.1995e-05
E18/20 B15900/36000 batch_loss=6.7488e-05
E18/20 B16000/36000 batch_loss=7.0533e-05
E18/20 B16100/36000 batch_loss=6.9430e-05
E18/20 B16200/36000 batch_loss=9.5649e-05
E18/20 B16300/36000 batch_loss=8.9409e-05
E18/20 B16400/36000 batch_loss=9.2103e-05
E18/20 B16500/36000 batch_loss=7.3204e-05
E18/20 B16600/36000 batch_loss=7.8185e-05
E18/20 B16700/36000 batch_loss=6.0324e-05
E18/20 B16800/36000 batch_loss=7.2929e-05
E18/20 B16900/36000 batch_loss=9.6779e-05
E18/20 B17000/36000 batch_loss=6.4776e-05
E18/20 B17100/36000 batch_loss=9.5256e-05
E18/20 B17200/36000 batch_loss=6.9800e-05
E18/20 B17300/36000 batch_loss=9.7128e-05
E18/20 B17400/36000 batch_loss=6.6372e-05
E18/20 B17500/36000 batch_loss=9.4663e-05
E18/20 B17600/36000 batch_loss=8.9527e-05
E18/20 B17700/36000 batch_loss=8.7139e-05
E18/20 B17800/36000 batch_loss=7.0868e-05
E18/20 B17900/36000 batch_loss=8.8601e-05
E18/20 B18000/36000 batch_loss=6.3455e-05
E18/20 B18100/36000 batch_loss=9.2201e-05
E18/20 B18200/36000 batch_loss=9.6516e-05
E18/20 B18300/36000 batch_loss=9.5691e-05
E18/20 B18400/36000 batch_loss=7.0470e-05
E18/20 B18500/36000 batch_loss=9.4916e-05
E18/20 B18600/36000 batch_loss=7.3930e-05
E18/20 B18700/36000 batch_loss=8.5220e-05
E18/20 B18800/36000 batch_loss=9.1564e-05
E18/20 B18900/36000 batch_loss=1.9381e-04
E18/20 B19000/36000 batch_loss=1.8400e-04
E18/20 B19100/36000 batch_loss=1.7283e-04
E18/20 B19200/36000 batch_loss=1.6484e-04
E18/20 B19300/36000 batch_loss=1.4676e-04
E18/20 B19400/36000 batch_loss=1.3559e-04
E18/20 B19500/36000 batch_loss=1.2941e-04
E18/20 B19600/36000 batch_loss=1.2723e-04
E18/20 B19700/36000 batch_loss=1.1750e-04
E18/20 B19800/36000 batch_loss=1.0993e-04
E18/20 B19900/36000 batch_loss=1.1382e-04
E18/20 B20000/36000 batch_loss=8.7425e-05
E18/20 B20100/36000 batch_loss=7.7080e-05
E18/20 B20200/36000 batch_loss=8.0573e-05
E18/20 B20300/36000 batch_loss=1.0859e-04
E18/20 B20400/36000 batch_loss=9.5911e-05
E18/20 B20500/36000 batch_loss=8.1406e-05
E18/20 B20600/36000 batch_loss=1.0915e-04
E18/20 B20700/36000 batch_loss=7.3191e-05
E18/20 B20800/36000 batch_loss=7.6320e-05
E18/20 B20900/36000 batch_loss=6.8808e-05
E18/20 B21000/36000 batch_loss=7.0575e-05
E18/20 B21100/36000 batch_loss=6.9773e-05
E18/20 B21200/36000 batch_loss=6.9560e-05
E18/20 B21300/36000 batch_loss=7.6859e-05
E18/20 B21400/36000 batch_loss=1.0372e-04
E18/20 B21500/36000 batch_loss=7.6926e-05
E18/20 B21600/36000 batch_loss=7.0182e-05
E18/20 B21700/36000 batch_loss=7.6132e-05
E18/20 B21800/36000 batch_loss=9.6490e-05
E18/20 B21900/36000 batch_loss=9.7342e-05
E18/20 B22000/36000 batch_loss=8.6401e-05
E18/20 B22100/36000 batch_loss=8.9420e-05
E18/20 B22200/36000 batch_loss=1.0041e-04
E18/20 B22300/36000 batch_loss=1.0263e-04
E18/20 B22400/36000 batch_loss=9.0846e-05
E18/20 B22500/36000 batch_loss=8.6504e-05
E18/20 B22600/36000 batch_loss=8.8597e-05
E18/20 B22700/36000 batch_loss=9.3684e-05
E18/20 B22800/36000 batch_loss=7.6444e-05
E18/20 B22900/36000 batch_loss=7.1014e-05
E18/20 B23000/36000 batch_loss=9.0958e-05
E18/20 B23100/36000 batch_loss=2.1696e-04
E18/20 B23200/36000 batch_loss=2.3992e-04
E18/20 B23300/36000 batch_loss=2.0755e-04
E18/20 B23400/36000 batch_loss=2.0281e-04
E18/20 B23500/36000 batch_loss=2.0326e-04
E18/20 B23600/36000 batch_loss=2.0142e-04
E18/20 B23700/36000 batch_loss=2.0014e-04
E18/20 B23800/36000 batch_loss=1.9946e-04
E18/20 B23900/36000 batch_loss=2.1928e-04
E18/20 B24000/36000 batch_loss=1.9951e-04
E18/20 B24100/36000 batch_loss=1.9422e-04
E18/20 B24200/36000 batch_loss=1.9119e-04
E18/20 B24300/36000 batch_loss=1.9152e-04
E18/20 B24400/36000 batch_loss=1.9506e-04
E18/20 B24500/36000 batch_loss=2.1608e-04
E18/20 B24600/36000 batch_loss=2.1232e-04
E18/20 B24700/36000 batch_loss=1.9054e-04
E18/20 B24800/36000 batch_loss=1.9394e-04
E18/20 B24900/36000 batch_loss=2.0295e-04
E18/20 B25000/36000 batch_loss=2.2867e-04
E18/20 B25100/36000 batch_loss=1.8859e-04
E18/20 B25200/36000 batch_loss=1.9322e-04
E18/20 B25300/36000 batch_loss=1.9406e-04
E18/20 B25400/36000 batch_loss=2.1655e-04
E18/20 B25500/36000 batch_loss=1.9226e-04
E18/20 B25600/36000 batch_loss=1.9276e-04
E18/20 B25700/36000 batch_loss=1.8888e-04
E18/20 B25800/36000 batch_loss=1.8597e-04
E18/20 B25900/36000 batch_loss=1.9300e-04
E18/20 B26000/36000 batch_loss=1.9333e-04
E18/20 B26100/36000 batch_loss=1.9163e-04
E18/20 B26200/36000 batch_loss=1.9211e-04
E18/20 B26300/36000 batch_loss=1.8724e-04
E18/20 B26400/36000 batch_loss=1.8995e-04
E18/20 B26500/36000 batch_loss=1.8704e-04
E18/20 B26600/36000 batch_loss=1.8826e-04
E18/20 B26700/36000 batch_loss=1.9026e-04
E18/20 B26800/36000 batch_loss=1.8606e-04
E18/20 B26900/36000 batch_loss=1.8398e-04
E18/20 B27000/36000 batch_loss=1.8988e-04
E18/20 B27100/36000 batch_loss=1.8518e-04
E18/20 B27200/36000 batch_loss=1.8920e-04
E18/20 B27300/36000 batch_loss=2.1196e-04
E18/20 B27400/36000 batch_loss=1.8870e-04
E18/20 B27500/36000 batch_loss=1.8868e-04
E18/20 B27600/36000 batch_loss=1.8574e-04
E18/20 B27700/36000 batch_loss=1.8699e-04
E18/20 B27800/36000 batch_loss=1.8979e-04
E18/20 B27900/36000 batch_loss=1.8699e-04
E18/20 B28000/36000 batch_loss=1.9269e-04
E18/20 B28100/36000 batch_loss=1.7872e-04
E18/20 B28200/36000 batch_loss=1.8485e-04
E18/20 B28300/36000 batch_loss=1.8820e-04
E18/20 B28400/36000 batch_loss=1.8593e-04
E18/20 B28500/36000 batch_loss=1.8247e-04
E18/20 B28600/36000 batch_loss=1.8433e-04
E18/20 B28700/36000 batch_loss=1.8306e-04
E18/20 B28800/36000 batch_loss=1.8035e-04
E18/20 B28900/36000 batch_loss=1.7952e-04
E18/20 B29000/36000 batch_loss=1.8030e-04
E18/20 B29100/36000 batch_loss=1.7912e-04
E18/20 B29200/36000 batch_loss=1.8005e-04
E18/20 B29300/36000 batch_loss=1.7956e-04
E18/20 B29400/36000 batch_loss=1.7972e-04
E18/20 B29500/36000 batch_loss=1.7508e-04
E18/20 B29600/36000 batch_loss=1.7197e-04
E18/20 B29700/36000 batch_loss=1.7381e-04
E18/20 B29800/36000 batch_loss=1.7573e-04
E18/20 B29900/36000 batch_loss=1.6364e-04
E18/20 B30000/36000 batch_loss=1.6522e-04
E18/20 B30100/36000 batch_loss=1.6214e-04
E18/20 B30200/36000 batch_loss=1.7603e-04
E18/20 B30300/36000 batch_loss=1.9175e-04
E18/20 B30400/36000 batch_loss=1.6748e-04
E18/20 B30500/36000 batch_loss=1.7078e-04
E18/20 B30600/36000 batch_loss=1.8625e-04
E18/20 B30700/36000 batch_loss=1.7407e-04
E18/20 B30800/36000 batch_loss=1.7052e-04
E18/20 B30900/36000 batch_loss=1.7142e-04
E18/20 B31000/36000 batch_loss=1.7043e-04
E18/20 B31100/36000 batch_loss=1.6899e-04
E18/20 B31200/36000 batch_loss=1.6855e-04
E18/20 B31300/36000 batch_loss=1.5588e-04
E18/20 B31400/36000 batch_loss=1.5638e-04
E18/20 B31500/36000 batch_loss=1.6376e-04
E18/20 B31600/36000 batch_loss=1.6614e-04
E18/20 B31700/36000 batch_loss=1.6723e-04
E18/20 B31800/36000 batch_loss=1.6639e-04
E18/20 B31900/36000 batch_loss=1.6253e-04
E18/20 B32000/36000 batch_loss=1.4955e-04
E18/20 B32100/36000 batch_loss=1.5839e-04
E18/20 B32200/36000 batch_loss=1.5748e-04
E18/20 B32300/36000 batch_loss=1.5983e-04
E18/20 B32400/36000 batch_loss=1.4736e-04
E18/20 B32500/36000 batch_loss=1.4441e-04
E18/20 B32600/36000 batch_loss=1.5120e-04
E18/20 B32700/36000 batch_loss=1.9482e-04
E18/20 B32800/36000 batch_loss=2.2288e-04
E18/20 B32900/36000 batch_loss=1.9133e-04
E18/20 B33000/36000 batch_loss=1.6900e-04
E18/20 B33100/36000 batch_loss=1.4966e-04
E18/20 B33200/36000 batch_loss=1.6572e-04
E18/20 B33300/36000 batch_loss=1.6253e-04
E18/20 B33400/36000 batch_loss=1.6078e-04
E18/20 B33500/36000 batch_loss=1.5546e-04
E18/20 B33600/36000 batch_loss=1.5749e-04
E18/20 B33700/36000 batch_loss=1.5523e-04
E18/20 B33800/36000 batch_loss=1.5350e-04
E18/20 B33900/36000 batch_loss=1.6167e-04
E18/20 B34000/36000 batch_loss=1.5814e-04
E18/20 B34100/36000 batch_loss=1.5732e-04
E18/20 B34200/36000 batch_loss=1.4729e-04
E18/20 B34300/36000 batch_loss=1.5313e-04
E18/20 B34400/36000 batch_loss=1.4836e-04
E18/20 B34500/36000 batch_loss=1.4639e-04
E18/20 B34600/36000 batch_loss=1.4740e-04
E18/20 B34700/36000 batch_loss=1.3521e-04
E18/20 B34800/36000 batch_loss=1.4700e-04
E18/20 B34900/36000 batch_loss=1.4992e-04
E18/20 B35000/36000 batch_loss=1.3070e-04
E18/20 B35100/36000 batch_loss=1.5211e-04
E18/20 B35200/36000 batch_loss=1.5168e-04
E18/20 B35300/36000 batch_loss=1.3041e-04
E18/20 B35400/36000 batch_loss=1.4500e-04
E18/20 B35500/36000 batch_loss=1.3309e-04
E18/20 B35600/36000 batch_loss=1.2694e-04
E18/20 B35700/36000 batch_loss=1.4920e-04
E18/20 B35800/36000 batch_loss=1.2748e-04
E18/20 B35900/36000 batch_loss=1.3560e-04
E18/20 B36000/36000 batch_loss=1.5350e-04
2026-07-04 21:47:11,589 | INFO | Saved 10 diagnostic panel(s) under D:\Research\NO-2D-Metamaterials\MODELS\training_runs\NO_I3O5_BCF16_NMSE_HC128_LR2e-03_WD0e+00_SS1_G9e-01_ch0u_260701\diagnostics\epoch_018
epoch=18/20 loss=mse train_mse=1.204535e-04 val_mse=1.359843e-04 train_mae=5.461192e-03 val_mae=5.979951e-03 train_mse=1.204535e-04 val_mse=1.359843e-04 lr=1.063e-03 train_sps=1478.3
2026-07-04 21:47:12,733 | INFO | epoch=18/20 loss=mse train_mse=1.204535e-04 val_mse=1.359843e-04 train_mae=5.461192e-03 val_mae=5.979951e-03 train_mse=1.204535e-04 val_mse=1.359843e-04 lr=1.063e-03 train_sps=1478.3
2026-07-04 21:47:12,734 | INFO | epoch=18/20 loss_ch_mse train=1.889e-05 1.351e-04 1.299e-04 1.673e-04 1.511e-04 val=2.622e-05 1.468e-04 1.468e-04 1.866e-04 1.735e-04
2026-07-04 21:47:12,734 | INFO | epoch=18/20 mae_ch train=1.984e-03 6.143e-03 5.973e-03 6.743e-03 6.463e-03 val=1.949e-03 6.625e-03 6.562e-03 7.493e-03 7.270e-03 mse_ch train=1.889e-05 1.351e-04 1.299e-04 1.673e-04 1.511e-04 val=2.622e-05 1.468e-04 1.468e-04 1.866e-04 1.735e-04
Epoch 18/20 done | loss=mse train=1.2045e-04 val=1.3598e-04 mae=5.9800e-03 mse=1.3598e-04 lr=1.06e-03
E19/20 B100/36000 batch_loss=1.3879e-04
E19/20 B200/36000 batch_loss=1.3690e-04
E19/20 B300/36000 batch_loss=1.4113e-04
E19/20 B400/36000 batch_loss=1.2062e-04
E19/20 B500/36000 batch_loss=1.2388e-04
E19/20 B600/36000 batch_loss=1.3303e-04
E19/20 B700/36000 batch_loss=1.3694e-04
E19/20 B800/36000 batch_loss=1.4008e-04
E19/20 B900/36000 batch_loss=1.1775e-04
E19/20 B1000/36000 batch_loss=1.4172e-04
E19/20 B1100/36000 batch_loss=1.1700e-04
E19/20 B1200/36000 batch_loss=1.2298e-04
E19/20 B1300/36000 batch_loss=1.2009e-04
E19/20 B1400/36000 batch_loss=1.3119e-04
E19/20 B1500/36000 batch_loss=1.3345e-04
E19/20 B1600/36000 batch_loss=1.2246e-04
E19/20 B1700/36000 batch_loss=1.1833e-04
E19/20 B1800/36000 batch_loss=1.1547e-04
E19/20 B1900/36000 batch_loss=1.1371e-04
E19/20 B2000/36000 batch_loss=1.3234e-04
E19/20 B2100/36000 batch_loss=1.1647e-04
E19/20 B2200/36000 batch_loss=1.2875e-04
E19/20 B2300/36000 batch_loss=1.2079e-04
E19/20 B2400/36000 batch_loss=1.0668e-04
E19/20 B2500/36000 batch_loss=1.3584e-04
E19/20 B2600/36000 batch_loss=1.1955e-04
E19/20 B2700/36000 batch_loss=1.2462e-04
E19/20 B2800/36000 batch_loss=1.1495e-04
E19/20 B2900/36000 batch_loss=1.2273e-04
E19/20 B3000/36000 batch_loss=1.0567e-04
E19/20 B3100/36000 batch_loss=1.0557e-04
E19/20 B3200/36000 batch_loss=1.0944e-04
E19/20 B3300/36000 batch_loss=1.0620e-04
E19/20 B3400/36000 batch_loss=1.1744e-04
E19/20 B3500/36000 batch_loss=1.0650e-04
E19/20 B3600/36000 batch_loss=1.1420e-04
E19/20 B3700/36000 batch_loss=1.2379e-04
E19/20 B3800/36000 batch_loss=1.1525e-04
E19/20 B3900/36000 batch_loss=1.0465e-04
E19/20 B4000/36000 batch_loss=1.2013e-04
E19/20 B4100/36000 batch_loss=1.2489e-04
E19/20 B4200/36000 batch_loss=1.0144e-04
E19/20 B4300/36000 batch_loss=1.2104e-04
E19/20 B4400/36000 batch_loss=9.8844e-05
E19/20 B4500/36000 batch_loss=1.2137e-04
E19/20 B4600/36000 batch_loss=1.0364e-04
E19/20 B4700/36000 batch_loss=1.0270e-04
E19/20 B4800/36000 batch_loss=1.0003e-04
E19/20 B4900/36000 batch_loss=1.0001e-04
E19/20 B5000/36000 batch_loss=9.8488e-05
E19/20 B5100/36000 batch_loss=1.0201e-04
E19/20 B5200/36000 batch_loss=1.0411e-04
E19/20 B5300/36000 batch_loss=1.2359e-04
E19/20 B5400/36000 batch_loss=1.1920e-04
E19/20 B5500/36000 batch_loss=1.1631e-04
E19/20 B5600/36000 batch_loss=1.0452e-04
E19/20 B5700/36000 batch_loss=1.0437e-04
E19/20 B5800/36000 batch_loss=9.9406e-05
E19/20 B5900/36000 batch_loss=1.0740e-04
E19/20 B6000/36000 batch_loss=9.6970e-05
E19/20 B6100/36000 batch_loss=1.1251e-04
E19/20 B6200/36000 batch_loss=1.1583e-04
E19/20 B6300/36000 batch_loss=1.1497e-04
E19/20 B6400/36000 batch_loss=9.2866e-05
E19/20 B6500/36000 batch_loss=9.6120e-05
E19/20 B6600/36000 batch_loss=1.1136e-04
E19/20 B6700/36000 batch_loss=9.1528e-05
E19/20 B6800/36000 batch_loss=1.1142e-04
E19/20 B6900/36000 batch_loss=8.8688e-05
E19/20 B7000/36000 batch_loss=9.0358e-05
E19/20 B7100/36000 batch_loss=1.1490e-04
E19/20 B7200/36000 batch_loss=8.6734e-05
E19/20 B7300/36000 batch_loss=1.1223e-04
E19/20 B7400/36000 batch_loss=9.1416e-05
E19/20 B7500/36000 batch_loss=1.0555e-04
E19/20 B7600/36000 batch_loss=9.1288e-05
E19/20 B7700/36000 batch_loss=1.0215e-04
E19/20 B7800/36000 batch_loss=1.1076e-04
E19/20 B7900/36000 batch_loss=1.1095e-04
E19/20 B8000/36000 batch_loss=9.4049e-05
E19/20 B8100/36000 batch_loss=8.9217e-05
E19/20 B8200/36000 batch_loss=9.5626e-05
E19/20 B8300/36000 batch_loss=9.2150e-05
E19/20 B8400/36000 batch_loss=1.1122e-04
E19/20 B8500/36000 batch_loss=1.0447e-04
E19/20 B8600/36000 batch_loss=1.1012e-04
E19/20 B8700/36000 batch_loss=1.0893e-04
E19/20 B8800/36000 batch_loss=1.0603e-04
E19/20 B8900/36000 batch_loss=8.0424e-05
E19/20 B9000/36000 batch_loss=1.1194e-04
E19/20 B9100/36000 batch_loss=1.0779e-04
E19/20 B9200/36000 batch_loss=1.1521e-04
E19/20 B9300/36000 batch_loss=1.0847e-04
E19/20 B9400/36000 batch_loss=8.9008e-05
E19/20 B9500/36000 batch_loss=9.4670e-05
E19/20 B9600/36000 batch_loss=9.9471e-05
E19/20 B9700/36000 batch_loss=1.1078e-04
E19/20 B9800/36000 batch_loss=9.0295e-05
E19/20 B9900/36000 batch_loss=1.1443e-04
E19/20 B10000/36000 batch_loss=1.0838e-04
E19/20 B10100/36000 batch_loss=9.3662e-05
E19/20 B10200/36000 batch_loss=1.0666e-04
E19/20 B10300/36000 batch_loss=8.9820e-05
E19/20 B10400/36000 batch_loss=9.9744e-05
E19/20 B10500/36000 batch_loss=8.5882e-05
E19/20 B10600/36000 batch_loss=8.3037e-05
E19/20 B10700/36000 batch_loss=1.0301e-04
E19/20 B10800/36000 batch_loss=8.3069e-05
E19/20 B10900/36000 batch_loss=1.0201e-04
E19/20 B11000/36000 batch_loss=8.5925e-05
E19/20 B11100/36000 batch_loss=1.1046e-04
E19/20 B11200/36000 batch_loss=1.3728e-04
E19/20 B11300/36000 batch_loss=1.1783e-04
E19/20 B11400/36000 batch_loss=8.9195e-05
E19/20 B11500/36000 batch_loss=8.8124e-05
E19/20 B11600/36000 batch_loss=1.1206e-04
E19/20 B11700/36000 batch_loss=8.5147e-05
E19/20 B11800/36000 batch_loss=9.4666e-05
E19/20 B11900/36000 batch_loss=1.0774e-04
E19/20 B12000/36000 batch_loss=8.6682e-05
E19/20 B12100/36000 batch_loss=8.8390e-05
E19/20 B12200/36000 batch_loss=9.1039e-05
E19/20 B12300/36000 batch_loss=8.8280e-05
E19/20 B12400/36000 batch_loss=1.1341e-04
E19/20 B12500/36000 batch_loss=1.0572e-04
E19/20 B12600/36000 batch_loss=1.0895e-04
E19/20 B12700/36000 batch_loss=9.2781e-05
E19/20 B12800/36000 batch_loss=8.3478e-05
E19/20 B12900/36000 batch_loss=1.1338e-04
E19/20 B13000/36000 batch_loss=8.3655e-05
E19/20 B13100/36000 batch_loss=1.0866e-04
E19/20 B13200/36000 batch_loss=1.1273e-04
E19/20 B13300/36000 batch_loss=1.0738e-04
E19/20 B13400/36000 batch_loss=8.1297e-05
E19/20 B13500/36000 batch_loss=8.4347e-05
E19/20 B13600/36000 batch_loss=1.0266e-04
E19/20 B13700/36000 batch_loss=8.4762e-05
E19/20 B13800/36000 batch_loss=1.1182e-04
E19/20 B13900/36000 batch_loss=1.0497e-04
E19/20 B14000/36000 batch_loss=2.0296e-04
E19/20 B14100/36000 batch_loss=1.9573e-04
E19/20 B14200/36000 batch_loss=1.9908e-04
E19/20 B14300/36000 batch_loss=1.8911e-04
E19/20 B14400/36000 batch_loss=1.8899e-04
E19/20 B14500/36000 batch_loss=1.9708e-04
E19/20 B14600/36000 batch_loss=1.8407e-04
E19/20 B14700/36000 batch_loss=1.8098e-04
E19/20 B14800/36000 batch_loss=1.7940e-04
E19/20 B14900/36000 batch_loss=1.8947e-04
E19/20 B15000/36000 batch_loss=1.7704e-04
E19/20 B15100/36000 batch_loss=1.7551e-04
E19/20 B15200/36000 batch_loss=1.7446e-04
E19/20 B15300/36000 batch_loss=1.6612e-04
E19/20 B15400/36000 batch_loss=1.6441e-04
E19/20 B15500/36000 batch_loss=1.6470e-04
E19/20 B15600/36000 batch_loss=1.6415e-04
E19/20 B15700/36000 batch_loss=1.5687e-04
E19/20 B15800/36000 batch_loss=1.5567e-04
E19/20 B15900/36000 batch_loss=1.5643e-04
E19/20 B16000/36000 batch_loss=1.5451e-04
E19/20 B16100/36000 batch_loss=1.5007e-04
E19/20 B16200/36000 batch_loss=1.4789e-04
E19/20 B16300/36000 batch_loss=1.4288e-04
E19/20 B16400/36000 batch_loss=1.4529e-04
E19/20 B16500/36000 batch_loss=1.5215e-04
E19/20 B16600/36000 batch_loss=1.3831e-04
E19/20 B16700/36000 batch_loss=1.3166e-04
E19/20 B16800/36000 batch_loss=1.2751e-04
E19/20 B16900/36000 batch_loss=1.2090e-04
E19/20 B17000/36000 batch_loss=1.2440e-04
E19/20 B17100/36000 batch_loss=1.8410e-04
E19/20 B17200/36000 batch_loss=1.7031e-04
E19/20 B17300/36000 batch_loss=1.3361e-04
E19/20 B17400/36000 batch_loss=1.3213e-04
E19/20 B17500/36000 batch_loss=1.2304e-04
E19/20 B17600/36000 batch_loss=1.3266e-04
E19/20 B17700/36000 batch_loss=1.0863e-04
E19/20 B17800/36000 batch_loss=1.4150e-04
E19/20 B17900/36000 batch_loss=1.3272e-04
E19/20 B18000/36000 batch_loss=9.7347e-05
E19/20 B18100/36000 batch_loss=1.1629e-04
E19/20 B18200/36000 batch_loss=1.0995e-04
E19/20 B18300/36000 batch_loss=1.0601e-04
E19/20 B18400/36000 batch_loss=1.0211e-04
E19/20 B18500/36000 batch_loss=1.0276e-04
E19/20 B18600/36000 batch_loss=1.0913e-04
E19/20 B18700/36000 batch_loss=1.1909e-04
E19/20 B18800/36000 batch_loss=9.5108e-05
E19/20 B18900/36000 batch_loss=9.8647e-05
E19/20 B19000/36000 batch_loss=1.1077e-04
E19/20 B19100/36000 batch_loss=1.0250e-04
E19/20 B19200/36000 batch_loss=9.5209e-05
E19/20 B19300/36000 batch_loss=8.6477e-05
E19/20 B19400/36000 batch_loss=1.2609e-04
E19/20 B19500/36000 batch_loss=9.2583e-05
E19/20 B19600/36000 batch_loss=8.4970e-05
E19/20 B19700/36000 batch_loss=1.1052e-04
E19/20 B19800/36000 batch_loss=1.0802e-04
E19/20 B19900/36000 batch_loss=1.0796e-04
E19/20 B20000/36000 batch_loss=1.0433e-04
E19/20 B20100/36000 batch_loss=9.7422e-05
E19/20 B20200/36000 batch_loss=9.0753e-05
E19/20 B20300/36000 batch_loss=1.1103e-04
E19/20 B20400/36000 batch_loss=1.0476e-04
E19/20 B20500/36000 batch_loss=9.1497e-05
E19/20 B20600/36000 batch_loss=9.3727e-05
E19/20 B20700/36000 batch_loss=9.0878e-05
E19/20 B20800/36000 batch_loss=1.0881e-04
E19/20 B20900/36000 batch_loss=8.2263e-05
E19/20 B21000/36000 batch_loss=9.8152e-05
E19/20 B21100/36000 batch_loss=1.0146e-04
E19/20 B21200/36000 batch_loss=1.0937e-04
E19/20 B21300/36000 batch_loss=1.0564e-04
E19/20 B21400/36000 batch_loss=8.0111e-05
E19/20 B21500/36000 batch_loss=1.0144e-04
E19/20 B21600/36000 batch_loss=1.0337e-04
E19/20 B21700/36000 batch_loss=1.1658e-04
E19/20 B21800/36000 batch_loss=8.5206e-05
E19/20 B21900/36000 batch_loss=1.1513e-04
E19/20 B22000/36000 batch_loss=1.0231e-04
E19/20 B22100/36000 batch_loss=8.6361e-05
E19/20 B22200/36000 batch_loss=8.3821e-05
E19/20 B22300/36000 batch_loss=1.0278e-04
E19/20 B22400/36000 batch_loss=1.0962e-04
E19/20 B22500/36000 batch_loss=1.1756e-04
E19/20 B22600/36000 batch_loss=9.0029e-05
E19/20 B22700/36000 batch_loss=7.9545e-05
E19/20 B22800/36000 batch_loss=1.0023e-04
E19/20 B22900/36000 batch_loss=2.3079e-04
E19/20 B23000/36000 batch_loss=1.9847e-04
E19/20 B23100/36000 batch_loss=2.0829e-04
E19/20 B23200/36000 batch_loss=2.3014e-04
E19/20 B23300/36000 batch_loss=2.2877e-04
E19/20 B23400/36000 batch_loss=2.0890e-04
E19/20 B23500/36000 batch_loss=1.9476e-04
E19/20 B23600/36000 batch_loss=2.1251e-04
E19/20 B23700/36000 batch_loss=1.9700e-04
E19/20 B23800/36000 batch_loss=1.9121e-04
E19/20 B23900/36000 batch_loss=1.9552e-04
E19/20 B24000/36000 batch_loss=1.9024e-04
E19/20 B24100/36000 batch_loss=2.2216e-04
E19/20 B24200/36000 batch_loss=1.8913e-04
E19/20 B24300/36000 batch_loss=2.0125e-04
E19/20 B24400/36000 batch_loss=1.8979e-04
E19/20 B24500/36000 batch_loss=2.0837e-04
E19/20 B24600/36000 batch_loss=2.0301e-04
E19/20 B24700/36000 batch_loss=2.1878e-04
E19/20 B24800/36000 batch_loss=2.0309e-04
E19/20 B24900/36000 batch_loss=1.9083e-04
E19/20 B25000/36000 batch_loss=1.9285e-04
E19/20 B25100/36000 batch_loss=1.8643e-04
E19/20 B25200/36000 batch_loss=1.9041e-04
E19/20 B25300/36000 batch_loss=1.8979e-04
E19/20 B25400/36000 batch_loss=1.9905e-04
E19/20 B25500/36000 batch_loss=2.0418e-04
E19/20 B25600/36000 batch_loss=1.8812e-04
E19/20 B25700/36000 batch_loss=1.8237e-04
E19/20 B25800/36000 batch_loss=1.9043e-04
E19/20 B25900/36000 batch_loss=1.9638e-04
E19/20 B26000/36000 batch_loss=1.9241e-04
E19/20 B26100/36000 batch_loss=1.8978e-04
E19/20 B26200/36000 batch_loss=1.7667e-04
E19/20 B26300/36000 batch_loss=1.8679e-04
E19/20 B26400/36000 batch_loss=1.8116e-04
E19/20 B26500/36000 batch_loss=1.8049e-04
E19/20 B26600/36000 batch_loss=1.7323e-04
E19/20 B26700/36000 batch_loss=1.7601e-04
E19/20 B26800/36000 batch_loss=1.8441e-04
E19/20 B26900/36000 batch_loss=1.6465e-04
E19/20 B27000/36000 batch_loss=1.7521e-04
E19/20 B27100/36000 batch_loss=1.7118e-04
E19/20 B27200/36000 batch_loss=1.6665e-04
E19/20 B27300/36000 batch_loss=1.6599e-04
E19/20 B27400/36000 batch_loss=1.5809e-04
E19/20 B27500/36000 batch_loss=1.6604e-04
E19/20 B27600/36000 batch_loss=1.5280e-04
E19/20 B27700/36000 batch_loss=1.5691e-04
E19/20 B27800/36000 batch_loss=1.5494e-04
E19/20 B27900/36000 batch_loss=1.5227e-04
E19/20 B28000/36000 batch_loss=1.6230e-04
E19/20 B28100/36000 batch_loss=1.6496e-04
E19/20 B28200/36000 batch_loss=1.5478e-04
E19/20 B28300/36000 batch_loss=1.5671e-04
E19/20 B28400/36000 batch_loss=1.4679e-04
E19/20 B28500/36000 batch_loss=1.3977e-04
E19/20 B28600/36000 batch_loss=1.5585e-04
E19/20 B28700/36000 batch_loss=1.4200e-04
E19/20 B28800/36000 batch_loss=1.5630e-04
E19/20 B28900/36000 batch_loss=1.5248e-04
E19/20 B29000/36000 batch_loss=1.3453e-04
E19/20 B29100/36000 batch_loss=1.5109e-04
E19/20 B29200/36000 batch_loss=1.4964e-04
E19/20 B29300/36000 batch_loss=1.3338e-04
E19/20 B29400/36000 batch_loss=1.2930e-04
E19/20 B29500/36000 batch_loss=1.4246e-04
E19/20 B29600/36000 batch_loss=1.3109e-04
E19/20 B29700/36000 batch_loss=1.3502e-04
E19/20 B29800/36000 batch_loss=1.3515e-04
E19/20 B29900/36000 batch_loss=1.3317e-04
E19/20 B30000/36000 batch_loss=1.2715e-04
E19/20 B30100/36000 batch_loss=1.9532e-04
E19/20 B30200/36000 batch_loss=2.0328e-04
E19/20 B30300/36000 batch_loss=1.8648e-04
E19/20 B30400/36000 batch_loss=1.8795e-04
E19/20 B30500/36000 batch_loss=1.8155e-04
E19/20 B30600/36000 batch_loss=1.7972e-04
E19/20 B30700/36000 batch_loss=1.7723e-04
E19/20 B30800/36000 batch_loss=1.7376e-04
E19/20 B30900/36000 batch_loss=1.6508e-04
E19/20 B31000/36000 batch_loss=1.6774e-04
E19/20 B31100/36000 batch_loss=1.7166e-04
E19/20 B31200/36000 batch_loss=1.6083e-04
E19/20 B31300/36000 batch_loss=1.5735e-04
E19/20 B31400/36000 batch_loss=1.6167e-04
E19/20 B31500/36000 batch_loss=1.6471e-04
E19/20 B31600/36000 batch_loss=1.5438e-04
E19/20 B31700/36000 batch_loss=1.6840e-04
E19/20 B31800/36000 batch_loss=1.5236e-04
E19/20 B31900/36000 batch_loss=1.4359e-04
E19/20 B32000/36000 batch_loss=1.5979e-04
E19/20 B32100/36000 batch_loss=1.4927e-04
E19/20 B32200/36000 batch_loss=1.3518e-04
E19/20 B32300/36000 batch_loss=1.4740e-04
E19/20 B32400/36000 batch_loss=1.5159e-04
E19/20 B32500/36000 batch_loss=1.5918e-04
E19/20 B32600/36000 batch_loss=1.3683e-04
E19/20 B32700/36000 batch_loss=1.2194e-04
E19/20 B32800/36000 batch_loss=1.2798e-04
E19/20 B32900/36000 batch_loss=1.3272e-04
E19/20 B33000/36000 batch_loss=1.2257e-04
E19/20 B33100/36000 batch_loss=1.3435e-04
E19/20 B33200/36000 batch_loss=1.0992e-04
E19/20 B33300/36000 batch_loss=1.0880e-04
E19/20 B33400/36000 batch_loss=1.2475e-04
E19/20 B33500/36000 batch_loss=1.1425e-04
E19/20 B33600/36000 batch_loss=1.0618e-04
E19/20 B33700/36000 batch_loss=1.2592e-04
E19/20 B33800/36000 batch_loss=9.7261e-05
E19/20 B33900/36000 batch_loss=1.2628e-04
E19/20 B34000/36000 batch_loss=9.6313e-05
E19/20 B34100/36000 batch_loss=9.7001e-05
E19/20 B34200/36000 batch_loss=9.9767e-05
E19/20 B34300/36000 batch_loss=9.8150e-05
E19/20 B34400/36000 batch_loss=1.1508e-04
E19/20 B34500/36000 batch_loss=1.1262e-04
E19/20 B34600/36000 batch_loss=1.0387e-04
E19/20 B34700/36000 batch_loss=1.0571e-04
E19/20 B34800/36000 batch_loss=1.1352e-04
E19/20 B34900/36000 batch_loss=9.6367e-05
E19/20 B35000/36000 batch_loss=1.0983e-04
E19/20 B35100/36000 batch_loss=1.1047e-04
E19/20 B35200/36000 batch_loss=9.4548e-05
E19/20 B35300/36000 batch_loss=9.0289e-05
E19/20 B35400/36000 batch_loss=1.0244e-04
E19/20 B35500/36000 batch_loss=9.8605e-05
E19/20 B35600/36000 batch_loss=9.0898e-05
E19/20 B35700/36000 batch_loss=1.1451e-04
E19/20 B35800/36000 batch_loss=1.1353e-04
E19/20 B35900/36000 batch_loss=1.0055e-04
E19/20 B36000/36000 batch_loss=8.7883e-05
2026-07-05 01:33:55,843 | INFO | Saved 10 diagnostic panel(s) under D:\Research\NO-2D-Metamaterials\MODELS\training_runs\NO_I3O5_BCF16_NMSE_HC128_LR2e-03_WD0e+00_SS1_G9e-01_ch0u_260701\diagnostics\epoch_019
epoch=19/20 loss=mse train_mse=1.305658e-04 val_mse=1.029859e-04 train_mae=5.870573e-03 val_mae=4.819696e-03 train_mse=1.305658e-04 val_mse=1.029859e-04 lr=9.566e-04 train_sps=1479.0
2026-07-05 01:33:57,024 | INFO | epoch=19/20 loss=mse train_mse=1.305658e-04 val_mse=1.029859e-04 train_mae=5.870573e-03 val_mae=4.819696e-03 train_mse=1.305658e-04 val_mse=1.029859e-04 lr=9.566e-04 train_sps=1479.0
2026-07-05 01:33:57,024 | INFO | epoch=19/20 loss_ch_mse train=1.728e-05 1.470e-04 1.434e-04 1.796e-04 1.655e-04 val=2.865e-05 1.093e-04 1.085e-04 1.394e-04 1.291e-04
2026-07-05 01:33:57,024 | INFO | epoch=19/20 mae_ch train=2.077e-03 6.609e-03 6.445e-03 7.263e-03 6.959e-03 val=1.591e-03 5.394e-03 5.361e-03 6.003e-03 5.750e-03 mse_ch train=1.728e-05 1.470e-04 1.434e-04 1.796e-04 1.655e-04 val=2.865e-05 1.093e-04 1.085e-04 1.394e-04 1.291e-04
Epoch 19/20 done | loss=mse train=1.3057e-04 val=1.0299e-04 mae=4.8197e-03 mse=1.0299e-04 lr=9.57e-04
E20/20 B100/36000 batch_loss=1.0922e-04
E20/20 B200/36000 batch_loss=9.3651e-05
E20/20 B300/36000 batch_loss=1.0424e-04
E20/20 B400/36000 batch_loss=9.0629e-05
E20/20 B500/36000 batch_loss=1.1262e-04
E20/20 B600/36000 batch_loss=8.6382e-05
E20/20 B700/36000 batch_loss=1.0485e-04
E20/20 B800/36000 batch_loss=9.5698e-05
E20/20 B900/36000 batch_loss=9.0950e-05
E20/20 B1000/36000 batch_loss=9.4529e-05
E20/20 B1100/36000 batch_loss=1.1424e-04
E20/20 B1200/36000 batch_loss=8.9855e-05
E20/20 B1300/36000 batch_loss=8.0084e-05
E20/20 B1400/36000 batch_loss=1.0069e-04
E20/20 B1500/36000 batch_loss=9.7908e-05
E20/20 B1600/36000 batch_loss=1.1606e-04
E20/20 B1700/36000 batch_loss=1.0127e-04
E20/20 B1800/36000 batch_loss=8.8853e-05
E20/20 B1900/36000 batch_loss=1.0455e-04
E20/20 B2000/36000 batch_loss=7.9784e-05
E20/20 B2100/36000 batch_loss=7.9307e-05
E20/20 B2200/36000 batch_loss=9.4803e-05
E20/20 B2300/36000 batch_loss=1.0168e-04
E20/20 B2400/36000 batch_loss=9.0932e-05
E20/20 B2500/36000 batch_loss=1.0155e-04
E20/20 B2600/36000 batch_loss=8.1467e-05
E20/20 B2700/36000 batch_loss=8.3576e-05
E20/20 B2800/36000 batch_loss=8.5956e-05
E20/20 B2900/36000 batch_loss=7.8610e-05
E20/20 B3000/36000 batch_loss=7.9789e-05
E20/20 B3100/36000 batch_loss=8.3446e-05
E20/20 B3200/36000 batch_loss=8.4806e-05
E20/20 B3300/36000 batch_loss=1.0500e-04
E20/20 B3400/36000 batch_loss=8.0456e-05
E20/20 B3500/36000 batch_loss=1.0637e-04
E20/20 B3600/36000 batch_loss=9.9609e-05
E20/20 B3700/36000 batch_loss=1.0252e-04
E20/20 B3800/36000 batch_loss=8.2184e-05
E20/20 B3900/36000 batch_loss=1.0690e-04
E20/20 B4000/36000 batch_loss=8.2618e-05
E20/20 B4100/36000 batch_loss=9.8868e-05
E20/20 B4200/36000 batch_loss=1.0773e-04
E20/20 B4300/36000 batch_loss=1.0359e-04
E20/20 B4400/36000 batch_loss=9.4778e-05
E20/20 B4500/36000 batch_loss=1.0336e-04
E20/20 B4600/36000 batch_loss=7.9826e-05
E20/20 B4700/36000 batch_loss=7.9644e-05
E20/20 B4800/36000 batch_loss=8.3026e-05
E20/20 B4900/36000 batch_loss=7.2985e-05
E20/20 B5000/36000 batch_loss=8.2584e-05
E20/20 B5100/36000 batch_loss=1.0658e-04
E20/20 B5200/36000 batch_loss=1.0146e-04
E20/20 B5300/36000 batch_loss=8.3137e-05
E20/20 B5400/36000 batch_loss=1.0532e-04
E20/20 B5500/36000 batch_loss=7.8356e-05
E20/20 B5600/36000 batch_loss=6.9240e-05
E20/20 B5700/36000 batch_loss=1.0488e-04
E20/20 B5800/36000 batch_loss=7.8335e-05
E20/20 B5900/36000 batch_loss=7.3474e-05
E20/20 B6000/36000 batch_loss=1.0294e-04
E20/20 B6100/36000 batch_loss=1.0082e-04
E20/20 B6200/36000 batch_loss=8.3383e-05
E20/20 B6300/36000 batch_loss=9.8432e-05
E20/20 B6400/36000 batch_loss=8.0253e-05
E20/20 B6500/36000 batch_loss=1.0015e-04
E20/20 B6600/36000 batch_loss=8.5755e-05
E20/20 B6700/36000 batch_loss=7.5677e-05
E20/20 B6800/36000 batch_loss=7.6844e-05
E20/20 B6900/36000 batch_loss=9.7674e-05
E20/20 B7000/36000 batch_loss=9.6044e-05
E20/20 B7100/36000 batch_loss=9.8629e-05
E20/20 B7200/36000 batch_loss=9.4017e-05
E20/20 B7300/36000 batch_loss=7.5763e-05
E20/20 B7400/36000 batch_loss=7.8100e-05
E20/20 B7500/36000 batch_loss=1.0184e-04
E20/20 B7600/36000 batch_loss=1.0224e-04
E20/20 B7700/36000 batch_loss=8.0775e-05
E20/20 B7800/36000 batch_loss=9.4543e-05
E20/20 B7900/36000 batch_loss=1.0515e-04
E20/20 B8000/36000 batch_loss=1.0277e-04
E20/20 B8100/36000 batch_loss=7.1026e-05
E20/20 B8200/36000 batch_loss=1.0176e-04
E20/20 B8300/36000 batch_loss=7.8135e-05
E20/20 B8400/36000 batch_loss=1.0859e-04
E20/20 B8500/36000 batch_loss=9.6464e-05
E20/20 B8600/36000 batch_loss=1.0097e-04
E20/20 B8700/36000 batch_loss=9.9306e-05
E20/20 B8800/36000 batch_loss=9.7308e-05
E20/20 B8900/36000 batch_loss=7.0593e-05
E20/20 B9000/36000 batch_loss=1.0317e-04
E20/20 B9100/36000 batch_loss=7.6356e-05
E20/20 B9200/36000 batch_loss=7.7524e-05
E20/20 B9300/36000 batch_loss=7.2332e-05
E20/20 B9400/36000 batch_loss=7.7708e-05
E20/20 B9500/36000 batch_loss=8.1547e-05
E20/20 B9600/36000 batch_loss=1.0380e-04
E20/20 B9700/36000 batch_loss=9.0494e-05
E20/20 B9800/36000 batch_loss=1.0418e-04
E20/20 B9900/36000 batch_loss=9.7810e-05
E20/20 B10000/36000 batch_loss=8.0059e-05
E20/20 B10100/36000 batch_loss=9.3560e-05
E20/20 B10200/36000 batch_loss=7.2727e-05
E20/20 B10300/36000 batch_loss=7.2063e-05
E20/20 B10400/36000 batch_loss=9.8276e-05
E20/20 B10500/36000 batch_loss=6.7540e-05
E20/20 B10600/36000 batch_loss=9.5725e-05
E20/20 B10700/36000 batch_loss=7.3844e-05
E20/20 B10800/36000 batch_loss=8.9503e-05
E20/20 B10900/36000 batch_loss=7.1894e-05
E20/20 B11000/36000 batch_loss=1.0230e-04
E20/20 B11100/36000 batch_loss=7.7316e-05
E20/20 B11200/36000 batch_loss=7.1819e-05
E20/20 B11300/36000 batch_loss=7.6450e-05
E20/20 B11400/36000 batch_loss=8.0878e-05
E20/20 B11500/36000 batch_loss=8.8862e-05
E20/20 B11600/36000 batch_loss=7.4704e-05
E20/20 B11700/36000 batch_loss=6.9824e-05
E20/20 B11800/36000 batch_loss=1.0056e-04
E20/20 B11900/36000 batch_loss=9.9681e-05
E20/20 B12000/36000 batch_loss=1.1031e-04
E20/20 B12100/36000 batch_loss=1.0169e-04
E20/20 B12200/36000 batch_loss=9.6805e-05
E20/20 B12300/36000 batch_loss=1.0451e-04
E20/20 B12400/36000 batch_loss=9.1174e-05
E20/20 B12500/36000 batch_loss=7.5534e-05
E20/20 B12600/36000 batch_loss=9.6575e-05
E20/20 B12700/36000 batch_loss=7.8738e-05
E20/20 B12800/36000 batch_loss=7.7668e-05
E20/20 B12900/36000 batch_loss=8.0768e-05
E20/20 B13000/36000 batch_loss=7.1034e-05
E20/20 B13100/36000 batch_loss=9.8523e-05
E20/20 B13200/36000 batch_loss=7.2009e-05
E20/20 B13300/36000 batch_loss=7.6038e-05
E20/20 B13400/36000 batch_loss=7.1457e-05
E20/20 B13500/36000 batch_loss=7.6665e-05
E20/20 B13600/36000 batch_loss=7.2517e-05
E20/20 B13700/36000 batch_loss=7.6046e-05
E20/20 B13800/36000 batch_loss=9.0173e-05
E20/20 B13900/36000 batch_loss=7.5358e-05
E20/20 B14000/36000 batch_loss=9.5159e-05
E20/20 B14100/36000 batch_loss=9.5673e-05
E20/20 B14200/36000 batch_loss=7.9951e-05
E20/20 B14300/36000 batch_loss=6.8741e-05
E20/20 B14400/36000 batch_loss=7.7195e-05
E20/20 B14500/36000 batch_loss=9.0512e-05
E20/20 B14600/36000 batch_loss=6.8707e-05
E20/20 B14700/36000 batch_loss=1.1576e-04
E20/20 B14800/36000 batch_loss=9.6725e-05
E20/20 B14900/36000 batch_loss=6.9914e-05
E20/20 B15000/36000 batch_loss=8.6105e-05
E20/20 B15100/36000 batch_loss=9.9850e-05
E20/20 B15200/36000 batch_loss=6.9608e-05
E20/20 B15300/36000 batch_loss=9.3322e-05
E20/20 B15400/36000 batch_loss=7.6641e-05
E20/20 B15500/36000 batch_loss=6.6987e-05
E20/20 B15600/36000 batch_loss=7.3729e-05
E20/20 B15700/36000 batch_loss=6.6073e-05
E20/20 B15800/36000 batch_loss=1.0610e-04
E20/20 B15900/36000 batch_loss=9.4588e-05
E20/20 B16000/36000 batch_loss=9.4751e-05
E20/20 B16100/36000 batch_loss=6.5332e-05
E20/20 B16200/36000 batch_loss=6.9484e-05
E20/20 B16300/36000 batch_loss=1.1019e-04
E20/20 B16400/36000 batch_loss=9.5223e-05
E20/20 B16500/36000 batch_loss=1.1258e-04
E20/20 B16600/36000 batch_loss=8.9896e-05
E20/20 B16700/36000 batch_loss=9.5178e-05
E20/20 B16800/36000 batch_loss=6.7885e-05
E20/20 B16900/36000 batch_loss=9.7653e-05
E20/20 B17000/36000 batch_loss=7.3547e-05
E20/20 B17100/36000 batch_loss=7.1779e-05
E20/20 B17200/36000 batch_loss=7.4738e-05
E20/20 B17300/36000 batch_loss=7.4282e-05
E20/20 B17400/36000 batch_loss=9.1065e-05
E20/20 B17500/36000 batch_loss=8.5704e-05
E20/20 B17600/36000 batch_loss=6.6774e-05
E20/20 B17700/36000 batch_loss=7.5039e-05
E20/20 B17800/36000 batch_loss=7.6822e-05
E20/20 B17900/36000 batch_loss=8.1296e-05
E20/20 B18000/36000 batch_loss=8.4596e-05
E20/20 B18100/36000 batch_loss=9.6395e-05
E20/20 B18200/36000 batch_loss=1.0097e-04
E20/20 B18300/36000 batch_loss=7.4922e-05
E20/20 B18400/36000 batch_loss=6.5176e-05
E20/20 B18500/36000 batch_loss=9.4800e-05
E20/20 B18600/36000 batch_loss=6.8134e-05
E20/20 B18700/36000 batch_loss=7.1206e-05
E20/20 B18800/36000 batch_loss=7.1898e-05
E20/20 B18900/36000 batch_loss=8.7168e-05
E20/20 B19000/36000 batch_loss=9.6141e-05
E20/20 B19100/36000 batch_loss=6.4482e-05
E20/20 B19200/36000 batch_loss=8.7140e-05
E20/20 B19300/36000 batch_loss=8.7712e-05
E20/20 B19400/36000 batch_loss=6.8626e-05
E20/20 B19500/36000 batch_loss=7.4513e-05
E20/20 B19600/36000 batch_loss=8.0042e-05
E20/20 B19700/36000 batch_loss=7.5606e-05
E20/20 B19800/36000 batch_loss=7.7435e-05
E20/20 B19900/36000 batch_loss=6.5962e-05
E20/20 B20000/36000 batch_loss=1.0166e-04
E20/20 B20100/36000 batch_loss=6.5569e-05
E20/20 B20200/36000 batch_loss=6.8770e-05
E20/20 B20300/36000 batch_loss=8.7790e-05
E20/20 B20400/36000 batch_loss=9.1158e-05
E20/20 B20500/36000 batch_loss=7.2092e-05
E20/20 B20600/36000 batch_loss=6.8232e-05
E20/20 B20700/36000 batch_loss=6.3688e-05
E20/20 B20800/36000 batch_loss=9.3082e-05
E20/20 B20900/36000 batch_loss=7.0065e-05
E20/20 B21000/36000 batch_loss=8.9530e-05
E20/20 B21100/36000 batch_loss=9.6420e-05
E20/20 B21200/36000 batch_loss=6.7055e-05
E20/20 B21300/36000 batch_loss=7.3697e-05
E20/20 B21400/36000 batch_loss=6.8941e-05
E20/20 B21500/36000 batch_loss=6.5923e-05
E20/20 B21600/36000 batch_loss=9.8989e-05
E20/20 B21700/36000 batch_loss=8.4564e-05
E20/20 B21800/36000 batch_loss=9.0231e-05
E20/20 B21900/36000 batch_loss=7.4968e-05
E20/20 B22000/36000 batch_loss=9.9635e-05
E20/20 B22100/36000 batch_loss=6.8990e-05
E20/20 B22200/36000 batch_loss=7.7798e-05
E20/20 B22300/36000 batch_loss=1.0045e-04
E20/20 B22400/36000 batch_loss=6.9525e-05
E20/20 B22500/36000 batch_loss=7.0869e-05
E20/20 B22600/36000 batch_loss=6.8201e-05
E20/20 B22700/36000 batch_loss=9.7169e-05
E20/20 B22800/36000 batch_loss=7.3517e-05
E20/20 B22900/36000 batch_loss=7.1431e-05
E20/20 B23000/36000 batch_loss=9.0593e-05
E20/20 B23100/36000 batch_loss=7.0838e-05
E20/20 B23200/36000 batch_loss=7.1199e-05
E20/20 B23300/36000 batch_loss=8.7138e-05
E20/20 B23400/36000 batch_loss=7.0355e-05
E20/20 B23500/36000 batch_loss=9.3010e-05
E20/20 B23600/36000 batch_loss=8.9755e-05
E20/20 B23700/36000 batch_loss=1.0387e-04
E20/20 B23800/36000 batch_loss=7.9929e-05
E20/20 B23900/36000 batch_loss=7.2422e-05
E20/20 B24000/36000 batch_loss=6.7683e-05
E20/20 B24100/36000 batch_loss=7.2194e-05
E20/20 B24200/36000 batch_loss=9.0276e-05
E20/20 B24300/36000 batch_loss=7.4115e-05
E20/20 B24400/36000 batch_loss=9.0897e-05
E20/20 B24500/36000 batch_loss=7.1164e-05
E20/20 B24600/36000 batch_loss=7.7125e-05
E20/20 B24700/36000 batch_loss=6.5560e-05
E20/20 B24800/36000 batch_loss=7.2401e-05
E20/20 B24900/36000 batch_loss=6.5750e-05
E20/20 B25000/36000 batch_loss=9.9017e-05
E20/20 B25100/36000 batch_loss=7.7403e-05
E20/20 B25200/36000 batch_loss=6.2904e-05
E20/20 B25300/36000 batch_loss=9.0494e-05
E20/20 B25400/36000 batch_loss=6.3959e-05
E20/20 B25500/36000 batch_loss=6.6077e-05
E20/20 B25600/36000 batch_loss=9.0605e-05
E20/20 B25700/36000 batch_loss=6.9306e-05
E20/20 B25800/36000 batch_loss=6.4468e-05
E20/20 B25900/36000 batch_loss=6.7125e-05
E20/20 B26000/36000 batch_loss=9.6990e-05
E20/20 B26100/36000 batch_loss=9.0390e-05
E20/20 B26200/36000 batch_loss=6.9616e-05
E20/20 B26300/36000 batch_loss=7.4068e-05
E20/20 B26400/36000 batch_loss=6.9243e-05
E20/20 B26500/36000 batch_loss=8.9206e-05
E20/20 B26600/36000 batch_loss=6.2281e-05
E20/20 B26700/36000 batch_loss=6.3549e-05
E20/20 B26800/36000 batch_loss=9.8577e-05
E20/20 B26900/36000 batch_loss=7.1130e-05
E20/20 B27000/36000 batch_loss=1.0170e-04
E20/20 B27100/36000 batch_loss=8.2469e-05
E20/20 B27200/36000 batch_loss=6.5669e-05
E20/20 B27300/36000 batch_loss=8.9219e-05
E20/20 B27400/36000 batch_loss=9.2964e-05
E20/20 B27500/36000 batch_loss=6.4502e-05
E20/20 B27600/36000 batch_loss=8.6731e-05
E20/20 B27700/36000 batch_loss=6.7631e-05
E20/20 B27800/36000 batch_loss=6.4362e-05
E20/20 B27900/36000 batch_loss=9.0089e-05
E20/20 B28000/36000 batch_loss=9.4097e-05
E20/20 B28100/36000 batch_loss=1.1804e-04
E20/20 B28200/36000 batch_loss=9.5971e-05
E20/20 B28300/36000 batch_loss=9.3581e-05
E20/20 B28400/36000 batch_loss=6.7748e-05
E20/20 B28500/36000 batch_loss=9.0503e-05
E20/20 B28600/36000 batch_loss=9.3351e-05
E20/20 B28700/36000 batch_loss=7.5376e-05
E20/20 B28800/36000 batch_loss=1.8211e-04
E20/20 B28900/36000 batch_loss=2.3505e-04
E20/20 B29000/36000 batch_loss=1.8498e-04
E20/20 B29100/36000 batch_loss=2.1533e-04
E20/20 B29200/36000 batch_loss=1.7385e-04
E20/20 B29300/36000 batch_loss=1.7231e-04
E20/20 B29400/36000 batch_loss=1.8410e-04
E20/20 B29500/36000 batch_loss=1.4550e-04
E20/20 B29600/36000 batch_loss=1.4118e-04
E20/20 B29700/36000 batch_loss=1.2163e-04
E20/20 B29800/36000 batch_loss=1.2617e-04
E20/20 B29900/36000 batch_loss=1.0412e-04
E20/20 B30000/36000 batch_loss=9.9058e-05
E20/20 B30100/36000 batch_loss=1.1068e-04
E20/20 B30200/36000 batch_loss=1.0630e-04
E20/20 B30300/36000 batch_loss=1.0715e-04
E20/20 B30400/36000 batch_loss=1.0580e-04
E20/20 B30500/36000 batch_loss=1.0301e-04
E20/20 B30600/36000 batch_loss=8.2377e-05
E20/20 B30700/36000 batch_loss=9.8547e-05
E20/20 B30800/36000 batch_loss=1.0484e-04
E20/20 B30900/36000 batch_loss=7.5206e-05
E20/20 B31000/36000 batch_loss=7.4626e-05
E20/20 B31100/36000 batch_loss=7.4331e-05
E20/20 B31200/36000 batch_loss=9.5347e-05
E20/20 B31300/36000 batch_loss=9.1617e-05
E20/20 B31400/36000 batch_loss=7.1390e-05
E20/20 B31500/36000 batch_loss=9.3928e-05
E20/20 B31600/36000 batch_loss=6.9666e-05
E20/20 B31700/36000 batch_loss=7.2656e-05
E20/20 B31800/36000 batch_loss=9.1513e-05
E20/20 B31900/36000 batch_loss=1.0043e-04
E20/20 B32000/36000 batch_loss=9.9253e-05
E20/20 B32100/36000 batch_loss=7.3399e-05
E20/20 B32200/36000 batch_loss=6.9066e-05
E20/20 B32300/36000 batch_loss=8.9905e-05
E20/20 B32400/36000 batch_loss=8.9844e-05
E20/20 B32500/36000 batch_loss=9.2253e-05
E20/20 B32600/36000 batch_loss=1.0025e-04
E20/20 B32700/36000 batch_loss=6.9281e-05
E20/20 B32800/36000 batch_loss=6.8963e-05
E20/20 B32900/36000 batch_loss=7.3053e-05
E20/20 B33000/36000 batch_loss=9.5050e-05
E20/20 B33100/36000 batch_loss=6.7371e-05
E20/20 B33200/36000 batch_loss=7.3490e-05
E20/20 B33300/36000 batch_loss=7.1438e-05
E20/20 B33400/36000 batch_loss=9.2898e-05
E20/20 B33500/36000 batch_loss=6.5767e-05
E20/20 B33600/36000 batch_loss=6.8167e-05
E20/20 B33700/36000 batch_loss=6.4714e-05
E20/20 B33800/36000 batch_loss=9.6526e-05
E20/20 B33900/36000 batch_loss=7.0798e-05
E20/20 B34000/36000 batch_loss=7.0768e-05
E20/20 B34100/36000 batch_loss=6.9241e-05
E20/20 B34200/36000 batch_loss=9.6336e-05
E20/20 B34300/36000 batch_loss=7.1760e-05
E20/20 B34400/36000 batch_loss=9.6176e-05
E20/20 B34500/36000 batch_loss=9.8183e-05
E20/20 B34600/36000 batch_loss=9.4276e-05
E20/20 B34700/36000 batch_loss=6.6586e-05
E20/20 B34800/36000 batch_loss=7.3460e-05
E20/20 B34900/36000 batch_loss=9.5171e-05
E20/20 B35000/36000 batch_loss=9.5888e-05
E20/20 B35100/36000 batch_loss=9.4944e-05
E20/20 B35200/36000 batch_loss=9.0939e-05
E20/20 B35300/36000 batch_loss=9.5728e-05
E20/20 B35400/36000 batch_loss=6.8143e-05
E20/20 B35500/36000 batch_loss=6.6194e-05
E20/20 B35600/36000 batch_loss=9.4078e-05
E20/20 B35700/36000 batch_loss=9.0101e-05
E20/20 B35800/36000 batch_loss=6.1817e-05
E20/20 B35900/36000 batch_loss=1.0142e-04
E20/20 B36000/36000 batch_loss=6.5461e-05
2026-07-05 05:20:41,038 | INFO | Saved 10 diagnostic panel(s) under D:\Research\NO-2D-Metamaterials\MODELS\training_runs\NO_I3O5_BCF16_NMSE_HC128_LR2e-03_WD0e+00_SS1_G9e-01_ch0u_260701\diagnostics\epoch_020
epoch=20/20 loss=mse train_mse=8.853273e-05 val_mse=8.774412e-05 train_mae=4.458657e-03 val_mae=4.326723e-03 train_mse=8.853273e-05 val_mse=8.774412e-05 lr=8.609e-04 train_sps=1478.9
2026-07-05 05:20:42,234 | INFO | epoch=20/20 loss=mse train_mse=8.853273e-05 val_mse=8.774412e-05 train_mae=4.458657e-03 val_mae=4.326723e-03 train_mse=8.853273e-05 val_mse=8.774412e-05 lr=8.609e-04 train_sps=1478.9
2026-07-05 05:20:42,234 | INFO | epoch=20/20 loss_ch_mse train=8.935e-06 9.674e-05 9.488e-05 1.261e-04 1.161e-04 val=3.225e-05 9.099e-05 8.930e-05 1.181e-04 1.081e-04
2026-07-05 05:20:42,234 | INFO | epoch=20/20 mae_ch train=1.428e-03 4.991e-03 4.867e-03 5.625e-03 5.382e-03 val=1.721e-03 4.804e-03 4.692e-03 5.329e-03 5.089e-03 mse_ch train=8.935e-06 9.674e-05 9.488e-05 1.261e-04 1.161e-04 val=3.225e-05 9.099e-05 8.930e-05 1.181e-04 1.081e-04
Epoch 20/20 done | loss=mse train=8.8533e-05 val=8.7744e-05 mae=4.3267e-03 mse=8.7744e-05 lr=8.61e-04
2026-07-05 05:20:42,528 | INFO | Run complete | run_name=NO_I3O5_BCF16_NMSE_HC128_LR2e-03_WD0e+00_SS1_G9e-01_ch0u_260701 run_id=NO_I3O5_BCF16_NMSE_HC128_LR2e-03_WD0e+00_SS1_G9e-01_ch0u_260701 best_val_loss=5.639447e-05
2026-07-05 05:20:42,529 | INFO | Artifacts saved to: D:\Research\NO-2D-Metamaterials\MODELS\training_runs\NO_I3O5_BCF16_NMSE_HC128_LR2e-03_WD0e+00_SS1_G9e-01_ch0u_260701
Run complete. run_name=NO_I3O5_BCF16_NMSE_HC128_LR2e-03_WD0e+00_SS1_G9e-01_ch0u_260701 run_id=NO_I3O5_BCF16_NMSE_HC128_LR2e-03_WD0e+00_SS1_G9e-01_ch0u_260701 best_val_loss=5.639447e-05
Artifacts saved to: D:\Research\NO-2D-Metamaterials\MODELS\training_runs\NO_I3O5_BCF16_NMSE_HC128_LR2e-03_WD0e+00_SS1_G9e-01_ch0u_260701
