Epoch,Training Loss,Validation Loss
1,104879166.25453451,1.5917281003772703
2,1.4322351653531067,1.3411385415721144
