Epoch,Training Loss,Validation Loss
1,46708204.6679791,1.0962513997249115
2,1.0541171562325242,1.0413169849183825
