Epoch,Training Loss,Validation Loss
1,0.9999764206356473,1.0000150423783523
2,1.0000242724459396,0.9999663553482447
