Epoch,Training Loss,Validation Loss
1,643931457.4583511,0.9999749242627722
2,1.0002743987596951,1.0002879998826573
