Epoch,Training Loss,Validation Loss
1,8729028083163849.0,934680086.401094
2,602211619.3015977,413863596.38208544
