Epoch,Training Loss,Validation Loss
1,1787981855848.3909,2427.3239424412395
2,1062.4057293703086,56.60962707180447
