{
  "c_test": {
    "ky0": {
      "0": {
        "n": 25000,
        "nmae_mean": 0.7229161437632836
      },
      "1": {
        "n": 25000,
        "nmae_mean": 0.5348250972700102
      },
      "2": {
        "n": 25000,
        "nmae_mean": 0.7404925961187591
      },
      "3": {
        "n": 25000,
        "nmae_mean": 0.5931295972510519
      },
      "4": {
        "n": 25000,
        "nmae_mean": 0.6096214398361958
      },
      "5": {
        "n": 25000,
        "nmae_mean": 0.7570269813389972
      }
    },
    "kx0": {
      "0": {
        "n": 13000,
        "nmae_mean": 0.7175921336412684
      },
      "1": {
        "n": 13000,
        "nmae_mean": 0.9801127013287444
      },
      "2": {
        "n": 13000,
        "nmae_mean": 0.39325634802584813
      },
      "3": {
        "n": 13000,
        "nmae_mean": 0.602955496856036
      },
      "4": {
        "n": 13000,
        "nmae_mean": 0.764136199717336
      },
      "5": {
        "n": 13000,
        "nmae_mean": 0.8032094195781949
      }
    },
    "kx0_only": {
      "0": {
        "n": 12000,
        "nmae_mean": 0.3207447496198181
      },
      "1": {
        "n": 12000,
        "nmae_mean": 0.6620280323745538
      },
      "2": {
        "n": 12000,
        "nmae_mean": 0.36074212210860984
      },
      "3": {
        "n": 12000,
        "nmae_mean": 0.5863907279796859
      },
      "4": {
        "n": 12000,
        "nmae_mean": 0.771916404845891
      },
      "5": {
        "n": 12000,
        "nmae_mean": 0.8097419110003888
      }
    },
    "corners": {
      "0": {
        "n": 4000,
        "nmae_mean": 1.142373912522276
      },
      "1": {
        "n": 4000,
        "nmae_mean": 1.27443817688199
      },
      "2": {
        "n": 4000,
        "nmae_mean": 2.834341691182346
      },
      "3": {
        "n": 4000,
        "nmae_mean": 2.9645377271254576
      },
      "4": {
        "n": 4000,
        "nmae_mean": 2.6891436359438132
      },
      "5": {
        "n": 4000,
        "nmae_mean": 3.085796028632366
      }
    },
    "edge": {
      "0": {
        "n": 72000,
        "nmae_mean": 0.3924654297763972
      },
      "1": {
        "n": 72000,
        "nmae_mean": 0.333494263983305
      },
      "2": {
        "n": 72000,
        "nmae_mean": 0.44049838168407107
      },
      "3": {
        "n": 72000,
        "nmae_mean": 0.44340715562858474
      },
      "4": {
        "n": 72000,
        "nmae_mean": 0.5096826538632061
      },
      "5": {
        "n": 72000,
        "nmae_mean": 0.5668485172205835
      }
    },
    "interior": {
      "0": {
        "n": 253000,
        "nmae_mean": 0.032553734285231804
      },
      "1": {
        "n": 253000,
        "nmae_mean": 0.07637689861848115
      },
      "2": {
        "n": 253000,
        "nmae_mean": 0.10369688730891354
      },
      "3": {
        "n": 253000,
        "nmae_mean": 0.1404729260450565
      },
      "4": {
        "n": 253000,
        "nmae_mean": 0.1723224830795574
      },
      "5": {
        "n": 253000,
        "nmae_mean": 0.23695216659770849
      }
    }
  },
  "b_test": {
    "ky0": {
      "0": {
        "n": 25000,
        "nmae_mean": 1.0702277054268006
      },
      "1": {
        "n": 25000,
        "nmae_mean": 1.0999508996792189
      },
      "2": {
        "n": 25000,
        "nmae_mean": 0.9671334267481083
      },
      "3": {
        "n": 25000,
        "nmae_mean": 0.813787956877182
      },
      "4": {
        "n": 25000,
        "nmae_mean": 0.8578240960199712
      },
      "5": {
        "n": 25000,
        "nmae_mean": 0.883246350492889
      }
    },
    "kx0": {
      "0": {
        "n": 13000,
        "nmae_mean": 1.4400203523648998
      },
      "1": {
        "n": 13000,
        "nmae_mean": 1.806456041891457
      },
      "2": {
        "n": 13000,
        "nmae_mean": 0.9119051422908192
      },
      "3": {
        "n": 13000,
        "nmae_mean": 1.0607555071149832
      },
      "4": {
        "n": 13000,
        "nmae_mean": 1.2325669292192285
      },
      "5": {
        "n": 13000,
        "nmae_mean": 0.9560055311907101
      }
    },
    "kx0_only": {
      "0": {
        "n": 12000,
        "nmae_mean": 0.5978469486256037
      },
      "1": {
        "n": 12000,
        "nmae_mean": 0.8559684137273436
      },
      "2": {
        "n": 12000,
        "nmae_mean": 0.7167674780928037
      },
      "3": {
        "n": 12000,
        "nmae_mean": 0.9191955960225838
      },
      "4": {
        "n": 12000,
        "nmae_mean": 1.1542961588916347
      },
      "5": {
        "n": 12000,
        "nmae_mean": 0.8774404187019103
      }
    },
    "corners": {
      "0": {
        "n": 4000,
        "nmae_mean": 2.166447703697298
      },
      "1": {
        "n": 4000,
        "nmae_mean": 3.0421350993419844
      },
      "2": {
        "n": 4000,
        "nmae_mean": 3.8751242876642604
      },
      "3": {
        "n": 4000,
        "nmae_mean": 3.795957116187544
      },
      "4": {
        "n": 4000,
        "nmae_mean": 3.8092890191127338
      },
      "5": {
        "n": 4000,
        "nmae_mean": 3.611480777685528
      }
    },
    "edge": {
      "0": {
        "n": 72000,
        "nmae_mean": 0.6777240966674662
      },
      "1": {
        "n": 72000,
        "nmae_mean": 0.700148662895255
      },
      "2": {
        "n": 72000,
        "nmae_mean": 0.6820367815599614
      },
      "3": {
        "n": 72000,
        "nmae_mean": 0.711715920181673
      },
      "4": {
        "n": 72000,
        "nmae_mean": 0.7677961433788693
      },
      "5": {
        "n": 72000,
        "nmae_mean": 0.7215802892184747
      }
    },
    "interior": {
      "0": {
        "n": 253000,
        "nmae_mean": 0.09060298887581789
      },
      "1": {
        "n": 253000,
        "nmae_mean": 0.1570527552259791
      },
      "2": {
        "n": 253000,
        "nmae_mean": 0.2120567099693145
      },
      "3": {
        "n": 253000,
        "nmae_mean": 0.25928350922975585
      },
      "4": {
        "n": 253000,
        "nmae_mean": 0.31131114060959975
      },
      "5": {
        "n": 253000,
        "nmae_mean": 0.35063251950072044
      }
    }
  }
}