Epoch,Training Loss,Validation Loss
1,2.0916623372825969e+18,0.999946156823737
2,0.9999793259541873,0.9999456234630356
