Epoch,Training Loss,Validation Loss
1,1.9178716415495085e+25,1.157227209883187e+23
