Epoch,Training Loss,Validation Loss
1,0.9996340882765942,0.999691957498208
2,0.9999532141552352,0.9999805324709313
