Epoch,Training Loss,Validation Loss
1,10134.563582140621,0.9997327614849449
2,0.9950552464232486,0.9886779241317358
