python.exe : 
At D:\Research\NO-2D-Metamaterials\_run_0711E26_pipeline.ps1:34 char:9
+         & $PY @pyArgs 2>&1
+         ~~~~~~~~~~~~~~~~~~
    + CategoryInfo          : NotSpecified: (:String) [], RemoteException
    + FullyQualifiedErrorId : NativeCommandError
 
Geometries:   0%|          | 0/1000 [00:00<?, ?geom/s]
Geometries:   0%|          | 1/1000 [00:00<10:25,  1.60geom/s]
Geometries:   0%|          | 2/1000 [00:01<10:02,  1.66geom/s]
Geometries:   0%|          | 3/1000 [00:01<09:54,  1.68geom/s]
Geometries:   0%|          | 4/1000 [00:02<09:44,  1.70geom/s]
Geometries:   0%|          | 5/1000 [00:02<09:38,  1.72geom/s]
Geometries:   1%|          | 6/1000 [00:03<10:13,  1.62geom/s]
Geometries:   1%|          | 7/1000 [00:04<10:02,  1.65geom/s]
Geometries:   1%|          | 8/1000 [00:04<09:55,  1.67geom/s]
Geometries:   1%|          | 9/1000 [00:05<09:51,  1.67geom/s]
Geometries:   1%|1         | 10/1000 [00:05<09:46,  1.69geom/s]
Geometries:   1%|1         | 11/1000 [00:06<08:38,  1.91geom/s]
Geometries:   1%|1         | 12/1000 [00:06<08:56,  1.84geom/s]
Geometries:   1%|1         | 13/1000 [00:07<09:08,  1.80geom/s]
Geometries:   1%|1         | 14/1000 [00:08<09:16,  1.77geom/s]
Geometries:   2%|1         | 15/1000 [00:08<09:20,  1.76geom/s]
Geometries:   2%|1         | 16/1000 [00:09<09:25,  1.74geom/s]
Geometries:   2%|1         | 17/1000 [00:09<09:25,  1.74geom/s]
Geometries:   2%|1         | 18/1000 [00:10<09:28,  1.73geom/s]
Geometries:   2%|1         | 19/1000 [00:11<09:28,  1.73geom/s]
Geometries:   2%|2         | 20/1000 [00:11<09:29,  1.72geom/s]
Geometries:   2%|2         | 21/1000 [00:11<08:24,  1.94geom/s]
Geometries:   2%|2         | 22/1000 [00:12<09:16,  1.76geom/s]
Geometries:   2%|2         | 23/1000 [00:13<09:21,  1.74geom/s]
Geometries:   2%|2         | 24/1000 [00:13<09:24,  1.73geom/s]
Geometries:   2%|2         | 25/1000 [00:14<09:25,  1.72geom/s]
Geometries:   3%|2         | 26/1000 [00:14<09:25,  1.72geom/s]
Geometries:   3%|2         | 27/1000 [00:15<09:55,  1.63geom/s]
Geometries:   3%|2         | 28/1000 [00:16<09:48,  1.65geom/s]
Geometries:   3%|2         | 29/1000 [00:16<09:40,  1.67geom/s]
Geometries:   3%|3         | 30/1000 [00:17<09:36,  1.68geom/s]
Geometries:   3%|3         | 31/1000 [00:18<09:30,  1.70geom/s]
Geometries:   3%|3         | 32/1000 [00:18<08:22,  1.92geom/s]
Geometries:   3%|3         | 33/1000 [00:18<08:39,  1.86geom/s]
Geometries:   3%|3         | 34/1000 [00:19<08:58,  1.79geom/s]
Geometries:   4%|3         | 35/1000 [00:20<09:07,  1.76geom/s]
Geometries:   4%|3         | 36/1000 [00:20<09:14,  1.74geom/s]
Geometries:   4%|3         | 37/1000 [00:21<09:15,  1.73geom/s]
Geometries:   4%|3         | 38/1000 [00:21<09:16,  1.73geom/s]
Geometries:   4%|3         | 39/1000 [00:22<09:15,  1.73geom/s]
Geometries:   4%|4         | 40/1000 [00:23<09:17,  1.72geom/s]
Geometries:   4%|4         | 41/1000 [00:23<09:20,  1.71geom/s]
Geometries:   4%|4         | 42/1000 [00:24<08:18,  1.92geom/s]
Geometries:   4%|4         | 43/1000 [00:24<09:04,  1.76geom/s]
Geometries:   4%|4         | 44/1000 [00:25<09:10,  1.74geom/s]
Geometries:   4%|4         | 45/1000 [00:25<09:11,  1.73geom/s]
Geometries:   5%|4         | 46/1000 [00:26<09:17,  1.71geom/s]
Geometries:   5%|4         | 47/1000 [00:27<09:16,  1.71geom/s]
Geometries:   5%|4         | 48/1000 [00:27<09:42,  1.63geom/s]
Geometries:   5%|4         | 49/1000 [00:28<09:32,  1.66geom/s]
Geometries:   5%|5         | 50/1000 [00:28<09:26,  1.68geom/s]
Geometries:   5%|5         | 51/1000 [00:29<09:22,  1.69geom/s]
Geometries:   5%|5         | 52/1000 [00:30<09:20,  1.69geom/s]
Geometries:   5%|5         | 53/1000 [00:30<08:13,  1.92geom/s]
Geometries:   5%|5         | 54/1000 [00:31<08:31,  1.85geom/s]
Geometries:   6%|5         | 55/1000 [00:31<08:40,  1.82geom/s]
Geometries:   6%|5         | 56/1000 [00:32<08:50,  1.78geom/s]
Geometries:   6%|5         | 57/1000 [00:32<08:54,  1.76geom/s]
Geometries:   6%|5         | 58/1000 [00:33<08:59,  1.74geom/s]
Geometries:   6%|5         | 59/1000 [00:33<09:00,  1.74geom/s]
Geometries:   6%|6         | 60/1000 [00:34<09:03,  1.73geom/s]
Geometries:   6%|6         | 61/1000 [00:35<09:03,  1.73geom/s]
Geometries:   6%|6         | 62/1000 [00:35<09:05,  1.72geom/s]
Geometries:   6%|6         | 63/1000 [00:36<08:01,  1.95geom/s]
Geometries:   6%|6         | 64/1000 [00:36<08:51,  1.76geom/s]
Geometries:   6%|6         | 65/1000 [00:37<08:54,  1.75geom/s]
Geometries:   7%|6         | 66/1000 [00:37<08:58,  1.74geom/s]
Geometries:   7%|6         | 67/1000 [00:38<08:58,  1.73geom/s]
Geometries:   7%|6         | 68/1000 [00:39<09:01,  1.72geom/s]
Geometries:   7%|6         | 69/1000 [00:39<09:26,  1.64geom/s]
Geometries:   7%|7         | 70/1000 [00:40<09:17,  1.67geom/s]
Geometries:   7%|7         | 71/1000 [00:40<09:13,  1.68geom/s]
Geometries:   7%|7         | 72/1000 [00:41<09:10,  1.69geom/s]
Geometries:   7%|7         | 73/1000 [00:42<09:09,  1.69geom/s]
Geometries:   7%|7         | 74/1000 [00:42<08:04,  1.91geom/s]
Geometries:   8%|7         | 75/1000 [00:43<08:19,  1.85geom/s]
Geometries:   8%|7         | 76/1000 [00:43<08:32,  1.80geom/s]
Geometries:   8%|7         | 77/1000 [00:44<08:39,  1.78geom/s]
Geometries:   8%|7         | 78/1000 [00:44<08:45,  1.75geom/s]
Geometries:   8%|7         | 79/1000 [00:45<08:47,  1.74geom/s]
Geometries:   8%|8         | 80/1000 [00:45<08:51,  1.73geom/s]
Geometries:   8%|8         | 81/1000 [00:46<08:51,  1.73geom/s]
Geometries:   8%|8         | 82/1000 [00:47<08:53,  1.72geom/s]
Geometries:   8%|8         | 83/1000 [00:47<08:52,  1.72geom/s]
Geometries:   8%|8         | 84/1000 [00:48<07:53,  1.93geom/s]
Geometries:   8%|8         | 85/1000 [00:48<08:37,  1.77geom/s]
Geometries:   9%|8         | 86/1000 [00:49<08:40,  1.75geom/s]
Geometries:   9%|8         | 87/1000 [00:49<08:44,  1.74geom/s]
Geometries:   9%|8         | 88/1000 [00:50<08:48,  1.73geom/s]
Geometries:   9%|8         | 89/1000 [00:51<08:48,  1.72geom/s]
Geometries:   9%|9         | 90/1000 [00:51<09:16,  1.64geom/s]
Geometries:   9%|9         | 91/1000 [00:52<09:07,  1.66geom/s]
Geometries:   9%|9         | 92/1000 [00:52<09:01,  1.68geom/s]
Geometries:   9%|9         | 93/1000 [00:53<08:58,  1.68geom/s]
Geometries:   9%|9         | 94/1000 [00:54<08:56,  1.69geom/s]
Geometries:  10%|9         | 95/1000 [00:54<07:55,  1.90geom/s]
Geometries:  10%|9         | 96/1000 [00:55<08:08,  1.85geom/s]
Geometries:  10%|9         | 97/1000 [00:55<08:19,  1.81geom/s]
Geometries:  10%|9         | 98/1000 [00:56<08:24,  1.79geom/s]
Geometries:  10%|9         | 99/1000 [00:56<08:30,  1.76geom/s]
Geometries:  10%|#         | 100/1000 [00:57<08:37,  1.74geom/s]
Geometries:  10%|#         | 101/1000 [00:57<08:38,  1.73geom/s]
Geometries:  10%|#         | 102/1000 [00:58<08:42,  1.72geom/s]
Geometries:  10%|#         | 103/1000 [00:59<08:42,  1.72geom/s]
Geometries:  10%|#         | 104/1000 [00:59<08:45,  1.70geom/s]
Geometries:  10%|#         | 105/1000 [01:00<07:47,  1.92geom/s]
Geometries:  11%|#         | 106/1000 [01:00<08:31,  1.75geom/s]
Geometries:  11%|#         | 107/1000 [01:01<08:36,  1.73geom/s]
Geometries:  11%|#         | 108/1000 [01:01<08:35,  1.73geom/s]
Geometries:  11%|#         | 109/1000 [01:02<08:37,  1.72geom/s]
Geometries:  11%|#1        | 110/1000 [01:03<08:37,  1.72geom/s]
Geometries:  11%|#1        | 111/1000 [01:03<09:06,  1.63geom/s]
Geometries:  11%|#1        | 112/1000 [01:04<08:58,  1.65geom/s]
Geometries:  11%|#1        | 113/1000 [01:05<08:53,  1.66geom/s]
Geometries:  11%|#1        | 114/1000 [01:05<08:48,  1.68geom/s]
Geometries:  12%|#1        | 115/1000 [01:05<07:49,  1.89geom/s]
Geometries:  12%|#1        | 116/1000 [01:06<08:09,  1.80geom/s]
Geometries:  12%|#1        | 117/1000 [01:07<08:25,  1.75geom/s]
Geometries:  12%|#1        | 118/1000 [01:07<08:36,  1.71geom/s]
Geometries:  12%|#1        | 119/1000 [01:08<08:38,  1.70geom/s]
Geometries:  12%|#2        | 120/1000 [01:08<08:36,  1.70geom/s]
Geometries:  12%|#2        | 121/1000 [01:09<08:36,  1.70geom/s]
Geometries:  12%|#2        | 122/1000 [01:10<08:38,  1.69geom/s]
Geometries:  12%|#2        | 123/1000 [01:10<08:35,  1.70geom/s]
Geometries:  12%|#2        | 124/1000 [01:11<08:41,  1.68geom/s]
Geometries:  12%|#2        | 125/1000 [01:11<08:39,  1.68geom/s]
Geometries:  13%|#2        | 126/1000 [01:12<07:41,  1.89geom/s]
Geometries:  13%|#2        | 127/1000 [01:13<08:24,  1.73geom/s]
Geometries:  13%|#2        | 128/1000 [01:13<08:25,  1.72geom/s]
Geometries:  13%|#2        | 129/1000 [01:14<08:29,  1.71geom/s]
Geometries:  13%|#3        | 130/1000 [01:14<08:30,  1.71geom/s]
Geometries:  13%|#3        | 131/1000 [01:15<08:33,  1.69geom/s]
Geometries:  13%|#3        | 132/1000 [01:16<08:57,  1.61geom/s]
Geometries:  13%|#3        | 133/1000 [01:16<08:49,  1.64geom/s]
Geometries:  13%|#3        | 134/1000 [01:17<08:44,  1.65geom/s]
Geometries:  14%|#3        | 135/1000 [01:17<08:40,  1.66geom/s]
Geometries:  14%|#3        | 136/1000 [01:18<07:38,  1.89geom/s]
Geometries:  14%|#3        | 137/1000 [01:18<07:54,  1.82geom/s]
Geometries:  14%|#3        | 138/1000 [01:19<08:02,  1.79geom/s]
Geometries:  14%|#3        | 139/1000 [01:20<08:12,  1.75geom/s]
Geometries:  14%|#4        | 140/1000 [01:20<08:14,  1.74geom/s]
Geometries:  14%|#4        | 141/1000 [01:21<08:16,  1.73geom/s]
Geometries:  14%|#4        | 142/1000 [01:21<08:18,  1.72geom/s]
Geometries:  14%|#4        | 143/1000 [01:22<08:21,  1.71geom/s]
Geometries:  14%|#4        | 144/1000 [01:22<08:27,  1.69geom/s]
Geometries:  14%|#4        | 145/1000 [01:23<08:30,  1.68geom/s]
Geometries:  15%|#4        | 146/1000 [01:24<08:28,  1.68geom/s]
Geometries:  15%|#4        | 147/1000 [01:24<07:33,  1.88geom/s]
Geometries:  15%|#4        | 148/1000 [01:25<08:16,  1.71geom/s]
Geometries:  15%|#4        | 149/1000 [01:25<08:23,  1.69geom/s]
Geometries:  15%|#5        | 150/1000 [01:26<08:22,  1.69geom/s]
Geometries:  15%|#5        | 151/1000 [01:27<08:21,  1.69geom/s]
Geometries:  15%|#5        | 152/1000 [01:27<08:19,  1.70geom/s]
Geometries:  15%|#5        | 153/1000 [01:28<08:47,  1.61geom/s]
Geometries:  15%|#5        | 154/1000 [01:28<08:33,  1.65geom/s]
Geometries:  16%|#5        | 155/1000 [01:29<08:26,  1.67geom/s]
Geometries:  16%|#5        | 156/1000 [01:30<08:25,  1.67geom/s]
Geometries:  16%|#5        | 157/1000 [01:30<07:27,  1.88geom/s]
Geometries:  16%|#5        | 158/1000 [01:31<07:38,  1.84geom/s]
Geometries:  16%|#5        | 159/1000 [01:31<07:50,  1.79geom/s]
Geometries:  16%|#6        | 160/1000 [01:32<07:59,  1.75geom/s]
Geometries:  16%|#6        | 161/1000 [01:32<08:02,  1.74geom/s]
Geometries:  16%|#6        | 162/1000 [01:33<08:02,  1.74geom/s]
Geometries:  16%|#6        | 163/1000 [01:33<08:03,  1.73geom/s]
Geometries:  16%|#6        | 164/1000 [01:34<08:04,  1.72geom/s]
Geometries:  16%|#6        | 165/1000 [01:35<08:07,  1.71geom/s]
Geometries:  17%|#6        | 166/1000 [01:35<08:09,  1.71geom/s]
Geometries:  17%|#6        | 167/1000 [01:36<08:11,  1.70geom/s]
Geometries:  17%|#6        | 168/1000 [01:36<07:14,  1.91geom/s]
Geometries:  17%|#6        | 169/1000 [01:37<07:56,  1.74geom/s]
Geometries:  17%|#7        | 170/1000 [01:37<07:57,  1.74geom/s]
Geometries:  17%|#7        | 171/1000 [01:38<08:00,  1.72geom/s]
Geometries:  17%|#7        | 172/1000 [01:39<08:02,  1.72geom/s]
Geometries:  17%|#7        | 173/1000 [01:39<08:02,  1.71geom/s]
Geometries:  17%|#7        | 174/1000 [01:40<08:23,  1.64geom/s]
Geometries:  18%|#7        | 175/1000 [01:41<08:18,  1.65geom/s]
Geometries:  18%|#7        | 176/1000 [01:41<08:11,  1.68geom/s]
Geometries:  18%|#7        | 177/1000 [01:42<08:08,  1.69geom/s]
Geometries:  18%|#7        | 178/1000 [01:42<07:11,  1.91geom/s]
Geometries:  18%|#7        | 179/1000 [01:43<07:29,  1.82geom/s]
Geometries:  18%|#8        | 180/1000 [01:43<07:39,  1.79geom/s]
Geometries:  18%|#8        | 181/1000 [01:44<07:50,  1.74geom/s]
Geometries:  18%|#8        | 182/1000 [01:44<07:55,  1.72geom/s]
Geometries:  18%|#8        | 183/1000 [01:45<08:00,  1.70geom/s]
Geometries:  18%|#8        | 184/1000 [01:46<07:59,  1.70geom/s]
Geometries:  18%|#8        | 185/1000 [01:46<08:01,  1.69geom/s]
Geometries:  19%|#8        | 186/1000 [01:47<07:59,  1.70geom/s]
Geometries:  19%|#8        | 187/1000 [01:47<07:58,  1.70geom/s]
Geometries:  19%|#8        | 188/1000 [01:48<07:58,  1.70geom/s]
Geometries:  19%|#8        | 189/1000 [01:48<07:05,  1.91geom/s]
Geometries:  19%|#9        | 190/1000 [01:49<07:43,  1.75geom/s]
Geometries:  19%|#9        | 191/1000 [01:50<07:48,  1.73geom/s]
Geometries:  19%|#9        | 192/1000 [01:50<07:49,  1.72geom/s]
Geometries:  19%|#9        | 193/1000 [01:51<07:51,  1.71geom/s]
Geometries:  19%|#9        | 194/1000 [01:51<07:50,  1.71geom/s]
Geometries:  20%|#9        | 195/1000 [01:52<08:17,  1.62geom/s]
Geometries:  20%|#9        | 196/1000 [01:53<08:08,  1.65geom/s]
Geometries:  20%|#9        | 197/1000 [01:53<08:05,  1.65geom/s]
Geometries:  20%|#9        | 198/1000 [01:54<08:00,  1.67geom/s]
Geometries:  20%|#9        | 199/1000 [01:54<07:04,  1.89geom/s]
Geometries:  20%|##        | 200/1000 [01:55<07:19,  1.82geom/s]
Geometries:  20%|##        | 201/1000 [01:55<07:31,  1.77geom/s]
Geometries:  20%|##        | 202/1000 [01:56<07:38,  1.74geom/s]
Geometries:  20%|##        | 203/1000 [01:57<07:53,  1.68geom/s]
Geometries:  20%|##        | 204/1000 [01:57<08:04,  1.64geom/s]
Geometries:  20%|##        | 205/1000 [01:58<08:05,  1.64geom/s]
Geometries:  21%|##        | 206/1000 [01:59<07:59,  1.65geom/s]
Geometries:  21%|##        | 207/1000 [01:59<07:56,  1.66geom/s]
Geometries:  21%|##        | 208/1000 [02:00<07:52,  1.67geom/s]
Geometries:  21%|##        | 209/1000 [02:00<07:01,  1.88geom/s]
Geometries:  21%|##1       | 210/1000 [02:01<07:15,  1.81geom/s]
Geometries:  21%|##1       | 211/1000 [02:01<07:53,  1.67geom/s]
Geometries:  21%|##1       | 212/1000 [02:02<07:52,  1.67geom/s]
Geometries:  21%|##1       | 213/1000 [02:03<07:50,  1.67geom/s]
Geometries:  21%|##1       | 214/1000 [02:03<07:45,  1.69geom/s]
Geometries:  22%|##1       | 215/1000 [02:04<07:46,  1.68geom/s]
Geometries:  22%|##1       | 216/1000 [02:04<08:05,  1.61geom/s]
Geometries:  22%|##1       | 217/1000 [02:05<07:57,  1.64geom/s]
Geometries:  22%|##1       | 218/1000 [02:06<07:50,  1.66geom/s]
Geometries:  22%|##1       | 219/1000 [02:06<07:44,  1.68geom/s]
Geometries:  22%|##2       | 220/1000 [02:07<06:50,  1.90geom/s]
Geometries:  22%|##2       | 221/1000 [02:07<07:03,  1.84geom/s]
Geometries:  22%|##2       | 222/1000 [02:08<07:12,  1.80geom/s]
Geometries:  22%|##2       | 223/1000 [02:08<07:16,  1.78geom/s]
Geometries:  22%|##2       | 224/1000 [02:09<07:23,  1.75geom/s]
Geometries:  22%|##2       | 225/1000 [02:09<07:29,  1.72geom/s]
Geometries:  23%|##2       | 226/1000 [02:10<07:31,  1.72geom/s]
Geometries:  23%|##2       | 227/1000 [02:11<07:32,  1.71geom/s]
Geometries:  23%|##2       | 228/1000 [02:11<07:32,  1.71geom/s]
Geometries:  23%|##2       | 229/1000 [02:12<07:34,  1.70geom/s]
Geometries:  23%|##3       | 230/1000 [02:12<06:40,  1.92geom/s]
Geometries:  23%|##3       | 231/1000 [02:13<06:54,  1.85geom/s]
Geometries:  23%|##3       | 232/1000 [02:13<07:27,  1.71geom/s]
Geometries:  23%|##3       | 233/1000 [02:14<07:24,  1.72geom/s]
Geometries:  23%|##3       | 234/1000 [02:15<07:27,  1.71geom/s]
Geometries:  24%|##3       | 235/1000 [02:15<07:29,  1.70geom/s]
Geometries:  24%|##3       | 236/1000 [02:16<07:29,  1.70geom/s]
Geometries:  24%|##3       | 237/1000 [02:17<07:53,  1.61geom/s]
Geometries:  24%|##3       | 238/1000 [02:17<07:43,  1.64geom/s]
Geometries:  24%|##3       | 239/1000 [02:18<07:35,  1.67geom/s]
Geometries:  24%|##4       | 240/1000 [02:18<07:31,  1.68geom/s]
Geometries:  24%|##4       | 241/1000 [02:19<06:38,  1.91geom/s]
Geometries:  24%|##4       | 242/1000 [02:19<07:01,  1.80geom/s]
Geometries:  24%|##4       | 243/1000 [02:20<07:17,  1.73geom/s]
Geometries:  24%|##4       | 244/1000 [02:20<07:23,  1.70geom/s]
Geometries:  24%|##4       | 245/1000 [02:21<07:24,  1.70geom/s]
Geometries:  25%|##4       | 246/1000 [02:22<07:26,  1.69geom/s]
Geometries:  25%|##4       | 247/1000 [02:22<07:25,  1.69geom/s]
Geometries:  25%|##4       | 248/1000 [02:23<07:24,  1.69geom/s]
Geometries:  25%|##4       | 249/1000 [02:23<07:26,  1.68geom/s]
Geometries:  25%|##5       | 250/1000 [02:24<07:25,  1.68geom/s]
Geometries:  25%|##5       | 251/1000 [02:24<06:36,  1.89geom/s]
Geometries:  25%|##5       | 252/1000 [02:25<06:54,  1.81geom/s]
Geometries:  25%|##5       | 253/1000 [02:26<07:26,  1.67geom/s]
Geometries:  25%|##5       | 254/1000 [02:26<07:27,  1.67geom/s]
Geometries:  26%|##5       | 255/1000 [02:27<07:22,  1.68geom/s]
Geometries:  26%|##5       | 256/1000 [02:28<07:19,  1.69geom/s]
Geometries:  26%|##5       | 257/1000 [02:28<07:14,  1.71geom/s]
Geometries:  26%|##5       | 258/1000 [02:29<07:37,  1.62geom/s]
Geometries:  26%|##5       | 259/1000 [02:29<07:28,  1.65geom/s]
Geometries:  26%|##6       | 260/1000 [02:30<07:22,  1.67geom/s]
Geometries:  26%|##6       | 261/1000 [02:31<07:18,  1.69geom/s]
Geometries:  26%|##6       | 262/1000 [02:31<06:27,  1.90geom/s]
Geometries:  26%|##6       | 263/1000 [02:31<06:38,  1.85geom/s]
Geometries:  26%|##6       | 264/1000 [02:32<06:48,  1.80geom/s]
Geometries:  26%|##6       | 265/1000 [02:33<06:53,  1.78geom/s]
Geometries:  27%|##6       | 266/1000 [02:33<06:58,  1.75geom/s]
Geometries:  27%|##6       | 267/1000 [02:34<06:59,  1.75geom/s]
Geometries:  27%|##6       | 268/1000 [02:34<06:59,  1.75geom/s]
Geometries:  27%|##6       | 269/1000 [02:35<06:59,  1.74geom/s]
Geometries:  27%|##7       | 270/1000 [02:36<07:01,  1.73geom/s]
Geometries:  27%|##7       | 271/1000 [02:36<07:04,  1.72geom/s]
Geometries:  27%|##7       | 272/1000 [02:36<06:15,  1.94geom/s]
Geometries:  27%|##7       | 273/1000 [02:37<06:28,  1.87geom/s]
Geometries:  27%|##7       | 274/1000 [02:38<07:00,  1.73geom/s]
Geometries:  28%|##7       | 275/1000 [02:38<06:59,  1.73geom/s]
Geometries:  28%|##7       | 276/1000 [02:39<07:01,  1.72geom/s]
Geometries:  28%|##7       | 277/1000 [02:39<06:59,  1.72geom/s]
Geometries:  28%|##7       | 278/1000 [02:40<07:00,  1.72geom/s]
Geometries:  28%|##7       | 279/1000 [02:41<07:21,  1.63geom/s]
Geometries:  28%|##8       | 280/1000 [02:41<07:18,  1.64geom/s]
Geometries:  28%|##8       | 281/1000 [02:42<07:11,  1.67geom/s]
Geometries:  28%|##8       | 282/1000 [02:43<07:07,  1.68geom/s]
Geometries:  28%|##8       | 283/1000 [02:43<06:15,  1.91geom/s]
Geometries:  28%|##8       | 284/1000 [02:43<06:28,  1.84geom/s]
Geometries:  28%|##8       | 285/1000 [02:44<06:35,  1.81geom/s]
Geometries:  29%|##8       | 286/1000 [02:45<06:43,  1.77geom/s]
Geometries:  29%|##8       | 287/1000 [02:45<06:49,  1.74geom/s]
Geometries:  29%|##8       | 288/1000 [02:46<06:53,  1.72geom/s]
Geometries:  29%|##8       | 289/1000 [02:46<06:53,  1.72geom/s]
Geometries:  29%|##9       | 290/1000 [02:47<06:55,  1.71geom/s]
Geometries:  29%|##9       | 291/1000 [02:48<06:55,  1.71geom/s]
Geometries:  29%|##9       | 292/1000 [02:48<06:57,  1.70geom/s]
Geometries:  29%|##9       | 293/1000 [02:49<06:12,  1.90geom/s]
Geometries:  29%|##9       | 294/1000 [02:49<06:27,  1.82geom/s]
Geometries:  30%|##9       | 295/1000 [02:50<06:57,  1.69geom/s]
Geometries:  30%|##9       | 296/1000 [02:50<06:59,  1.68geom/s]
Geometries:  30%|##9       | 297/1000 [02:51<06:56,  1.69geom/s]
Geometries:  30%|##9       | 298/1000 [02:52<06:55,  1.69geom/s]
Geometries:  30%|##9       | 299/1000 [02:52<06:51,  1.70geom/s]
Geometries:  30%|###       | 300/1000 [02:53<07:10,  1.62geom/s]
Geometries:  30%|###       | 301/1000 [02:53<07:01,  1.66geom/s]
Geometries:  30%|###       | 302/1000 [02:54<06:57,  1.67geom/s]
Geometries:  30%|###       | 303/1000 [02:55<06:52,  1.69geom/s]
Geometries:  30%|###       | 304/1000 [02:55<06:03,  1.91geom/s]
Geometries:  30%|###       | 305/1000 [02:56<06:15,  1.85geom/s]
Geometries:  31%|###       | 306/1000 [02:56<06:29,  1.78geom/s]
Geometries:  31%|###       | 307/1000 [02:57<06:33,  1.76geom/s]
Geometries:  31%|###       | 308/1000 [02:57<06:38,  1.74geom/s]
Geometries:  31%|###       | 309/1000 [02:58<06:42,  1.72geom/s]
Geometries:  31%|###1      | 310/1000 [02:59<06:45,  1.70geom/s]
Geometries:  31%|###1      | 311/1000 [02:59<06:45,  1.70geom/s]
Geometries:  31%|###1      | 312/1000 [03:00<06:46,  1.69geom/s]
Geometries:  31%|###1      | 313/1000 [03:00<06:45,  1.70geom/s]
Geometries:  31%|###1      | 314/1000 [03:01<06:00,  1.90geom/s]
Geometries:  32%|###1      | 315/1000 [03:01<06:13,  1.83geom/s]
Geometries:  32%|###1      | 316/1000 [03:02<06:43,  1.69geom/s]
Geometries:  32%|###1      | 317/1000 [03:03<06:43,  1.69geom/s]
Geometries:  32%|###1      | 318/1000 [03:03<06:43,  1.69geom/s]
Geometries:  32%|###1      | 319/1000 [03:04<06:42,  1.69geom/s]
Geometries:  32%|###2      | 320/1000 [03:04<06:42,  1.69geom/s]
Geometries:  32%|###2      | 321/1000 [03:05<07:00,  1.62geom/s]
Geometries:  32%|###2      | 322/1000 [03:06<06:55,  1.63geom/s]
Geometries:  32%|###2      | 323/1000 [03:06<06:56,  1.63geom/s]
Geometries:  32%|###2      | 324/1000 [03:07<06:09,  1.83geom/s]
Geometries:  32%|###2      | 325/1000 [03:07<06:22,  1.77geom/s]
Geometries:  33%|###2      | 326/1000 [03:08<06:28,  1.73geom/s]
Geometries:  33%|###2      | 327/1000 [03:08<06:30,  1.72geom/s]
Geometries:  33%|###2      | 328/1000 [03:09<06:34,  1.70geom/s]
Geometries:  33%|###2      | 329/1000 [03:10<06:34,  1.70geom/s]
Geometries:  33%|###3      | 330/1000 [03:10<06:36,  1.69geom/s]
Geometries:  33%|###3      | 331/1000 [03:11<06:37,  1.68geom/s]
Geometries:  33%|###3      | 332/1000 [03:11<06:35,  1.69geom/s]
Geometries:  33%|###3      | 333/1000 [03:12<06:35,  1.69geom/s]
Geometries:  33%|###3      | 334/1000 [03:13<06:35,  1.69geom/s]
Geometries:  34%|###3      | 335/1000 [03:13<05:50,  1.89geom/s]
Geometries:  34%|###3      | 336/1000 [03:14<06:02,  1.83geom/s]
Geometries:  34%|###3      | 337/1000 [03:14<06:31,  1.69geom/s]
Geometries:  34%|###3      | 338/1000 [03:15<06:32,  1.69geom/s]
Geometries:  34%|###3      | 339/1000 [03:15<06:31,  1.69geom/s]
Geometries:  34%|###4      | 340/1000 [03:16<06:31,  1.68geom/s]
Geometries:  34%|###4      | 341/1000 [03:17<06:30,  1.69geom/s]
Geometries:  34%|###4      | 342/1000 [03:17<06:49,  1.61geom/s]
Geometries:  34%|###4      | 343/1000 [03:18<06:41,  1.64geom/s]
Geometries:  34%|###4      | 344/1000 [03:19<06:38,  1.65geom/s]
Geometries:  34%|###4      | 345/1000 [03:19<05:50,  1.87geom/s]
Geometries:  35%|###4      | 346/1000 [03:19<05:58,  1.83geom/s]
Geometries:  35%|###4      | 347/1000 [03:20<06:05,  1.78geom/s]
Geometries:  35%|###4      | 348/1000 [03:21<06:10,  1.76geom/s]
Geometries:  35%|###4      | 349/1000 [03:21<06:13,  1.75geom/s]
Geometries:  35%|###5      | 350/1000 [03:22<06:16,  1.73geom/s]
Geometries:  35%|###5      | 351/1000 [03:22<06:17,  1.72geom/s]
Geometries:  35%|###5      | 352/1000 [03:23<06:19,  1.71geom/s]
Geometries:  35%|###5      | 353/1000 [03:24<06:21,  1.70geom/s]
Geometries:  35%|###5      | 354/1000 [03:24<06:21,  1.70geom/s]
Geometries:  36%|###5      | 355/1000 [03:25<06:18,  1.70geom/s]
Geometries:  36%|###5      | 356/1000 [03:25<05:34,  1.93geom/s]
Geometries:  36%|###5      | 357/1000 [03:26<05:48,  1.84geom/s]
Geometries:  36%|###5      | 358/1000 [03:26<06:20,  1.69geom/s]
Geometries:  36%|###5      | 359/1000 [03:27<06:23,  1.67geom/s]
Geometries:  36%|###6      | 360/1000 [03:28<06:22,  1.67geom/s]
Geometries:  36%|###6      | 361/1000 [03:28<06:21,  1.68geom/s]
Geometries:  36%|###6      | 362/1000 [03:29<06:21,  1.67geom/s]
Geometries:  36%|###6      | 363/1000 [03:30<06:37,  1.60geom/s]
Geometries:  36%|###6      | 364/1000 [03:30<06:29,  1.63geom/s]
Geometries:  36%|###6      | 365/1000 [03:31<06:22,  1.66geom/s]
Geometries:  37%|###6      | 366/1000 [03:31<05:38,  1.87geom/s]
Geometries:  37%|###6      | 367/1000 [03:32<05:47,  1.82geom/s]
Geometries:  37%|###6      | 368/1000 [03:32<05:55,  1.78geom/s]
Geometries:  37%|###6      | 369/1000 [03:33<05:59,  1.75geom/s]
Geometries:  37%|###7      | 370/1000 [03:33<06:01,  1.74geom/s]
Geometries:  37%|###7      | 371/1000 [03:34<06:03,  1.73geom/s]
Geometries:  37%|###7      | 372/1000 [03:35<06:02,  1.73geom/s]
Geometries:  37%|###7      | 373/1000 [03:35<06:05,  1.72geom/s]
Geometries:  37%|###7      | 374/1000 [03:36<06:07,  1.70geom/s]
Geometries:  38%|###7      | 375/1000 [03:36<06:08,  1.69geom/s]
Geometries:  38%|###7      | 376/1000 [03:37<06:08,  1.69geom/s]
Geometries:  38%|###7      | 377/1000 [03:37<05:24,  1.92geom/s]
Geometries:  38%|###7      | 378/1000 [03:38<05:37,  1.84geom/s]
Geometries:  38%|###7      | 379/1000 [03:39<06:05,  1.70geom/s]
Geometries:  38%|###8      | 380/1000 [03:39<06:04,  1.70geom/s]
Geometries:  38%|###8      | 381/1000 [03:40<06:03,  1.70geom/s]
Geometries:  38%|###8      | 382/1000 [03:40<06:02,  1.70geom/s]
Geometries:  38%|###8      | 383/1000 [03:41<06:00,  1.71geom/s]
Geometries:  38%|###8      | 384/1000 [03:42<06:15,  1.64geom/s]
Geometries:  38%|###8      | 385/1000 [03:42<06:09,  1.66geom/s]
Geometries:  39%|###8      | 386/1000 [03:43<06:06,  1.68geom/s]
Geometries:  39%|###8      | 387/1000 [03:43<05:22,  1.90geom/s]
Geometries:  39%|###8      | 388/1000 [03:44<05:32,  1.84geom/s]
Geometries:  39%|###8      | 389/1000 [03:44<05:39,  1.80geom/s]
Geometries:  39%|###9      | 390/1000 [03:45<05:43,  1.77geom/s]
Geometries:  39%|###9      | 391/1000 [03:46<05:46,  1.76geom/s]
Geometries:  39%|###9      | 392/1000 [03:46<05:48,  1.75geom/s]
Geometries:  39%|###9      | 393/1000 [03:47<05:49,  1.73geom/s]
Geometries:  39%|###9      | 394/1000 [03:47<05:49,  1.73geom/s]
Geometries:  40%|###9      | 395/1000 [03:48<05:51,  1.72geom/s]
Geometries:  40%|###9      | 396/1000 [03:48<05:50,  1.72geom/s]
Geometries:  40%|###9      | 397/1000 [03:49<05:51,  1.71geom/s]
Geometries:  40%|###9      | 398/1000 [03:49<05:12,  1.93geom/s]
Geometries:  40%|###9      | 399/1000 [03:50<05:23,  1.86geom/s]
Geometries:  40%|####      | 400/1000 [03:51<05:50,  1.71geom/s]
Geometries:  40%|####      | 401/1000 [03:51<05:52,  1.70geom/s]
Geometries:  40%|####      | 402/1000 [03:52<05:52,  1.70geom/s]
Geometries:  40%|####      | 403/1000 [03:52<05:50,  1.70geom/s]
Geometries:  40%|####      | 404/1000 [03:53<05:48,  1.71geom/s]
Geometries:  40%|####      | 405/1000 [03:54<06:03,  1.64geom/s]
Geometries:  41%|####      | 406/1000 [03:54<05:56,  1.66geom/s]
Geometries:  41%|####      | 407/1000 [03:55<05:53,  1.68geom/s]
Geometries:  41%|####      | 408/1000 [03:55<05:13,  1.89geom/s]
Geometries:  41%|####      | 409/1000 [03:56<05:23,  1.82geom/s]
Geometries:  41%|####1     | 410/1000 [03:56<05:30,  1.79geom/s]
Geometries:  41%|####1     | 411/1000 [03:57<05:35,  1.75geom/s]
Geometries:  41%|####1     | 412/1000 [03:58<05:36,  1.75geom/s]
Geometries:  41%|####1     | 413/1000 [03:58<05:38,  1.73geom/s]
Geometries:  41%|####1     | 414/1000 [03:59<05:39,  1.73geom/s]
Geometries:  42%|####1     | 415/1000 [03:59<05:39,  1.72geom/s]
Geometries:  42%|####1     | 416/1000 [04:00<05:39,  1.72geom/s]
Geometries:  42%|####1     | 417/1000 [04:01<05:42,  1.70geom/s]
Geometries:  42%|####1     | 418/1000 [04:01<05:03,  1.92geom/s]
Geometries:  42%|####1     | 419/1000 [04:01<05:14,  1.85geom/s]
Geometries:  42%|####2     | 420/1000 [04:02<05:22,  1.80geom/s]
Geometries:  42%|####2     | 421/1000 [04:03<05:44,  1.68geom/s]
Geometries:  42%|####2     | 422/1000 [04:03<05:42,  1.69geom/s]
Geometries:  42%|####2     | 423/1000 [04:04<05:41,  1.69geom/s]
Geometries:  42%|####2     | 424/1000 [04:05<05:41,  1.69geom/s]
Geometries:  42%|####2     | 425/1000 [04:05<05:39,  1.69geom/s]
Geometries:  43%|####2     | 426/1000 [04:06<05:54,  1.62geom/s]
Geometries:  43%|####2     | 427/1000 [04:06<05:49,  1.64geom/s]
Geometries:  43%|####2     | 428/1000 [04:07<05:44,  1.66geom/s]
Geometries:  43%|####2     | 429/1000 [04:07<05:05,  1.87geom/s]
Geometries:  43%|####3     | 430/1000 [04:08<05:13,  1.82geom/s]
Geometries:  43%|####3     | 431/1000 [04:09<05:19,  1.78geom/s]
Geometries:  43%|####3     | 432/1000 [04:09<05:22,  1.76geom/s]
Geometries:  43%|####3     | 433/1000 [04:10<05:25,  1.74geom/s]
Geometries:  43%|####3     | 434/1000 [04:10<05:26,  1.73geom/s]
Geometries:  44%|####3     | 435/1000 [04:11<05:29,  1.72geom/s]
Geometries:  44%|####3     | 436/1000 [04:11<05:29,  1.71geom/s]
Geometries:  44%|####3     | 437/1000 [04:12<05:28,  1.72geom/s]
Geometries:  44%|####3     | 438/1000 [04:13<05:27,  1.72geom/s]
Geometries:  44%|####3     | 439/1000 [04:13<04:49,  1.94geom/s]
Geometries:  44%|####4     | 440/1000 [04:14<05:00,  1.86geom/s]
Geometries:  44%|####4     | 441/1000 [04:14<05:12,  1.79geom/s]
Geometries:  44%|####4     | 442/1000 [04:15<05:32,  1.68geom/s]
Geometries:  44%|####4     | 443/1000 [04:15<05:30,  1.68geom/s]
Geometries:  44%|####4     | 444/1000 [04:16<05:30,  1.68geom/s]
Geometries:  44%|####4     | 445/1000 [04:17<05:30,  1.68geom/s]
Geometries:  45%|####4     | 446/1000 [04:17<05:27,  1.69geom/s]
Geometries:  45%|####4     | 447/1000 [04:18<05:43,  1.61geom/s]
Geometries:  45%|####4     | 448/1000 [04:18<05:36,  1.64geom/s]
Geometries:  45%|####4     | 449/1000 [04:19<05:33,  1.65geom/s]
Geometries:  45%|####5     | 450/1000 [04:19<04:52,  1.88geom/s]
Geometries:  45%|####5     | 451/1000 [04:20<05:01,  1.82geom/s]
Geometries:  45%|####5     | 452/1000 [04:21<05:07,  1.78geom/s]
Geometries:  45%|####5     | 453/1000 [04:21<05:12,  1.75geom/s]
Geometries:  45%|####5     | 454/1000 [04:22<05:13,  1.74geom/s]
Geometries:  46%|####5     | 455/1000 [04:22<05:16,  1.72geom/s]
Geometries:  46%|####5     | 456/1000 [04:23<05:18,  1.71geom/s]
Geometries:  46%|####5     | 457/1000 [04:24<05:19,  1.70geom/s]
Geometries:  46%|####5     | 458/1000 [04:24<05:19,  1.70geom/s]
Geometries:  46%|####5     | 459/1000 [04:25<05:19,  1.69geom/s]
Geometries:  46%|####6     | 460/1000 [04:25<04:41,  1.92geom/s]
Geometries:  46%|####6     | 461/1000 [04:26<04:50,  1.86geom/s]
Geometries:  46%|####6     | 462/1000 [04:26<04:57,  1.81geom/s]
Geometries:  46%|####6     | 463/1000 [04:27<05:20,  1.68geom/s]
Geometries:  46%|####6     | 464/1000 [04:28<05:17,  1.69geom/s]
Geometries:  46%|####6     | 465/1000 [04:28<05:16,  1.69geom/s]
Geometries:  47%|####6     | 466/1000 [04:29<05:14,  1.70geom/s]
Geometries:  47%|####6     | 467/1000 [04:29<05:15,  1.69geom/s]
Geometries:  47%|####6     | 468/1000 [04:30<05:29,  1.62geom/s]
Geometries:  47%|####6     | 469/1000 [04:31<05:23,  1.64geom/s]
Geometries:  47%|####6     | 470/1000 [04:31<05:18,  1.66geom/s]
Geometries:  47%|####7     | 471/1000 [04:32<04:40,  1.89geom/s]
Geometries:  47%|####7     | 472/1000 [04:32<04:48,  1.83geom/s]
Geometries:  47%|####7     | 473/1000 [04:33<04:56,  1.78geom/s]
Geometries:  47%|####7     | 474/1000 [04:33<04:59,  1.76geom/s]
Geometries:  48%|####7     | 475/1000 [04:34<05:02,  1.73geom/s]
Geometries:  48%|####7     | 476/1000 [04:35<05:03,  1.73geom/s]
Geometries:  48%|####7     | 477/1000 [04:35<05:04,  1.72geom/s]
Geometries:  48%|####7     | 478/1000 [04:36<05:03,  1.72geom/s]
Geometries:  48%|####7     | 479/1000 [04:36<05:06,  1.70geom/s]
Geometries:  48%|####8     | 480/1000 [04:37<05:06,  1.70geom/s]
Geometries:  48%|####8     | 481/1000 [04:37<04:30,  1.92geom/s]
Geometries:  48%|####8     | 482/1000 [04:38<04:40,  1.85geom/s]
Geometries:  48%|####8     | 483/1000 [04:38<04:47,  1.80geom/s]
Geometries:  48%|####8     | 484/1000 [04:39<05:09,  1.67geom/s]
Geometries:  48%|####8     | 485/1000 [04:40<05:07,  1.67geom/s]
Geometries:  49%|####8     | 486/1000 [04:40<05:05,  1.68geom/s]
Geometries:  49%|####8     | 487/1000 [04:41<05:04,  1.69geom/s]
Geometries:  49%|####8     | 488/1000 [04:41<05:01,  1.70geom/s]
Geometries:  49%|####8     | 489/1000 [04:42<05:15,  1.62geom/s]
Geometries:  49%|####9     | 490/1000 [04:43<05:08,  1.65geom/s]
Geometries:  49%|####9     | 491/1000 [04:43<05:05,  1.67geom/s]
Geometries:  49%|####9     | 492/1000 [04:44<04:27,  1.90geom/s]
Geometries:  49%|####9     | 493/1000 [04:44<04:34,  1.85geom/s]
Geometries:  49%|####9     | 494/1000 [04:45<04:41,  1.80geom/s]
Geometries:  50%|####9     | 495/1000 [04:45<04:43,  1.78geom/s]
Geometries:  50%|####9     | 496/1000 [04:46<04:47,  1.75geom/s]
Geometries:  50%|####9     | 497/1000 [04:47<04:47,  1.75geom/s]
Geometries:  50%|####9     | 498/1000 [04:47<04:49,  1.74geom/s]
Geometries:  50%|####9     | 499/1000 [04:48<04:51,  1.72geom/s]
Geometries:  50%|#####     | 500/1000 [04:48<04:51,  1.72geom/s]
Geometries:  50%|#####     | 501/1000 [04:49<04:52,  1.71geom/s]
Geometries:  50%|#####     | 502/1000 [04:49<04:18,  1.93geom/s]
Geometries:  50%|#####     | 503/1000 [04:50<04:26,  1.86geom/s]
Geometries:  50%|#####     | 504/1000 [04:50<04:32,  1.82geom/s]
Geometries:  50%|#####     | 505/1000 [04:51<04:51,  1.70geom/s]
Geometries:  51%|#####     | 506/1000 [04:52<04:51,  1.69geom/s]
Geometries:  51%|#####     | 507/1000 [04:52<04:53,  1.68geom/s]
Geometries:  51%|#####     | 508/1000 [04:53<04:55,  1.66geom/s]
Geometries:  51%|#####     | 509/1000 [04:54<04:52,  1.68geom/s]
Geometries:  51%|#####1    | 510/1000 [04:54<05:05,  1.60geom/s]
Geometries:  51%|#####1    | 511/1000 [04:55<05:00,  1.63geom/s]
Geometries:  51%|#####1    | 512/1000 [04:55<04:57,  1.64geom/s]
Geometries:  51%|#####1    | 513/1000 [04:56<04:24,  1.84geom/s]
Geometries:  51%|#####1    | 514/1000 [04:56<04:34,  1.77geom/s]
Geometries:  52%|#####1    | 515/1000 [04:57<04:46,  1.69geom/s]
Geometries:  52%|#####1    | 516/1000 [04:58<04:49,  1.67geom/s]
Geometries:  52%|#####1    | 517/1000 [04:58<04:47,  1.68geom/s]
Geometries:  52%|#####1    | 518/1000 [04:59<04:47,  1.68geom/s]
Geometries:  52%|#####1    | 519/1000 [04:59<04:46,  1.68geom/s]
Geometries:  52%|#####2    | 520/1000 [05:00<04:48,  1.66geom/s]
Geometries:  52%|#####2    | 521/1000 [05:01<04:50,  1.65geom/s]
Geometries:  52%|#####2    | 522/1000 [05:01<04:49,  1.65geom/s]
Geometries:  52%|#####2    | 523/1000 [05:02<04:14,  1.88geom/s]
Geometries:  52%|#####2    | 524/1000 [05:02<04:22,  1.81geom/s]
Geometries:  52%|#####2    | 525/1000 [05:03<04:26,  1.78geom/s]
Geometries:  53%|#####2    | 526/1000 [05:04<04:44,  1.67geom/s]
Geometries:  53%|#####2    | 527/1000 [05:04<04:40,  1.69geom/s]
Geometries:  53%|#####2    | 528/1000 [05:05<04:39,  1.69geom/s]
Geometries:  53%|#####2    | 529/1000 [05:05<04:37,  1.70geom/s]
Geometries:  53%|#####3    | 530/1000 [05:06<04:36,  1.70geom/s]
Geometries:  53%|#####3    | 531/1000 [05:07<04:48,  1.62geom/s]
Geometries:  53%|#####3    | 532/1000 [05:07<04:45,  1.64geom/s]
Geometries:  53%|#####3    | 533/1000 [05:07<04:09,  1.87geom/s]
Geometries:  53%|#####3    | 534/1000 [05:08<04:18,  1.80geom/s]
Geometries:  54%|#####3    | 535/1000 [05:09<04:22,  1.77geom/s]
Geometries:  54%|#####3    | 536/1000 [05:09<04:26,  1.74geom/s]
Geometries:  54%|#####3    | 537/1000 [05:10<04:28,  1.73geom/s]
Geometries:  54%|#####3    | 538/1000 [05:10<04:28,  1.72geom/s]
Geometries:  54%|#####3    | 539/1000 [05:11<04:27,  1.72geom/s]
Geometries:  54%|#####4    | 540/1000 [05:12<04:30,  1.70geom/s]
Geometries:  54%|#####4    | 541/1000 [05:12<04:28,  1.71geom/s]
Geometries:  54%|#####4    | 542/1000 [05:13<04:27,  1.71geom/s]
Geometries:  54%|#####4    | 543/1000 [05:13<04:26,  1.72geom/s]
Geometries:  54%|#####4    | 544/1000 [05:14<03:56,  1.93geom/s]
Geometries:  55%|#####4    | 545/1000 [05:14<04:05,  1.85geom/s]
Geometries:  55%|#####4    | 546/1000 [05:15<04:12,  1.80geom/s]
Geometries:  55%|#####4    | 547/1000 [05:16<04:29,  1.68geom/s]
Geometries:  55%|#####4    | 548/1000 [05:16<04:28,  1.68geom/s]
Geometries:  55%|#####4    | 549/1000 [05:17<04:31,  1.66geom/s]
Geometries:  55%|#####5    | 550/1000 [05:17<04:30,  1.66geom/s]
Geometries:  55%|#####5    | 551/1000 [05:18<04:28,  1.67geom/s]
Geometries:  55%|#####5    | 552/1000 [05:19<04:40,  1.60geom/s]
Geometries:  55%|#####5    | 553/1000 [05:19<04:33,  1.63geom/s]
Geometries:  55%|#####5    | 554/1000 [05:20<03:59,  1.87geom/s]
Geometries:  56%|#####5    | 555/1000 [05:20<04:03,  1.83geom/s]
Geometries:  56%|#####5    | 556/1000 [05:21<04:09,  1.78geom/s]
Geometries:  56%|#####5    | 557/1000 [05:21<04:11,  1.76geom/s]
Geometries:  56%|#####5    | 558/1000 [05:22<04:13,  1.75geom/s]
Geometries:  56%|#####5    | 559/1000 [05:23<04:14,  1.73geom/s]
Geometries:  56%|#####6    | 560/1000 [05:23<04:16,  1.71geom/s]
Geometries:  56%|#####6    | 561/1000 [05:24<04:17,  1.71geom/s]
Geometries:  56%|#####6    | 562/1000 [05:24<04:16,  1.70geom/s]
Geometries:  56%|#####6    | 563/1000 [05:25<04:16,  1.70geom/s]
Geometries:  56%|#####6    | 564/1000 [05:26<04:18,  1.69geom/s]
Geometries:  56%|#####6    | 565/1000 [05:26<03:46,  1.92geom/s]
Geometries:  57%|#####6    | 566/1000 [05:26<03:55,  1.85geom/s]
Geometries:  57%|#####6    | 567/1000 [05:27<03:59,  1.81geom/s]
Geometries:  57%|#####6    | 568/1000 [05:28<04:17,  1.68geom/s]
Geometries:  57%|#####6    | 569/1000 [05:28<04:14,  1.69geom/s]
Geometries:  57%|#####6    | 570/1000 [05:29<04:12,  1.71geom/s]
Geometries:  57%|#####7    | 571/1000 [05:30<04:11,  1.71geom/s]
Geometries:  57%|#####7    | 572/1000 [05:30<04:11,  1.70geom/s]
Geometries:  57%|#####7    | 573/1000 [05:31<04:24,  1.62geom/s]
Geometries:  57%|#####7    | 574/1000 [05:31<04:18,  1.65geom/s]
Geometries:  57%|#####7    | 575/1000 [05:32<03:45,  1.88geom/s]
Geometries:  58%|#####7    | 576/1000 [05:32<03:52,  1.82geom/s]
Geometries:  58%|#####7    | 577/1000 [05:33<04:01,  1.75geom/s]
Geometries:  58%|#####7    | 578/1000 [05:34<04:06,  1.71geom/s]
Geometries:  58%|#####7    | 579/1000 [05:34<04:05,  1.71geom/s]
Geometries:  58%|#####8    | 580/1000 [05:35<04:05,  1.71geom/s]
Geometries:  58%|#####8    | 581/1000 [05:35<04:04,  1.71geom/s]
Geometries:  58%|#####8    | 582/1000 [05:36<04:04,  1.71geom/s]
Geometries:  58%|#####8    | 583/1000 [05:36<04:03,  1.71geom/s]
Geometries:  58%|#####8    | 584/1000 [05:37<04:03,  1.71geom/s]
Geometries:  58%|#####8    | 585/1000 [05:38<04:02,  1.71geom/s]
Geometries:  59%|#####8    | 586/1000 [05:38<03:35,  1.93geom/s]
Geometries:  59%|#####8    | 587/1000 [05:39<03:42,  1.86geom/s]
Geometries:  59%|#####8    | 588/1000 [05:39<03:47,  1.81geom/s]
Geometries:  59%|#####8    | 589/1000 [05:40<04:02,  1.69geom/s]
Geometries:  59%|#####8    | 590/1000 [05:40<04:02,  1.69geom/s]
Geometries:  59%|#####9    | 591/1000 [05:41<04:00,  1.70geom/s]
Geometries:  59%|#####9    | 592/1000 [05:42<03:58,  1.71geom/s]
Geometries:  59%|#####9    | 593/1000 [05:42<03:58,  1.70geom/s]
Geometries:  59%|#####9    | 594/1000 [05:43<04:09,  1.63geom/s]
Geometries:  60%|#####9    | 595/1000 [05:43<04:05,  1.65geom/s]
Geometries:  60%|#####9    | 596/1000 [05:44<03:35,  1.87geom/s]
Geometries:  60%|#####9    | 597/1000 [05:44<03:41,  1.82geom/s]
Geometries:  60%|#####9    | 598/1000 [05:45<03:44,  1.79geom/s]
Geometries:  60%|#####9    | 599/1000 [05:46<03:47,  1.76geom/s]
Geometries:  60%|######    | 600/1000 [05:46<03:50,  1.74geom/s]
Geometries:  60%|######    | 601/1000 [05:47<03:50,  1.73geom/s]
Geometries:  60%|######    | 602/1000 [05:47<03:52,  1.71geom/s]
Geometries:  60%|######    | 603/1000 [05:48<03:52,  1.71geom/s]
Geometries:  60%|######    | 604/1000 [05:49<03:52,  1.71geom/s]
Geometries:  60%|######    | 605/1000 [05:49<03:52,  1.70geom/s]
Geometries:  61%|######    | 606/1000 [05:50<03:51,  1.70geom/s]
Geometries:  61%|######    | 607/1000 [05:50<03:25,  1.91geom/s]
Geometries:  61%|######    | 608/1000 [05:51<03:31,  1.85geom/s]
Geometries:  61%|######    | 609/1000 [05:51<03:37,  1.79geom/s]
Geometries:  61%|######1   | 610/1000 [05:52<03:50,  1.69geom/s]
Geometries:  61%|######1   | 611/1000 [05:53<03:48,  1.70geom/s]
Geometries:  61%|######1   | 612/1000 [05:53<03:47,  1.71geom/s]
Geometries:  61%|######1   | 613/1000 [05:54<03:46,  1.71geom/s]
Geometries:  61%|######1   | 614/1000 [05:54<03:46,  1.70geom/s]
Geometries:  62%|######1   | 615/1000 [05:55<03:58,  1.62geom/s]
Geometries:  62%|######1   | 616/1000 [05:56<03:53,  1.64geom/s]
Geometries:  62%|######1   | 617/1000 [05:56<03:25,  1.86geom/s]
Geometries:  62%|######1   | 618/1000 [05:56<03:29,  1.82geom/s]
Geometries:  62%|######1   | 619/1000 [05:57<03:33,  1.78geom/s]
Geometries:  62%|######2   | 620/1000 [05:58<03:35,  1.76geom/s]
Geometries:  62%|######2   | 621/1000 [05:58<03:37,  1.74geom/s]
Geometries:  62%|######2   | 622/1000 [05:59<03:37,  1.74geom/s]
Geometries:  62%|######2   | 623/1000 [05:59<03:39,  1.71geom/s]
Geometries:  62%|######2   | 624/1000 [06:00<03:40,  1.70geom/s]
Geometries:  62%|######2   | 625/1000 [06:01<03:39,  1.71geom/s]
Geometries:  63%|######2   | 626/1000 [06:01<03:40,  1.70geom/s]
Geometries:  63%|######2   | 627/1000 [06:02<03:13,  1.92geom/s]
Geometries:  63%|######2   | 628/1000 [06:02<03:21,  1.85geom/s]
Geometries:  63%|######2   | 629/1000 [06:03<03:26,  1.79geom/s]
Geometries:  63%|######3   | 630/1000 [06:03<03:28,  1.77geom/s]
Geometries:  63%|######3   | 631/1000 [06:04<03:43,  1.65geom/s]
Geometries:  63%|######3   | 632/1000 [06:05<03:39,  1.67geom/s]
Geometries:  63%|######3   | 633/1000 [06:05<03:38,  1.68geom/s]
Geometries:  63%|######3   | 634/1000 [06:06<03:37,  1.68geom/s]
Geometries:  64%|######3   | 635/1000 [06:06<03:38,  1.67geom/s]
Geometries:  64%|######3   | 636/1000 [06:07<03:51,  1.57geom/s]
Geometries:  64%|######3   | 637/1000 [06:08<03:47,  1.59geom/s]
Geometries:  64%|######3   | 638/1000 [06:08<03:21,  1.79geom/s]
Geometries:  64%|######3   | 639/1000 [06:09<03:27,  1.74geom/s]
Geometries:  64%|######4   | 640/1000 [06:09<03:29,  1.72geom/s]
Geometries:  64%|######4   | 641/1000 [06:10<03:29,  1.71geom/s]
Geometries:  64%|######4   | 642/1000 [06:11<03:28,  1.72geom/s]
Geometries:  64%|######4   | 643/1000 [06:11<03:28,  1.71geom/s]
Geometries:  64%|######4   | 644/1000 [06:12<03:28,  1.71geom/s]
Geometries:  64%|######4   | 645/1000 [06:12<03:28,  1.70geom/s]
Geometries:  65%|######4   | 646/1000 [06:13<03:26,  1.71geom/s]
Geometries:  65%|######4   | 647/1000 [06:13<03:27,  1.70geom/s]
Geometries:  65%|######4   | 648/1000 [06:14<03:04,  1.91geom/s]
Geometries:  65%|######4   | 649/1000 [06:14<03:11,  1.83geom/s]
Geometries:  65%|######5   | 650/1000 [06:15<03:16,  1.79geom/s]
Geometries:  65%|######5   | 651/1000 [06:16<03:19,  1.75geom/s]
Geometries:  65%|######5   | 652/1000 [06:16<03:30,  1.65geom/s]
Geometries:  65%|######5   | 653/1000 [06:17<03:29,  1.66geom/s]
Geometries:  65%|######5   | 654/1000 [06:17<03:26,  1.67geom/s]
Geometries:  66%|######5   | 655/1000 [06:18<03:25,  1.67geom/s]
Geometries:  66%|######5   | 656/1000 [06:19<03:24,  1.68geom/s]
Geometries:  66%|######5   | 657/1000 [06:19<03:34,  1.60geom/s]
Geometries:  66%|######5   | 658/1000 [06:20<03:29,  1.63geom/s]
Geometries:  66%|######5   | 659/1000 [06:20<03:02,  1.87geom/s]
Geometries:  66%|######6   | 660/1000 [06:21<03:08,  1.81geom/s]
Geometries:  66%|######6   | 661/1000 [06:21<03:11,  1.77geom/s]
Geometries:  66%|######6   | 662/1000 [06:22<03:14,  1.74geom/s]
Geometries:  66%|######6   | 663/1000 [06:23<03:14,  1.73geom/s]
Geometries:  66%|######6   | 664/1000 [06:23<03:15,  1.72geom/s]
Geometries:  66%|######6   | 665/1000 [06:24<03:15,  1.71geom/s]
Geometries:  67%|######6   | 666/1000 [06:24<03:16,  1.70geom/s]
Geometries:  67%|######6   | 667/1000 [06:25<03:16,  1.70geom/s]
Geometries:  67%|######6   | 668/1000 [06:26<03:15,  1.70geom/s]
Geometries:  67%|######6   | 669/1000 [06:26<02:52,  1.92geom/s]
Geometries:  67%|######7   | 670/1000 [06:27<02:57,  1.86geom/s]
Geometries:  67%|######7   | 671/1000 [06:27<03:02,  1.80geom/s]
Geometries:  67%|######7   | 672/1000 [06:28<03:04,  1.77geom/s]
Geometries:  67%|######7   | 673/1000 [06:28<03:18,  1.65geom/s]
Geometries:  67%|######7   | 674/1000 [06:29<03:15,  1.67geom/s]
Geometries:  68%|######7   | 675/1000 [06:30<03:14,  1.67geom/s]
Geometries:  68%|######7   | 676/1000 [06:30<03:12,  1.68geom/s]
Geometries:  68%|######7   | 677/1000 [06:31<03:12,  1.68geom/s]
Geometries:  68%|######7   | 678/1000 [06:32<03:20,  1.61geom/s]
Geometries:  68%|######7   | 679/1000 [06:32<03:15,  1.64geom/s]
Geometries:  68%|######8   | 680/1000 [06:32<02:50,  1.88geom/s]
Geometries:  68%|######8   | 681/1000 [06:33<02:56,  1.81geom/s]
Geometries:  68%|######8   | 682/1000 [06:34<02:59,  1.77geom/s]
Geometries:  68%|######8   | 683/1000 [06:34<03:02,  1.74geom/s]
Geometries:  68%|######8   | 684/1000 [06:35<03:02,  1.73geom/s]
Geometries:  68%|######8   | 685/1000 [06:35<03:02,  1.72geom/s]
Geometries:  69%|######8   | 686/1000 [06:36<03:02,  1.72geom/s]
Geometries:  69%|######8   | 687/1000 [06:37<03:03,  1.71geom/s]
Geometries:  69%|######8   | 688/1000 [06:37<03:02,  1.71geom/s]
Geometries:  69%|######8   | 689/1000 [06:38<03:02,  1.71geom/s]
Geometries:  69%|######9   | 690/1000 [06:38<02:40,  1.93geom/s]
Geometries:  69%|######9   | 691/1000 [06:39<02:47,  1.85geom/s]
Geometries:  69%|######9   | 692/1000 [06:39<02:51,  1.80geom/s]
Geometries:  69%|######9   | 693/1000 [06:40<02:56,  1.74geom/s]
Geometries:  69%|######9   | 694/1000 [06:41<03:09,  1.62geom/s]
Geometries:  70%|######9   | 695/1000 [06:41<03:06,  1.64geom/s]
Geometries:  70%|######9   | 696/1000 [06:42<03:03,  1.66geom/s]
Geometries:  70%|######9   | 697/1000 [06:42<03:01,  1.67geom/s]
Geometries:  70%|######9   | 698/1000 [06:43<03:01,  1.67geom/s]
Geometries:  70%|######9   | 699/1000 [06:44<03:09,  1.59geom/s]
Geometries:  70%|#######   | 700/1000 [06:44<03:06,  1.61geom/s]
Geometries:  70%|#######   | 701/1000 [06:45<02:41,  1.85geom/s]
Geometries:  70%|#######   | 702/1000 [06:45<02:45,  1.80geom/s]
Geometries:  70%|#######   | 703/1000 [06:46<02:49,  1.75geom/s]
Geometries:  70%|#######   | 704/1000 [06:46<02:51,  1.72geom/s]
Geometries:  70%|#######   | 705/1000 [06:47<02:59,  1.65geom/s]
Geometries:  71%|#######   | 706/1000 [06:48<02:59,  1.64geom/s]
Geometries:  71%|#######   | 707/1000 [06:48<02:59,  1.63geom/s]
Geometries:  71%|#######   | 708/1000 [06:49<02:57,  1.64geom/s]
Geometries:  71%|#######   | 709/1000 [06:50<02:55,  1.65geom/s]
Geometries:  71%|#######1  | 710/1000 [06:50<02:54,  1.66geom/s]
Geometries:  71%|#######1  | 711/1000 [06:51<02:34,  1.87geom/s]
Geometries:  71%|#######1  | 712/1000 [06:51<02:39,  1.81geom/s]
Geometries:  71%|#######1  | 713/1000 [06:52<02:42,  1.77geom/s]
Geometries:  71%|#######1  | 714/1000 [06:52<02:47,  1.71geom/s]
Geometries:  72%|#######1  | 715/1000 [06:53<02:56,  1.61geom/s]
Geometries:  72%|#######1  | 716/1000 [06:54<02:53,  1.64geom/s]
Geometries:  72%|#######1  | 717/1000 [06:54<02:50,  1.66geom/s]
Geometries:  72%|#######1  | 718/1000 [06:55<02:49,  1.67geom/s]
Geometries:  72%|#######1  | 719/1000 [06:55<02:46,  1.68geom/s]
Geometries:  72%|#######2  | 720/1000 [06:56<02:54,  1.61geom/s]
Geometries:  72%|#######2  | 721/1000 [06:56<02:32,  1.82geom/s]
Geometries:  72%|#######2  | 722/1000 [06:57<02:35,  1.78geom/s]
Geometries:  72%|#######2  | 723/1000 [06:58<02:36,  1.76geom/s]
Geometries:  72%|#######2  | 724/1000 [06:58<02:38,  1.75geom/s]
Geometries:  72%|#######2  | 725/1000 [06:59<02:39,  1.72geom/s]
Geometries:  73%|#######2  | 726/1000 [06:59<02:40,  1.71geom/s]
Geometries:  73%|#######2  | 727/1000 [07:00<02:41,  1.69geom/s]
Geometries:  73%|#######2  | 728/1000 [07:01<02:41,  1.69geom/s]
Geometries:  73%|#######2  | 729/1000 [07:01<02:43,  1.66geom/s]
Geometries:  73%|#######3  | 730/1000 [07:02<02:41,  1.67geom/s]
Geometries:  73%|#######3  | 731/1000 [07:02<02:40,  1.68geom/s]
Geometries:  73%|#######3  | 732/1000 [07:03<02:20,  1.91geom/s]
Geometries:  73%|#######3  | 733/1000 [07:03<02:24,  1.84geom/s]
Geometries:  73%|#######3  | 734/1000 [07:04<02:27,  1.80geom/s]
Geometries:  74%|#######3  | 735/1000 [07:05<02:29,  1.77geom/s]
Geometries:  74%|#######3  | 736/1000 [07:05<02:40,  1.65geom/s]
Geometries:  74%|#######3  | 737/1000 [07:06<02:38,  1.66geom/s]
Geometries:  74%|#######3  | 738/1000 [07:06<02:37,  1.66geom/s]
Geometries:  74%|#######3  | 739/1000 [07:07<02:37,  1.66geom/s]
Geometries:  74%|#######4  | 740/1000 [07:08<02:35,  1.67geom/s]
Geometries:  74%|#######4  | 741/1000 [07:08<02:42,  1.60geom/s]
Geometries:  74%|#######4  | 742/1000 [07:09<02:21,  1.82geom/s]
Geometries:  74%|#######4  | 743/1000 [07:09<02:23,  1.79geom/s]
Geometries:  74%|#######4  | 744/1000 [07:10<02:25,  1.76geom/s]
Geometries:  74%|#######4  | 745/1000 [07:10<02:25,  1.75geom/s]
Geometries:  75%|#######4  | 746/1000 [07:11<02:27,  1.72geom/s]
Geometries:  75%|#######4  | 747/1000 [07:12<02:26,  1.73geom/s]
Geometries:  75%|#######4  | 748/1000 [07:12<02:27,  1.70geom/s]
Geometries:  75%|#######4  | 749/1000 [07:13<02:27,  1.70geom/s]
Geometries:  75%|#######5  | 750/1000 [07:13<02:27,  1.69geom/s]
Geometries:  75%|#######5  | 751/1000 [07:14<02:27,  1.68geom/s]
Geometries:  75%|#######5  | 752/1000 [07:15<02:26,  1.69geom/s]
Geometries:  75%|#######5  | 753/1000 [07:15<02:10,  1.89geom/s]
Geometries:  75%|#######5  | 754/1000 [07:16<02:15,  1.82geom/s]
Geometries:  76%|#######5  | 755/1000 [07:16<02:17,  1.78geom/s]
Geometries:  76%|#######5  | 756/1000 [07:17<02:19,  1.75geom/s]
Geometries:  76%|#######5  | 757/1000 [07:17<02:27,  1.65geom/s]
Geometries:  76%|#######5  | 758/1000 [07:18<02:26,  1.66geom/s]
Geometries:  76%|#######5  | 759/1000 [07:19<02:24,  1.67geom/s]
Geometries:  76%|#######6  | 760/1000 [07:19<02:22,  1.68geom/s]
Geometries:  76%|#######6  | 761/1000 [07:20<02:21,  1.69geom/s]
Geometries:  76%|#######6  | 762/1000 [07:20<02:27,  1.62geom/s]
Geometries:  76%|#######6  | 763/1000 [07:21<02:11,  1.80geom/s]
Geometries:  76%|#######6  | 764/1000 [07:22<02:15,  1.74geom/s]
Geometries:  76%|#######6  | 765/1000 [07:22<02:18,  1.70geom/s]
Geometries:  77%|#######6  | 766/1000 [07:23<02:18,  1.69geom/s]
Geometries:  77%|#######6  | 767/1000 [07:23<02:17,  1.70geom/s]
Geometries:  77%|#######6  | 768/1000 [07:24<02:15,  1.71geom/s]
Geometries:  77%|#######6  | 769/1000 [07:24<02:14,  1.71geom/s]
Geometries:  77%|#######7  | 770/1000 [07:25<02:14,  1.70geom/s]
Geometries:  77%|#######7  | 771/1000 [07:26<02:14,  1.70geom/s]
Geometries:  77%|#######7  | 772/1000 [07:26<02:14,  1.70geom/s]
Geometries:  77%|#######7  | 773/1000 [07:27<02:13,  1.70geom/s]
Geometries:  77%|#######7  | 774/1000 [07:27<01:57,  1.92geom/s]
Geometries:  78%|#######7  | 775/1000 [07:28<02:01,  1.85geom/s]
Geometries:  78%|#######7  | 776/1000 [07:28<02:04,  1.80geom/s]
Geometries:  78%|#######7  | 777/1000 [07:29<02:07,  1.75geom/s]
Geometries:  78%|#######7  | 778/1000 [07:30<02:15,  1.64geom/s]
Geometries:  78%|#######7  | 779/1000 [07:30<02:13,  1.66geom/s]
Geometries:  78%|#######8  | 780/1000 [07:31<02:11,  1.67geom/s]
Geometries:  78%|#######8  | 781/1000 [07:31<02:09,  1.69geom/s]
Geometries:  78%|#######8  | 782/1000 [07:32<02:09,  1.69geom/s]
Geometries:  78%|#######8  | 783/1000 [07:33<02:15,  1.60geom/s]
Geometries:  78%|#######8  | 784/1000 [07:33<01:58,  1.82geom/s]
Geometries:  78%|#######8  | 785/1000 [07:34<02:00,  1.78geom/s]
Geometries:  79%|#######8  | 786/1000 [07:34<02:02,  1.75geom/s]
Geometries:  79%|#######8  | 787/1000 [07:35<02:02,  1.73geom/s]
Geometries:  79%|#######8  | 788/1000 [07:35<02:03,  1.72geom/s]
Geometries:  79%|#######8  | 789/1000 [07:36<02:03,  1.72geom/s]
Geometries:  79%|#######9  | 790/1000 [07:37<02:02,  1.72geom/s]
Geometries:  79%|#######9  | 791/1000 [07:37<02:01,  1.72geom/s]
Geometries:  79%|#######9  | 792/1000 [07:38<02:01,  1.71geom/s]
Geometries:  79%|#######9  | 793/1000 [07:38<02:01,  1.71geom/s]
Geometries:  79%|#######9  | 794/1000 [07:39<02:01,  1.70geom/s]
Geometries:  80%|#######9  | 795/1000 [07:39<01:46,  1.92geom/s]
Geometries:  80%|#######9  | 796/1000 [07:40<01:51,  1.83geom/s]
Geometries:  80%|#######9  | 797/1000 [07:41<01:53,  1.80geom/s]
Geometries:  80%|#######9  | 798/1000 [07:41<01:54,  1.76geom/s]
Geometries:  80%|#######9  | 799/1000 [07:42<02:00,  1.66geom/s]
Geometries:  80%|########  | 800/1000 [07:42<01:59,  1.67geom/s]
Geometries:  80%|########  | 801/1000 [07:43<01:58,  1.68geom/s]
Geometries:  80%|########  | 802/1000 [07:44<01:57,  1.69geom/s]
Geometries:  80%|########  | 803/1000 [07:44<01:57,  1.68geom/s]
Geometries:  80%|########  | 804/1000 [07:45<02:02,  1.60geom/s]
Geometries:  80%|########  | 805/1000 [07:45<01:46,  1.83geom/s]
Geometries:  81%|########  | 806/1000 [07:46<01:48,  1.78geom/s]
Geometries:  81%|########  | 807/1000 [07:46<01:50,  1.75geom/s]
Geometries:  81%|########  | 808/1000 [07:47<01:51,  1.72geom/s]
Geometries:  81%|########  | 809/1000 [07:48<01:51,  1.71geom/s]
Geometries:  81%|########1 | 810/1000 [07:48<01:52,  1.69geom/s]
Geometries:  81%|########1 | 811/1000 [07:49<01:51,  1.69geom/s]
Geometries:  81%|########1 | 812/1000 [07:49<01:51,  1.68geom/s]
Geometries:  81%|########1 | 813/1000 [07:50<01:50,  1.69geom/s]
Geometries:  81%|########1 | 814/1000 [07:51<01:50,  1.69geom/s]
Geometries:  82%|########1 | 815/1000 [07:51<01:49,  1.69geom/s]
Geometries:  82%|########1 | 816/1000 [07:52<01:36,  1.90geom/s]
Geometries:  82%|########1 | 817/1000 [07:52<01:39,  1.83geom/s]
Geometries:  82%|########1 | 818/1000 [07:53<01:42,  1.78geom/s]
Geometries:  82%|########1 | 819/1000 [07:53<01:43,  1.75geom/s]
Geometries:  82%|########2 | 820/1000 [07:54<01:49,  1.64geom/s]
Geometries:  82%|########2 | 821/1000 [07:55<01:48,  1.66geom/s]
Geometries:  82%|########2 | 822/1000 [07:55<01:46,  1.67geom/s]
Geometries:  82%|########2 | 823/1000 [07:56<01:45,  1.67geom/s]
Geometries:  82%|########2 | 824/1000 [07:56<01:45,  1.66geom/s]
Geometries:  82%|########2 | 825/1000 [07:57<01:50,  1.59geom/s]
Geometries:  83%|########2 | 826/1000 [07:58<01:35,  1.81geom/s]
Geometries:  83%|########2 | 827/1000 [07:58<01:37,  1.77geom/s]
Geometries:  83%|########2 | 828/1000 [07:59<01:39,  1.74geom/s]
Geometries:  83%|########2 | 829/1000 [07:59<01:39,  1.72geom/s]
Geometries:  83%|########2 | 830/1000 [08:00<01:39,  1.71geom/s]
Geometries:  83%|########3 | 831/1000 [08:00<01:39,  1.70geom/s]
Geometries:  83%|########3 | 832/1000 [08:01<01:39,  1.69geom/s]
Geometries:  83%|########3 | 833/1000 [08:02<01:38,  1.69geom/s]
Geometries:  83%|########3 | 834/1000 [08:02<01:38,  1.69geom/s]
Geometries:  84%|########3 | 835/1000 [08:03<01:37,  1.68geom/s]
Geometries:  84%|########3 | 836/1000 [08:03<01:26,  1.89geom/s]
Geometries:  84%|########3 | 837/1000 [08:04<01:29,  1.83geom/s]
Geometries:  84%|########3 | 838/1000 [08:04<01:31,  1.78geom/s]
Geometries:  84%|########3 | 839/1000 [08:05<01:31,  1.75geom/s]
Geometries:  84%|########4 | 840/1000 [08:06<01:32,  1.73geom/s]
Geometries:  84%|########4 | 841/1000 [08:06<01:37,  1.63geom/s]
Geometries:  84%|########4 | 842/1000 [08:07<01:36,  1.64geom/s]
Geometries:  84%|########4 | 843/1000 [08:08<01:34,  1.66geom/s]
Geometries:  84%|########4 | 844/1000 [08:08<01:33,  1.67geom/s]
Geometries:  84%|########4 | 845/1000 [08:09<01:32,  1.68geom/s]
Geometries:  85%|########4 | 846/1000 [08:09<01:36,  1.60geom/s]
Geometries:  85%|########4 | 847/1000 [08:10<01:23,  1.84geom/s]
Geometries:  85%|########4 | 848/1000 [08:10<01:24,  1.80geom/s]
Geometries:  85%|########4 | 849/1000 [08:11<01:25,  1.76geom/s]
Geometries:  85%|########5 | 850/1000 [08:12<01:26,  1.73geom/s]
Geometries:  85%|########5 | 851/1000 [08:12<01:26,  1.71geom/s]
Geometries:  85%|########5 | 852/1000 [08:13<01:27,  1.70geom/s]
Geometries:  85%|########5 | 853/1000 [08:13<01:26,  1.69geom/s]
Geometries:  85%|########5 | 854/1000 [08:14<01:26,  1.69geom/s]
Geometries:  86%|########5 | 855/1000 [08:14<01:25,  1.69geom/s]
Geometries:  86%|########5 | 856/1000 [08:15<01:25,  1.68geom/s]
Geometries:  86%|########5 | 857/1000 [08:15<01:15,  1.90geom/s]
Geometries:  86%|########5 | 858/1000 [08:16<01:17,  1.83geom/s]
Geometries:  86%|########5 | 859/1000 [08:17<01:18,  1.79geom/s]
Geometries:  86%|########6 | 860/1000 [08:17<01:19,  1.76geom/s]
Geometries:  86%|########6 | 861/1000 [08:18<01:19,  1.74geom/s]
Geometries:  86%|########6 | 862/1000 [08:19<01:24,  1.63geom/s]
Geometries:  86%|########6 | 863/1000 [08:19<01:23,  1.64geom/s]
Geometries:  86%|########6 | 864/1000 [08:20<01:22,  1.64geom/s]
Geometries:  86%|########6 | 865/1000 [08:20<01:21,  1.66geom/s]
Geometries:  87%|########6 | 866/1000 [08:21<01:20,  1.67geom/s]
Geometries:  87%|########6 | 867/1000 [08:22<01:23,  1.60geom/s]
Geometries:  87%|########6 | 868/1000 [08:22<01:12,  1.82geom/s]
Geometries:  87%|########6 | 869/1000 [08:23<01:13,  1.77geom/s]
Geometries:  87%|########7 | 870/1000 [08:23<01:14,  1.74geom/s]
Geometries:  87%|########7 | 871/1000 [08:24<01:14,  1.72geom/s]
Geometries:  87%|########7 | 872/1000 [08:24<01:14,  1.72geom/s]
Geometries:  87%|########7 | 873/1000 [08:25<01:14,  1.71geom/s]
Geometries:  87%|########7 | 874/1000 [08:26<01:14,  1.70geom/s]
Geometries:  88%|########7 | 875/1000 [08:26<01:13,  1.69geom/s]
Geometries:  88%|########7 | 876/1000 [08:27<01:13,  1.69geom/s]
Geometries:  88%|########7 | 877/1000 [08:27<01:12,  1.69geom/s]
Geometries:  88%|########7 | 878/1000 [08:28<01:04,  1.90geom/s]
Geometries:  88%|########7 | 879/1000 [08:28<01:06,  1.83geom/s]
Geometries:  88%|########8 | 880/1000 [08:29<01:06,  1.80geom/s]
Geometries:  88%|########8 | 881/1000 [08:29<01:07,  1.77geom/s]
Geometries:  88%|########8 | 882/1000 [08:30<01:07,  1.75geom/s]
Geometries:  88%|########8 | 883/1000 [08:31<01:11,  1.63geom/s]
Geometries:  88%|########8 | 884/1000 [08:31<01:10,  1.64geom/s]
Geometries:  88%|########8 | 885/1000 [08:32<01:10,  1.64geom/s]
Geometries:  89%|########8 | 886/1000 [08:33<01:09,  1.65geom/s]
Geometries:  89%|########8 | 887/1000 [08:33<01:07,  1.67geom/s]
Geometries:  89%|########8 | 888/1000 [08:34<01:10,  1.59geom/s]
Geometries:  89%|########8 | 889/1000 [08:34<01:01,  1.82geom/s]
Geometries:  89%|########9 | 890/1000 [08:35<01:01,  1.79geom/s]
Geometries:  89%|########9 | 891/1000 [08:35<01:01,  1.76geom/s]
Geometries:  89%|########9 | 892/1000 [08:36<01:02,  1.74geom/s]
Geometries:  89%|########9 | 893/1000 [08:37<01:01,  1.73geom/s]
Geometries:  89%|########9 | 894/1000 [08:37<01:01,  1.73geom/s]
Geometries:  90%|########9 | 895/1000 [08:38<01:00,  1.72geom/s]
Geometries:  90%|########9 | 896/1000 [08:38<01:00,  1.72geom/s]
Geometries:  90%|########9 | 897/1000 [08:39<00:59,  1.72geom/s]
Geometries:  90%|########9 | 898/1000 [08:39<00:59,  1.71geom/s]
Geometries:  90%|########9 | 899/1000 [08:40<00:52,  1.93geom/s]
Geometries:  90%|######### | 900/1000 [08:40<00:53,  1.86geom/s]
Geometries:  90%|######### | 901/1000 [08:41<00:54,  1.80geom/s]
Geometries:  90%|######### | 902/1000 [08:42<00:55,  1.78geom/s]
Geometries:  90%|######### | 903/1000 [08:42<00:55,  1.75geom/s]
Geometries:  90%|######### | 904/1000 [08:43<00:57,  1.66geom/s]
Geometries:  90%|######### | 905/1000 [08:43<00:56,  1.67geom/s]
Geometries:  91%|######### | 906/1000 [08:44<00:55,  1.69geom/s]
Geometries:  91%|######### | 907/1000 [08:45<00:55,  1.69geom/s]
Geometries:  91%|######### | 908/1000 [08:45<00:54,  1.69geom/s]
Geometries:  91%|######### | 909/1000 [08:46<00:56,  1.61geom/s]
Geometries:  91%|#########1| 910/1000 [08:46<00:48,  1.84geom/s]
Geometries:  91%|#########1| 911/1000 [08:47<00:49,  1.79geom/s]
Geometries:  91%|#########1| 912/1000 [08:47<00:49,  1.77geom/s]
Geometries:  91%|#########1| 913/1000 [08:48<00:49,  1.74geom/s]
Geometries:  91%|#########1| 914/1000 [08:49<00:49,  1.72geom/s]
Geometries:  92%|#########1| 915/1000 [08:49<00:49,  1.71geom/s]
Geometries:  92%|#########1| 916/1000 [08:50<00:48,  1.72geom/s]
Geometries:  92%|#########1| 917/1000 [08:50<00:48,  1.71geom/s]
Geometries:  92%|#########1| 918/1000 [08:51<00:47,  1.72geom/s]
Geometries:  92%|#########1| 919/1000 [08:52<00:47,  1.71geom/s]
Geometries:  92%|#########2| 920/1000 [08:52<00:41,  1.92geom/s]
Geometries:  92%|#########2| 921/1000 [08:53<00:42,  1.84geom/s]
Geometries:  92%|#########2| 922/1000 [08:53<00:43,  1.80geom/s]
Geometries:  92%|#########2| 923/1000 [08:54<00:43,  1.76geom/s]
Geometries:  92%|#########2| 924/1000 [08:54<00:43,  1.74geom/s]
Geometries:  92%|#########2| 925/1000 [08:55<00:45,  1.64geom/s]
Geometries:  93%|#########2| 926/1000 [08:56<00:44,  1.66geom/s]
Geometries:  93%|#########2| 927/1000 [08:56<00:44,  1.65geom/s]
Geometries:  93%|#########2| 928/1000 [08:57<00:43,  1.66geom/s]
Geometries:  93%|#########2| 929/1000 [08:57<00:42,  1.66geom/s]
Geometries:  93%|#########3| 930/1000 [08:58<00:37,  1.88geom/s]
Geometries:  93%|#########3| 931/1000 [08:58<00:38,  1.81geom/s]
Geometries:  93%|#########3| 932/1000 [08:59<00:38,  1.77geom/s]
Geometries:  93%|#########3| 933/1000 [09:00<00:38,  1.73geom/s]
Geometries:  93%|#########3| 934/1000 [09:00<00:38,  1.71geom/s]
Geometries:  94%|#########3| 935/1000 [09:01<00:38,  1.70geom/s]
Geometries:  94%|#########3| 936/1000 [09:01<00:38,  1.68geom/s]
Geometries:  94%|#########3| 937/1000 [09:02<00:37,  1.67geom/s]
Geometries:  94%|#########3| 938/1000 [09:03<00:37,  1.67geom/s]
Geometries:  94%|#########3| 939/1000 [09:03<00:36,  1.67geom/s]
Geometries:  94%|#########3| 940/1000 [09:04<00:35,  1.67geom/s]
Geometries:  94%|#########4| 941/1000 [09:04<00:31,  1.88geom/s]
Geometries:  94%|#########4| 942/1000 [09:05<00:32,  1.81geom/s]
Geometries:  94%|#########4| 943/1000 [09:05<00:33,  1.73geom/s]
Geometries:  94%|#########4| 944/1000 [09:06<00:32,  1.71geom/s]
Geometries:  94%|#########4| 945/1000 [09:07<00:32,  1.70geom/s]
Geometries:  95%|#########4| 946/1000 [09:07<00:33,  1.61geom/s]
Geometries:  95%|#########4| 947/1000 [09:08<00:32,  1.63geom/s]
Geometries:  95%|#########4| 948/1000 [09:08<00:31,  1.65geom/s]
Geometries:  95%|#########4| 949/1000 [09:09<00:30,  1.65geom/s]
Geometries:  95%|#########5| 950/1000 [09:10<00:29,  1.67geom/s]
Geometries:  95%|#########5| 951/1000 [09:10<00:25,  1.89geom/s]
Geometries:  95%|#########5| 952/1000 [09:11<00:26,  1.83geom/s]
Geometries:  95%|#########5| 953/1000 [09:11<00:26,  1.78geom/s]
Geometries:  95%|#########5| 954/1000 [09:12<00:26,  1.74geom/s]
Geometries:  96%|#########5| 955/1000 [09:12<00:26,  1.73geom/s]
Geometries:  96%|#########5| 956/1000 [09:13<00:25,  1.71geom/s]
Geometries:  96%|#########5| 957/1000 [09:14<00:25,  1.70geom/s]
Geometries:  96%|#########5| 958/1000 [09:14<00:24,  1.68geom/s]
Geometries:  96%|#########5| 959/1000 [09:15<00:24,  1.68geom/s]
Geometries:  96%|#########6| 960/1000 [09:15<00:23,  1.69geom/s]
Geometries:  96%|#########6| 961/1000 [09:16<00:23,  1.69geom/s]
Geometries:  96%|#########6| 962/1000 [09:16<00:19,  1.91geom/s]
Geometries:  96%|#########6| 963/1000 [09:17<00:20,  1.83geom/s]
Geometries:  96%|#########6| 964/1000 [09:18<00:20,  1.78geom/s]
Geometries:  96%|#########6| 965/1000 [09:18<00:20,  1.74geom/s]
Geometries:  97%|#########6| 966/1000 [09:19<00:19,  1.72geom/s]
Geometries:  97%|#########6| 967/1000 [09:19<00:20,  1.62geom/s]
Geometries:  97%|#########6| 968/1000 [09:20<00:19,  1.61geom/s]
Geometries:  97%|#########6| 969/1000 [09:21<00:19,  1.60geom/s]
Geometries:  97%|#########7| 970/1000 [09:21<00:18,  1.60geom/s]
Geometries:  97%|#########7| 971/1000 [09:22<00:17,  1.63geom/s]
Geometries:  97%|#########7| 972/1000 [09:22<00:15,  1.85geom/s]
Geometries:  97%|#########7| 973/1000 [09:23<00:14,  1.80geom/s]
Geometries:  97%|#########7| 974/1000 [09:23<00:14,  1.76geom/s]
Geometries:  98%|#########7| 975/1000 [09:24<00:14,  1.73geom/s]
Geometries:  98%|#########7| 976/1000 [09:25<00:13,  1.71geom/s]
Geometries:  98%|#########7| 977/1000 [09:25<00:13,  1.70geom/s]
Geometries:  98%|#########7| 978/1000 [09:26<00:12,  1.70geom/s]
Geometries:  98%|#########7| 979/1000 [09:26<00:12,  1.68geom/s]
Geometries:  98%|#########8| 980/1000 [09:27<00:11,  1.68geom/s]
Geometries:  98%|#########8| 981/1000 [09:28<00:11,  1.66geom/s]
Geometries:  98%|#########8| 982/1000 [09:28<00:10,  1.66geom/s]
Geometries:  98%|#########8| 983/1000 [09:29<00:09,  1.83geom/s]
Geometries:  98%|#########8| 984/1000 [09:29<00:09,  1.75geom/s]
Geometries:  98%|#########8| 985/1000 [09:30<00:08,  1.74geom/s]
Geometries:  99%|#########8| 986/1000 [09:31<00:08,  1.69geom/s]
Geometries:  99%|#########8| 987/1000 [09:31<00:07,  1.65geom/s]
Geometries:  99%|#########8| 988/1000 [09:32<00:07,  1.57geom/s]
Geometries:  99%|#########8| 989/1000 [09:33<00:06,  1.58geom/s]
Geometries:  99%|#########9| 990/1000 [09:33<00:06,  1.60geom/s]
Geometries:  99%|#########9| 991/1000 [09:34<00:05,  1.58geom/s]
Geometries:  99%|#########9| 992/1000 [09:34<00:05,  1.60geom/s]
Geometries:  99%|#########9| 993/1000 [09:35<00:03,  1.83geom/s]
Geometries:  99%|#########9| 994/1000 [09:35<00:03,  1.77geom/s]
Geometries: 100%|#########9| 995/1000 [09:36<00:02,  1.75geom/s]
Geometries: 100%|#########9| 996/1000 [09:37<00:02,  1.71geom/s]
Geometries: 100%|#########9| 997/1000 [09:37<00:01,  1.70geom/s]
Geometries: 100%|#########9| 998/1000 [09:38<00:01,  1.70geom/s]
Geometries: 100%|#########9| 999/1000 [09:38<00:00,  1.69geom/s]
Geometries: 100%|##########| 1000/1000 [09:39<00:00,  1.69geom/s]
Geometries: 100%|##########| 1000/1000 [09:39<00:00,  1.73geom/s]
python.exe : 
At D:\Research\NO-2D-Metamaterials\_run_0711E26_pipeline.ps1:34 char:9
+         & $PY @pyArgs 2>&1
+         ~~~~~~~~~~~~~~~~~~
    + CategoryInfo          : NotSpecified: (:String) [], RemoteException
    + FullyQualifiedErrorId : NativeCommandError
 
Geometries:   0%|          | 0/1000 [00:00<?, ?geom/s]
Geometries:   0%|          | 1/1000 [00:00<08:21,  1.99geom/s]
Geometries:   0%|          | 2/1000 [00:01<09:11,  1.81geom/s]
Geometries:   0%|          | 3/1000 [00:01<09:30,  1.75geom/s]
Geometries:   0%|          | 4/1000 [00:02<09:32,  1.74geom/s]
Geometries:   0%|          | 5/1000 [00:02<09:32,  1.74geom/s]
Geometries:   1%|          | 6/1000 [00:03<10:11,  1.63geom/s]
Geometries:   1%|          | 7/1000 [00:04<10:02,  1.65geom/s]
Geometries:   1%|          | 8/1000 [00:04<09:55,  1.66geom/s]
Geometries:   1%|          | 9/1000 [00:05<09:51,  1.68geom/s]
Geometries:   1%|1         | 10/1000 [00:05<09:45,  1.69geom/s]
Geometries:   1%|1         | 11/1000 [00:06<08:38,  1.91geom/s]
Geometries:   1%|1         | 12/1000 [00:06<08:59,  1.83geom/s]
Geometries:   1%|1         | 13/1000 [00:07<09:08,  1.80geom/s]
Geometries:   1%|1         | 14/1000 [00:08<09:18,  1.77geom/s]
Geometries:   2%|1         | 15/1000 [00:08<09:25,  1.74geom/s]
Geometries:   2%|1         | 16/1000 [00:09<09:29,  1.73geom/s]
Geometries:   2%|1         | 17/1000 [00:09<09:31,  1.72geom/s]
Geometries:   2%|1         | 18/1000 [00:10<09:33,  1.71geom/s]
Geometries:   2%|1         | 19/1000 [00:10<09:33,  1.71geom/s]
Geometries:   2%|2         | 20/1000 [00:11<09:35,  1.70geom/s]
Geometries:   2%|2         | 21/1000 [00:11<08:29,  1.92geom/s]
Geometries:   2%|2         | 22/1000 [00:12<09:19,  1.75geom/s]
Geometries:   2%|2         | 23/1000 [00:13<09:23,  1.74geom/s]
Geometries:   2%|2         | 24/1000 [00:13<09:28,  1.72geom/s]
Geometries:   2%|2         | 25/1000 [00:14<09:28,  1.72geom/s]
Geometries:   3%|2         | 26/1000 [00:14<09:26,  1.72geom/s]
Geometries:   3%|2         | 27/1000 [00:15<09:53,  1.64geom/s]
Geometries:   3%|2         | 28/1000 [00:16<09:47,  1.66geom/s]
Geometries:   3%|2         | 29/1000 [00:16<09:44,  1.66geom/s]
Geometries:   3%|3         | 30/1000 [00:17<09:41,  1.67geom/s]
Geometries:   3%|3         | 31/1000 [00:17<09:34,  1.69geom/s]
Geometries:   3%|3         | 32/1000 [00:18<08:27,  1.91geom/s]
Geometries:   3%|3         | 33/1000 [00:18<08:47,  1.83geom/s]
Geometries:   3%|3         | 34/1000 [00:19<09:00,  1.79geom/s]
Geometries:   4%|3         | 35/1000 [00:20<09:06,  1.77geom/s]
Geometries:   4%|3         | 36/1000 [00:20<09:12,  1.75geom/s]
Geometries:   4%|3         | 37/1000 [00:21<09:14,  1.74geom/s]
Geometries:   4%|3         | 38/1000 [00:21<09:18,  1.72geom/s]
Geometries:   4%|3         | 39/1000 [00:22<09:18,  1.72geom/s]
Geometries:   4%|4         | 40/1000 [00:23<09:21,  1.71geom/s]
Geometries:   4%|4         | 41/1000 [00:23<09:21,  1.71geom/s]
Geometries:   4%|4         | 42/1000 [00:24<08:19,  1.92geom/s]
Geometries:   4%|4         | 43/1000 [00:24<09:07,  1.75geom/s]
Geometries:   4%|4         | 44/1000 [00:25<09:12,  1.73geom/s]
Geometries:   4%|4         | 45/1000 [00:25<09:13,  1.72geom/s]
Geometries:   5%|4         | 46/1000 [00:26<09:16,  1.71geom/s]
Geometries:   5%|4         | 47/1000 [00:27<09:15,  1.72geom/s]
Geometries:   5%|4         | 48/1000 [00:27<09:47,  1.62geom/s]
Geometries:   5%|4         | 49/1000 [00:28<09:36,  1.65geom/s]
Geometries:   5%|5         | 50/1000 [00:28<09:31,  1.66geom/s]
Geometries:   5%|5         | 51/1000 [00:29<09:26,  1.67geom/s]
Geometries:   5%|5         | 52/1000 [00:30<09:23,  1.68geom/s]
Geometries:   5%|5         | 53/1000 [00:30<08:15,  1.91geom/s]
Geometries:   5%|5         | 54/1000 [00:31<08:34,  1.84geom/s]
Geometries:   6%|5         | 55/1000 [00:31<08:49,  1.79geom/s]
Geometries:   6%|5         | 56/1000 [00:32<08:57,  1.76geom/s]
Geometries:   6%|5         | 57/1000 [00:32<09:00,  1.74geom/s]
Geometries:   6%|5         | 58/1000 [00:33<09:02,  1.73geom/s]
Geometries:   6%|5         | 59/1000 [00:33<09:03,  1.73geom/s]
Geometries:   6%|6         | 60/1000 [00:34<09:07,  1.72geom/s]
Geometries:   6%|6         | 61/1000 [00:35<09:04,  1.72geom/s]
Geometries:   6%|6         | 62/1000 [00:35<09:07,  1.71geom/s]
Geometries:   6%|6         | 63/1000 [00:36<08:02,  1.94geom/s]
Geometries:   6%|6         | 64/1000 [00:36<08:52,  1.76geom/s]
Geometries:   6%|6         | 65/1000 [00:37<08:56,  1.74geom/s]
Geometries:   7%|6         | 66/1000 [00:37<09:00,  1.73geom/s]
Geometries:   7%|6         | 67/1000 [00:38<09:01,  1.72geom/s]
Geometries:   7%|6         | 68/1000 [00:39<09:04,  1.71geom/s]
Geometries:   7%|6         | 69/1000 [00:39<09:29,  1.63geom/s]
Geometries:   7%|7         | 70/1000 [00:40<09:20,  1.66geom/s]
Geometries:   7%|7         | 71/1000 [00:40<09:14,  1.67geom/s]
Geometries:   7%|7         | 72/1000 [00:41<09:13,  1.68geom/s]
Geometries:   7%|7         | 73/1000 [00:42<09:10,  1.68geom/s]
Geometries:   7%|7         | 74/1000 [00:42<08:05,  1.91geom/s]
Geometries:   8%|7         | 75/1000 [00:43<08:21,  1.84geom/s]
Geometries:   8%|7         | 76/1000 [00:43<08:34,  1.80geom/s]
Geometries:   8%|7         | 77/1000 [00:44<08:38,  1.78geom/s]
Geometries:   8%|7         | 78/1000 [00:44<08:47,  1.75geom/s]
Geometries:   8%|7         | 79/1000 [00:45<08:49,  1.74geom/s]
Geometries:   8%|8         | 80/1000 [00:46<08:52,  1.73geom/s]
Geometries:   8%|8         | 81/1000 [00:46<08:53,  1.72geom/s]
Geometries:   8%|8         | 82/1000 [00:47<08:55,  1.71geom/s]
Geometries:   8%|8         | 83/1000 [00:47<08:54,  1.72geom/s]
Geometries:   8%|8         | 84/1000 [00:48<07:54,  1.93geom/s]
Geometries:   8%|8         | 85/1000 [00:48<08:38,  1.76geom/s]
Geometries:   9%|8         | 86/1000 [00:49<08:41,  1.75geom/s]
Geometries:   9%|8         | 87/1000 [00:50<08:45,  1.74geom/s]
Geometries:   9%|8         | 88/1000 [00:50<08:51,  1.72geom/s]
Geometries:   9%|8         | 89/1000 [00:51<08:52,  1.71geom/s]
Geometries:   9%|9         | 90/1000 [00:51<09:20,  1.62geom/s]
Geometries:   9%|9         | 91/1000 [00:52<09:10,  1.65geom/s]
Geometries:   9%|9         | 92/1000 [00:53<09:03,  1.67geom/s]
Geometries:   9%|9         | 93/1000 [00:53<09:00,  1.68geom/s]
Geometries:   9%|9         | 94/1000 [00:54<08:58,  1.68geom/s]
Geometries:  10%|9         | 95/1000 [00:54<07:57,  1.90geom/s]
Geometries:  10%|9         | 96/1000 [00:55<08:10,  1.84geom/s]
Geometries:  10%|9         | 97/1000 [00:55<08:24,  1.79geom/s]
Geometries:  10%|9         | 98/1000 [00:56<08:32,  1.76geom/s]
Geometries:  10%|9         | 99/1000 [00:56<08:37,  1.74geom/s]
Geometries:  10%|#         | 100/1000 [00:57<08:42,  1.72geom/s]
Geometries:  10%|#         | 101/1000 [00:58<08:45,  1.71geom/s]
Geometries:  10%|#         | 102/1000 [00:58<08:45,  1.71geom/s]
Geometries:  10%|#         | 103/1000 [00:59<08:44,  1.71geom/s]
Geometries:  10%|#         | 104/1000 [00:59<08:46,  1.70geom/s]
Geometries:  10%|#         | 105/1000 [01:00<07:42,  1.93geom/s]
Geometries:  11%|#         | 106/1000 [01:00<08:28,  1.76geom/s]
Geometries:  11%|#         | 107/1000 [01:01<08:36,  1.73geom/s]
Geometries:  11%|#         | 108/1000 [01:02<08:37,  1.72geom/s]
Geometries:  11%|#         | 109/1000 [01:02<08:40,  1.71geom/s]
Geometries:  11%|#1        | 110/1000 [01:03<08:37,  1.72geom/s]
Geometries:  11%|#1        | 111/1000 [01:03<09:02,  1.64geom/s]
Geometries:  11%|#1        | 112/1000 [01:04<08:56,  1.65geom/s]
Geometries:  11%|#1        | 113/1000 [01:05<08:52,  1.67geom/s]
Geometries:  11%|#1        | 114/1000 [01:05<08:47,  1.68geom/s]
Geometries:  12%|#1        | 115/1000 [01:06<07:48,  1.89geom/s]
Geometries:  12%|#1        | 116/1000 [01:06<08:02,  1.83geom/s]
Geometries:  12%|#1        | 117/1000 [01:07<08:15,  1.78geom/s]
Geometries:  12%|#1        | 118/1000 [01:07<08:20,  1.76geom/s]
Geometries:  12%|#1        | 119/1000 [01:08<08:26,  1.74geom/s]
Geometries:  12%|#2        | 120/1000 [01:09<08:27,  1.73geom/s]
Geometries:  12%|#2        | 121/1000 [01:09<08:31,  1.72geom/s]
Geometries:  12%|#2        | 122/1000 [01:10<08:31,  1.72geom/s]
Geometries:  12%|#2        | 123/1000 [01:10<08:32,  1.71geom/s]
Geometries:  12%|#2        | 124/1000 [01:11<08:33,  1.71geom/s]
Geometries:  12%|#2        | 125/1000 [01:12<08:34,  1.70geom/s]
Geometries:  13%|#2        | 126/1000 [01:12<07:37,  1.91geom/s]
Geometries:  13%|#2        | 127/1000 [01:13<08:24,  1.73geom/s]
Geometries:  13%|#2        | 128/1000 [01:13<08:27,  1.72geom/s]
Geometries:  13%|#2        | 129/1000 [01:14<08:31,  1.70geom/s]
Geometries:  13%|#3        | 130/1000 [01:14<08:31,  1.70geom/s]
Geometries:  13%|#3        | 131/1000 [01:15<08:31,  1.70geom/s]
Geometries:  13%|#3        | 132/1000 [01:16<08:53,  1.63geom/s]
Geometries:  13%|#3        | 133/1000 [01:16<08:47,  1.64geom/s]
Geometries:  13%|#3        | 134/1000 [01:17<08:43,  1.65geom/s]
Geometries:  14%|#3        | 135/1000 [01:17<08:39,  1.67geom/s]
Geometries:  14%|#3        | 136/1000 [01:18<07:38,  1.88geom/s]
Geometries:  14%|#3        | 137/1000 [01:18<07:57,  1.81geom/s]
Geometries:  14%|#3        | 138/1000 [01:19<08:10,  1.76geom/s]
Geometries:  14%|#3        | 139/1000 [01:20<08:19,  1.73geom/s]
Geometries:  14%|#4        | 140/1000 [01:20<08:21,  1.71geom/s]
Geometries:  14%|#4        | 141/1000 [01:21<08:21,  1.71geom/s]
Geometries:  14%|#4        | 142/1000 [01:21<08:21,  1.71geom/s]
Geometries:  14%|#4        | 143/1000 [01:22<08:21,  1.71geom/s]
Geometries:  14%|#4        | 144/1000 [01:23<08:23,  1.70geom/s]
Geometries:  14%|#4        | 145/1000 [01:23<08:25,  1.69geom/s]
Geometries:  15%|#4        | 146/1000 [01:24<08:25,  1.69geom/s]
Geometries:  15%|#4        | 147/1000 [01:24<07:28,  1.90geom/s]
Geometries:  15%|#4        | 148/1000 [01:25<08:08,  1.74geom/s]
Geometries:  15%|#4        | 149/1000 [01:25<08:13,  1.72geom/s]
Geometries:  15%|#5        | 150/1000 [01:26<08:13,  1.72geom/s]
Geometries:  15%|#5        | 151/1000 [01:27<08:15,  1.71geom/s]
Geometries:  15%|#5        | 152/1000 [01:27<08:16,  1.71geom/s]
Geometries:  15%|#5        | 153/1000 [01:28<08:46,  1.61geom/s]
Geometries:  15%|#5        | 154/1000 [01:28<08:37,  1.63geom/s]
Geometries:  16%|#5        | 155/1000 [01:29<08:35,  1.64geom/s]
Geometries:  16%|#5        | 156/1000 [01:30<08:32,  1.65geom/s]
Geometries:  16%|#5        | 157/1000 [01:30<07:35,  1.85geom/s]
Geometries:  16%|#5        | 158/1000 [01:31<07:45,  1.81geom/s]
Geometries:  16%|#5        | 159/1000 [01:31<07:56,  1.77geom/s]
Geometries:  16%|#6        | 160/1000 [01:32<08:00,  1.75geom/s]
Geometries:  16%|#6        | 161/1000 [01:32<08:05,  1.73geom/s]
Geometries:  16%|#6        | 162/1000 [01:33<08:06,  1.72geom/s]
Geometries:  16%|#6        | 163/1000 [01:34<08:06,  1.72geom/s]
Geometries:  16%|#6        | 164/1000 [01:34<08:06,  1.72geom/s]
Geometries:  16%|#6        | 165/1000 [01:35<08:09,  1.71geom/s]
Geometries:  17%|#6        | 166/1000 [01:35<08:11,  1.70geom/s]
Geometries:  17%|#6        | 167/1000 [01:36<08:14,  1.68geom/s]
Geometries:  17%|#6        | 168/1000 [01:36<07:21,  1.89geom/s]
Geometries:  17%|#6        | 169/1000 [01:37<07:59,  1.73geom/s]
Geometries:  17%|#7        | 170/1000 [01:38<08:01,  1.72geom/s]
Geometries:  17%|#7        | 171/1000 [01:38<08:05,  1.71geom/s]
Geometries:  17%|#7        | 172/1000 [01:39<08:06,  1.70geom/s]
Geometries:  17%|#7        | 173/1000 [01:39<08:08,  1.69geom/s]
Geometries:  17%|#7        | 174/1000 [01:40<08:31,  1.62geom/s]
Geometries:  18%|#7        | 175/1000 [01:41<08:23,  1.64geom/s]
Geometries:  18%|#7        | 176/1000 [01:41<08:15,  1.66geom/s]
Geometries:  18%|#7        | 177/1000 [01:42<08:11,  1.67geom/s]
Geometries:  18%|#7        | 178/1000 [01:42<07:12,  1.90geom/s]
Geometries:  18%|#7        | 179/1000 [01:43<07:27,  1.83geom/s]
Geometries:  18%|#8        | 180/1000 [01:43<07:38,  1.79geom/s]
Geometries:  18%|#8        | 181/1000 [01:44<07:46,  1.76geom/s]
Geometries:  18%|#8        | 182/1000 [01:45<07:49,  1.74geom/s]
Geometries:  18%|#8        | 183/1000 [01:45<07:54,  1.72geom/s]
Geometries:  18%|#8        | 184/1000 [01:46<07:55,  1.72geom/s]
Geometries:  18%|#8        | 185/1000 [01:46<07:54,  1.72geom/s]
Geometries:  19%|#8        | 186/1000 [01:47<07:53,  1.72geom/s]
Geometries:  19%|#8        | 187/1000 [01:47<07:56,  1.71geom/s]
Geometries:  19%|#8        | 188/1000 [01:48<07:56,  1.70geom/s]
Geometries:  19%|#8        | 189/1000 [01:48<07:04,  1.91geom/s]
Geometries:  19%|#9        | 190/1000 [01:49<07:44,  1.74geom/s]
Geometries:  19%|#9        | 191/1000 [01:50<07:49,  1.72geom/s]
Geometries:  19%|#9        | 192/1000 [01:50<07:53,  1.71geom/s]
Geometries:  19%|#9        | 193/1000 [01:51<07:55,  1.70geom/s]
Geometries:  19%|#9        | 194/1000 [01:52<07:54,  1.70geom/s]
Geometries:  20%|#9        | 195/1000 [01:52<08:18,  1.62geom/s]
Geometries:  20%|#9        | 196/1000 [01:53<08:08,  1.65geom/s]
Geometries:  20%|#9        | 197/1000 [01:53<08:01,  1.67geom/s]
Geometries:  20%|#9        | 198/1000 [01:54<07:55,  1.69geom/s]
Geometries:  20%|#9        | 199/1000 [01:54<07:05,  1.88geom/s]
Geometries:  20%|##        | 200/1000 [01:55<07:18,  1.82geom/s]
Geometries:  20%|##        | 201/1000 [01:56<07:28,  1.78geom/s]
Geometries:  20%|##        | 202/1000 [01:56<07:34,  1.76geom/s]
Geometries:  20%|##        | 203/1000 [01:57<07:40,  1.73geom/s]
Geometries:  20%|##        | 204/1000 [01:57<07:43,  1.72geom/s]
Geometries:  20%|##        | 205/1000 [01:58<07:55,  1.67geom/s]
Geometries:  21%|##        | 206/1000 [01:59<08:01,  1.65geom/s]
Geometries:  21%|##        | 207/1000 [01:59<08:04,  1.64geom/s]
Geometries:  21%|##        | 208/1000 [02:00<07:58,  1.66geom/s]
Geometries:  21%|##        | 209/1000 [02:00<07:05,  1.86geom/s]
Geometries:  21%|##1       | 210/1000 [02:01<07:17,  1.81geom/s]
Geometries:  21%|##1       | 211/1000 [02:01<07:48,  1.68geom/s]
Geometries:  21%|##1       | 212/1000 [02:02<07:48,  1.68geom/s]
Geometries:  21%|##1       | 213/1000 [02:03<07:47,  1.68geom/s]
Geometries:  21%|##1       | 214/1000 [02:03<07:43,  1.70geom/s]
Geometries:  22%|##1       | 215/1000 [02:04<07:43,  1.69geom/s]
Geometries:  22%|##1       | 216/1000 [02:04<08:07,  1.61geom/s]
Geometries:  22%|##1       | 217/1000 [02:05<07:59,  1.63geom/s]
Geometries:  22%|##1       | 218/1000 [02:06<07:50,  1.66geom/s]
Geometries:  22%|##1       | 219/1000 [02:06<07:46,  1.67geom/s]
Geometries:  22%|##2       | 220/1000 [02:07<06:50,  1.90geom/s]
Geometries:  22%|##2       | 221/1000 [02:07<07:02,  1.84geom/s]
Geometries:  22%|##2       | 222/1000 [02:08<07:12,  1.80geom/s]
Geometries:  22%|##2       | 223/1000 [02:08<07:16,  1.78geom/s]
Geometries:  22%|##2       | 224/1000 [02:09<07:22,  1.75geom/s]
Geometries:  22%|##2       | 225/1000 [02:10<07:27,  1.73geom/s]
Geometries:  23%|##2       | 226/1000 [02:10<07:30,  1.72geom/s]
Geometries:  23%|##2       | 227/1000 [02:11<07:30,  1.72geom/s]
Geometries:  23%|##2       | 228/1000 [02:11<07:36,  1.69geom/s]
Geometries:  23%|##2       | 229/1000 [02:12<07:35,  1.69geom/s]
Geometries:  23%|##3       | 230/1000 [02:12<06:43,  1.91geom/s]
Geometries:  23%|##3       | 231/1000 [02:13<06:55,  1.85geom/s]
Geometries:  23%|##3       | 232/1000 [02:14<07:29,  1.71geom/s]
Geometries:  23%|##3       | 233/1000 [02:14<07:27,  1.71geom/s]
Geometries:  23%|##3       | 234/1000 [02:15<07:27,  1.71geom/s]
Geometries:  24%|##3       | 235/1000 [02:15<07:26,  1.71geom/s]
Geometries:  24%|##3       | 236/1000 [02:16<07:24,  1.72geom/s]
Geometries:  24%|##3       | 237/1000 [02:17<07:47,  1.63geom/s]
Geometries:  24%|##3       | 238/1000 [02:17<07:41,  1.65geom/s]
Geometries:  24%|##3       | 239/1000 [02:18<07:38,  1.66geom/s]
Geometries:  24%|##4       | 240/1000 [02:18<07:34,  1.67geom/s]
Geometries:  24%|##4       | 241/1000 [02:19<06:41,  1.89geom/s]
Geometries:  24%|##4       | 242/1000 [02:19<06:54,  1.83geom/s]
Geometries:  24%|##4       | 243/1000 [02:20<07:00,  1.80geom/s]
Geometries:  24%|##4       | 244/1000 [02:20<07:09,  1.76geom/s]
Geometries:  24%|##4       | 245/1000 [02:21<07:12,  1.75geom/s]
Geometries:  25%|##4       | 246/1000 [02:22<07:15,  1.73geom/s]
Geometries:  25%|##4       | 247/1000 [02:22<07:16,  1.73geom/s]
Geometries:  25%|##4       | 248/1000 [02:23<07:16,  1.72geom/s]
Geometries:  25%|##4       | 249/1000 [02:23<07:16,  1.72geom/s]
Geometries:  25%|##5       | 250/1000 [02:24<07:16,  1.72geom/s]
Geometries:  25%|##5       | 251/1000 [02:24<06:26,  1.94geom/s]
Geometries:  25%|##5       | 252/1000 [02:25<06:41,  1.86geom/s]
Geometries:  25%|##5       | 253/1000 [02:26<07:14,  1.72geom/s]
Geometries:  25%|##5       | 254/1000 [02:26<07:16,  1.71geom/s]
Geometries:  26%|##5       | 255/1000 [02:27<07:13,  1.72geom/s]
Geometries:  26%|##5       | 256/1000 [02:27<07:14,  1.71geom/s]
Geometries:  26%|##5       | 257/1000 [02:28<07:12,  1.72geom/s]
Geometries:  26%|##5       | 258/1000 [02:29<07:34,  1.63geom/s]
Geometries:  26%|##5       | 259/1000 [02:29<07:25,  1.66geom/s]
Geometries:  26%|##6       | 260/1000 [02:30<07:20,  1.68geom/s]
Geometries:  26%|##6       | 261/1000 [02:30<07:19,  1.68geom/s]
Geometries:  26%|##6       | 262/1000 [02:31<06:26,  1.91geom/s]
Geometries:  26%|##6       | 263/1000 [02:31<06:38,  1.85geom/s]
Geometries:  26%|##6       | 264/1000 [02:32<06:48,  1.80geom/s]
Geometries:  26%|##6       | 265/1000 [02:32<06:53,  1.78geom/s]
Geometries:  27%|##6       | 266/1000 [02:33<06:59,  1.75geom/s]
Geometries:  27%|##6       | 267/1000 [02:34<07:00,  1.75geom/s]
Geometries:  27%|##6       | 268/1000 [02:34<07:03,  1.73geom/s]
Geometries:  27%|##6       | 269/1000 [02:35<07:02,  1.73geom/s]
Geometries:  27%|##7       | 270/1000 [02:35<07:03,  1.72geom/s]
Geometries:  27%|##7       | 271/1000 [02:36<07:03,  1.72geom/s]
Geometries:  27%|##7       | 272/1000 [02:36<06:15,  1.94geom/s]
Geometries:  27%|##7       | 273/1000 [02:37<06:29,  1.87geom/s]
Geometries:  27%|##7       | 274/1000 [02:38<07:02,  1.72geom/s]
Geometries:  28%|##7       | 275/1000 [02:38<07:01,  1.72geom/s]
Geometries:  28%|##7       | 276/1000 [02:39<07:02,  1.71geom/s]
Geometries:  28%|##7       | 277/1000 [02:39<07:01,  1.72geom/s]
Geometries:  28%|##7       | 278/1000 [02:40<07:00,  1.72geom/s]
Geometries:  28%|##7       | 279/1000 [02:41<07:19,  1.64geom/s]
Geometries:  28%|##8       | 280/1000 [02:41<07:12,  1.66geom/s]
Geometries:  28%|##8       | 281/1000 [02:42<07:09,  1.67geom/s]
Geometries:  28%|##8       | 282/1000 [02:42<07:06,  1.68geom/s]
Geometries:  28%|##8       | 283/1000 [02:43<06:17,  1.90geom/s]
Geometries:  28%|##8       | 284/1000 [02:43<06:31,  1.83geom/s]
Geometries:  28%|##8       | 285/1000 [02:44<06:38,  1.79geom/s]
Geometries:  29%|##8       | 286/1000 [02:45<06:44,  1.77geom/s]
Geometries:  29%|##8       | 287/1000 [02:45<06:47,  1.75geom/s]
Geometries:  29%|##8       | 288/1000 [02:46<06:50,  1.73geom/s]
Geometries:  29%|##8       | 289/1000 [02:46<06:51,  1.73geom/s]
Geometries:  29%|##9       | 290/1000 [02:47<06:54,  1.71geom/s]
Geometries:  29%|##9       | 291/1000 [02:47<06:52,  1.72geom/s]
Geometries:  29%|##9       | 292/1000 [02:48<06:52,  1.71geom/s]
Geometries:  29%|##9       | 293/1000 [02:48<06:05,  1.94geom/s]
Geometries:  29%|##9       | 294/1000 [02:49<06:30,  1.81geom/s]
Geometries:  30%|##9       | 295/1000 [02:50<07:04,  1.66geom/s]
Geometries:  30%|##9       | 296/1000 [02:50<07:06,  1.65geom/s]
Geometries:  30%|##9       | 297/1000 [02:51<07:05,  1.65geom/s]
Geometries:  30%|##9       | 298/1000 [02:52<07:04,  1.65geom/s]
Geometries:  30%|##9       | 299/1000 [02:52<07:01,  1.66geom/s]
Geometries:  30%|###       | 300/1000 [02:53<07:17,  1.60geom/s]
Geometries:  30%|###       | 301/1000 [02:53<07:08,  1.63geom/s]
Geometries:  30%|###       | 302/1000 [02:54<07:03,  1.65geom/s]
Geometries:  30%|###       | 303/1000 [02:55<07:02,  1.65geom/s]
Geometries:  30%|###       | 304/1000 [02:55<06:15,  1.85geom/s]
Geometries:  30%|###       | 305/1000 [02:56<06:29,  1.78geom/s]
Geometries:  31%|###       | 306/1000 [02:56<06:40,  1.73geom/s]
Geometries:  31%|###       | 307/1000 [02:57<06:43,  1.72geom/s]
Geometries:  31%|###       | 308/1000 [02:57<06:47,  1.70geom/s]
Geometries:  31%|###       | 309/1000 [02:58<06:45,  1.70geom/s]
Geometries:  31%|###1      | 310/1000 [02:59<06:48,  1.69geom/s]
Geometries:  31%|###1      | 311/1000 [02:59<06:49,  1.68geom/s]
Geometries:  31%|###1      | 312/1000 [03:00<06:50,  1.68geom/s]
Geometries:  31%|###1      | 313/1000 [03:00<06:49,  1.68geom/s]
Geometries:  31%|###1      | 314/1000 [03:01<06:02,  1.89geom/s]
Geometries:  32%|###1      | 315/1000 [03:01<06:14,  1.83geom/s]
Geometries:  32%|###1      | 316/1000 [03:02<06:49,  1.67geom/s]
Geometries:  32%|###1      | 317/1000 [03:03<06:48,  1.67geom/s]
Geometries:  32%|###1      | 318/1000 [03:03<06:47,  1.67geom/s]
Geometries:  32%|###1      | 319/1000 [03:04<06:45,  1.68geom/s]
Geometries:  32%|###2      | 320/1000 [03:04<06:43,  1.68geom/s]
Geometries:  32%|###2      | 321/1000 [03:05<06:59,  1.62geom/s]
Geometries:  32%|###2      | 322/1000 [03:06<06:55,  1.63geom/s]
Geometries:  32%|###2      | 323/1000 [03:06<06:49,  1.65geom/s]
Geometries:  32%|###2      | 324/1000 [03:07<06:01,  1.87geom/s]
Geometries:  32%|###2      | 325/1000 [03:07<06:11,  1.82geom/s]
Geometries:  33%|###2      | 326/1000 [03:08<06:20,  1.77geom/s]
Geometries:  33%|###2      | 327/1000 [03:08<06:24,  1.75geom/s]
Geometries:  33%|###2      | 328/1000 [03:09<06:30,  1.72geom/s]
Geometries:  33%|###2      | 329/1000 [03:10<06:30,  1.72geom/s]
Geometries:  33%|###3      | 330/1000 [03:10<06:34,  1.70geom/s]
Geometries:  33%|###3      | 331/1000 [03:11<06:35,  1.69geom/s]
Geometries:  33%|###3      | 332/1000 [03:11<06:33,  1.70geom/s]
Geometries:  33%|###3      | 333/1000 [03:12<06:32,  1.70geom/s]
Geometries:  33%|###3      | 334/1000 [03:13<06:31,  1.70geom/s]
Geometries:  34%|###3      | 335/1000 [03:13<05:48,  1.91geom/s]
Geometries:  34%|###3      | 336/1000 [03:14<06:00,  1.84geom/s]
Geometries:  34%|###3      | 337/1000 [03:14<06:26,  1.71geom/s]
Geometries:  34%|###3      | 338/1000 [03:15<06:29,  1.70geom/s]
Geometries:  34%|###3      | 339/1000 [03:15<06:28,  1.70geom/s]
Geometries:  34%|###4      | 340/1000 [03:16<06:28,  1.70geom/s]
Geometries:  34%|###4      | 341/1000 [03:17<06:33,  1.67geom/s]
Geometries:  34%|###4      | 342/1000 [03:17<07:02,  1.56geom/s]
Geometries:  34%|###4      | 343/1000 [03:18<06:56,  1.58geom/s]
Geometries:  34%|###4      | 344/1000 [03:19<06:49,  1.60geom/s]
Geometries:  34%|###4      | 345/1000 [03:19<05:59,  1.82geom/s]
Geometries:  35%|###4      | 346/1000 [03:20<06:09,  1.77geom/s]
Geometries:  35%|###4      | 347/1000 [03:20<06:16,  1.74geom/s]
Geometries:  35%|###4      | 348/1000 [03:21<06:18,  1.72geom/s]
Geometries:  35%|###4      | 349/1000 [03:21<06:19,  1.72geom/s]
Geometries:  35%|###5      | 350/1000 [03:22<06:23,  1.69geom/s]
Geometries:  35%|###5      | 351/1000 [03:23<06:25,  1.68geom/s]
Geometries:  35%|###5      | 352/1000 [03:23<06:27,  1.67geom/s]
Geometries:  35%|###5      | 353/1000 [03:24<06:26,  1.67geom/s]
Geometries:  35%|###5      | 354/1000 [03:24<06:24,  1.68geom/s]
Geometries:  36%|###5      | 355/1000 [03:25<06:22,  1.69geom/s]
Geometries:  36%|###5      | 356/1000 [03:25<05:39,  1.90geom/s]
Geometries:  36%|###5      | 357/1000 [03:26<05:51,  1.83geom/s]
Geometries:  36%|###5      | 358/1000 [03:27<06:18,  1.70geom/s]
Geometries:  36%|###5      | 359/1000 [03:27<06:18,  1.69geom/s]
Geometries:  36%|###6      | 360/1000 [03:28<06:18,  1.69geom/s]
Geometries:  36%|###6      | 361/1000 [03:28<06:17,  1.69geom/s]
Geometries:  36%|###6      | 362/1000 [03:29<06:18,  1.68geom/s]
Geometries:  36%|###6      | 363/1000 [03:30<06:36,  1.61geom/s]
Geometries:  36%|###6      | 364/1000 [03:30<06:31,  1.63geom/s]
Geometries:  36%|###6      | 365/1000 [03:31<06:24,  1.65geom/s]
Geometries:  37%|###6      | 366/1000 [03:31<05:39,  1.87geom/s]
Geometries:  37%|###6      | 367/1000 [03:32<05:50,  1.81geom/s]
Geometries:  37%|###6      | 368/1000 [03:32<05:55,  1.78geom/s]
Geometries:  37%|###6      | 369/1000 [03:33<05:59,  1.76geom/s]
Geometries:  37%|###7      | 370/1000 [03:34<06:00,  1.75geom/s]
Geometries:  37%|###7      | 371/1000 [03:34<06:03,  1.73geom/s]
Geometries:  37%|###7      | 372/1000 [03:35<06:03,  1.73geom/s]
Geometries:  37%|###7      | 373/1000 [03:35<06:04,  1.72geom/s]
Geometries:  37%|###7      | 374/1000 [03:36<06:09,  1.70geom/s]
Geometries:  38%|###7      | 375/1000 [03:37<06:08,  1.70geom/s]
Geometries:  38%|###7      | 376/1000 [03:37<06:08,  1.69geom/s]
Geometries:  38%|###7      | 377/1000 [03:37<05:26,  1.91geom/s]
Geometries:  38%|###7      | 378/1000 [03:38<05:38,  1.84geom/s]
Geometries:  38%|###7      | 379/1000 [03:39<06:05,  1.70geom/s]
Geometries:  38%|###8      | 380/1000 [03:39<06:03,  1.71geom/s]
Geometries:  38%|###8      | 381/1000 [03:40<06:03,  1.70geom/s]
Geometries:  38%|###8      | 382/1000 [03:41<06:03,  1.70geom/s]
Geometries:  38%|###8      | 383/1000 [03:41<06:03,  1.70geom/s]
Geometries:  38%|###8      | 384/1000 [03:42<06:19,  1.62geom/s]
Geometries:  38%|###8      | 385/1000 [03:42<06:15,  1.64geom/s]
Geometries:  39%|###8      | 386/1000 [03:43<06:11,  1.65geom/s]
Geometries:  39%|###8      | 387/1000 [03:43<05:26,  1.88geom/s]
Geometries:  39%|###8      | 388/1000 [03:44<05:36,  1.82geom/s]
Geometries:  39%|###8      | 389/1000 [03:45<05:48,  1.75geom/s]
Geometries:  39%|###9      | 390/1000 [03:45<05:51,  1.74geom/s]
Geometries:  39%|###9      | 391/1000 [03:46<05:53,  1.72geom/s]
Geometries:  39%|###9      | 392/1000 [03:46<05:55,  1.71geom/s]
Geometries:  39%|###9      | 393/1000 [03:47<05:58,  1.69geom/s]
Geometries:  39%|###9      | 394/1000 [03:48<05:58,  1.69geom/s]
Geometries:  40%|###9      | 395/1000 [03:48<06:00,  1.68geom/s]
Geometries:  40%|###9      | 396/1000 [03:49<05:59,  1.68geom/s]
Geometries:  40%|###9      | 397/1000 [03:49<05:57,  1.69geom/s]
Geometries:  40%|###9      | 398/1000 [03:50<05:17,  1.90geom/s]
Geometries:  40%|###9      | 399/1000 [03:50<05:28,  1.83geom/s]
Geometries:  40%|####      | 400/1000 [03:51<05:53,  1.70geom/s]
Geometries:  40%|####      | 401/1000 [03:52<05:54,  1.69geom/s]
Geometries:  40%|####      | 402/1000 [03:52<05:57,  1.67geom/s]
Geometries:  40%|####      | 403/1000 [03:53<05:56,  1.67geom/s]
Geometries:  40%|####      | 404/1000 [03:53<05:53,  1.68geom/s]
Geometries:  40%|####      | 405/1000 [03:54<06:08,  1.61geom/s]
Geometries:  41%|####      | 406/1000 [03:55<06:02,  1.64geom/s]
Geometries:  41%|####      | 407/1000 [03:55<05:58,  1.65geom/s]
Geometries:  41%|####      | 408/1000 [03:56<05:18,  1.86geom/s]
Geometries:  41%|####      | 409/1000 [03:56<05:35,  1.76geom/s]
Geometries:  41%|####1     | 410/1000 [03:57<05:46,  1.70geom/s]
Geometries:  41%|####1     | 411/1000 [03:57<05:49,  1.68geom/s]
Geometries:  41%|####1     | 412/1000 [03:58<05:48,  1.69geom/s]
Geometries:  41%|####1     | 413/1000 [03:59<05:49,  1.68geom/s]
Geometries:  41%|####1     | 414/1000 [03:59<05:48,  1.68geom/s]
Geometries:  42%|####1     | 415/1000 [04:00<05:47,  1.68geom/s]
Geometries:  42%|####1     | 416/1000 [04:00<05:47,  1.68geom/s]
Geometries:  42%|####1     | 417/1000 [04:01<05:48,  1.67geom/s]
Geometries:  42%|####1     | 418/1000 [04:01<05:09,  1.88geom/s]
Geometries:  42%|####1     | 419/1000 [04:02<05:21,  1.81geom/s]
Geometries:  42%|####2     | 420/1000 [04:03<05:26,  1.78geom/s]
Geometries:  42%|####2     | 421/1000 [04:03<05:47,  1.67geom/s]
Geometries:  42%|####2     | 422/1000 [04:04<05:44,  1.68geom/s]
Geometries:  42%|####2     | 423/1000 [04:05<05:44,  1.67geom/s]
Geometries:  42%|####2     | 424/1000 [04:05<05:43,  1.67geom/s]
Geometries:  42%|####2     | 425/1000 [04:06<05:42,  1.68geom/s]
Geometries:  43%|####2     | 426/1000 [04:06<05:55,  1.62geom/s]
Geometries:  43%|####2     | 427/1000 [04:07<05:49,  1.64geom/s]
Geometries:  43%|####2     | 428/1000 [04:08<05:43,  1.66geom/s]
Geometries:  43%|####2     | 429/1000 [04:08<05:01,  1.89geom/s]
Geometries:  43%|####3     | 430/1000 [04:08<05:11,  1.83geom/s]
Geometries:  43%|####3     | 431/1000 [04:09<05:19,  1.78geom/s]
Geometries:  43%|####3     | 432/1000 [04:10<05:22,  1.76geom/s]
Geometries:  43%|####3     | 433/1000 [04:10<05:28,  1.73geom/s]
Geometries:  43%|####3     | 434/1000 [04:11<05:31,  1.71geom/s]
Geometries:  44%|####3     | 435/1000 [04:11<05:33,  1.69geom/s]
Geometries:  44%|####3     | 436/1000 [04:12<05:34,  1.68geom/s]
Geometries:  44%|####3     | 437/1000 [04:13<05:34,  1.68geom/s]
Geometries:  44%|####3     | 438/1000 [04:13<05:33,  1.69geom/s]
Geometries:  44%|####3     | 439/1000 [04:14<04:53,  1.91geom/s]
Geometries:  44%|####4     | 440/1000 [04:14<05:04,  1.84geom/s]
Geometries:  44%|####4     | 441/1000 [04:15<05:14,  1.78geom/s]
Geometries:  44%|####4     | 442/1000 [04:16<05:36,  1.66geom/s]
Geometries:  44%|####4     | 443/1000 [04:16<05:34,  1.67geom/s]
Geometries:  44%|####4     | 444/1000 [04:17<05:32,  1.67geom/s]
Geometries:  44%|####4     | 445/1000 [04:17<05:32,  1.67geom/s]
Geometries:  45%|####4     | 446/1000 [04:18<05:29,  1.68geom/s]
Geometries:  45%|####4     | 447/1000 [04:19<05:45,  1.60geom/s]
Geometries:  45%|####4     | 448/1000 [04:19<05:38,  1.63geom/s]
Geometries:  45%|####4     | 449/1000 [04:20<05:34,  1.65geom/s]
Geometries:  45%|####5     | 450/1000 [04:20<04:54,  1.87geom/s]
Geometries:  45%|####5     | 451/1000 [04:21<05:03,  1.81geom/s]
Geometries:  45%|####5     | 452/1000 [04:21<05:08,  1.78geom/s]
Geometries:  45%|####5     | 453/1000 [04:22<05:12,  1.75geom/s]
Geometries:  45%|####5     | 454/1000 [04:22<05:15,  1.73geom/s]
Geometries:  46%|####5     | 455/1000 [04:23<05:17,  1.72geom/s]
Geometries:  46%|####5     | 456/1000 [04:24<05:17,  1.72geom/s]
Geometries:  46%|####5     | 457/1000 [04:24<05:18,  1.70geom/s]
Geometries:  46%|####5     | 458/1000 [04:25<05:17,  1.71geom/s]
Geometries:  46%|####5     | 459/1000 [04:25<05:18,  1.70geom/s]
Geometries:  46%|####6     | 460/1000 [04:26<04:40,  1.92geom/s]
Geometries:  46%|####6     | 461/1000 [04:26<04:49,  1.86geom/s]
Geometries:  46%|####6     | 462/1000 [04:27<04:56,  1.81geom/s]
Geometries:  46%|####6     | 463/1000 [04:28<05:19,  1.68geom/s]
Geometries:  46%|####6     | 464/1000 [04:28<05:17,  1.69geom/s]
Geometries:  46%|####6     | 465/1000 [04:29<05:16,  1.69geom/s]
Geometries:  47%|####6     | 466/1000 [04:29<05:14,  1.70geom/s]
Geometries:  47%|####6     | 467/1000 [04:30<05:15,  1.69geom/s]
Geometries:  47%|####6     | 468/1000 [04:31<05:31,  1.61geom/s]
Geometries:  47%|####6     | 469/1000 [04:31<05:24,  1.64geom/s]
Geometries:  47%|####6     | 470/1000 [04:32<05:19,  1.66geom/s]
Geometries:  47%|####7     | 471/1000 [04:32<04:40,  1.89geom/s]
Geometries:  47%|####7     | 472/1000 [04:33<04:48,  1.83geom/s]
Geometries:  47%|####7     | 473/1000 [04:33<04:53,  1.80geom/s]
Geometries:  47%|####7     | 474/1000 [04:34<04:57,  1.77geom/s]
Geometries:  48%|####7     | 475/1000 [04:35<05:00,  1.75geom/s]
Geometries:  48%|####7     | 476/1000 [04:35<05:02,  1.73geom/s]
Geometries:  48%|####7     | 477/1000 [04:36<05:04,  1.72geom/s]
Geometries:  48%|####7     | 478/1000 [04:36<05:04,  1.71geom/s]
Geometries:  48%|####7     | 479/1000 [04:37<05:05,  1.71geom/s]
Geometries:  48%|####8     | 480/1000 [04:38<05:04,  1.71geom/s]
Geometries:  48%|####8     | 481/1000 [04:38<04:28,  1.93geom/s]
Geometries:  48%|####8     | 482/1000 [04:38<04:38,  1.86geom/s]
Geometries:  48%|####8     | 483/1000 [04:39<04:44,  1.82geom/s]
Geometries:  48%|####8     | 484/1000 [04:40<05:04,  1.69geom/s]
Geometries:  48%|####8     | 485/1000 [04:40<05:03,  1.69geom/s]
Geometries:  49%|####8     | 486/1000 [04:41<05:03,  1.70geom/s]
Geometries:  49%|####8     | 487/1000 [04:42<05:03,  1.69geom/s]
Geometries:  49%|####8     | 488/1000 [04:42<05:02,  1.69geom/s]
Geometries:  49%|####8     | 489/1000 [04:43<05:16,  1.62geom/s]
Geometries:  49%|####9     | 490/1000 [04:43<05:12,  1.63geom/s]
Geometries:  49%|####9     | 491/1000 [04:44<05:10,  1.64geom/s]
Geometries:  49%|####9     | 492/1000 [04:44<04:36,  1.84geom/s]
Geometries:  49%|####9     | 493/1000 [04:45<04:43,  1.79geom/s]
Geometries:  49%|####9     | 494/1000 [04:46<04:49,  1.75geom/s]
Geometries:  50%|####9     | 495/1000 [04:46<04:49,  1.74geom/s]
Geometries:  50%|####9     | 496/1000 [04:47<04:52,  1.72geom/s]
Geometries:  50%|####9     | 497/1000 [04:47<04:53,  1.71geom/s]
Geometries:  50%|####9     | 498/1000 [04:48<04:52,  1.71geom/s]
Geometries:  50%|####9     | 499/1000 [04:49<04:54,  1.70geom/s]
Geometries:  50%|#####     | 500/1000 [04:49<04:53,  1.70geom/s]
Geometries:  50%|#####     | 501/1000 [04:50<04:55,  1.69geom/s]
Geometries:  50%|#####     | 502/1000 [04:50<04:20,  1.91geom/s]
Geometries:  50%|#####     | 503/1000 [04:51<04:28,  1.85geom/s]
Geometries:  50%|#####     | 504/1000 [04:51<04:35,  1.80geom/s]
Geometries:  50%|#####     | 505/1000 [04:52<04:52,  1.69geom/s]
Geometries:  51%|#####     | 506/1000 [04:53<04:54,  1.68geom/s]
Geometries:  51%|#####     | 507/1000 [04:53<04:58,  1.65geom/s]
Geometries:  51%|#####     | 508/1000 [04:54<05:02,  1.62geom/s]
Geometries:  51%|#####     | 509/1000 [04:54<05:03,  1.62geom/s]
Geometries:  51%|#####1    | 510/1000 [04:55<05:26,  1.50geom/s]
Geometries:  51%|#####1    | 511/1000 [04:56<05:19,  1.53geom/s]
Geometries:  51%|#####1    | 512/1000 [04:56<05:12,  1.56geom/s]
Geometries:  51%|#####1    | 513/1000 [04:57<04:31,  1.79geom/s]
Geometries:  51%|#####1    | 514/1000 [04:57<04:36,  1.76geom/s]
Geometries:  52%|#####1    | 515/1000 [04:58<04:39,  1.73geom/s]
Geometries:  52%|#####1    | 516/1000 [04:59<04:42,  1.71geom/s]
Geometries:  52%|#####1    | 517/1000 [04:59<04:42,  1.71geom/s]
Geometries:  52%|#####1    | 518/1000 [05:00<04:43,  1.70geom/s]
Geometries:  52%|#####1    | 519/1000 [05:00<04:49,  1.66geom/s]
Geometries:  52%|#####2    | 520/1000 [05:01<04:48,  1.67geom/s]
Geometries:  52%|#####2    | 521/1000 [05:02<04:45,  1.68geom/s]
Geometries:  52%|#####2    | 522/1000 [05:02<04:44,  1.68geom/s]
Geometries:  52%|#####2    | 523/1000 [05:03<04:13,  1.89geom/s]
Geometries:  52%|#####2    | 524/1000 [05:03<04:23,  1.81geom/s]
Geometries:  52%|#####2    | 525/1000 [05:04<04:27,  1.78geom/s]
Geometries:  53%|#####2    | 526/1000 [05:04<04:47,  1.65geom/s]
Geometries:  53%|#####2    | 527/1000 [05:05<04:44,  1.66geom/s]
Geometries:  53%|#####2    | 528/1000 [05:06<04:42,  1.67geom/s]
Geometries:  53%|#####2    | 529/1000 [05:06<04:40,  1.68geom/s]
Geometries:  53%|#####3    | 530/1000 [05:07<04:40,  1.68geom/s]
Geometries:  53%|#####3    | 531/1000 [05:07<04:50,  1.61geom/s]
Geometries:  53%|#####3    | 532/1000 [05:08<04:49,  1.62geom/s]
Geometries:  53%|#####3    | 533/1000 [05:08<04:14,  1.84geom/s]
Geometries:  53%|#####3    | 534/1000 [05:09<04:22,  1.77geom/s]
Geometries:  54%|#####3    | 535/1000 [05:10<04:26,  1.75geom/s]
Geometries:  54%|#####3    | 536/1000 [05:10<04:29,  1.72geom/s]
Geometries:  54%|#####3    | 537/1000 [05:11<04:30,  1.71geom/s]
Geometries:  54%|#####3    | 538/1000 [05:11<04:33,  1.69geom/s]
Geometries:  54%|#####3    | 539/1000 [05:12<04:33,  1.68geom/s]
Geometries:  54%|#####4    | 540/1000 [05:13<04:33,  1.68geom/s]
Geometries:  54%|#####4    | 541/1000 [05:13<04:34,  1.67geom/s]
Geometries:  54%|#####4    | 542/1000 [05:14<04:32,  1.68geom/s]
Geometries:  54%|#####4    | 543/1000 [05:14<04:34,  1.66geom/s]
Geometries:  54%|#####4    | 544/1000 [05:15<04:04,  1.86geom/s]
Geometries:  55%|#####4    | 545/1000 [05:15<04:15,  1.78geom/s]
Geometries:  55%|#####4    | 546/1000 [05:16<04:22,  1.73geom/s]
Geometries:  55%|#####4    | 547/1000 [05:17<04:40,  1.62geom/s]
Geometries:  55%|#####4    | 548/1000 [05:17<04:39,  1.62geom/s]
Geometries:  55%|#####4    | 549/1000 [05:18<04:38,  1.62geom/s]
Geometries:  55%|#####5    | 550/1000 [05:19<04:39,  1.61geom/s]
Geometries:  55%|#####5    | 551/1000 [05:19<04:36,  1.63geom/s]
Geometries:  55%|#####5    | 552/1000 [05:20<04:48,  1.55geom/s]
Geometries:  55%|#####5    | 553/1000 [05:21<04:42,  1.58geom/s]
Geometries:  55%|#####5    | 554/1000 [05:21<04:09,  1.79geom/s]
Geometries:  56%|#####5    | 555/1000 [05:22<04:15,  1.74geom/s]
Geometries:  56%|#####5    | 556/1000 [05:22<04:17,  1.72geom/s]
Geometries:  56%|#####5    | 557/1000 [05:23<04:18,  1.72geom/s]
Geometries:  56%|#####5    | 558/1000 [05:23<04:20,  1.70geom/s]
Geometries:  56%|#####5    | 559/1000 [05:24<04:20,  1.69geom/s]
Geometries:  56%|#####6    | 560/1000 [05:25<04:20,  1.69geom/s]
Geometries:  56%|#####6    | 561/1000 [05:25<04:21,  1.68geom/s]
Geometries:  56%|#####6    | 562/1000 [05:26<04:20,  1.68geom/s]
Geometries:  56%|#####6    | 563/1000 [05:26<04:20,  1.68geom/s]
Geometries:  56%|#####6    | 564/1000 [05:27<04:20,  1.67geom/s]
Geometries:  56%|#####6    | 565/1000 [05:27<03:50,  1.88geom/s]
Geometries:  57%|#####6    | 566/1000 [05:28<03:58,  1.82geom/s]
Geometries:  57%|#####6    | 567/1000 [05:29<04:03,  1.78geom/s]
Geometries:  57%|#####6    | 568/1000 [05:29<04:22,  1.65geom/s]
Geometries:  57%|#####6    | 569/1000 [05:30<04:19,  1.66geom/s]
Geometries:  57%|#####6    | 570/1000 [05:30<04:18,  1.66geom/s]
Geometries:  57%|#####7    | 571/1000 [05:31<04:17,  1.67geom/s]
Geometries:  57%|#####7    | 572/1000 [05:32<04:15,  1.67geom/s]
Geometries:  57%|#####7    | 573/1000 [05:32<04:26,  1.60geom/s]
Geometries:  57%|#####7    | 574/1000 [05:33<04:22,  1.62geom/s]
Geometries:  57%|#####7    | 575/1000 [05:33<03:50,  1.85geom/s]
Geometries:  58%|#####7    | 576/1000 [05:34<03:56,  1.79geom/s]
Geometries:  58%|#####7    | 577/1000 [05:34<04:00,  1.76geom/s]
Geometries:  58%|#####7    | 578/1000 [05:35<04:03,  1.73geom/s]
Geometries:  58%|#####7    | 579/1000 [05:36<04:03,  1.73geom/s]
Geometries:  58%|#####8    | 580/1000 [05:36<04:08,  1.69geom/s]
Geometries:  58%|#####8    | 581/1000 [05:37<04:08,  1.68geom/s]
Geometries:  58%|#####8    | 582/1000 [05:37<04:09,  1.67geom/s]
Geometries:  58%|#####8    | 583/1000 [05:38<04:07,  1.69geom/s]
Geometries:  58%|#####8    | 584/1000 [05:39<04:06,  1.69geom/s]
Geometries:  58%|#####8    | 585/1000 [05:39<04:05,  1.69geom/s]
Geometries:  59%|#####8    | 586/1000 [05:40<03:39,  1.89geom/s]
Geometries:  59%|#####8    | 587/1000 [05:40<03:46,  1.83geom/s]
Geometries:  59%|#####8    | 588/1000 [05:41<03:52,  1.78geom/s]
Geometries:  59%|#####8    | 589/1000 [05:42<04:06,  1.67geom/s]
Geometries:  59%|#####8    | 590/1000 [05:42<04:04,  1.68geom/s]
Geometries:  59%|#####9    | 591/1000 [05:43<04:02,  1.68geom/s]
Geometries:  59%|#####9    | 592/1000 [05:43<04:02,  1.68geom/s]
Geometries:  59%|#####9    | 593/1000 [05:44<04:02,  1.68geom/s]
Geometries:  59%|#####9    | 594/1000 [05:45<04:13,  1.60geom/s]
Geometries:  60%|#####9    | 595/1000 [05:45<04:09,  1.63geom/s]
Geometries:  60%|#####9    | 596/1000 [05:46<03:37,  1.85geom/s]
Geometries:  60%|#####9    | 597/1000 [05:46<03:43,  1.80geom/s]
Geometries:  60%|#####9    | 598/1000 [05:47<03:46,  1.77geom/s]
Geometries:  60%|#####9    | 599/1000 [05:47<03:48,  1.75geom/s]
Geometries:  60%|######    | 600/1000 [05:48<03:51,  1.73geom/s]
Geometries:  60%|######    | 601/1000 [05:48<03:52,  1.72geom/s]
Geometries:  60%|######    | 602/1000 [05:49<03:52,  1.71geom/s]
Geometries:  60%|######    | 603/1000 [05:50<03:52,  1.71geom/s]
Geometries:  60%|######    | 604/1000 [05:50<03:53,  1.69geom/s]
Geometries:  60%|######    | 605/1000 [05:51<03:51,  1.71geom/s]
Geometries:  61%|######    | 606/1000 [05:51<03:51,  1.70geom/s]
Geometries:  61%|######    | 607/1000 [05:52<03:24,  1.92geom/s]
Geometries:  61%|######    | 608/1000 [05:52<03:30,  1.86geom/s]
Geometries:  61%|######    | 609/1000 [05:53<03:35,  1.81geom/s]
Geometries:  61%|######1   | 610/1000 [05:54<03:49,  1.70geom/s]
Geometries:  61%|######1   | 611/1000 [05:54<03:48,  1.70geom/s]
Geometries:  61%|######1   | 612/1000 [05:55<03:49,  1.69geom/s]
Geometries:  61%|######1   | 613/1000 [05:55<03:47,  1.70geom/s]
Geometries:  61%|######1   | 614/1000 [05:56<03:48,  1.69geom/s]
Geometries:  62%|######1   | 615/1000 [05:57<03:59,  1.61geom/s]
Geometries:  62%|######1   | 616/1000 [05:57<03:55,  1.63geom/s]
Geometries:  62%|######1   | 617/1000 [05:58<03:26,  1.85geom/s]
Geometries:  62%|######1   | 618/1000 [05:58<03:30,  1.81geom/s]
Geometries:  62%|######1   | 619/1000 [05:59<03:35,  1.77geom/s]
Geometries:  62%|######2   | 620/1000 [05:59<03:36,  1.76geom/s]
Geometries:  62%|######2   | 621/1000 [06:00<03:37,  1.74geom/s]
Geometries:  62%|######2   | 622/1000 [06:01<03:38,  1.73geom/s]
Geometries:  62%|######2   | 623/1000 [06:01<03:40,  1.71geom/s]
Geometries:  62%|######2   | 624/1000 [06:02<03:40,  1.70geom/s]
Geometries:  62%|######2   | 625/1000 [06:02<03:41,  1.70geom/s]
Geometries:  63%|######2   | 626/1000 [06:03<03:41,  1.69geom/s]
Geometries:  63%|######2   | 627/1000 [06:03<03:14,  1.92geom/s]
Geometries:  63%|######2   | 628/1000 [06:04<03:20,  1.86geom/s]
Geometries:  63%|######2   | 629/1000 [06:04<03:26,  1.80geom/s]
Geometries:  63%|######3   | 630/1000 [06:05<03:29,  1.77geom/s]
Geometries:  63%|######3   | 631/1000 [06:06<03:42,  1.66geom/s]
Geometries:  63%|######3   | 632/1000 [06:06<03:39,  1.67geom/s]
Geometries:  63%|######3   | 633/1000 [06:07<03:39,  1.67geom/s]
Geometries:  63%|######3   | 634/1000 [06:08<03:38,  1.67geom/s]
Geometries:  64%|######3   | 635/1000 [06:08<03:38,  1.67geom/s]
Geometries:  64%|######3   | 636/1000 [06:09<03:48,  1.59geom/s]
Geometries:  64%|######3   | 637/1000 [06:09<03:43,  1.62geom/s]
Geometries:  64%|######3   | 638/1000 [06:10<03:16,  1.84geom/s]
Geometries:  64%|######3   | 639/1000 [06:10<03:22,  1.78geom/s]
Geometries:  64%|######4   | 640/1000 [06:11<03:24,  1.76geom/s]
Geometries:  64%|######4   | 641/1000 [06:12<03:27,  1.73geom/s]
Geometries:  64%|######4   | 642/1000 [06:12<03:28,  1.72geom/s]
Geometries:  64%|######4   | 643/1000 [06:13<03:28,  1.71geom/s]
Geometries:  64%|######4   | 644/1000 [06:13<03:28,  1.71geom/s]
Geometries:  64%|######4   | 645/1000 [06:14<03:28,  1.70geom/s]
Geometries:  65%|######4   | 646/1000 [06:15<03:28,  1.70geom/s]
Geometries:  65%|######4   | 647/1000 [06:15<03:28,  1.69geom/s]
Geometries:  65%|######4   | 648/1000 [06:16<03:05,  1.90geom/s]
Geometries:  65%|######4   | 649/1000 [06:16<03:12,  1.82geom/s]
Geometries:  65%|######5   | 650/1000 [06:17<03:15,  1.79geom/s]
Geometries:  65%|######5   | 651/1000 [06:17<03:19,  1.75geom/s]
Geometries:  65%|######5   | 652/1000 [06:18<03:30,  1.66geom/s]
Geometries:  65%|######5   | 653/1000 [06:19<03:27,  1.67geom/s]
Geometries:  65%|######5   | 654/1000 [06:19<03:25,  1.68geom/s]
Geometries:  66%|######5   | 655/1000 [06:20<03:25,  1.68geom/s]
Geometries:  66%|######5   | 656/1000 [06:20<03:25,  1.67geom/s]
Geometries:  66%|######5   | 657/1000 [06:21<03:35,  1.59geom/s]
Geometries:  66%|######5   | 658/1000 [06:22<03:30,  1.62geom/s]
Geometries:  66%|######5   | 659/1000 [06:22<03:04,  1.84geom/s]
Geometries:  66%|######6   | 660/1000 [06:23<03:08,  1.81geom/s]
Geometries:  66%|######6   | 661/1000 [06:23<03:12,  1.76geom/s]
Geometries:  66%|######6   | 662/1000 [06:24<03:16,  1.72geom/s]
Geometries:  66%|######6   | 663/1000 [06:24<03:17,  1.70geom/s]
Geometries:  66%|######6   | 664/1000 [06:25<03:16,  1.71geom/s]
Geometries:  66%|######6   | 665/1000 [06:26<03:18,  1.69geom/s]
Geometries:  67%|######6   | 666/1000 [06:26<03:17,  1.69geom/s]
Geometries:  67%|######6   | 667/1000 [06:27<03:16,  1.69geom/s]
Geometries:  67%|######6   | 668/1000 [06:27<03:16,  1.69geom/s]
Geometries:  67%|######6   | 669/1000 [06:28<02:54,  1.90geom/s]
Geometries:  67%|######7   | 670/1000 [06:28<02:59,  1.84geom/s]
Geometries:  67%|######7   | 671/1000 [06:29<03:03,  1.79geom/s]
Geometries:  67%|######7   | 672/1000 [06:29<03:05,  1.77geom/s]
Geometries:  67%|######7   | 673/1000 [06:30<03:17,  1.65geom/s]
Geometries:  67%|######7   | 674/1000 [06:31<03:16,  1.66geom/s]
Geometries:  68%|######7   | 675/1000 [06:31<03:14,  1.67geom/s]
Geometries:  68%|######7   | 676/1000 [06:32<03:16,  1.65geom/s]
Geometries:  68%|######7   | 677/1000 [06:33<03:17,  1.63geom/s]
Geometries:  68%|######7   | 678/1000 [06:33<03:28,  1.55geom/s]
Geometries:  68%|######7   | 679/1000 [06:34<03:22,  1.58geom/s]
Geometries:  68%|######8   | 680/1000 [06:34<03:02,  1.75geom/s]
Geometries:  68%|######8   | 681/1000 [06:35<03:15,  1.63geom/s]
Geometries:  68%|######8   | 682/1000 [06:36<03:16,  1.61geom/s]
Geometries:  68%|######8   | 683/1000 [06:36<03:16,  1.61geom/s]
Geometries:  68%|######8   | 684/1000 [06:37<03:15,  1.61geom/s]
Geometries:  68%|######8   | 685/1000 [06:38<03:13,  1.63geom/s]
Geometries:  69%|######8   | 686/1000 [06:38<03:09,  1.65geom/s]
Geometries:  69%|######8   | 687/1000 [06:39<03:07,  1.67geom/s]
Geometries:  69%|######8   | 688/1000 [06:39<03:05,  1.68geom/s]
Geometries:  69%|######8   | 689/1000 [06:40<03:04,  1.68geom/s]
Geometries:  69%|######9   | 690/1000 [06:40<02:42,  1.91geom/s]
Geometries:  69%|######9   | 691/1000 [06:41<02:48,  1.83geom/s]
Geometries:  69%|######9   | 692/1000 [06:41<02:51,  1.80geom/s]
Geometries:  69%|######9   | 693/1000 [06:42<02:54,  1.76geom/s]
Geometries:  69%|######9   | 694/1000 [06:43<03:04,  1.66geom/s]
Geometries:  70%|######9   | 695/1000 [06:43<03:01,  1.68geom/s]
Geometries:  70%|######9   | 696/1000 [06:44<03:00,  1.69geom/s]
Geometries:  70%|######9   | 697/1000 [06:44<02:58,  1.70geom/s]
Geometries:  70%|######9   | 698/1000 [06:45<02:58,  1.69geom/s]
Geometries:  70%|######9   | 699/1000 [06:46<03:06,  1.62geom/s]
Geometries:  70%|#######   | 700/1000 [06:46<03:03,  1.63geom/s]
Geometries:  70%|#######   | 701/1000 [06:47<02:40,  1.86geom/s]
Geometries:  70%|#######   | 702/1000 [06:47<02:44,  1.81geom/s]
Geometries:  70%|#######   | 703/1000 [06:48<02:47,  1.77geom/s]
Geometries:  70%|#######   | 704/1000 [06:48<02:48,  1.75geom/s]
Geometries:  70%|#######   | 705/1000 [06:49<02:50,  1.73geom/s]
Geometries:  71%|#######   | 706/1000 [06:50<02:50,  1.73geom/s]
Geometries:  71%|#######   | 707/1000 [06:50<02:51,  1.71geom/s]
Geometries:  71%|#######   | 708/1000 [06:51<02:50,  1.71geom/s]
Geometries:  71%|#######   | 709/1000 [06:51<02:50,  1.71geom/s]
Geometries:  71%|#######1  | 710/1000 [06:52<02:50,  1.70geom/s]
Geometries:  71%|#######1  | 711/1000 [06:52<02:30,  1.92geom/s]
Geometries:  71%|#######1  | 712/1000 [06:53<02:35,  1.85geom/s]
Geometries:  71%|#######1  | 713/1000 [06:54<02:39,  1.80geom/s]
Geometries:  71%|#######1  | 714/1000 [06:54<02:42,  1.76geom/s]
Geometries:  72%|#######1  | 715/1000 [06:55<02:51,  1.66geom/s]
Geometries:  72%|#######1  | 716/1000 [06:55<02:50,  1.67geom/s]
Geometries:  72%|#######1  | 717/1000 [06:56<02:48,  1.68geom/s]
Geometries:  72%|#######1  | 718/1000 [06:57<02:47,  1.68geom/s]
Geometries:  72%|#######1  | 719/1000 [06:57<02:51,  1.64geom/s]
Geometries:  72%|#######2  | 720/1000 [06:58<02:59,  1.56geom/s]
Geometries:  72%|#######2  | 721/1000 [06:58<02:36,  1.79geom/s]
Geometries:  72%|#######2  | 722/1000 [06:59<02:38,  1.75geom/s]
Geometries:  72%|#######2  | 723/1000 [07:00<02:39,  1.74geom/s]
Geometries:  72%|#######2  | 724/1000 [07:00<02:40,  1.72geom/s]
Geometries:  72%|#######2  | 725/1000 [07:01<02:41,  1.70geom/s]
Geometries:  73%|#######2  | 726/1000 [07:01<02:42,  1.69geom/s]
Geometries:  73%|#######2  | 727/1000 [07:02<02:43,  1.67geom/s]
Geometries:  73%|#######2  | 728/1000 [07:03<02:42,  1.68geom/s]
Geometries:  73%|#######2  | 729/1000 [07:03<02:43,  1.66geom/s]
Geometries:  73%|#######3  | 730/1000 [07:04<02:41,  1.67geom/s]
Geometries:  73%|#######3  | 731/1000 [07:04<02:41,  1.67geom/s]
Geometries:  73%|#######3  | 732/1000 [07:05<02:23,  1.87geom/s]
Geometries:  73%|#######3  | 733/1000 [07:05<02:27,  1.81geom/s]
Geometries:  73%|#######3  | 734/1000 [07:06<02:30,  1.76geom/s]
Geometries:  74%|#######3  | 735/1000 [07:07<02:31,  1.75geom/s]
Geometries:  74%|#######3  | 736/1000 [07:07<02:40,  1.64geom/s]
Geometries:  74%|#######3  | 737/1000 [07:08<02:39,  1.65geom/s]
Geometries:  74%|#######3  | 738/1000 [07:08<02:37,  1.66geom/s]
Geometries:  74%|#######3  | 739/1000 [07:09<02:35,  1.68geom/s]
Geometries:  74%|#######4  | 740/1000 [07:10<02:34,  1.69geom/s]
Geometries:  74%|#######4  | 741/1000 [07:10<02:41,  1.60geom/s]
Geometries:  74%|#######4  | 742/1000 [07:11<02:21,  1.83geom/s]
Geometries:  74%|#######4  | 743/1000 [07:11<02:23,  1.79geom/s]
Geometries:  74%|#######4  | 744/1000 [07:12<02:25,  1.76geom/s]
Geometries:  74%|#######4  | 745/1000 [07:12<02:25,  1.75geom/s]
Geometries:  75%|#######4  | 746/1000 [07:13<02:27,  1.73geom/s]
Geometries:  75%|#######4  | 747/1000 [07:14<02:26,  1.72geom/s]
Geometries:  75%|#######4  | 748/1000 [07:14<02:27,  1.71geom/s]
Geometries:  75%|#######4  | 749/1000 [07:15<02:27,  1.70geom/s]
Geometries:  75%|#######5  | 750/1000 [07:15<02:27,  1.69geom/s]
Geometries:  75%|#######5  | 751/1000 [07:16<02:26,  1.69geom/s]
Geometries:  75%|#######5  | 752/1000 [07:17<02:27,  1.68geom/s]
Geometries:  75%|#######5  | 753/1000 [07:17<02:10,  1.89geom/s]
Geometries:  75%|#######5  | 754/1000 [07:18<02:14,  1.82geom/s]
Geometries:  76%|#######5  | 755/1000 [07:18<02:17,  1.78geom/s]
Geometries:  76%|#######5  | 756/1000 [07:19<02:19,  1.75geom/s]
Geometries:  76%|#######5  | 757/1000 [07:19<02:27,  1.65geom/s]
Geometries:  76%|#######5  | 758/1000 [07:20<02:25,  1.66geom/s]
Geometries:  76%|#######5  | 759/1000 [07:21<02:23,  1.68geom/s]
Geometries:  76%|#######6  | 760/1000 [07:21<02:22,  1.68geom/s]
Geometries:  76%|#######6  | 761/1000 [07:22<02:22,  1.68geom/s]
Geometries:  76%|#######6  | 762/1000 [07:22<02:28,  1.60geom/s]
Geometries:  76%|#######6  | 763/1000 [07:23<02:10,  1.82geom/s]
Geometries:  76%|#######6  | 764/1000 [07:23<02:13,  1.77geom/s]
Geometries:  76%|#######6  | 765/1000 [07:24<02:14,  1.74geom/s]
Geometries:  77%|#######6  | 766/1000 [07:25<02:15,  1.72geom/s]
Geometries:  77%|#######6  | 767/1000 [07:25<02:15,  1.72geom/s]
Geometries:  77%|#######6  | 768/1000 [07:26<02:15,  1.71geom/s]
Geometries:  77%|#######6  | 769/1000 [07:26<02:15,  1.71geom/s]
Geometries:  77%|#######7  | 770/1000 [07:27<02:15,  1.70geom/s]
Geometries:  77%|#######7  | 771/1000 [07:28<02:13,  1.71geom/s]
Geometries:  77%|#######7  | 772/1000 [07:28<02:13,  1.70geom/s]
Geometries:  77%|#######7  | 773/1000 [07:29<02:13,  1.71geom/s]
Geometries:  77%|#######7  | 774/1000 [07:29<01:57,  1.92geom/s]
Geometries:  78%|#######7  | 775/1000 [07:30<02:01,  1.85geom/s]
Geometries:  78%|#######7  | 776/1000 [07:30<02:04,  1.80geom/s]
Geometries:  78%|#######7  | 777/1000 [07:31<02:05,  1.78geom/s]
Geometries:  78%|#######7  | 778/1000 [07:32<02:14,  1.66geom/s]
Geometries:  78%|#######7  | 779/1000 [07:32<02:11,  1.67geom/s]
Geometries:  78%|#######8  | 780/1000 [07:33<02:10,  1.69geom/s]
Geometries:  78%|#######8  | 781/1000 [07:33<02:09,  1.69geom/s]
Geometries:  78%|#######8  | 782/1000 [07:34<02:09,  1.69geom/s]
Geometries:  78%|#######8  | 783/1000 [07:35<02:15,  1.60geom/s]
Geometries:  78%|#######8  | 784/1000 [07:35<01:58,  1.83geom/s]
Geometries:  78%|#######8  | 785/1000 [07:36<02:00,  1.79geom/s]
Geometries:  79%|#######8  | 786/1000 [07:36<02:01,  1.76geom/s]
Geometries:  79%|#######8  | 787/1000 [07:37<02:01,  1.75geom/s]
Geometries:  79%|#######8  | 788/1000 [07:37<02:02,  1.73geom/s]
Geometries:  79%|#######8  | 789/1000 [07:38<02:02,  1.73geom/s]
Geometries:  79%|#######9  | 790/1000 [07:38<02:02,  1.72geom/s]
Geometries:  79%|#######9  | 791/1000 [07:39<02:01,  1.72geom/s]
Geometries:  79%|#######9  | 792/1000 [07:40<02:01,  1.71geom/s]
Geometries:  79%|#######9  | 793/1000 [07:40<02:01,  1.71geom/s]
Geometries:  79%|#######9  | 794/1000 [07:41<02:01,  1.70geom/s]
Geometries:  80%|#######9  | 795/1000 [07:41<01:46,  1.92geom/s]
Geometries:  80%|#######9  | 796/1000 [07:42<01:50,  1.84geom/s]
Geometries:  80%|#######9  | 797/1000 [07:42<01:53,  1.79geom/s]
Geometries:  80%|#######9  | 798/1000 [07:43<01:55,  1.75geom/s]
Geometries:  80%|#######9  | 799/1000 [07:44<02:00,  1.66geom/s]
Geometries:  80%|########  | 800/1000 [07:44<02:00,  1.67geom/s]
Geometries:  80%|########  | 801/1000 [07:45<01:58,  1.68geom/s]
Geometries:  80%|########  | 802/1000 [07:45<01:57,  1.69geom/s]
Geometries:  80%|########  | 803/1000 [07:46<01:56,  1.69geom/s]
Geometries:  80%|########  | 804/1000 [07:47<02:01,  1.61geom/s]
Geometries:  80%|########  | 805/1000 [07:47<01:46,  1.84geom/s]
Geometries:  81%|########  | 806/1000 [07:48<01:49,  1.78geom/s]
Geometries:  81%|########  | 807/1000 [07:48<01:50,  1.75geom/s]
Geometries:  81%|########  | 808/1000 [07:49<01:50,  1.73geom/s]
Geometries:  81%|########  | 809/1000 [07:49<01:50,  1.72geom/s]
Geometries:  81%|########1 | 810/1000 [07:50<01:51,  1.71geom/s]
Geometries:  81%|########1 | 811/1000 [07:51<01:50,  1.70geom/s]
Geometries:  81%|########1 | 812/1000 [07:51<01:50,  1.70geom/s]
Geometries:  81%|########1 | 813/1000 [07:52<01:49,  1.71geom/s]
Geometries:  81%|########1 | 814/1000 [07:52<01:49,  1.70geom/s]
Geometries:  82%|########1 | 815/1000 [07:53<01:49,  1.70geom/s]
Geometries:  82%|########1 | 816/1000 [07:53<01:36,  1.92geom/s]
Geometries:  82%|########1 | 817/1000 [07:54<01:39,  1.84geom/s]
Geometries:  82%|########1 | 818/1000 [07:55<01:42,  1.77geom/s]
Geometries:  82%|########1 | 819/1000 [07:55<01:43,  1.75geom/s]
Geometries:  82%|########2 | 820/1000 [07:56<01:49,  1.64geom/s]
Geometries:  82%|########2 | 821/1000 [07:56<01:47,  1.66geom/s]
Geometries:  82%|########2 | 822/1000 [07:57<01:47,  1.66geom/s]
Geometries:  82%|########2 | 823/1000 [07:58<01:45,  1.68geom/s]
Geometries:  82%|########2 | 824/1000 [07:58<01:44,  1.68geom/s]
Geometries:  82%|########2 | 825/1000 [07:59<01:48,  1.61geom/s]
Geometries:  83%|########2 | 826/1000 [07:59<01:34,  1.83geom/s]
Geometries:  83%|########2 | 827/1000 [08:00<01:36,  1.80geom/s]
Geometries:  83%|########2 | 828/1000 [08:00<01:38,  1.75geom/s]
Geometries:  83%|########2 | 829/1000 [08:01<01:38,  1.74geom/s]
Geometries:  83%|########2 | 830/1000 [08:02<01:38,  1.72geom/s]
Geometries:  83%|########3 | 831/1000 [08:02<01:38,  1.72geom/s]
Geometries:  83%|########3 | 832/1000 [08:03<01:38,  1.71geom/s]
Geometries:  83%|########3 | 833/1000 [08:03<01:38,  1.70geom/s]
Geometries:  83%|########3 | 834/1000 [08:04<01:37,  1.70geom/s]
Geometries:  84%|########3 | 835/1000 [08:05<01:37,  1.69geom/s]
Geometries:  84%|########3 | 836/1000 [08:05<01:26,  1.91geom/s]
Geometries:  84%|########3 | 837/1000 [08:06<01:28,  1.85geom/s]
Geometries:  84%|########3 | 838/1000 [08:06<01:30,  1.79geom/s]
Geometries:  84%|########3 | 839/1000 [08:07<01:31,  1.77geom/s]
Geometries:  84%|########4 | 840/1000 [08:07<01:32,  1.74geom/s]
Geometries:  84%|########4 | 841/1000 [08:08<01:37,  1.63geom/s]
Geometries:  84%|########4 | 842/1000 [08:09<01:36,  1.65geom/s]
Geometries:  84%|########4 | 843/1000 [08:09<01:34,  1.66geom/s]
Geometries:  84%|########4 | 844/1000 [08:10<01:33,  1.67geom/s]
Geometries:  84%|########4 | 845/1000 [08:10<01:32,  1.68geom/s]
Geometries:  85%|########4 | 846/1000 [08:11<01:36,  1.59geom/s]
Geometries:  85%|########4 | 847/1000 [08:11<01:23,  1.82geom/s]
Geometries:  85%|########4 | 848/1000 [08:12<01:24,  1.79geom/s]
Geometries:  85%|########4 | 849/1000 [08:13<01:25,  1.76geom/s]
Geometries:  85%|########5 | 850/1000 [08:13<01:26,  1.73geom/s]
Geometries:  85%|########5 | 851/1000 [08:14<01:26,  1.73geom/s]
Geometries:  85%|########5 | 852/1000 [08:14<01:26,  1.71geom/s]
Geometries:  85%|########5 | 853/1000 [08:15<01:26,  1.70geom/s]
Geometries:  85%|########5 | 854/1000 [08:16<01:25,  1.70geom/s]
Geometries:  86%|########5 | 855/1000 [08:16<01:25,  1.70geom/s]
Geometries:  86%|########5 | 856/1000 [08:17<01:24,  1.70geom/s]
Geometries:  86%|########5 | 857/1000 [08:17<01:14,  1.91geom/s]
Geometries:  86%|########5 | 858/1000 [08:18<01:17,  1.84geom/s]
Geometries:  86%|########5 | 859/1000 [08:18<01:18,  1.79geom/s]
Geometries:  86%|########6 | 860/1000 [08:19<01:18,  1.77geom/s]
Geometries:  86%|########6 | 861/1000 [08:19<01:19,  1.75geom/s]
Geometries:  86%|########6 | 862/1000 [08:20<01:24,  1.64geom/s]
Geometries:  86%|########6 | 863/1000 [08:21<01:22,  1.66geom/s]
Geometries:  86%|########6 | 864/1000 [08:21<01:21,  1.66geom/s]
Geometries:  86%|########6 | 865/1000 [08:22<01:22,  1.64geom/s]
Geometries:  87%|########6 | 866/1000 [08:23<01:22,  1.63geom/s]
Geometries:  87%|########6 | 867/1000 [08:23<01:25,  1.55geom/s]
Geometries:  87%|########6 | 868/1000 [08:24<01:14,  1.77geom/s]
Geometries:  87%|########6 | 869/1000 [08:24<01:18,  1.66geom/s]
Geometries:  87%|########7 | 870/1000 [08:25<01:19,  1.64geom/s]
Geometries:  87%|########7 | 871/1000 [08:26<01:18,  1.65geom/s]
Geometries:  87%|########7 | 872/1000 [08:26<01:17,  1.65geom/s]
Geometries:  87%|########7 | 873/1000 [08:27<01:16,  1.66geom/s]
Geometries:  87%|########7 | 874/1000 [08:27<01:15,  1.66geom/s]
Geometries:  88%|########7 | 875/1000 [08:28<01:16,  1.63geom/s]
Geometries:  88%|########7 | 876/1000 [08:29<01:16,  1.63geom/s]
Geometries:  88%|########7 | 877/1000 [08:29<01:15,  1.62geom/s]
Geometries:  88%|########7 | 878/1000 [08:30<01:06,  1.83geom/s]
Geometries:  88%|########7 | 879/1000 [08:30<01:08,  1.76geom/s]
Geometries:  88%|########8 | 880/1000 [08:31<01:08,  1.74geom/s]
Geometries:  88%|########8 | 881/1000 [08:31<01:09,  1.72geom/s]
Geometries:  88%|########8 | 882/1000 [08:32<01:08,  1.72geom/s]
Geometries:  88%|########8 | 883/1000 [08:33<01:12,  1.62geom/s]
Geometries:  88%|########8 | 884/1000 [08:33<01:10,  1.65geom/s]
Geometries:  88%|########8 | 885/1000 [08:34<01:09,  1.66geom/s]
Geometries:  89%|########8 | 886/1000 [08:35<01:07,  1.68geom/s]
Geometries:  89%|########8 | 887/1000 [08:35<01:07,  1.68geom/s]
Geometries:  89%|########8 | 888/1000 [08:36<01:10,  1.60geom/s]
Geometries:  89%|########8 | 889/1000 [08:36<01:01,  1.81geom/s]
Geometries:  89%|########9 | 890/1000 [08:37<01:02,  1.77geom/s]
Geometries:  89%|########9 | 891/1000 [08:37<01:03,  1.72geom/s]
Geometries:  89%|########9 | 892/1000 [08:38<01:03,  1.71geom/s]
Geometries:  89%|########9 | 893/1000 [08:39<01:03,  1.69geom/s]
Geometries:  89%|########9 | 894/1000 [08:39<01:03,  1.68geom/s]
Geometries:  90%|########9 | 895/1000 [08:40<01:02,  1.68geom/s]
Geometries:  90%|########9 | 896/1000 [08:40<01:01,  1.69geom/s]
Geometries:  90%|########9 | 897/1000 [08:41<01:01,  1.69geom/s]
Geometries:  90%|########9 | 898/1000 [08:42<01:00,  1.68geom/s]
Geometries:  90%|########9 | 899/1000 [08:42<00:53,  1.90geom/s]
Geometries:  90%|######### | 900/1000 [08:43<00:54,  1.84geom/s]
Geometries:  90%|######### | 901/1000 [08:43<00:55,  1.78geom/s]
Geometries:  90%|######### | 902/1000 [08:44<00:55,  1.76geom/s]
Geometries:  90%|######### | 903/1000 [08:44<00:55,  1.74geom/s]
Geometries:  90%|######### | 904/1000 [08:45<00:58,  1.64geom/s]
Geometries:  90%|######### | 905/1000 [08:46<00:57,  1.65geom/s]
Geometries:  91%|######### | 906/1000 [08:46<00:56,  1.65geom/s]
Geometries:  91%|######### | 907/1000 [08:47<00:56,  1.66geom/s]
Geometries:  91%|######### | 908/1000 [08:47<00:55,  1.67geom/s]
Geometries:  91%|######### | 909/1000 [08:48<00:56,  1.60geom/s]
Geometries:  91%|#########1| 910/1000 [08:48<00:48,  1.84geom/s]
Geometries:  91%|#########1| 911/1000 [08:49<00:49,  1.79geom/s]
Geometries:  91%|#########1| 912/1000 [08:50<00:49,  1.77geom/s]
Geometries:  91%|#########1| 913/1000 [08:50<00:50,  1.73geom/s]
Geometries:  91%|#########1| 914/1000 [08:51<00:50,  1.70geom/s]
Geometries:  92%|#########1| 915/1000 [08:51<00:50,  1.70geom/s]
Geometries:  92%|#########1| 916/1000 [08:52<00:49,  1.71geom/s]
Geometries:  92%|#########1| 917/1000 [08:53<00:48,  1.71geom/s]
Geometries:  92%|#########1| 918/1000 [08:53<00:48,  1.70geom/s]
Geometries:  92%|#########1| 919/1000 [08:54<00:47,  1.70geom/s]
Geometries:  92%|#########2| 920/1000 [08:54<00:41,  1.91geom/s]
Geometries:  92%|#########2| 921/1000 [08:55<00:43,  1.84geom/s]
Geometries:  92%|#########2| 922/1000 [08:55<00:43,  1.79geom/s]
Geometries:  92%|#########2| 923/1000 [08:56<00:44,  1.75geom/s]
Geometries:  92%|#########2| 924/1000 [08:56<00:43,  1.73geom/s]
Geometries:  92%|#########2| 925/1000 [08:57<00:46,  1.63geom/s]
Geometries:  93%|#########2| 926/1000 [08:58<00:44,  1.65geom/s]
Geometries:  93%|#########2| 927/1000 [08:58<00:44,  1.65geom/s]
Geometries:  93%|#########2| 928/1000 [08:59<00:43,  1.66geom/s]
Geometries:  93%|#########2| 929/1000 [09:00<00:42,  1.67geom/s]
Geometries:  93%|#########3| 930/1000 [09:00<00:37,  1.89geom/s]
Geometries:  93%|#########3| 931/1000 [09:01<00:37,  1.82geom/s]
Geometries:  93%|#########3| 932/1000 [09:01<00:38,  1.78geom/s]
Geometries:  93%|#########3| 933/1000 [09:02<00:38,  1.74geom/s]
Geometries:  93%|#########3| 934/1000 [09:02<00:38,  1.73geom/s]
Geometries:  94%|#########3| 935/1000 [09:03<00:37,  1.72geom/s]
Geometries:  94%|#########3| 936/1000 [09:03<00:37,  1.72geom/s]
Geometries:  94%|#########3| 937/1000 [09:04<00:36,  1.71geom/s]
Geometries:  94%|#########3| 938/1000 [09:05<00:36,  1.71geom/s]
Geometries:  94%|#########3| 939/1000 [09:05<00:35,  1.70geom/s]
Geometries:  94%|#########3| 940/1000 [09:06<00:35,  1.70geom/s]
Geometries:  94%|#########4| 941/1000 [09:06<00:30,  1.92geom/s]
Geometries:  94%|#########4| 942/1000 [09:07<00:31,  1.85geom/s]
Geometries:  94%|#########4| 943/1000 [09:07<00:31,  1.79geom/s]
Geometries:  94%|#########4| 944/1000 [09:08<00:31,  1.75geom/s]
Geometries:  94%|#########4| 945/1000 [09:09<00:31,  1.73geom/s]
Geometries:  95%|#########4| 946/1000 [09:09<00:33,  1.63geom/s]
Geometries:  95%|#########4| 947/1000 [09:10<00:32,  1.64geom/s]
Geometries:  95%|#########4| 948/1000 [09:10<00:31,  1.66geom/s]
Geometries:  95%|#########4| 949/1000 [09:11<00:30,  1.68geom/s]
Geometries:  95%|#########5| 950/1000 [09:12<00:29,  1.69geom/s]
Geometries:  95%|#########5| 951/1000 [09:12<00:25,  1.91geom/s]
Geometries:  95%|#########5| 952/1000 [09:13<00:26,  1.83geom/s]
Geometries:  95%|#########5| 953/1000 [09:13<00:26,  1.77geom/s]
Geometries:  95%|#########5| 954/1000 [09:14<00:26,  1.74geom/s]
Geometries:  96%|#########5| 955/1000 [09:14<00:26,  1.71geom/s]
Geometries:  96%|#########5| 956/1000 [09:15<00:26,  1.69geom/s]
Geometries:  96%|#########5| 957/1000 [09:16<00:26,  1.62geom/s]
Geometries:  96%|#########5| 958/1000 [09:16<00:26,  1.60geom/s]
Geometries:  96%|#########5| 959/1000 [09:17<00:25,  1.61geom/s]
Geometries:  96%|#########6| 960/1000 [09:18<00:24,  1.60geom/s]
Geometries:  96%|#########6| 961/1000 [09:18<00:24,  1.61geom/s]
Geometries:  96%|#########6| 962/1000 [09:19<00:20,  1.84geom/s]
Geometries:  96%|#########6| 963/1000 [09:19<00:20,  1.77geom/s]
Geometries:  96%|#########6| 964/1000 [09:20<00:20,  1.74geom/s]
Geometries:  96%|#########6| 965/1000 [09:20<00:20,  1.70geom/s]
Geometries:  97%|#########6| 966/1000 [09:21<00:20,  1.67geom/s]
Geometries:  97%|#########6| 967/1000 [09:22<00:20,  1.58geom/s]
Geometries:  97%|#########6| 968/1000 [09:22<00:20,  1.58geom/s]
Geometries:  97%|#########6| 969/1000 [09:23<00:21,  1.47geom/s]
Geometries:  97%|#########7| 970/1000 [09:24<00:21,  1.41geom/s]
Geometries:  97%|#########7| 971/1000 [09:25<00:20,  1.45geom/s]
Geometries:  97%|#########7| 972/1000 [09:25<00:17,  1.64geom/s]
Geometries:  97%|#########7| 973/1000 [09:26<00:16,  1.63geom/s]
Geometries:  97%|#########7| 974/1000 [09:26<00:16,  1.56geom/s]
Geometries:  98%|#########7| 975/1000 [09:27<00:16,  1.55geom/s]
Geometries:  98%|#########7| 976/1000 [09:28<00:15,  1.50geom/s]
Geometries:  98%|#########7| 977/1000 [09:28<00:15,  1.49geom/s]
Geometries:  98%|#########7| 978/1000 [09:29<00:14,  1.48geom/s]
Geometries:  98%|#########7| 979/1000 [09:30<00:14,  1.48geom/s]
Geometries:  98%|#########8| 980/1000 [09:30<00:13,  1.49geom/s]
Geometries:  98%|#########8| 981/1000 [09:31<00:12,  1.50geom/s]
Geometries:  98%|#########8| 982/1000 [09:32<00:11,  1.51geom/s]
Geometries:  98%|#########8| 983/1000 [09:32<00:09,  1.72geom/s]
Geometries:  98%|#########8| 984/1000 [09:33<00:09,  1.64geom/s]
Geometries:  98%|#########8| 985/1000 [09:33<00:09,  1.60geom/s]
Geometries:  99%|#########8| 986/1000 [09:34<00:09,  1.55geom/s]
Geometries:  99%|#########8| 987/1000 [09:35<00:08,  1.55geom/s]
Geometries:  99%|#########8| 988/1000 [09:36<00:08,  1.48geom/s]
Geometries:  99%|#########8| 989/1000 [09:36<00:07,  1.51geom/s]
Geometries:  99%|#########9| 990/1000 [09:37<00:06,  1.48geom/s]
Geometries:  99%|#########9| 991/1000 [09:37<00:05,  1.51geom/s]
Geometries:  99%|#########9| 992/1000 [09:38<00:05,  1.50geom/s]
Geometries:  99%|#########9| 993/1000 [09:39<00:04,  1.71geom/s]
Geometries:  99%|#########9| 994/1000 [09:39<00:03,  1.63geom/s]
Geometries: 100%|#########9| 995/1000 [09:40<00:03,  1.53geom/s]
Geometries: 100%|#########9| 996/1000 [09:41<00:02,  1.52geom/s]
Geometries: 100%|#########9| 997/1000 [09:41<00:01,  1.51geom/s]
Geometries: 100%|#########9| 998/1000 [09:42<00:01,  1.52geom/s]
Geometries: 100%|#########9| 999/1000 [09:43<00:00,  1.52geom/s]
Geometries: 100%|##########| 1000/1000 [09:43<00:00,  1.53geom/s]
Geometries: 100%|##########| 1000/1000 [09:43<00:00,  1.71geom/s]
python.exe : 
At D:\Research\NO-2D-Metamaterials\_run_0711E26_pipeline.ps1:34 char:9
+         & $PY @pyArgs 2>&1
+         ~~~~~~~~~~~~~~~~~~
    + CategoryInfo          : NotSpecified: (:String) [], RemoteException
    + FullyQualifiedErrorId : NativeCommandError
 
Scoring:   0%|          | 0/239 [00:00<?, ?batch/s]
Scoring:   0%|          | 1/239 [00:00<01:17,  3.07batch/s]
Scoring:   1%|          | 2/239 [00:00<00:52,  4.55batch/s]
Scoring:   1%|1         | 3/239 [00:00<00:46,  5.10batch/s]
Scoring:   2%|1         | 4/239 [00:00<00:40,  5.79batch/s]
Scoring:   2%|2         | 5/239 [00:00<00:41,  5.70batch/s]
Scoring:   3%|2         | 6/239 [00:01<00:38,  6.12batch/s]
Scoring:   3%|2         | 7/239 [00:01<00:39,  5.85batch/s]
Scoring:   3%|3         | 8/239 [00:01<00:38,  6.07batch/s]
Scoring:   4%|3         | 9/239 [00:01<00:38,  5.99batch/s]
Scoring:   4%|4         | 10/239 [00:01<00:38,  5.93batch/s]
Scoring:   5%|4         | 11/239 [00:01<00:36,  6.33batch/s]
Scoring:   5%|5         | 12/239 [00:02<00:36,  6.16batch/s]
Scoring:   5%|5         | 13/239 [00:02<00:35,  6.35batch/s]
Scoring:   6%|5         | 14/239 [00:02<00:36,  6.14batch/s]
Scoring:   6%|6         | 15/239 [00:02<00:36,  6.15batch/s]
Scoring:   7%|6         | 16/239 [00:02<00:34,  6.42batch/s]
Scoring:   7%|7         | 17/239 [00:02<00:36,  6.16batch/s]
Scoring:   8%|7         | 18/239 [00:03<00:34,  6.48batch/s]
Scoring:   8%|7         | 19/239 [00:03<00:35,  6.22batch/s]
Scoring:   8%|8         | 20/239 [00:03<00:33,  6.48batch/s]
Scoring:   9%|8         | 21/239 [00:03<00:35,  6.18batch/s]
Scoring:   9%|9         | 22/239 [00:03<00:33,  6.52batch/s]
Scoring:  10%|9         | 23/239 [00:03<00:34,  6.32batch/s]
Scoring:  10%|#         | 24/239 [00:03<00:34,  6.25batch/s]
Scoring:  10%|#         | 25/239 [00:04<00:32,  6.56batch/s]
Scoring:  11%|#         | 26/239 [00:04<00:33,  6.40batch/s]
Scoring:  11%|#1        | 27/239 [00:04<00:31,  6.73batch/s]
Scoring:  12%|#1        | 28/239 [00:04<00:32,  6.53batch/s]
Scoring:  12%|#2        | 29/239 [00:04<00:30,  6.81batch/s]
Scoring:  13%|#2        | 30/239 [00:04<00:31,  6.65batch/s]
Scoring:  13%|#2        | 31/239 [00:05<00:30,  6.89batch/s]
Scoring:  13%|#3        | 32/239 [00:05<00:30,  6.70batch/s]
Scoring:  14%|#3        | 33/239 [00:05<00:29,  6.88batch/s]
Scoring:  14%|#4        | 34/239 [00:05<00:30,  6.72batch/s]
Scoring:  15%|#4        | 35/239 [00:05<00:29,  7.02batch/s]
Scoring:  15%|#5        | 36/239 [00:05<00:29,  6.79batch/s]
Scoring:  15%|#5        | 37/239 [00:05<00:28,  7.00batch/s]
Scoring:  16%|#5        | 38/239 [00:06<00:29,  6.78batch/s]
Scoring:  16%|#6        | 39/239 [00:06<00:28,  7.08batch/s]
Scoring:  17%|#6        | 40/239 [00:06<00:29,  6.77batch/s]
Scoring:  17%|#7        | 41/239 [00:06<00:28,  7.04batch/s]
Scoring:  18%|#7        | 42/239 [00:06<00:29,  6.74batch/s]
Scoring:  18%|#7        | 43/239 [00:06<00:28,  6.87batch/s]
Scoring:  18%|#8        | 44/239 [00:06<00:29,  6.65batch/s]
Scoring:  19%|#8        | 45/239 [00:07<00:27,  6.96batch/s]
Scoring:  19%|#9        | 46/239 [00:07<00:28,  6.73batch/s]
Scoring:  20%|#9        | 47/239 [00:07<00:27,  6.99batch/s]
Scoring:  20%|##        | 48/239 [00:07<00:28,  6.73batch/s]
Scoring:  21%|##        | 49/239 [00:07<00:26,  7.04batch/s]
Scoring:  21%|##        | 50/239 [00:07<00:28,  6.68batch/s]
Scoring:  21%|##1       | 51/239 [00:07<00:27,  6.93batch/s]
Scoring:  22%|##1       | 52/239 [00:08<00:27,  6.71batch/s]
Scoring:  22%|##2       | 53/239 [00:08<00:26,  6.99batch/s]
Scoring:  23%|##2       | 54/239 [00:08<00:28,  6.60batch/s]
Scoring:  23%|##3       | 55/239 [00:08<00:27,  6.71batch/s]
Scoring:  23%|##3       | 56/239 [00:08<00:28,  6.42batch/s]
Scoring:  24%|##3       | 57/239 [00:08<00:27,  6.71batch/s]
Scoring:  24%|##4       | 58/239 [00:08<00:27,  6.49batch/s]
Scoring:  25%|##4       | 59/239 [00:09<00:26,  6.86batch/s]
Scoring:  25%|##5       | 60/239 [00:09<00:27,  6.58batch/s]
Scoring:  26%|##5       | 61/239 [00:09<00:26,  6.84batch/s]
Scoring:  26%|##5       | 62/239 [00:09<00:26,  6.59batch/s]
Scoring:  26%|##6       | 63/239 [00:09<00:25,  6.90batch/s]
Scoring:  27%|##6       | 64/239 [00:09<00:26,  6.66batch/s]
Scoring:  27%|##7       | 65/239 [00:10<00:25,  6.93batch/s]
Scoring:  28%|##7       | 66/239 [00:10<00:25,  6.71batch/s]
Scoring:  28%|##8       | 67/239 [00:10<00:24,  6.95batch/s]
Scoring:  28%|##8       | 68/239 [00:10<00:25,  6.73batch/s]
Scoring:  29%|##8       | 69/239 [00:10<00:24,  6.97batch/s]
Scoring:  29%|##9       | 70/239 [00:10<00:25,  6.69batch/s]
Scoring:  30%|##9       | 71/239 [00:10<00:24,  6.93batch/s]
Scoring:  30%|###       | 72/239 [00:11<00:24,  6.69batch/s]
Scoring:  31%|###       | 73/239 [00:11<00:24,  6.87batch/s]
Scoring:  31%|###       | 74/239 [00:11<00:24,  6.64batch/s]
Scoring:  31%|###1      | 75/239 [00:11<00:23,  6.91batch/s]
Scoring:  32%|###1      | 76/239 [00:11<00:24,  6.75batch/s]
Scoring:  32%|###2      | 77/239 [00:11<00:23,  6.98batch/s]
Scoring:  33%|###2      | 78/239 [00:11<00:24,  6.70batch/s]
Scoring:  33%|###3      | 79/239 [00:12<00:23,  6.95batch/s]
Scoring:  33%|###3      | 80/239 [00:12<00:23,  6.71batch/s]
Scoring:  34%|###3      | 81/239 [00:12<00:22,  6.90batch/s]
Scoring:  34%|###4      | 82/239 [00:12<00:23,  6.66batch/s]
Scoring:  35%|###4      | 83/239 [00:12<00:22,  6.88batch/s]
Scoring:  35%|###5      | 84/239 [00:12<00:23,  6.59batch/s]
Scoring:  36%|###5      | 85/239 [00:12<00:22,  6.92batch/s]
Scoring:  36%|###5      | 86/239 [00:13<00:23,  6.64batch/s]
Scoring:  36%|###6      | 87/239 [00:13<00:22,  6.85batch/s]
Scoring:  37%|###6      | 88/239 [00:13<00:23,  6.53batch/s]
Scoring:  37%|###7      | 89/239 [00:13<00:22,  6.73batch/s]
Scoring:  38%|###7      | 90/239 [00:13<00:23,  6.44batch/s]
Scoring:  38%|###8      | 91/239 [00:13<00:24,  6.15batch/s]
Scoring:  38%|###8      | 92/239 [00:14<00:22,  6.48batch/s]
Scoring:  39%|###8      | 93/239 [00:14<00:23,  6.30batch/s]
Scoring:  39%|###9      | 94/239 [00:14<00:23,  6.24batch/s]
Scoring:  40%|###9      | 95/239 [00:14<00:21,  6.65batch/s]
Scoring:  40%|####      | 96/239 [00:14<00:22,  6.48batch/s]
Scoring:  41%|####      | 97/239 [00:14<00:20,  6.77batch/s]
Scoring:  41%|####1     | 98/239 [00:14<00:21,  6.54batch/s]
Scoring:  41%|####1     | 99/239 [00:15<00:20,  6.85batch/s]
Scoring:  42%|####1     | 100/239 [00:15<00:20,  6.64batch/s]
Scoring:  42%|####2     | 101/239 [00:15<00:20,  6.86batch/s]
Scoring:  43%|####2     | 102/239 [00:15<00:20,  6.63batch/s]
Scoring:  43%|####3     | 103/239 [00:15<00:19,  6.97batch/s]
Scoring:  44%|####3     | 104/239 [00:15<00:20,  6.59batch/s]
Scoring:  44%|####3     | 105/239 [00:15<00:19,  6.86batch/s]
Scoring:  44%|####4     | 106/239 [00:16<00:20,  6.60batch/s]
Scoring:  45%|####4     | 107/239 [00:16<00:19,  6.87batch/s]
Scoring:  45%|####5     | 108/239 [00:16<00:20,  6.53batch/s]
Scoring:  46%|####5     | 109/239 [00:16<00:18,  6.85batch/s]
Scoring:  46%|####6     | 110/239 [00:16<00:19,  6.58batch/s]
Scoring:  46%|####6     | 111/239 [00:16<00:18,  6.78batch/s]
Scoring:  47%|####6     | 112/239 [00:17<00:19,  6.48batch/s]
Scoring:  47%|####7     | 113/239 [00:17<00:18,  6.74batch/s]
Scoring:  48%|####7     | 114/239 [00:17<00:19,  6.52batch/s]
Scoring:  48%|####8     | 115/239 [00:17<00:18,  6.80batch/s]
Scoring:  49%|####8     | 116/239 [00:17<00:18,  6.57batch/s]
Scoring:  49%|####8     | 117/239 [00:17<00:17,  6.82batch/s]
Scoring:  49%|####9     | 118/239 [00:17<00:18,  6.63batch/s]
Scoring:  50%|####9     | 119/239 [00:18<00:17,  6.88batch/s]
Scoring:  50%|#####     | 120/239 [00:18<00:18,  6.59batch/s]
Scoring:  51%|#####     | 121/239 [00:18<00:17,  6.88batch/s]
Scoring:  51%|#####1    | 122/239 [00:18<00:17,  6.67batch/s]
Scoring:  51%|#####1    | 123/239 [00:18<00:16,  6.93batch/s]
Scoring:  52%|#####1    | 124/239 [00:18<00:17,  6.64batch/s]
Scoring:  52%|#####2    | 125/239 [00:18<00:16,  6.93batch/s]
Scoring:  53%|#####2    | 126/239 [00:19<00:16,  6.69batch/s]
Scoring:  53%|#####3    | 127/239 [00:19<00:16,  6.99batch/s]
Scoring:  54%|#####3    | 128/239 [00:19<00:16,  6.66batch/s]
Scoring:  54%|#####3    | 129/239 [00:19<00:15,  6.94batch/s]
Scoring:  54%|#####4    | 130/239 [00:19<00:16,  6.67batch/s]
Scoring:  55%|#####4    | 131/239 [00:19<00:15,  6.96batch/s]
Scoring:  55%|#####5    | 132/239 [00:19<00:16,  6.65batch/s]
Scoring:  56%|#####5    | 133/239 [00:20<00:15,  6.90batch/s]
Scoring:  56%|#####6    | 134/239 [00:20<00:15,  6.65batch/s]
Scoring:  56%|#####6    | 135/239 [00:20<00:15,  6.92batch/s]
Scoring:  57%|#####6    | 136/239 [00:20<00:15,  6.65batch/s]
Scoring:  57%|#####7    | 137/239 [00:20<00:14,  6.84batch/s]
Scoring:  58%|#####7    | 138/239 [00:20<00:15,  6.63batch/s]
Scoring:  58%|#####8    | 139/239 [00:21<00:14,  6.87batch/s]
Scoring:  59%|#####8    | 140/239 [00:21<00:14,  6.61batch/s]
Scoring:  59%|#####8    | 141/239 [00:21<00:14,  6.85batch/s]
Scoring:  59%|#####9    | 142/239 [00:21<00:14,  6.66batch/s]
Scoring:  60%|#####9    | 143/239 [00:21<00:13,  6.96batch/s]
Scoring:  60%|######    | 144/239 [00:21<00:14,  6.59batch/s]
Scoring:  61%|######    | 145/239 [00:21<00:13,  6.82batch/s]
Scoring:  61%|######1   | 146/239 [00:22<00:14,  6.45batch/s]
Scoring:  62%|######1   | 147/239 [00:22<00:13,  6.59batch/s]
Scoring:  62%|######1   | 148/239 [00:22<00:14,  6.48batch/s]
Scoring:  62%|######2   | 149/239 [00:22<00:14,  6.00batch/s]
Scoring:  63%|######2   | 150/239 [00:22<00:14,  6.36batch/s]
Scoring:  63%|######3   | 151/239 [00:22<00:14,  6.12batch/s]
Scoring:  64%|######3   | 152/239 [00:23<00:13,  6.26batch/s]
Scoring:  64%|######4   | 153/239 [00:23<00:13,  6.23batch/s]
Scoring:  64%|######4   | 154/239 [00:23<00:13,  6.14batch/s]
Scoring:  65%|######4   | 155/239 [00:23<00:12,  6.56batch/s]
Scoring:  65%|######5   | 156/239 [00:23<00:12,  6.43batch/s]
Scoring:  66%|######5   | 157/239 [00:23<00:12,  6.64batch/s]
Scoring:  66%|######6   | 158/239 [00:23<00:12,  6.45batch/s]
Scoring:  67%|######6   | 159/239 [00:24<00:11,  6.80batch/s]
Scoring:  67%|######6   | 160/239 [00:24<00:12,  6.55batch/s]
Scoring:  67%|######7   | 161/239 [00:24<00:11,  6.75batch/s]
Scoring:  68%|######7   | 162/239 [00:24<00:11,  6.62batch/s]
Scoring:  68%|######8   | 163/239 [00:24<00:10,  6.94batch/s]
Scoring:  69%|######8   | 164/239 [00:24<00:10,  6.95batch/s]
Scoring:  69%|######9   | 165/239 [00:24<00:10,  6.82batch/s]
Scoring:  69%|######9   | 166/239 [00:25<00:10,  6.64batch/s]
Scoring:  70%|######9   | 167/239 [00:25<00:10,  6.99batch/s]
Scoring:  70%|#######   | 168/239 [00:25<00:10,  6.99batch/s]
Scoring:  71%|#######   | 169/239 [00:25<00:10,  6.93batch/s]
Scoring:  71%|#######1  | 170/239 [00:25<00:09,  6.96batch/s]
Scoring:  72%|#######1  | 171/239 [00:25<00:09,  7.02batch/s]
Scoring:  72%|#######1  | 172/239 [00:25<00:09,  6.98batch/s]
Scoring:  72%|#######2  | 173/239 [00:26<00:09,  6.73batch/s]
Scoring:  73%|#######2  | 174/239 [00:26<00:09,  6.55batch/s]
Scoring:  73%|#######3  | 175/239 [00:26<00:09,  6.86batch/s]
Scoring:  74%|#######3  | 176/239 [00:26<00:09,  6.64batch/s]
Scoring:  74%|#######4  | 177/239 [00:26<00:09,  6.88batch/s]
Scoring:  74%|#######4  | 178/239 [00:26<00:09,  6.74batch/s]
Scoring:  75%|#######4  | 179/239 [00:27<00:08,  7.00batch/s]
Scoring:  75%|#######5  | 180/239 [00:27<00:08,  7.07batch/s]
Scoring:  76%|#######5  | 181/239 [00:27<00:08,  6.88batch/s]
Scoring:  76%|#######6  | 182/239 [00:27<00:08,  6.71batch/s]
Scoring:  77%|#######6  | 183/239 [00:27<00:07,  7.04batch/s]
Scoring:  77%|#######6  | 184/239 [00:27<00:07,  7.06batch/s]
Scoring:  77%|#######7  | 185/239 [00:27<00:07,  6.96batch/s]
Scoring:  78%|#######7  | 186/239 [00:28<00:07,  7.05batch/s]
Scoring:  78%|#######8  | 187/239 [00:28<00:07,  7.01batch/s]
Scoring:  79%|#######8  | 188/239 [00:28<00:07,  7.03batch/s]
Scoring:  79%|#######9  | 189/239 [00:28<00:07,  6.92batch/s]
Scoring:  79%|#######9  | 190/239 [00:28<00:06,  7.01batch/s]
Scoring:  80%|#######9  | 191/239 [00:28<00:06,  6.90batch/s]
Scoring:  80%|########  | 192/239 [00:28<00:06,  6.96batch/s]
Scoring:  81%|########  | 193/239 [00:29<00:06,  6.82batch/s]
Scoring:  81%|########1 | 194/239 [00:29<00:06,  6.63batch/s]
Scoring:  82%|########1 | 195/239 [00:29<00:06,  6.90batch/s]
Scoring:  82%|########2 | 196/239 [00:29<00:06,  6.67batch/s]
Scoring:  82%|########2 | 197/239 [00:29<00:06,  6.92batch/s]
Scoring:  83%|########2 | 198/239 [00:29<00:06,  6.71batch/s]
Scoring:  83%|########3 | 199/239 [00:29<00:05,  7.04batch/s]
Scoring:  84%|########3 | 200/239 [00:30<00:05,  7.00batch/s]
Scoring:  84%|########4 | 201/239 [00:30<00:05,  6.84batch/s]
Scoring:  85%|########4 | 202/239 [00:30<00:05,  6.66batch/s]
Scoring:  85%|########4 | 203/239 [00:30<00:05,  7.00batch/s]
Scoring:  85%|########5 | 204/239 [00:30<00:05,  7.00batch/s]
Scoring:  86%|########5 | 205/239 [00:30<00:04,  6.83batch/s]
Scoring:  86%|########6 | 206/239 [00:30<00:04,  6.65batch/s]
Scoring:  87%|########6 | 207/239 [00:31<00:04,  6.94batch/s]
Scoring:  87%|########7 | 208/239 [00:31<00:04,  6.63batch/s]
Scoring:  87%|########7 | 209/239 [00:31<00:04,  6.79batch/s]
Scoring:  88%|########7 | 210/239 [00:31<00:04,  6.64batch/s]
Scoring:  88%|########8 | 211/239 [00:31<00:04,  6.96batch/s]
Scoring:  89%|########8 | 212/239 [00:31<00:04,  6.68batch/s]
Scoring:  89%|########9 | 213/239 [00:31<00:03,  6.91batch/s]
Scoring:  90%|########9 | 214/239 [00:32<00:03,  6.71batch/s]
Scoring:  90%|########9 | 215/239 [00:32<00:03,  6.97batch/s]
Scoring:  90%|######### | 216/239 [00:32<00:03,  6.69batch/s]
Scoring:  91%|######### | 217/239 [00:32<00:03,  6.92batch/s]
Scoring:  91%|#########1| 218/239 [00:32<00:03,  6.64batch/s]
Scoring:  92%|#########1| 219/239 [00:32<00:02,  6.90batch/s]
Scoring:  92%|#########2| 220/239 [00:33<00:02,  6.59batch/s]
Scoring:  92%|#########2| 221/239 [00:33<00:02,  6.77batch/s]
Scoring:  93%|#########2| 222/239 [00:33<00:02,  6.47batch/s]
Scoring:  93%|#########3| 223/239 [00:33<00:02,  6.70batch/s]
Scoring:  94%|#########3| 224/239 [00:33<00:02,  6.50batch/s]
Scoring:  94%|#########4| 225/239 [00:33<00:02,  6.67batch/s]
Scoring:  95%|#########4| 226/239 [00:33<00:01,  6.52batch/s]
Scoring:  95%|#########4| 227/239 [00:34<00:01,  6.78batch/s]
Scoring:  95%|#########5| 228/239 [00:34<00:01,  6.56batch/s]
Scoring:  96%|#########5| 229/239 [00:34<00:01,  6.77batch/s]
Scoring:  96%|#########6| 230/239 [00:34<00:01,  6.63batch/s]
Scoring:  97%|#########6| 231/239 [00:34<00:01,  6.97batch/s]
Scoring:  97%|#########7| 232/239 [00:34<00:01,  6.97batch/s]
Scoring:  97%|#########7| 233/239 [00:34<00:00,  6.86batch/s]
Scoring:  98%|#########7| 234/239 [00:35<00:00,  6.94batch/s]
Scoring:  98%|#########8| 235/239 [00:35<00:00,  6.89batch/s]
Scoring:  99%|#########8| 236/239 [00:35<00:00,  6.94batch/s]
Scoring:  99%|#########9| 237/239 [00:35<00:00,  6.85batch/s]
Scoring: 100%|#########9| 238/239 [00:35<00:00,  6.95batch/s]
Scoring: 100%|##########| 239/239 [00:35<00:00,  6.70batch/s]
python.exe : 
At D:\Research\NO-2D-Metamaterials\_run_0711E26_pipeline.ps1:34 char:9
+         & $PY @pyArgs 2>&1
+         ~~~~~~~~~~~~~~~~~~
    + CategoryInfo          : NotSpecified: (:String) [], RemoteException
    + FullyQualifiedErrorId : NativeCommandError
 
Decoding:   0%|          | 0/30 [00:00<?, ?batch/s]
Decoding:  10%|#         | 3/30 [00:00<00:01, 22.51batch/s]
Decoding:  20%|##        | 6/30 [00:00<00:01, 22.28batch/s]
Decoding:  30%|###       | 9/30 [00:00<00:00, 23.52batch/s]
Decoding:  40%|####      | 12/30 [00:00<00:00, 21.73batch/s]
Decoding:  50%|#####     | 15/30 [00:00<00:00, 20.00batch/s]
Decoding:  60%|######    | 18/30 [00:00<00:00, 19.22batch/s]
Decoding:  67%|######6   | 20/30 [00:00<00:00, 19.40batch/s]
Decoding:  73%|#######3  | 22/30 [00:01<00:00, 18.99batch/s]
Decoding:  80%|########  | 24/30 [00:01<00:00, 19.19batch/s]
Decoding:  87%|########6 | 26/30 [00:01<00:00, 18.54batch/s]
Decoding:  93%|#########3| 28/30 [00:01<00:00, 18.90batch/s]
Decoding: 100%|##########| 30/30 [00:01<00:00, 18.65batch/s]
Decoding: 100%|##########| 30/30 [00:01<00:00, 19.70batch/s]
python.exe : 
At D:\Research\NO-2D-Metamaterials\_run_0711E26_pipeline.ps1:34 char:9
+         & $PY @pyArgs 2>&1
+         ~~~~~~~~~~~~~~~~~~
    + CategoryInfo          : NotSpecified: (:String) [], RemoteException
    + FullyQualifiedErrorId : NativeCommandError
 
Relative error:   0%|          | 0/239 [00:00<?, ?batch/s]
Relative error:   0%|          | 1/239 [00:00<00:43,  5.46batch/s]
Relative error:   1%|          | 2/239 [00:00<00:47,  4.97batch/s]
Relative error:   1%|1         | 3/239 [00:00<00:47,  4.98batch/s]
Relative error:   2%|1         | 4/239 [00:00<00:49,  4.75batch/s]
Relative error:   2%|2         | 5/239 [00:01<00:49,  4.75batch/s]
Relative error:   3%|2         | 6/239 [00:01<00:48,  4.83batch/s]
Relative error:   3%|2         | 7/239 [00:01<00:48,  4.81batch/s]
Relative error:   3%|3         | 8/239 [00:01<00:47,  4.86batch/s]
Relative error:   4%|3         | 9/239 [00:01<00:48,  4.78batch/s]
Relative error:   4%|4         | 10/239 [00:02<00:48,  4.76batch/s]
Relative error:   5%|4         | 11/239 [00:02<00:45,  4.98batch/s]
Relative error:   5%|5         | 12/239 [00:02<00:47,  4.82batch/s]
Relative error:   5%|5         | 13/239 [00:02<00:46,  4.81batch/s]
Relative error:   6%|5         | 14/239 [00:02<00:48,  4.66batch/s]
Relative error:   6%|6         | 15/239 [00:03<00:48,  4.60batch/s]
Relative error:   7%|6         | 16/239 [00:03<00:47,  4.67batch/s]
Relative error:   7%|7         | 17/239 [00:03<00:47,  4.63batch/s]
Relative error:   8%|7         | 18/239 [00:03<00:47,  4.66batch/s]
Relative error:   8%|7         | 19/239 [00:04<00:48,  4.51batch/s]
Relative error:   8%|8         | 20/239 [00:04<00:50,  4.38batch/s]
Relative error:   9%|8         | 21/239 [00:04<00:50,  4.28batch/s]
Relative error:   9%|9         | 22/239 [00:04<00:54,  3.99batch/s]
Relative error:  10%|9         | 23/239 [00:05<00:54,  3.97batch/s]
Relative error:  10%|#         | 24/239 [00:05<00:52,  4.06batch/s]
Relative error:  10%|#         | 25/239 [00:05<00:50,  4.21batch/s]
Relative error:  11%|#         | 26/239 [00:05<00:49,  4.33batch/s]
Relative error:  11%|#1        | 27/239 [00:05<00:47,  4.45batch/s]
Relative error:  12%|#1        | 28/239 [00:06<00:46,  4.52batch/s]
Relative error:  12%|#2        | 29/239 [00:06<00:45,  4.61batch/s]
Relative error:  13%|#2        | 30/239 [00:06<00:45,  4.58batch/s]
Relative error:  13%|#2        | 31/239 [00:06<00:44,  4.63batch/s]
Relative error:  13%|#3        | 32/239 [00:06<00:44,  4.69batch/s]
Relative error:  14%|#3        | 33/239 [00:07<00:43,  4.70batch/s]
Relative error:  14%|#4        | 34/239 [00:07<00:43,  4.73batch/s]
Relative error:  15%|#4        | 35/239 [00:07<00:42,  4.77batch/s]
Relative error:  15%|#5        | 36/239 [00:07<00:42,  4.74batch/s]
Relative error:  15%|#5        | 37/239 [00:08<00:42,  4.72batch/s]
Relative error:  16%|#5        | 38/239 [00:08<00:42,  4.74batch/s]
Relative error:  16%|#6        | 39/239 [00:08<00:42,  4.71batch/s]
Relative error:  17%|#6        | 40/239 [00:08<00:42,  4.69batch/s]
Relative error:  17%|#7        | 41/239 [00:08<00:42,  4.65batch/s]
Relative error:  18%|#7        | 42/239 [00:09<00:42,  4.62batch/s]
Relative error:  18%|#7        | 43/239 [00:09<00:42,  4.64batch/s]
Relative error:  18%|#8        | 44/239 [00:09<00:42,  4.63batch/s]
Relative error:  19%|#8        | 45/239 [00:09<00:41,  4.70batch/s]
Relative error:  19%|#9        | 46/239 [00:09<00:41,  4.69batch/s]
Relative error:  20%|#9        | 47/239 [00:10<00:40,  4.70batch/s]
Relative error:  20%|##        | 48/239 [00:10<00:40,  4.76batch/s]
Relative error:  21%|##        | 49/239 [00:10<00:40,  4.75batch/s]
Relative error:  21%|##        | 50/239 [00:10<00:39,  4.76batch/s]
Relative error:  21%|##1       | 51/239 [00:11<00:39,  4.76batch/s]
Relative error:  22%|##1       | 52/239 [00:11<00:39,  4.77batch/s]
Relative error:  22%|##2       | 53/239 [00:11<00:38,  4.78batch/s]
Relative error:  23%|##2       | 54/239 [00:11<00:38,  4.75batch/s]
Relative error:  23%|##3       | 55/239 [00:11<00:38,  4.74batch/s]
Relative error:  23%|##3       | 56/239 [00:12<00:38,  4.73batch/s]
Relative error:  24%|##3       | 57/239 [00:12<00:38,  4.70batch/s]
Relative error:  24%|##4       | 58/239 [00:12<00:38,  4.72batch/s]
Relative error:  25%|##4       | 59/239 [00:12<00:37,  4.77batch/s]
Relative error:  25%|##5       | 60/239 [00:12<00:37,  4.79batch/s]
Relative error:  26%|##5       | 61/239 [00:13<00:37,  4.77batch/s]
Relative error:  26%|##5       | 62/239 [00:13<00:37,  4.78batch/s]
Relative error:  26%|##6       | 63/239 [00:13<00:37,  4.73batch/s]
Relative error:  27%|##6       | 64/239 [00:13<00:36,  4.75batch/s]
Relative error:  27%|##7       | 65/239 [00:13<00:36,  4.71batch/s]
Relative error:  28%|##7       | 66/239 [00:14<00:36,  4.71batch/s]
Relative error:  28%|##8       | 67/239 [00:14<00:36,  4.71batch/s]
Relative error:  28%|##8       | 68/239 [00:14<00:36,  4.69batch/s]
Relative error:  29%|##8       | 69/239 [00:14<00:36,  4.63batch/s]
Relative error:  29%|##9       | 70/239 [00:15<00:36,  4.64batch/s]
Relative error:  30%|##9       | 71/239 [00:15<00:36,  4.59batch/s]
Relative error:  30%|###       | 72/239 [00:15<00:37,  4.40batch/s]
Relative error:  31%|###       | 73/239 [00:15<00:37,  4.38batch/s]
Relative error:  31%|###       | 74/239 [00:15<00:36,  4.47batch/s]
Relative error:  31%|###1      | 75/239 [00:16<00:37,  4.36batch/s]
Relative error:  32%|###1      | 76/239 [00:16<00:37,  4.38batch/s]
Relative error:  32%|###2      | 77/239 [00:16<00:36,  4.46batch/s]
Relative error:  33%|###2      | 78/239 [00:16<00:35,  4.54batch/s]
Relative error:  33%|###3      | 79/239 [00:17<00:34,  4.57batch/s]
Relative error:  33%|###3      | 80/239 [00:17<00:34,  4.65batch/s]
Relative error:  34%|###3      | 81/239 [00:17<00:33,  4.65batch/s]
Relative error:  34%|###4      | 82/239 [00:17<00:33,  4.67batch/s]
Relative error:  35%|###4      | 83/239 [00:17<00:33,  4.60batch/s]
Relative error:  35%|###5      | 84/239 [00:18<00:33,  4.65batch/s]
Relative error:  36%|###5      | 85/239 [00:18<00:33,  4.55batch/s]
Relative error:  36%|###5      | 86/239 [00:18<00:33,  4.59batch/s]
Relative error:  36%|###6      | 87/239 [00:18<00:32,  4.61batch/s]
Relative error:  37%|###6      | 88/239 [00:19<00:33,  4.53batch/s]
Relative error:  37%|###7      | 89/239 [00:19<00:32,  4.59batch/s]
Relative error:  38%|###7      | 90/239 [00:19<00:33,  4.43batch/s]
Relative error:  38%|###8      | 91/239 [00:19<00:33,  4.37batch/s]
Relative error:  38%|###8      | 92/239 [00:19<00:33,  4.44batch/s]
Relative error:  39%|###8      | 93/239 [00:20<00:32,  4.46batch/s]
Relative error:  39%|###9      | 94/239 [00:20<00:32,  4.53batch/s]
Relative error:  40%|###9      | 95/239 [00:20<00:32,  4.50batch/s]
Relative error:  40%|####      | 96/239 [00:20<00:31,  4.57batch/s]
Relative error:  41%|####      | 97/239 [00:21<00:32,  4.40batch/s]
Relative error:  41%|####1     | 98/239 [00:21<00:32,  4.40batch/s]
Relative error:  41%|####1     | 99/239 [00:21<00:31,  4.41batch/s]
Relative error:  42%|####1     | 100/239 [00:21<00:31,  4.40batch/s]
Relative error:  42%|####2     | 101/239 [00:21<00:31,  4.41batch/s]
Relative error:  43%|####2     | 102/239 [00:22<00:30,  4.48batch/s]
Relative error:  43%|####3     | 103/239 [00:22<00:29,  4.56batch/s]
Relative error:  44%|####3     | 104/239 [00:22<00:29,  4.53batch/s]
Relative error:  44%|####3     | 105/239 [00:22<00:29,  4.47batch/s]
Relative error:  44%|####4     | 106/239 [00:23<00:30,  4.33batch/s]
Relative error:  45%|####4     | 107/239 [00:23<00:29,  4.44batch/s]
Relative error:  45%|####5     | 108/239 [00:23<00:28,  4.52batch/s]
Relative error:  46%|####5     | 109/239 [00:23<00:28,  4.49batch/s]
Relative error:  46%|####6     | 110/239 [00:23<00:28,  4.54batch/s]
Relative error:  46%|####6     | 111/239 [00:24<00:28,  4.50batch/s]
Relative error:  47%|####6     | 112/239 [00:24<00:28,  4.46batch/s]
Relative error:  47%|####7     | 113/239 [00:24<00:27,  4.55batch/s]
Relative error:  48%|####7     | 114/239 [00:24<00:27,  4.56batch/s]
Relative error:  48%|####8     | 115/239 [00:25<00:26,  4.60batch/s]
Relative error:  49%|####8     | 116/239 [00:25<00:26,  4.57batch/s]
Relative error:  49%|####8     | 117/239 [00:25<00:26,  4.66batch/s]
Relative error:  49%|####9     | 118/239 [00:25<00:26,  4.57batch/s]
Relative error:  50%|####9     | 119/239 [00:25<00:25,  4.64batch/s]
Relative error:  50%|#####     | 120/239 [00:26<00:25,  4.61batch/s]
Relative error:  51%|#####     | 121/239 [00:26<00:25,  4.62batch/s]
Relative error:  51%|#####1    | 122/239 [00:26<00:25,  4.58batch/s]
Relative error:  51%|#####1    | 123/239 [00:26<00:25,  4.63batch/s]
Relative error:  52%|#####1    | 124/239 [00:27<00:25,  4.50batch/s]
Relative error:  52%|#####2    | 125/239 [00:27<00:25,  4.54batch/s]
Relative error:  53%|#####2    | 126/239 [00:27<00:24,  4.65batch/s]
Relative error:  53%|#####3    | 127/239 [00:27<00:24,  4.59batch/s]
Relative error:  54%|#####3    | 128/239 [00:27<00:23,  4.65batch/s]
Relative error:  54%|#####3    | 129/239 [00:28<00:23,  4.61batch/s]
Relative error:  54%|#####4    | 130/239 [00:28<00:23,  4.66batch/s]
Relative error:  55%|#####4    | 131/239 [00:28<00:23,  4.61batch/s]
Relative error:  55%|#####5    | 132/239 [00:28<00:22,  4.70batch/s]
Relative error:  56%|#####5    | 133/239 [00:28<00:22,  4.66batch/s]
Relative error:  56%|#####6    | 134/239 [00:29<00:22,  4.72batch/s]
Relative error:  56%|#####6    | 135/239 [00:29<00:22,  4.62batch/s]
Relative error:  57%|#####6    | 136/239 [00:29<00:22,  4.61batch/s]
Relative error:  57%|#####7    | 137/239 [00:29<00:21,  4.72batch/s]
Relative error:  58%|#####7    | 138/239 [00:30<00:21,  4.70batch/s]
Relative error:  58%|#####8    | 139/239 [00:30<00:20,  4.77batch/s]
Relative error:  59%|#####8    | 140/239 [00:30<00:21,  4.70batch/s]
Relative error:  59%|#####8    | 141/239 [00:30<00:20,  4.74batch/s]
Relative error:  59%|#####9    | 142/239 [00:30<00:20,  4.68batch/s]
Relative error:  60%|#####9    | 143/239 [00:31<00:20,  4.68batch/s]
Relative error:  60%|######    | 144/239 [00:31<00:20,  4.60batch/s]
Relative error:  61%|######    | 145/239 [00:31<00:20,  4.52batch/s]
Relative error:  61%|######1   | 146/239 [00:31<00:20,  4.56batch/s]
Relative error:  62%|######1   | 147/239 [00:31<00:20,  4.55batch/s]
Relative error:  62%|######1   | 148/239 [00:32<00:20,  4.50batch/s]
Relative error:  62%|######2   | 149/239 [00:32<00:20,  4.47batch/s]
Relative error:  63%|######2   | 150/239 [00:32<00:19,  4.49batch/s]
Relative error:  63%|######3   | 151/239 [00:32<00:19,  4.56batch/s]
Relative error:  64%|######3   | 152/239 [00:33<00:19,  4.49batch/s]
Relative error:  64%|######4   | 153/239 [00:33<00:18,  4.54batch/s]
Relative error:  64%|######4   | 154/239 [00:33<00:18,  4.60batch/s]
Relative error:  65%|######4   | 155/239 [00:33<00:18,  4.51batch/s]
Relative error:  65%|######5   | 156/239 [00:33<00:18,  4.51batch/s]
Relative error:  66%|######5   | 157/239 [00:34<00:18,  4.45batch/s]
Relative error:  66%|######6   | 158/239 [00:34<00:18,  4.45batch/s]
Relative error:  67%|######6   | 159/239 [00:34<00:18,  4.43batch/s]
Relative error:  67%|######6   | 160/239 [00:34<00:17,  4.42batch/s]
Relative error:  67%|######7   | 161/239 [00:35<00:17,  4.40batch/s]
Relative error:  68%|######7   | 162/239 [00:35<00:17,  4.46batch/s]
Relative error:  68%|######8   | 163/239 [00:35<00:16,  4.48batch/s]
Relative error:  69%|######8   | 164/239 [00:35<00:16,  4.58batch/s]
Relative error:  69%|######9   | 165/239 [00:35<00:16,  4.54batch/s]
Relative error:  69%|######9   | 166/239 [00:36<00:16,  4.54batch/s]
Relative error:  70%|######9   | 167/239 [00:36<00:15,  4.52batch/s]
Relative error:  70%|#######   | 168/239 [00:36<00:15,  4.54batch/s]
Relative error:  71%|#######   | 169/239 [00:36<00:15,  4.52batch/s]
Relative error:  71%|#######1  | 170/239 [00:37<00:16,  4.31batch/s]
Relative error:  72%|#######1  | 171/239 [00:37<00:16,  4.13batch/s]
Relative error:  72%|#######1  | 172/239 [00:37<00:16,  3.99batch/s]
Relative error:  72%|#######2  | 173/239 [00:37<00:16,  4.09batch/s]
Relative error:  73%|#######2  | 174/239 [00:38<00:15,  4.12batch/s]
Relative error:  73%|#######3  | 175/239 [00:38<00:15,  4.16batch/s]
Relative error:  74%|#######3  | 176/239 [00:38<00:14,  4.21batch/s]
Relative error:  74%|#######4  | 177/239 [00:38<00:14,  4.35batch/s]
Relative error:  74%|#######4  | 178/239 [00:39<00:14,  4.32batch/s]
Relative error:  75%|#######4  | 179/239 [00:39<00:13,  4.36batch/s]
Relative error:  75%|#######5  | 180/239 [00:39<00:13,  4.43batch/s]
Relative error:  76%|#######5  | 181/239 [00:39<00:13,  4.39batch/s]
Relative error:  76%|#######6  | 182/239 [00:39<00:12,  4.41batch/s]
Relative error:  77%|#######6  | 183/239 [00:40<00:12,  4.41batch/s]
Relative error:  77%|#######6  | 184/239 [00:40<00:12,  4.34batch/s]
Relative error:  77%|#######7  | 185/239 [00:40<00:12,  4.33batch/s]
Relative error:  78%|#######7  | 186/239 [00:40<00:12,  4.20batch/s]
Relative error:  78%|#######8  | 187/239 [00:41<00:13,  3.96batch/s]
Relative error:  79%|#######8  | 188/239 [00:41<00:12,  3.99batch/s]
Relative error:  79%|#######9  | 189/239 [00:41<00:12,  4.00batch/s]
Relative error:  79%|#######9  | 190/239 [00:41<00:11,  4.12batch/s]
Relative error:  80%|#######9  | 191/239 [00:42<00:11,  4.16batch/s]
Relative error:  80%|########  | 192/239 [00:42<00:10,  4.28batch/s]
Relative error:  81%|########  | 193/239 [00:42<00:10,  4.28batch/s]
Relative error:  81%|########1 | 194/239 [00:42<00:10,  4.34batch/s]
Relative error:  82%|########1 | 195/239 [00:43<00:10,  4.37batch/s]
Relative error:  82%|########2 | 196/239 [00:43<00:09,  4.33batch/s]
Relative error:  82%|########2 | 197/239 [00:43<00:09,  4.33batch/s]
Relative error:  83%|########2 | 198/239 [00:43<00:09,  4.39batch/s]
Relative error:  83%|########3 | 199/239 [00:43<00:09,  4.35batch/s]
Relative error:  84%|########3 | 200/239 [00:44<00:08,  4.37batch/s]
Relative error:  84%|########4 | 201/239 [00:44<00:08,  4.43batch/s]
Relative error:  85%|########4 | 202/239 [00:44<00:08,  4.39batch/s]
Relative error:  85%|########4 | 203/239 [00:44<00:08,  4.47batch/s]
Relative error:  85%|########5 | 204/239 [00:45<00:07,  4.46batch/s]
Relative error:  86%|########5 | 205/239 [00:45<00:07,  4.42batch/s]
Relative error:  86%|########6 | 206/239 [00:45<00:07,  4.26batch/s]
Relative error:  87%|########6 | 207/239 [00:45<00:07,  4.14batch/s]
Relative error:  87%|########7 | 208/239 [00:46<00:07,  4.13batch/s]
Relative error:  87%|########7 | 209/239 [00:46<00:07,  4.13batch/s]
Relative error:  88%|########7 | 210/239 [00:46<00:06,  4.15batch/s]
Relative error:  88%|########8 | 211/239 [00:46<00:06,  4.16batch/s]
Relative error:  89%|########8 | 212/239 [00:47<00:06,  4.11batch/s]
Relative error:  89%|########9 | 213/239 [00:47<00:06,  4.18batch/s]
Relative error:  90%|########9 | 214/239 [00:47<00:05,  4.26batch/s]
Relative error:  90%|########9 | 215/239 [00:47<00:05,  4.30batch/s]
Relative error:  90%|######### | 216/239 [00:47<00:05,  4.39batch/s]
Relative error:  91%|######### | 217/239 [00:48<00:05,  4.30batch/s]
Relative error:  91%|#########1| 218/239 [00:48<00:04,  4.24batch/s]
Relative error:  92%|#########1| 219/239 [00:48<00:04,  4.23batch/s]
Relative error:  92%|#########2| 220/239 [00:48<00:04,  4.14batch/s]
Relative error:  92%|#########2| 221/239 [00:49<00:04,  4.13batch/s]
Relative error:  93%|#########2| 222/239 [00:49<00:03,  4.27batch/s]
Relative error:  93%|#########3| 223/239 [00:49<00:03,  4.34batch/s]
Relative error:  94%|#########3| 224/239 [00:49<00:03,  4.51batch/s]
Relative error:  94%|#########4| 225/239 [00:50<00:03,  4.45batch/s]
Relative error:  95%|#########4| 226/239 [00:50<00:02,  4.52batch/s]
Relative error:  95%|#########4| 227/239 [00:50<00:02,  4.60batch/s]
Relative error:  95%|#########5| 228/239 [00:50<00:02,  4.59batch/s]
Relative error:  96%|#########5| 229/239 [00:50<00:02,  4.48batch/s]
Relative error:  96%|#########6| 230/239 [00:51<00:01,  4.58batch/s]
Relative error:  97%|#########6| 231/239 [00:51<00:01,  4.55batch/s]
Relative error:  97%|#########7| 232/239 [00:51<00:01,  4.62batch/s]
Relative error:  97%|#########7| 233/239 [00:51<00:01,  4.54batch/s]
Relative error:  98%|#########7| 234/239 [00:51<00:01,  4.63batch/s]
Relative error:  98%|#########8| 235/239 [00:52<00:00,  4.60batch/s]
Relative error:  99%|#########8| 236/239 [00:52<00:00,  4.57batch/s]
Relative error:  99%|#########9| 237/239 [00:52<00:00,  4.64batch/s]
Relative error: 100%|#########9| 238/239 [00:52<00:00,  4.58batch/s]
Relative error: 100%|##########| 239/239 [00:52<00:00,  4.52batch/s]
python.exe : 
At D:\Research\NO-2D-Metamaterials\_run_0711E26_pipeline.ps1:34 char:9
+         & $PY @pyArgs 2>&1
+         ~~~~~~~~~~~~~~~~~~
    + CategoryInfo          : NotSpecified: (:String) [], RemoteException
    + FullyQualifiedErrorId : NativeCommandError
 
Scoring:   0%|          | 0/239 [00:00<?, ?batch/s]
Scoring:   0%|          | 1/239 [00:00<00:29,  8.00batch/s]
Scoring:   1%|          | 2/239 [00:00<00:35,  6.75batch/s]
Scoring:   1%|1         | 3/239 [00:00<00:32,  7.28batch/s]
Scoring:   2%|1         | 4/239 [00:00<00:29,  7.84batch/s]
Scoring:   2%|2         | 5/239 [00:00<00:30,  7.64batch/s]
Scoring:   3%|2         | 6/239 [00:00<00:29,  7.94batch/s]
Scoring:   3%|2         | 7/239 [00:00<00:30,  7.60batch/s]
Scoring:   3%|3         | 8/239 [00:01<00:29,  7.82batch/s]
Scoring:   4%|3         | 9/239 [00:01<00:30,  7.52batch/s]
Scoring:   4%|4         | 10/239 [00:01<00:30,  7.58batch/s]
Scoring:   5%|4         | 11/239 [00:01<00:29,  7.78batch/s]
Scoring:   5%|5         | 12/239 [00:01<00:29,  7.72batch/s]
Scoring:   5%|5         | 13/239 [00:01<00:28,  7.95batch/s]
Scoring:   6%|5         | 14/239 [00:01<00:28,  7.90batch/s]
Scoring:   6%|6         | 15/239 [00:01<00:28,  8.00batch/s]
Scoring:   7%|6         | 16/239 [00:02<00:28,  7.85batch/s]
Scoring:   7%|7         | 17/239 [00:02<00:27,  8.03batch/s]
Scoring:   8%|7         | 18/239 [00:02<00:27,  7.98batch/s]
Scoring:   8%|7         | 19/239 [00:02<00:26,  8.18batch/s]
Scoring:   8%|8         | 20/239 [00:02<00:26,  8.14batch/s]
Scoring:   9%|8         | 21/239 [00:02<00:26,  8.36batch/s]
Scoring:   9%|9         | 22/239 [00:02<00:27,  7.96batch/s]
Scoring:  10%|9         | 23/239 [00:02<00:27,  7.93batch/s]
Scoring:  10%|#         | 24/239 [00:03<00:28,  7.59batch/s]
Scoring:  10%|#         | 25/239 [00:03<00:27,  7.84batch/s]
Scoring:  11%|#         | 26/239 [00:03<00:26,  7.96batch/s]
Scoring:  11%|#1        | 27/239 [00:03<00:26,  8.00batch/s]
Scoring:  12%|#1        | 28/239 [00:03<00:25,  8.14batch/s]
Scoring:  12%|#2        | 29/239 [00:03<00:26,  8.04batch/s]
Scoring:  13%|#2        | 30/239 [00:03<00:25,  8.21batch/s]
Scoring:  13%|#2        | 31/239 [00:03<00:25,  8.07batch/s]
Scoring:  13%|#3        | 32/239 [00:04<00:25,  8.21batch/s]
Scoring:  14%|#3        | 33/239 [00:04<00:25,  8.12batch/s]
Scoring:  14%|#4        | 34/239 [00:04<00:24,  8.33batch/s]
Scoring:  15%|#4        | 35/239 [00:04<00:25,  8.14batch/s]
Scoring:  15%|#5        | 36/239 [00:04<00:26,  7.71batch/s]
Scoring:  15%|#5        | 37/239 [00:04<00:25,  7.81batch/s]
Scoring:  16%|#5        | 38/239 [00:04<00:25,  7.96batch/s]
Scoring:  16%|#6        | 39/239 [00:04<00:25,  8.00batch/s]
Scoring:  17%|#6        | 40/239 [00:05<00:24,  8.08batch/s]
Scoring:  17%|#7        | 41/239 [00:05<00:24,  8.02batch/s]
Scoring:  18%|#7        | 42/239 [00:05<00:24,  8.19batch/s]
Scoring:  18%|#7        | 43/239 [00:05<00:24,  8.07batch/s]
Scoring:  18%|#8        | 44/239 [00:05<00:23,  8.22batch/s]
Scoring:  19%|#8        | 45/239 [00:05<00:24,  7.97batch/s]
Scoring:  19%|#9        | 46/239 [00:05<00:24,  7.75batch/s]
Scoring:  20%|#9        | 47/239 [00:05<00:24,  7.76batch/s]
Scoring:  20%|##        | 48/239 [00:06<00:23,  8.05batch/s]
Scoring:  21%|##        | 49/239 [00:06<00:24,  7.75batch/s]
Scoring:  21%|##        | 50/239 [00:06<00:23,  7.99batch/s]
Scoring:  21%|##1       | 51/239 [00:06<00:22,  8.18batch/s]
Scoring:  22%|##1       | 52/239 [00:06<00:23,  8.09batch/s]
Scoring:  22%|##2       | 53/239 [00:06<00:22,  8.31batch/s]
Scoring:  23%|##2       | 54/239 [00:06<00:22,  8.24batch/s]
Scoring:  23%|##3       | 55/239 [00:06<00:22,  8.28batch/s]
Scoring:  23%|##3       | 56/239 [00:07<00:22,  8.18batch/s]
Scoring:  24%|##3       | 57/239 [00:07<00:21,  8.29batch/s]
Scoring:  24%|##4       | 58/239 [00:07<00:21,  8.23batch/s]
Scoring:  25%|##4       | 59/239 [00:07<00:21,  8.29batch/s]
Scoring:  25%|##5       | 60/239 [00:07<00:22,  8.07batch/s]
Scoring:  26%|##5       | 61/239 [00:07<00:21,  8.18batch/s]
Scoring:  26%|##5       | 62/239 [00:07<00:21,  8.09batch/s]
Scoring:  26%|##6       | 63/239 [00:07<00:21,  8.23batch/s]
Scoring:  27%|##6       | 64/239 [00:08<00:21,  8.19batch/s]
Scoring:  27%|##7       | 65/239 [00:08<00:20,  8.35batch/s]
Scoring:  28%|##7       | 66/239 [00:08<00:20,  8.25batch/s]
Scoring:  28%|##8       | 67/239 [00:08<00:20,  8.39batch/s]
Scoring:  28%|##8       | 68/239 [00:08<00:20,  8.28batch/s]
Scoring:  29%|##8       | 69/239 [00:08<00:20,  8.44batch/s]
Scoring:  29%|##9       | 70/239 [00:08<00:20,  8.42batch/s]
Scoring:  30%|##9       | 71/239 [00:08<00:19,  8.47batch/s]
Scoring:  30%|###       | 72/239 [00:08<00:19,  8.37batch/s]
Scoring:  31%|###       | 73/239 [00:09<00:19,  8.46batch/s]
Scoring:  31%|###       | 74/239 [00:09<00:19,  8.38batch/s]
Scoring:  31%|###1      | 75/239 [00:09<00:19,  8.48batch/s]
Scoring:  32%|###1      | 76/239 [00:09<00:19,  8.28batch/s]
Scoring:  32%|###2      | 77/239 [00:09<00:19,  8.41batch/s]
Scoring:  33%|###2      | 78/239 [00:09<00:19,  8.31batch/s]
Scoring:  33%|###3      | 79/239 [00:09<00:19,  8.32batch/s]
Scoring:  33%|###3      | 80/239 [00:09<00:19,  8.14batch/s]
Scoring:  34%|###3      | 81/239 [00:10<00:19,  8.25batch/s]
Scoring:  34%|###4      | 82/239 [00:10<00:19,  8.16batch/s]
Scoring:  35%|###4      | 83/239 [00:10<00:18,  8.36batch/s]
Scoring:  35%|###5      | 84/239 [00:10<00:19,  8.12batch/s]
Scoring:  36%|###5      | 85/239 [00:10<00:19,  7.74batch/s]
Scoring:  36%|###5      | 86/239 [00:10<00:19,  7.79batch/s]
Scoring:  36%|###6      | 87/239 [00:10<00:18,  8.09batch/s]
Scoring:  37%|###6      | 88/239 [00:10<00:19,  7.78batch/s]
Scoring:  37%|###7      | 89/239 [00:11<00:18,  7.95batch/s]
Scoring:  38%|###7      | 90/239 [00:11<00:18,  8.12batch/s]
Scoring:  38%|###8      | 91/239 [00:11<00:18,  8.13batch/s]
Scoring:  38%|###8      | 92/239 [00:11<00:17,  8.25batch/s]
Scoring:  39%|###8      | 93/239 [00:11<00:19,  7.65batch/s]
Scoring:  39%|###9      | 94/239 [00:11<00:19,  7.30batch/s]
Scoring:  40%|###9      | 95/239 [00:11<00:19,  7.44batch/s]
Scoring:  40%|####      | 96/239 [00:11<00:19,  7.16batch/s]
Scoring:  41%|####      | 97/239 [00:12<00:19,  7.35batch/s]
Scoring:  41%|####1     | 98/239 [00:12<00:19,  7.12batch/s]
Scoring:  41%|####1     | 99/239 [00:12<00:19,  7.22batch/s]
Scoring:  42%|####1     | 100/239 [00:12<00:19,  7.11batch/s]
Scoring:  42%|####2     | 101/239 [00:12<00:18,  7.35batch/s]
Scoring:  43%|####2     | 102/239 [00:12<00:18,  7.31batch/s]
Scoring:  43%|####3     | 103/239 [00:12<00:18,  7.45batch/s]
Scoring:  44%|####3     | 104/239 [00:13<00:17,  7.59batch/s]
Scoring:  44%|####3     | 105/239 [00:13<00:17,  7.45batch/s]
Scoring:  44%|####4     | 106/239 [00:13<00:18,  7.37batch/s]
Scoring:  45%|####4     | 107/239 [00:13<00:17,  7.50batch/s]
Scoring:  45%|####5     | 108/239 [00:13<00:17,  7.69batch/s]
Scoring:  46%|####5     | 109/239 [00:13<00:16,  7.77batch/s]
Scoring:  46%|####6     | 110/239 [00:13<00:16,  7.99batch/s]
Scoring:  46%|####6     | 111/239 [00:13<00:16,  7.85batch/s]
Scoring:  47%|####6     | 112/239 [00:14<00:15,  8.06batch/s]
Scoring:  47%|####7     | 113/239 [00:14<00:15,  7.93batch/s]
Scoring:  48%|####7     | 114/239 [00:14<00:15,  8.14batch/s]
Scoring:  48%|####8     | 115/239 [00:14<00:15,  8.15batch/s]
Scoring:  49%|####8     | 116/239 [00:14<00:14,  8.29batch/s]
Scoring:  49%|####8     | 117/239 [00:14<00:15,  8.12batch/s]
Scoring:  49%|####9     | 118/239 [00:14<00:15,  7.81batch/s]
Scoring:  50%|####9     | 119/239 [00:14<00:15,  7.80batch/s]
Scoring:  50%|#####     | 120/239 [00:15<00:14,  8.03batch/s]
Scoring:  51%|#####     | 121/239 [00:15<00:15,  7.75batch/s]
Scoring:  51%|#####1    | 122/239 [00:15<00:14,  7.99batch/s]
Scoring:  51%|#####1    | 123/239 [00:15<00:15,  7.69batch/s]
Scoring:  52%|#####1    | 124/239 [00:15<00:14,  7.85batch/s]
Scoring:  52%|#####2    | 125/239 [00:15<00:14,  8.00batch/s]
Scoring:  53%|#####2    | 126/239 [00:15<00:14,  7.81batch/s]
Scoring:  53%|#####3    | 127/239 [00:15<00:14,  7.86batch/s]
Scoring:  54%|#####3    | 128/239 [00:16<00:14,  7.71batch/s]
Scoring:  54%|#####3    | 129/239 [00:16<00:14,  7.70batch/s]
Scoring:  54%|#####4    | 130/239 [00:16<00:13,  7.95batch/s]
Scoring:  55%|#####4    | 131/239 [00:16<00:14,  7.51batch/s]
Scoring:  55%|#####5    | 132/239 [00:16<00:14,  7.34batch/s]
Scoring:  56%|#####5    | 133/239 [00:16<00:14,  7.44batch/s]
Scoring:  56%|#####6    | 134/239 [00:16<00:14,  7.45batch/s]
Scoring:  56%|#####6    | 135/239 [00:17<00:13,  7.57batch/s]
Scoring:  57%|#####6    | 136/239 [00:17<00:13,  7.80batch/s]
Scoring:  57%|#####7    | 137/239 [00:17<00:12,  7.87batch/s]
Scoring:  58%|#####7    | 138/239 [00:17<00:12,  8.03batch/s]
Scoring:  58%|#####8    | 139/239 [00:17<00:12,  8.07batch/s]
Scoring:  59%|#####8    | 140/239 [00:17<00:12,  8.19batch/s]
Scoring:  59%|#####8    | 141/239 [00:17<00:12,  8.02batch/s]
Scoring:  59%|#####9    | 142/239 [00:17<00:12,  7.68batch/s]
Scoring:  60%|#####9    | 143/239 [00:18<00:12,  7.58batch/s]
Scoring:  60%|######    | 144/239 [00:18<00:12,  7.78batch/s]
Scoring:  61%|######    | 145/239 [00:18<00:12,  7.80batch/s]
Scoring:  61%|######1   | 146/239 [00:18<00:11,  7.96batch/s]
Scoring:  62%|######1   | 147/239 [00:18<00:11,  8.05batch/s]
Scoring:  62%|######1   | 148/239 [00:18<00:11,  8.21batch/s]
Scoring:  62%|######2   | 149/239 [00:18<00:10,  8.26batch/s]
Scoring:  63%|######2   | 150/239 [00:18<00:10,  8.27batch/s]
Scoring:  63%|######3   | 151/239 [00:19<00:10,  8.28batch/s]
Scoring:  64%|######3   | 152/239 [00:19<00:10,  8.38batch/s]
Scoring:  64%|######4   | 153/239 [00:19<00:10,  8.29batch/s]
Scoring:  64%|######4   | 154/239 [00:19<00:10,  8.34batch/s]
Scoring:  65%|######4   | 155/239 [00:19<00:10,  8.37batch/s]
Scoring:  65%|######5   | 156/239 [00:19<00:09,  8.49batch/s]
Scoring:  66%|######5   | 157/239 [00:19<00:09,  8.43batch/s]
Scoring:  66%|######6   | 158/239 [00:19<00:09,  8.34batch/s]
Scoring:  67%|######6   | 159/239 [00:19<00:09,  8.18batch/s]
Scoring:  67%|######6   | 160/239 [00:20<00:10,  7.83batch/s]
Scoring:  67%|######7   | 161/239 [00:20<00:10,  7.57batch/s]
Scoring:  68%|######7   | 162/239 [00:20<00:10,  7.43batch/s]
Scoring:  68%|######8   | 163/239 [00:20<00:09,  7.65batch/s]
Scoring:  69%|######8   | 164/239 [00:20<00:09,  7.84batch/s]
Scoring:  69%|######9   | 165/239 [00:20<00:09,  7.77batch/s]
Scoring:  69%|######9   | 166/239 [00:20<00:09,  7.81batch/s]
Scoring:  70%|######9   | 167/239 [00:21<00:09,  7.55batch/s]
Scoring:  70%|#######   | 168/239 [00:21<00:09,  7.70batch/s]
Scoring:  71%|#######   | 169/239 [00:21<00:09,  7.61batch/s]
Scoring:  71%|#######1  | 170/239 [00:21<00:08,  7.75batch/s]
Scoring:  72%|#######1  | 171/239 [00:21<00:08,  7.98batch/s]
Scoring:  72%|#######1  | 172/239 [00:21<00:08,  7.83batch/s]
Scoring:  72%|#######2  | 173/239 [00:21<00:08,  7.93batch/s]
Scoring:  73%|#######2  | 174/239 [00:21<00:08,  7.74batch/s]
Scoring:  73%|#######3  | 175/239 [00:22<00:08,  7.51batch/s]
Scoring:  74%|#######3  | 176/239 [00:22<00:08,  7.64batch/s]
Scoring:  74%|#######4  | 177/239 [00:22<00:08,  7.71batch/s]
Scoring:  74%|#######4  | 178/239 [00:22<00:07,  7.67batch/s]
Scoring:  75%|#######4  | 179/239 [00:22<00:08,  7.29batch/s]
Scoring:  75%|#######5  | 180/239 [00:22<00:08,  7.31batch/s]
Scoring:  76%|#######5  | 181/239 [00:22<00:08,  6.94batch/s]
Scoring:  76%|#######6  | 182/239 [00:23<00:08,  7.07batch/s]
Scoring:  77%|#######6  | 183/239 [00:23<00:07,  7.38batch/s]
Scoring:  77%|#######6  | 184/239 [00:23<00:07,  7.44batch/s]
Scoring:  77%|#######7  | 185/239 [00:23<00:06,  7.82batch/s]
Scoring:  78%|#######7  | 186/239 [00:23<00:06,  7.95batch/s]
Scoring:  78%|#######8  | 187/239 [00:23<00:06,  8.05batch/s]
Scoring:  79%|#######8  | 188/239 [00:23<00:06,  8.03batch/s]
Scoring:  79%|#######9  | 189/239 [00:23<00:06,  8.22batch/s]
Scoring:  79%|#######9  | 190/239 [00:24<00:05,  8.31batch/s]
Scoring:  80%|#######9  | 191/239 [00:24<00:05,  8.39batch/s]
Scoring:  80%|########  | 192/239 [00:24<00:05,  8.24batch/s]
Scoring:  81%|########  | 193/239 [00:24<00:05,  7.75batch/s]
Scoring:  81%|########1 | 194/239 [00:24<00:05,  7.98batch/s]
Scoring:  82%|########1 | 195/239 [00:24<00:05,  8.22batch/s]
Scoring:  82%|########2 | 196/239 [00:24<00:05,  7.92batch/s]
Scoring:  82%|########2 | 197/239 [00:24<00:05,  7.89batch/s]
Scoring:  83%|########2 | 198/239 [00:25<00:05,  7.84batch/s]
Scoring:  83%|########3 | 199/239 [00:25<00:04,  8.03batch/s]
Scoring:  84%|########3 | 200/239 [00:25<00:04,  8.22batch/s]
Scoring:  84%|########4 | 201/239 [00:25<00:04,  7.82batch/s]
Scoring:  85%|########4 | 202/239 [00:25<00:04,  8.00batch/s]
Scoring:  85%|########4 | 203/239 [00:25<00:04,  8.29batch/s]
Scoring:  85%|########5 | 204/239 [00:25<00:04,  8.23batch/s]
Scoring:  86%|########5 | 205/239 [00:25<00:04,  7.62batch/s]
Scoring:  86%|########6 | 206/239 [00:26<00:04,  7.86batch/s]
Scoring:  87%|########6 | 207/239 [00:26<00:03,  8.14batch/s]
Scoring:  87%|########7 | 208/239 [00:26<00:03,  7.79batch/s]
Scoring:  87%|########7 | 209/239 [00:26<00:03,  7.98batch/s]
Scoring:  88%|########7 | 210/239 [00:26<00:03,  8.20batch/s]
Scoring:  88%|########8 | 211/239 [00:26<00:03,  8.25batch/s]
Scoring:  89%|########8 | 212/239 [00:26<00:03,  8.39batch/s]
Scoring:  89%|########9 | 213/239 [00:26<00:03,  8.27batch/s]
Scoring:  90%|########9 | 214/239 [00:27<00:03,  7.79batch/s]
Scoring:  90%|########9 | 215/239 [00:27<00:03,  7.96batch/s]
Scoring:  90%|######### | 216/239 [00:27<00:02,  8.16batch/s]
Scoring:  91%|######### | 217/239 [00:27<00:02,  7.79batch/s]
Scoring:  91%|#########1| 218/239 [00:27<00:02,  7.98batch/s]
Scoring:  92%|#########1| 219/239 [00:27<00:02,  8.21batch/s]
Scoring:  92%|#########2| 220/239 [00:27<00:02,  8.11batch/s]
Scoring:  92%|#########2| 221/239 [00:27<00:02,  8.18batch/s]
Scoring:  93%|#########2| 222/239 [00:28<00:02,  8.14batch/s]
Scoring:  93%|#########3| 223/239 [00:28<00:01,  8.28batch/s]
Scoring:  94%|#########3| 224/239 [00:28<00:01,  8.14batch/s]
Scoring:  94%|#########4| 225/239 [00:28<00:01,  7.86batch/s]
Scoring:  95%|#########4| 226/239 [00:28<00:01,  7.95batch/s]
Scoring:  95%|#########4| 227/239 [00:28<00:01,  8.26batch/s]
Scoring:  95%|#########5| 228/239 [00:28<00:01,  8.05batch/s]
Scoring:  96%|#########5| 229/239 [00:28<00:01,  8.07batch/s]
Scoring:  96%|#########6| 230/239 [00:28<00:01,  8.22batch/s]
Scoring:  97%|#########6| 231/239 [00:29<00:00,  8.22batch/s]
Scoring:  97%|#########7| 232/239 [00:29<00:00,  8.39batch/s]
Scoring:  97%|#########7| 233/239 [00:29<00:00,  8.03batch/s]
Scoring:  98%|#########7| 234/239 [00:29<00:00,  8.10batch/s]
Scoring:  98%|#########8| 235/239 [00:29<00:00,  7.98batch/s]
Scoring:  99%|#########8| 236/239 [00:29<00:00,  7.89batch/s]
Scoring:  99%|#########9| 237/239 [00:29<00:00,  8.07batch/s]
Scoring: 100%|#########9| 238/239 [00:29<00:00,  8.03batch/s]
Scoring: 100%|##########| 239/239 [00:29<00:00,  7.97batch/s]
python.exe : 
At D:\Research\NO-2D-Metamaterials\_run_0711E26_pipeline.ps1:34 char:9
+         & $PY @pyArgs 2>&1
+         ~~~~~~~~~~~~~~~~~~
    + CategoryInfo          : NotSpecified: (:String) [], RemoteException
    + FullyQualifiedErrorId : NativeCommandError
 
Scoring:   0%|          | 0/239 [00:00<?, ?batch/s]
Scoring:   0%|          | 1/239 [00:00<00:33,  7.08batch/s]
Scoring:   1%|          | 2/239 [00:00<00:35,  6.63batch/s]
Scoring:   1%|1         | 3/239 [00:00<00:33,  7.04batch/s]
Scoring:   2%|1         | 4/239 [00:00<00:35,  6.69batch/s]
Scoring:   2%|2         | 5/239 [00:00<00:33,  7.02batch/s]
Scoring:   3%|2         | 6/239 [00:00<00:33,  7.00batch/s]
Scoring:   3%|2         | 7/239 [00:01<00:32,  7.09batch/s]
Scoring:   3%|3         | 8/239 [00:01<00:33,  6.99batch/s]
Scoring:   4%|3         | 9/239 [00:01<00:32,  7.05batch/s]
Scoring:   4%|4         | 10/239 [00:01<00:32,  7.04batch/s]
Scoring:   5%|4         | 11/239 [00:01<00:32,  7.11batch/s]
Scoring:   5%|5         | 12/239 [00:01<00:32,  7.07batch/s]
Scoring:   5%|5         | 13/239 [00:01<00:31,  7.10batch/s]
Scoring:   6%|5         | 14/239 [00:01<00:31,  7.06batch/s]
Scoring:   6%|6         | 15/239 [00:02<00:31,  7.10batch/s]
Scoring:   7%|6         | 16/239 [00:02<00:31,  7.05batch/s]
Scoring:   7%|7         | 17/239 [00:02<00:31,  7.03batch/s]
Scoring:   8%|7         | 18/239 [00:02<00:31,  7.03batch/s]
Scoring:   8%|7         | 19/239 [00:02<00:30,  7.10batch/s]
Scoring:   8%|8         | 20/239 [00:02<00:31,  7.04batch/s]
Scoring:   9%|8         | 21/239 [00:02<00:31,  6.99batch/s]
Scoring:   9%|9         | 22/239 [00:03<00:32,  6.72batch/s]
Scoring:  10%|9         | 23/239 [00:03<00:30,  7.01batch/s]
Scoring:  10%|#         | 24/239 [00:03<00:31,  6.72batch/s]
Scoring:  10%|#         | 25/239 [00:03<00:31,  6.87batch/s]
Scoring:  11%|#         | 26/239 [00:03<00:31,  6.68batch/s]
Scoring:  11%|#1        | 27/239 [00:03<00:31,  6.73batch/s]
Scoring:  12%|#1        | 28/239 [00:04<00:31,  6.68batch/s]
Scoring:  12%|#2        | 29/239 [00:04<00:33,  6.28batch/s]
Scoring:  13%|#2        | 30/239 [00:04<00:31,  6.55batch/s]
Scoring:  13%|#2        | 31/239 [00:04<00:33,  6.26batch/s]
Scoring:  13%|#3        | 32/239 [00:04<00:31,  6.54batch/s]
Scoring:  14%|#3        | 33/239 [00:04<00:32,  6.40batch/s]
Scoring:  14%|#4        | 34/239 [00:04<00:32,  6.37batch/s]
Scoring:  15%|#4        | 35/239 [00:05<00:30,  6.66batch/s]
Scoring:  15%|#5        | 36/239 [00:05<00:31,  6.52batch/s]
Scoring:  15%|#5        | 37/239 [00:05<00:30,  6.71batch/s]
Scoring:  16%|#5        | 38/239 [00:05<00:30,  6.51batch/s]
Scoring:  16%|#6        | 39/239 [00:05<00:29,  6.72batch/s]
Scoring:  17%|#6        | 40/239 [00:05<00:30,  6.43batch/s]
Scoring:  17%|#7        | 41/239 [00:06<00:29,  6.70batch/s]
Scoring:  18%|#7        | 42/239 [00:06<00:30,  6.55batch/s]
Scoring:  18%|#7        | 43/239 [00:06<00:31,  6.32batch/s]
Scoring:  18%|#8        | 44/239 [00:06<00:29,  6.62batch/s]
Scoring:  19%|#8        | 45/239 [00:06<00:30,  6.34batch/s]
Scoring:  19%|#9        | 46/239 [00:06<00:29,  6.63batch/s]
Scoring:  20%|#9        | 47/239 [00:06<00:30,  6.34batch/s]
Scoring:  20%|##        | 48/239 [00:07<00:30,  6.22batch/s]
Scoring:  21%|##        | 49/239 [00:07<00:29,  6.44batch/s]
Scoring:  21%|##        | 50/239 [00:07<00:29,  6.39batch/s]
Scoring:  21%|##1       | 51/239 [00:07<00:28,  6.59batch/s]
Scoring:  22%|##1       | 52/239 [00:07<00:29,  6.37batch/s]
Scoring:  22%|##2       | 53/239 [00:07<00:30,  6.10batch/s]
Scoring:  23%|##2       | 54/239 [00:08<00:29,  6.30batch/s]
Scoring:  23%|##3       | 55/239 [00:08<00:30,  6.10batch/s]
Scoring:  23%|##3       | 56/239 [00:08<00:28,  6.45batch/s]
Scoring:  24%|##3       | 57/239 [00:08<00:29,  6.27batch/s]
Scoring:  24%|##4       | 58/239 [00:08<00:29,  6.20batch/s]
Scoring:  25%|##4       | 59/239 [00:08<00:27,  6.55batch/s]
Scoring:  25%|##5       | 60/239 [00:09<00:27,  6.41batch/s]
Scoring:  26%|##5       | 61/239 [00:09<00:26,  6.65batch/s]
Scoring:  26%|##5       | 62/239 [00:09<00:27,  6.40batch/s]
Scoring:  26%|##6       | 63/239 [00:09<00:26,  6.71batch/s]
Scoring:  27%|##6       | 64/239 [00:09<00:27,  6.38batch/s]
Scoring:  27%|##7       | 65/239 [00:09<00:26,  6.67batch/s]
Scoring:  28%|##7       | 66/239 [00:09<00:26,  6.47batch/s]
Scoring:  28%|##8       | 67/239 [00:10<00:25,  6.82batch/s]
Scoring:  28%|##8       | 68/239 [00:10<00:26,  6.51batch/s]
Scoring:  29%|##8       | 69/239 [00:10<00:25,  6.76batch/s]
Scoring:  29%|##9       | 70/239 [00:10<00:25,  6.55batch/s]
Scoring:  30%|##9       | 71/239 [00:10<00:24,  6.79batch/s]
Scoring:  30%|###       | 72/239 [00:10<00:25,  6.50batch/s]
Scoring:  31%|###       | 73/239 [00:10<00:24,  6.71batch/s]
Scoring:  31%|###       | 74/239 [00:11<00:25,  6.42batch/s]
Scoring:  31%|###1      | 75/239 [00:11<00:24,  6.72batch/s]
Scoring:  32%|###1      | 76/239 [00:11<00:25,  6.47batch/s]
Scoring:  32%|###2      | 77/239 [00:11<00:24,  6.66batch/s]
Scoring:  33%|###2      | 78/239 [00:11<00:25,  6.26batch/s]
Scoring:  33%|###3      | 79/239 [00:11<00:26,  6.00batch/s]
Scoring:  33%|###3      | 80/239 [00:12<00:25,  6.16batch/s]
Scoring:  34%|###3      | 81/239 [00:12<00:25,  6.13batch/s]
Scoring:  34%|###4      | 82/239 [00:12<00:24,  6.49batch/s]
Scoring:  35%|###4      | 83/239 [00:12<00:24,  6.36batch/s]
Scoring:  35%|###5      | 84/239 [00:12<00:25,  6.20batch/s]
Scoring:  36%|###5      | 85/239 [00:12<00:23,  6.56batch/s]
Scoring:  36%|###5      | 86/239 [00:13<00:23,  6.38batch/s]
Scoring:  36%|###6      | 87/239 [00:13<00:22,  6.70batch/s]
Scoring:  37%|###6      | 88/239 [00:13<00:23,  6.46batch/s]
Scoring:  37%|###7      | 89/239 [00:13<00:22,  6.74batch/s]
Scoring:  38%|###7      | 90/239 [00:13<00:22,  6.49batch/s]
Scoring:  38%|###8      | 91/239 [00:13<00:21,  6.77batch/s]
Scoring:  38%|###8      | 92/239 [00:13<00:22,  6.52batch/s]
Scoring:  39%|###8      | 93/239 [00:14<00:21,  6.84batch/s]
Scoring:  39%|###9      | 94/239 [00:14<00:21,  6.62batch/s]
Scoring:  40%|###9      | 95/239 [00:14<00:20,  6.96batch/s]
Scoring:  40%|####      | 96/239 [00:14<00:20,  7.00batch/s]
Scoring:  41%|####      | 97/239 [00:14<00:20,  7.00batch/s]
Scoring:  41%|####1     | 98/239 [00:14<00:19,  7.09batch/s]
Scoring:  41%|####1     | 99/239 [00:14<00:20,  7.00batch/s]
Scoring:  42%|####1     | 100/239 [00:15<00:19,  6.95batch/s]
Scoring:  42%|####2     | 101/239 [00:15<00:19,  6.97batch/s]
Scoring:  43%|####2     | 102/239 [00:15<00:19,  7.03batch/s]
Scoring:  43%|####3     | 103/239 [00:15<00:19,  6.93batch/s]
Scoring:  44%|####3     | 104/239 [00:15<00:20,  6.62batch/s]
Scoring:  44%|####3     | 105/239 [00:15<00:19,  6.90batch/s]
Scoring:  44%|####4     | 106/239 [00:15<00:19,  6.68batch/s]
Scoring:  45%|####4     | 107/239 [00:16<00:18,  6.99batch/s]
Scoring:  45%|####5     | 108/239 [00:16<00:19,  6.75batch/s]
Scoring:  46%|####5     | 109/239 [00:16<00:18,  6.93batch/s]
Scoring:  46%|####6     | 110/239 [00:16<00:19,  6.62batch/s]
Scoring:  46%|####6     | 111/239 [00:16<00:18,  6.94batch/s]
Scoring:  47%|####6     | 112/239 [00:16<00:18,  6.70batch/s]
Scoring:  47%|####7     | 113/239 [00:16<00:18,  6.99batch/s]
Scoring:  48%|####7     | 114/239 [00:17<00:18,  6.75batch/s]
Scoring:  48%|####8     | 115/239 [00:17<00:17,  7.00batch/s]
Scoring:  49%|####8     | 116/239 [00:17<00:18,  6.71batch/s]
Scoring:  49%|####8     | 117/239 [00:17<00:17,  6.99batch/s]
Scoring:  49%|####9     | 118/239 [00:17<00:18,  6.69batch/s]
Scoring:  50%|####9     | 119/239 [00:17<00:17,  6.91batch/s]
Scoring:  50%|#####     | 120/239 [00:18<00:17,  6.64batch/s]
Scoring:  51%|#####     | 121/239 [00:18<00:17,  6.91batch/s]
Scoring:  51%|#####1    | 122/239 [00:18<00:17,  6.63batch/s]
Scoring:  51%|#####1    | 123/239 [00:18<00:16,  6.96batch/s]
Scoring:  52%|#####1    | 124/239 [00:18<00:17,  6.55batch/s]
Scoring:  52%|#####2    | 125/239 [00:18<00:17,  6.67batch/s]
Scoring:  53%|#####2    | 126/239 [00:18<00:17,  6.48batch/s]
Scoring:  53%|#####3    | 127/239 [00:19<00:16,  6.73batch/s]
Scoring:  54%|#####3    | 128/239 [00:19<00:17,  6.46batch/s]
Scoring:  54%|#####3    | 129/239 [00:19<00:16,  6.75batch/s]
Scoring:  54%|#####4    | 130/239 [00:19<00:16,  6.58batch/s]
Scoring:  55%|#####4    | 131/239 [00:19<00:15,  6.82batch/s]
Scoring:  55%|#####5    | 132/239 [00:19<00:16,  6.51batch/s]
Scoring:  56%|#####5    | 133/239 [00:19<00:15,  6.75batch/s]
Scoring:  56%|#####6    | 134/239 [00:20<00:16,  6.53batch/s]
Scoring:  56%|#####6    | 135/239 [00:20<00:15,  6.82batch/s]
Scoring:  57%|#####6    | 136/239 [00:20<00:15,  6.50batch/s]
Scoring:  57%|#####7    | 137/239 [00:20<00:15,  6.78batch/s]
Scoring:  58%|#####7    | 138/239 [00:20<00:15,  6.52batch/s]
Scoring:  58%|#####8    | 139/239 [00:20<00:14,  6.76batch/s]
Scoring:  59%|#####8    | 140/239 [00:21<00:15,  6.53batch/s]
Scoring:  59%|#####8    | 141/239 [00:21<00:14,  6.73batch/s]
Scoring:  59%|#####9    | 142/239 [00:21<00:15,  6.45batch/s]
Scoring:  60%|#####9    | 143/239 [00:21<00:14,  6.79batch/s]
Scoring:  60%|######    | 144/239 [00:21<00:14,  6.58batch/s]
Scoring:  61%|######    | 145/239 [00:21<00:13,  6.81batch/s]
Scoring:  61%|######1   | 146/239 [00:21<00:14,  6.63batch/s]
Scoring:  62%|######1   | 147/239 [00:22<00:13,  6.84batch/s]
Scoring:  62%|######1   | 148/239 [00:22<00:13,  6.61batch/s]
Scoring:  62%|######2   | 149/239 [00:22<00:12,  6.92batch/s]
Scoring:  63%|######2   | 150/239 [00:22<00:13,  6.71batch/s]
Scoring:  63%|######3   | 151/239 [00:22<00:12,  6.93batch/s]
Scoring:  64%|######3   | 152/239 [00:22<00:13,  6.68batch/s]
Scoring:  64%|######4   | 153/239 [00:22<00:12,  6.96batch/s]
Scoring:  64%|######4   | 154/239 [00:23<00:12,  6.67batch/s]
Scoring:  65%|######4   | 155/239 [00:23<00:12,  6.94batch/s]
Scoring:  65%|######5   | 156/239 [00:23<00:12,  6.68batch/s]
Scoring:  66%|######5   | 157/239 [00:23<00:11,  6.84batch/s]
Scoring:  66%|######6   | 158/239 [00:23<00:12,  6.53batch/s]
Scoring:  67%|######6   | 159/239 [00:23<00:11,  6.77batch/s]
Scoring:  67%|######6   | 160/239 [00:24<00:12,  6.48batch/s]
Scoring:  67%|######7   | 161/239 [00:24<00:11,  6.67batch/s]
Scoring:  68%|######7   | 162/239 [00:24<00:12,  6.37batch/s]
Scoring:  68%|######8   | 163/239 [00:24<00:11,  6.67batch/s]
Scoring:  69%|######8   | 164/239 [00:24<00:11,  6.50batch/s]
Scoring:  69%|######9   | 165/239 [00:24<00:10,  6.82batch/s]
Scoring:  69%|######9   | 166/239 [00:24<00:11,  6.62batch/s]
Scoring:  70%|######9   | 167/239 [00:25<00:10,  6.86batch/s]
Scoring:  70%|#######   | 168/239 [00:25<00:11,  6.03batch/s]
Scoring:  71%|#######   | 169/239 [00:25<00:11,  5.86batch/s]
Scoring:  71%|#######1  | 170/239 [00:25<00:11,  5.93batch/s]
Scoring:  72%|#######1  | 171/239 [00:25<00:11,  5.93batch/s]
Scoring:  72%|#######1  | 172/239 [00:25<00:10,  6.11batch/s]
Scoring:  72%|#######2  | 173/239 [00:26<00:11,  5.96batch/s]
Scoring:  73%|#######2  | 174/239 [00:26<00:10,  5.92batch/s]
Scoring:  73%|#######3  | 175/239 [00:26<00:10,  6.21batch/s]
Scoring:  74%|#######3  | 176/239 [00:26<00:10,  6.12batch/s]
Scoring:  74%|#######4  | 177/239 [00:26<00:09,  6.48batch/s]
Scoring:  74%|#######4  | 178/239 [00:26<00:09,  6.21batch/s]
Scoring:  75%|#######4  | 179/239 [00:27<00:09,  6.08batch/s]
Scoring:  75%|#######5  | 180/239 [00:27<00:09,  6.08batch/s]
Scoring:  76%|#######5  | 181/239 [00:27<00:09,  6.44batch/s]
Scoring:  76%|#######6  | 182/239 [00:27<00:09,  6.27batch/s]
Scoring:  77%|#######6  | 183/239 [00:27<00:08,  6.60batch/s]
Scoring:  77%|#######6  | 184/239 [00:27<00:08,  6.41batch/s]
Scoring:  77%|#######7  | 185/239 [00:27<00:08,  6.71batch/s]
Scoring:  78%|#######7  | 186/239 [00:28<00:08,  6.53batch/s]
Scoring:  78%|#######8  | 187/239 [00:28<00:07,  6.84batch/s]
Scoring:  79%|#######8  | 188/239 [00:28<00:07,  6.57batch/s]
Scoring:  79%|#######9  | 189/239 [00:28<00:07,  6.87batch/s]
Scoring:  79%|#######9  | 190/239 [00:28<00:07,  6.65batch/s]
Scoring:  80%|#######9  | 191/239 [00:28<00:06,  6.88batch/s]
Scoring:  80%|########  | 192/239 [00:29<00:07,  6.59batch/s]
Scoring:  81%|########  | 193/239 [00:29<00:06,  6.80batch/s]
Scoring:  81%|########1 | 194/239 [00:29<00:06,  6.58batch/s]
Scoring:  82%|########1 | 195/239 [00:29<00:06,  6.82batch/s]
Scoring:  82%|########2 | 196/239 [00:29<00:06,  6.50batch/s]
Scoring:  82%|########2 | 197/239 [00:29<00:06,  6.72batch/s]
Scoring:  83%|########2 | 198/239 [00:29<00:06,  6.53batch/s]
Scoring:  83%|########3 | 199/239 [00:30<00:05,  6.83batch/s]
Scoring:  84%|########3 | 200/239 [00:30<00:05,  6.54batch/s]
Scoring:  84%|########4 | 201/239 [00:30<00:05,  6.76batch/s]
Scoring:  85%|########4 | 202/239 [00:30<00:05,  6.56batch/s]
Scoring:  85%|########4 | 203/239 [00:30<00:05,  6.81batch/s]
Scoring:  85%|########5 | 204/239 [00:30<00:05,  6.55batch/s]
Scoring:  86%|########5 | 205/239 [00:30<00:05,  6.72batch/s]
Scoring:  86%|########6 | 206/239 [00:31<00:05,  6.55batch/s]
Scoring:  87%|########6 | 207/239 [00:31<00:04,  6.85batch/s]
Scoring:  87%|########7 | 208/239 [00:31<00:04,  6.59batch/s]
Scoring:  87%|########7 | 209/239 [00:31<00:04,  6.77batch/s]
Scoring:  88%|########7 | 210/239 [00:31<00:04,  6.60batch/s]
Scoring:  88%|########8 | 211/239 [00:31<00:04,  6.81batch/s]
Scoring:  89%|########8 | 212/239 [00:32<00:04,  6.50batch/s]
Scoring:  89%|########9 | 213/239 [00:32<00:03,  6.65batch/s]
Scoring:  90%|########9 | 214/239 [00:32<00:03,  6.53batch/s]
Scoring:  90%|########9 | 215/239 [00:32<00:03,  6.82batch/s]
Scoring:  90%|######### | 216/239 [00:32<00:03,  6.55batch/s]
Scoring:  91%|######### | 217/239 [00:32<00:03,  6.74batch/s]
Scoring:  91%|#########1| 218/239 [00:32<00:03,  6.51batch/s]
Scoring:  92%|#########1| 219/239 [00:33<00:02,  6.77batch/s]
Scoring:  92%|#########2| 220/239 [00:33<00:02,  6.54batch/s]
Scoring:  92%|#########2| 221/239 [00:33<00:02,  6.68batch/s]
Scoring:  93%|#########2| 222/239 [00:33<00:02,  6.55batch/s]
Scoring:  93%|#########3| 223/239 [00:33<00:02,  6.83batch/s]
Scoring:  94%|#########3| 224/239 [00:33<00:02,  6.60batch/s]
Scoring:  94%|#########4| 225/239 [00:33<00:02,  6.81batch/s]
Scoring:  95%|#########4| 226/239 [00:34<00:01,  6.61batch/s]
Scoring:  95%|#########4| 227/239 [00:34<00:01,  6.88batch/s]
Scoring:  95%|#########5| 228/239 [00:34<00:01,  6.57batch/s]
Scoring:  96%|#########5| 229/239 [00:34<00:01,  6.79batch/s]
Scoring:  96%|#########6| 230/239 [00:34<00:01,  6.61batch/s]
Scoring:  97%|#########6| 231/239 [00:34<00:01,  6.91batch/s]
Scoring:  97%|#########7| 232/239 [00:35<00:01,  6.63batch/s]
Scoring:  97%|#########7| 233/239 [00:35<00:00,  6.81batch/s]
Scoring:  98%|#########7| 234/239 [00:35<00:00,  6.61batch/s]
Scoring:  98%|#########8| 235/239 [00:35<00:00,  6.89batch/s]
Scoring:  99%|#########8| 236/239 [00:35<00:00,  6.45batch/s]
Scoring:  99%|#########9| 237/239 [00:35<00:00,  6.70batch/s]
Scoring: 100%|#########9| 238/239 [00:35<00:00,  6.47batch/s]
Scoring: 100%|##########| 239/239 [00:35<00:00,  6.65batch/s]
python.exe : 
At D:\Research\NO-2D-Metamaterials\_run_0711E26_pipeline.ps1:34 char:9
+         & $PY @pyArgs 2>&1
+         ~~~~~~~~~~~~~~~~~~
    + CategoryInfo          : NotSpecified: (:String) [], RemoteException
    + FullyQualifiedErrorId : NativeCommandError
 
Decoding:   0%|          | 0/30 [00:00<?, ?batch/s]
Decoding:  10%|#         | 3/30 [00:00<00:01, 23.06batch/s]
Decoding:  20%|##        | 6/30 [00:00<00:01, 21.60batch/s]
Decoding:  30%|###       | 9/30 [00:00<00:00, 21.98batch/s]
Decoding:  40%|####      | 12/30 [00:00<00:00, 22.94batch/s]
Decoding:  50%|#####     | 15/30 [00:00<00:00, 21.60batch/s]
Decoding:  60%|######    | 18/30 [00:00<00:00, 20.55batch/s]
Decoding:  70%|#######   | 21/30 [00:00<00:00, 21.37batch/s]
Decoding:  80%|########  | 24/30 [00:01<00:00, 20.96batch/s]
Decoding:  90%|######### | 27/30 [00:01<00:00, 19.91batch/s]
Decoding: 100%|##########| 30/30 [00:01<00:00, 19.82batch/s]
Decoding: 100%|##########| 30/30 [00:01<00:00, 20.80batch/s]
python.exe : 
At D:\Research\NO-2D-Metamaterials\_run_0711E26_pipeline.ps1:34 char:9
+         & $PY @pyArgs 2>&1
+         ~~~~~~~~~~~~~~~~~~
    + CategoryInfo          : NotSpecified: (:String) [], RemoteException
    + FullyQualifiedErrorId : NativeCommandError
 
Relative error:   0%|          | 0/239 [00:00<?, ?batch/s]
Relative error:   0%|          | 1/239 [00:00<00:45,  5.26batch/s]
Relative error:   1%|          | 2/239 [00:00<00:49,  4.81batch/s]
Relative error:   1%|1         | 3/239 [00:00<00:48,  4.85batch/s]
Relative error:   2%|1         | 4/239 [00:00<00:51,  4.55batch/s]
Relative error:   2%|2         | 5/239 [00:01<00:52,  4.45batch/s]
Relative error:   3%|2         | 6/239 [00:01<00:51,  4.57batch/s]
Relative error:   3%|2         | 7/239 [00:01<00:50,  4.59batch/s]
Relative error:   3%|3         | 8/239 [00:01<00:50,  4.59batch/s]
Relative error:   4%|3         | 9/239 [00:01<00:50,  4.55batch/s]
Relative error:   4%|4         | 10/239 [00:02<00:49,  4.61batch/s]
Relative error:   5%|4         | 11/239 [00:02<00:50,  4.55batch/s]
Relative error:   5%|5         | 12/239 [00:02<00:48,  4.70batch/s]
Relative error:   5%|5         | 13/239 [00:02<00:48,  4.62batch/s]
Relative error:   6%|5         | 14/239 [00:03<00:49,  4.51batch/s]
Relative error:   6%|6         | 15/239 [00:03<00:49,  4.50batch/s]
Relative error:   7%|6         | 16/239 [00:03<00:48,  4.63batch/s]
Relative error:   7%|7         | 17/239 [00:03<00:47,  4.66batch/s]
Relative error:   8%|7         | 18/239 [00:03<00:46,  4.75batch/s]
Relative error:   8%|7         | 19/239 [00:04<00:46,  4.73batch/s]
Relative error:   8%|8         | 20/239 [00:04<00:46,  4.71batch/s]
Relative error:   9%|8         | 21/239 [00:04<00:46,  4.72batch/s]
Relative error:   9%|9         | 22/239 [00:04<00:44,  4.91batch/s]
Relative error:  10%|9         | 23/239 [00:04<00:44,  4.90batch/s]
Relative error:  10%|#         | 24/239 [00:05<00:43,  4.93batch/s]
Relative error:  10%|#         | 25/239 [00:05<00:43,  4.90batch/s]
Relative error:  11%|#         | 26/239 [00:05<00:43,  4.92batch/s]
Relative error:  11%|#1        | 27/239 [00:05<00:43,  4.82batch/s]
Relative error:  12%|#1        | 28/239 [00:05<00:44,  4.77batch/s]
Relative error:  12%|#2        | 29/239 [00:06<00:44,  4.75batch/s]
Relative error:  13%|#2        | 30/239 [00:06<00:43,  4.75batch/s]
Relative error:  13%|#2        | 31/239 [00:06<00:44,  4.69batch/s]
Relative error:  13%|#3        | 32/239 [00:06<00:43,  4.71batch/s]
Relative error:  14%|#3        | 33/239 [00:07<00:44,  4.67batch/s]
Relative error:  14%|#4        | 34/239 [00:07<00:43,  4.72batch/s]
Relative error:  15%|#4        | 35/239 [00:07<00:42,  4.75batch/s]
Relative error:  15%|#5        | 36/239 [00:07<00:42,  4.79batch/s]
Relative error:  15%|#5        | 37/239 [00:07<00:43,  4.67batch/s]
Relative error:  16%|#5        | 38/239 [00:08<00:42,  4.73batch/s]
Relative error:  16%|#6        | 39/239 [00:08<00:42,  4.66batch/s]
Relative error:  17%|#6        | 40/239 [00:08<00:42,  4.69batch/s]
Relative error:  17%|#7        | 41/239 [00:08<00:42,  4.69batch/s]
Relative error:  18%|#7        | 42/239 [00:08<00:42,  4.67batch/s]
Relative error:  18%|#7        | 43/239 [00:09<00:41,  4.68batch/s]
Relative error:  18%|#8        | 44/239 [00:09<00:41,  4.65batch/s]
Relative error:  19%|#8        | 45/239 [00:09<00:41,  4.71batch/s]
Relative error:  19%|#9        | 46/239 [00:09<00:41,  4.66batch/s]
Relative error:  20%|#9        | 47/239 [00:09<00:40,  4.72batch/s]
Relative error:  20%|##        | 48/239 [00:10<00:41,  4.65batch/s]
Relative error:  21%|##        | 49/239 [00:10<00:40,  4.64batch/s]
Relative error:  21%|##        | 50/239 [00:10<00:41,  4.54batch/s]
Relative error:  21%|##1       | 51/239 [00:10<00:41,  4.57batch/s]
Relative error:  22%|##1       | 52/239 [00:11<00:41,  4.55batch/s]
Relative error:  22%|##2       | 53/239 [00:11<00:40,  4.56batch/s]
Relative error:  23%|##2       | 54/239 [00:11<00:40,  4.51batch/s]
Relative error:  23%|##3       | 55/239 [00:11<00:40,  4.50batch/s]
Relative error:  23%|##3       | 56/239 [00:11<00:40,  4.53batch/s]
Relative error:  24%|##3       | 57/239 [00:12<00:40,  4.49batch/s]
Relative error:  24%|##4       | 58/239 [00:12<00:40,  4.48batch/s]
Relative error:  25%|##4       | 59/239 [00:12<00:39,  4.51batch/s]
Relative error:  25%|##5       | 60/239 [00:12<00:39,  4.58batch/s]
Relative error:  26%|##5       | 61/239 [00:13<00:39,  4.52batch/s]
Relative error:  26%|##5       | 62/239 [00:13<00:38,  4.54batch/s]
Relative error:  26%|##6       | 63/239 [00:13<00:38,  4.61batch/s]
Relative error:  27%|##6       | 64/239 [00:13<00:38,  4.51batch/s]
Relative error:  27%|##7       | 65/239 [00:13<00:38,  4.56batch/s]
Relative error:  28%|##7       | 66/239 [00:14<00:37,  4.58batch/s]
Relative error:  28%|##8       | 67/239 [00:14<00:38,  4.45batch/s]
Relative error:  28%|##8       | 68/239 [00:14<00:38,  4.43batch/s]
Relative error:  29%|##8       | 69/239 [00:14<00:39,  4.27batch/s]
Relative error:  29%|##9       | 70/239 [00:15<00:39,  4.24batch/s]
Relative error:  30%|##9       | 71/239 [00:15<00:39,  4.22batch/s]
Relative error:  30%|###       | 72/239 [00:15<00:39,  4.25batch/s]
Relative error:  31%|###       | 73/239 [00:15<00:39,  4.25batch/s]
Relative error:  31%|###       | 74/239 [00:16<00:37,  4.41batch/s]
Relative error:  31%|###1      | 75/239 [00:16<00:36,  4.44batch/s]
Relative error:  32%|###1      | 76/239 [00:16<00:36,  4.47batch/s]
Relative error:  32%|###2      | 77/239 [00:16<00:35,  4.59batch/s]
Relative error:  33%|###2      | 78/239 [00:16<00:35,  4.51batch/s]
Relative error:  33%|###3      | 79/239 [00:17<00:35,  4.50batch/s]
Relative error:  33%|###3      | 80/239 [00:17<00:35,  4.50batch/s]
Relative error:  34%|###3      | 81/239 [00:17<00:34,  4.58batch/s]
Relative error:  34%|###4      | 82/239 [00:17<00:34,  4.49batch/s]
Relative error:  35%|###4      | 83/239 [00:18<00:34,  4.59batch/s]
Relative error:  35%|###5      | 84/239 [00:18<00:34,  4.54batch/s]
Relative error:  36%|###5      | 85/239 [00:18<00:33,  4.57batch/s]
Relative error:  36%|###5      | 86/239 [00:18<00:33,  4.54batch/s]
Relative error:  36%|###6      | 87/239 [00:18<00:33,  4.54batch/s]
Relative error:  37%|###6      | 88/239 [00:19<00:33,  4.52batch/s]
Relative error:  37%|###7      | 89/239 [00:19<00:32,  4.59batch/s]
Relative error:  38%|###7      | 90/239 [00:19<00:33,  4.50batch/s]
Relative error:  38%|###8      | 91/239 [00:19<00:32,  4.52batch/s]
Relative error:  38%|###8      | 92/239 [00:20<00:32,  4.49batch/s]
Relative error:  39%|###8      | 93/239 [00:20<00:33,  4.38batch/s]
Relative error:  39%|###9      | 94/239 [00:20<00:32,  4.44batch/s]
Relative error:  40%|###9      | 95/239 [00:20<00:31,  4.55batch/s]
Relative error:  40%|####      | 96/239 [00:20<00:31,  4.49batch/s]
Relative error:  41%|####      | 97/239 [00:21<00:31,  4.58batch/s]
Relative error:  41%|####1     | 98/239 [00:21<00:31,  4.51batch/s]
Relative error:  41%|####1     | 99/239 [00:21<00:30,  4.58batch/s]
Relative error:  42%|####1     | 100/239 [00:21<00:30,  4.60batch/s]
Relative error:  42%|####2     | 101/239 [00:22<00:29,  4.63batch/s]
Relative error:  43%|####2     | 102/239 [00:22<00:29,  4.66batch/s]
Relative error:  43%|####3     | 103/239 [00:22<00:29,  4.65batch/s]
Relative error:  44%|####3     | 104/239 [00:22<00:28,  4.69batch/s]
Relative error:  44%|####3     | 105/239 [00:22<00:29,  4.59batch/s]
Relative error:  44%|####4     | 106/239 [00:23<00:28,  4.65batch/s]
Relative error:  45%|####4     | 107/239 [00:23<00:29,  4.52batch/s]
Relative error:  45%|####5     | 108/239 [00:23<00:28,  4.56batch/s]
Relative error:  46%|####5     | 109/239 [00:23<00:28,  4.58batch/s]
Relative error:  46%|####6     | 110/239 [00:23<00:28,  4.51batch/s]
Relative error:  46%|####6     | 111/239 [00:24<00:27,  4.59batch/s]
Relative error:  47%|####6     | 112/239 [00:24<00:27,  4.64batch/s]
Relative error:  47%|####7     | 113/239 [00:24<00:27,  4.60batch/s]
Relative error:  48%|####7     | 114/239 [00:24<00:26,  4.67batch/s]
Relative error:  48%|####8     | 115/239 [00:25<00:27,  4.59batch/s]
Relative error:  49%|####8     | 116/239 [00:25<00:26,  4.65batch/s]
Relative error:  49%|####8     | 117/239 [00:25<00:26,  4.68batch/s]
Relative error:  49%|####9     | 118/239 [00:25<00:25,  4.66batch/s]
Relative error:  50%|####9     | 119/239 [00:25<00:25,  4.66batch/s]
Relative error:  50%|#####     | 120/239 [00:26<00:25,  4.72batch/s]
Relative error:  51%|#####     | 121/239 [00:26<00:25,  4.64batch/s]
Relative error:  51%|#####1    | 122/239 [00:26<00:24,  4.69batch/s]
Relative error:  51%|#####1    | 123/239 [00:26<00:24,  4.65batch/s]
Relative error:  52%|#####1    | 124/239 [00:26<00:24,  4.71batch/s]
Relative error:  52%|#####2    | 125/239 [00:27<00:24,  4.67batch/s]
Relative error:  53%|#####2    | 126/239 [00:27<00:24,  4.70batch/s]
Relative error:  53%|#####3    | 127/239 [00:27<00:23,  4.69batch/s]
Relative error:  54%|#####3    | 128/239 [00:27<00:23,  4.74batch/s]
Relative error:  54%|#####3    | 129/239 [00:28<00:23,  4.68batch/s]
Relative error:  54%|#####4    | 130/239 [00:28<00:22,  4.75batch/s]
Relative error:  55%|#####4    | 131/239 [00:28<00:22,  4.72batch/s]
Relative error:  55%|#####5    | 132/239 [00:28<00:22,  4.75batch/s]
Relative error:  56%|#####5    | 133/239 [00:28<00:22,  4.75batch/s]
Relative error:  56%|#####6    | 134/239 [00:29<00:21,  4.81batch/s]
Relative error:  56%|#####6    | 135/239 [00:29<00:21,  4.73batch/s]
Relative error:  57%|#####6    | 136/239 [00:29<00:21,  4.72batch/s]
Relative error:  57%|#####7    | 137/239 [00:29<00:21,  4.67batch/s]
Relative error:  58%|#####7    | 138/239 [00:29<00:21,  4.72batch/s]
Relative error:  58%|#####8    | 139/239 [00:30<00:21,  4.62batch/s]
Relative error:  59%|#####8    | 140/239 [00:30<00:21,  4.65batch/s]
Relative error:  59%|#####8    | 141/239 [00:30<00:21,  4.61batch/s]
Relative error:  59%|#####9    | 142/239 [00:30<00:20,  4.66batch/s]
Relative error:  60%|#####9    | 143/239 [00:31<00:20,  4.63batch/s]
Relative error:  60%|######    | 144/239 [00:31<00:20,  4.63batch/s]
Relative error:  61%|######    | 145/239 [00:31<00:20,  4.60batch/s]
Relative error:  61%|######1   | 146/239 [00:31<00:19,  4.67batch/s]
Relative error:  62%|######1   | 147/239 [00:31<00:19,  4.62batch/s]
Relative error:  62%|######1   | 148/239 [00:32<00:19,  4.67batch/s]
Relative error:  62%|######2   | 149/239 [00:32<00:19,  4.61batch/s]
Relative error:  63%|######2   | 150/239 [00:32<00:19,  4.66batch/s]
Relative error:  63%|######3   | 151/239 [00:32<00:19,  4.60batch/s]
Relative error:  64%|######3   | 152/239 [00:32<00:18,  4.69batch/s]
Relative error:  64%|######4   | 153/239 [00:33<00:18,  4.70batch/s]
Relative error:  64%|######4   | 154/239 [00:33<00:18,  4.72batch/s]
Relative error:  65%|######4   | 155/239 [00:33<00:18,  4.62batch/s]
Relative error:  65%|######5   | 156/239 [00:33<00:18,  4.42batch/s]
Relative error:  66%|######5   | 157/239 [00:34<00:18,  4.34batch/s]
Relative error:  66%|######6   | 158/239 [00:34<00:18,  4.34batch/s]
Relative error:  67%|######6   | 159/239 [00:34<00:18,  4.43batch/s]
Relative error:  67%|######6   | 160/239 [00:34<00:17,  4.56batch/s]
Relative error:  67%|######7   | 161/239 [00:34<00:17,  4.52batch/s]
Relative error:  68%|######7   | 162/239 [00:35<00:16,  4.65batch/s]
Relative error:  68%|######8   | 163/239 [00:35<00:16,  4.59batch/s]
Relative error:  69%|######8   | 164/239 [00:35<00:16,  4.63batch/s]
Relative error:  69%|######9   | 165/239 [00:35<00:16,  4.61batch/s]
Relative error:  69%|######9   | 166/239 [00:36<00:15,  4.64batch/s]
Relative error:  70%|######9   | 167/239 [00:36<00:15,  4.61batch/s]
Relative error:  70%|#######   | 168/239 [00:36<00:15,  4.65batch/s]
Relative error:  71%|#######   | 169/239 [00:36<00:15,  4.59batch/s]
Relative error:  71%|#######1  | 170/239 [00:36<00:14,  4.67batch/s]
Relative error:  72%|#######1  | 171/239 [00:37<00:14,  4.62batch/s]
Relative error:  72%|#######1  | 172/239 [00:37<00:14,  4.68batch/s]
Relative error:  72%|#######2  | 173/239 [00:37<00:14,  4.63batch/s]
Relative error:  73%|#######2  | 174/239 [00:37<00:13,  4.74batch/s]
Relative error:  73%|#######3  | 175/239 [00:37<00:13,  4.64batch/s]
Relative error:  74%|#######3  | 176/239 [00:38<00:13,  4.67batch/s]
Relative error:  74%|#######4  | 177/239 [00:38<00:13,  4.62batch/s]
Relative error:  74%|#######4  | 178/239 [00:38<00:13,  4.66batch/s]
Relative error:  75%|#######4  | 179/239 [00:38<00:13,  4.59batch/s]
Relative error:  75%|#######5  | 180/239 [00:39<00:12,  4.68batch/s]
Relative error:  76%|#######5  | 181/239 [00:39<00:12,  4.59batch/s]
Relative error:  76%|#######6  | 182/239 [00:39<00:12,  4.59batch/s]
Relative error:  77%|#######6  | 183/239 [00:39<00:11,  4.69batch/s]
Relative error:  77%|#######6  | 184/239 [00:39<00:11,  4.63batch/s]
Relative error:  77%|#######7  | 185/239 [00:40<00:11,  4.66batch/s]
Relative error:  78%|#######7  | 186/239 [00:40<00:11,  4.66batch/s]
Relative error:  78%|#######8  | 187/239 [00:40<00:11,  4.71batch/s]
Relative error:  79%|#######8  | 188/239 [00:40<00:11,  4.63batch/s]
Relative error:  79%|#######9  | 189/239 [00:40<00:10,  4.71batch/s]
Relative error:  79%|#######9  | 190/239 [00:41<00:10,  4.73batch/s]
Relative error:  80%|#######9  | 191/239 [00:41<00:10,  4.76batch/s]
Relative error:  80%|########  | 192/239 [00:41<00:09,  4.72batch/s]
Relative error:  81%|########  | 193/239 [00:41<00:09,  4.71batch/s]
Relative error:  81%|########1 | 194/239 [00:42<00:09,  4.70batch/s]
Relative error:  82%|########1 | 195/239 [00:42<00:09,  4.76batch/s]
Relative error:  82%|########2 | 196/239 [00:42<00:09,  4.68batch/s]
Relative error:  82%|########2 | 197/239 [00:42<00:08,  4.76batch/s]
Relative error:  83%|########2 | 198/239 [00:42<00:08,  4.71batch/s]
Relative error:  83%|########3 | 199/239 [00:43<00:08,  4.72batch/s]
Relative error:  84%|########3 | 200/239 [00:43<00:08,  4.74batch/s]
Relative error:  84%|########4 | 201/239 [00:43<00:07,  4.78batch/s]
Relative error:  85%|########4 | 202/239 [00:43<00:07,  4.67batch/s]
Relative error:  85%|########4 | 203/239 [00:43<00:07,  4.74batch/s]
Relative error:  85%|########5 | 204/239 [00:44<00:07,  4.67batch/s]
Relative error:  86%|########5 | 205/239 [00:44<00:07,  4.68batch/s]
Relative error:  86%|########6 | 206/239 [00:44<00:07,  4.60batch/s]
Relative error:  87%|########6 | 207/239 [00:44<00:06,  4.65batch/s]
Relative error:  87%|########7 | 208/239 [00:45<00:06,  4.59batch/s]
Relative error:  87%|########7 | 209/239 [00:45<00:06,  4.63batch/s]
Relative error:  88%|########7 | 210/239 [00:45<00:06,  4.60batch/s]
Relative error:  88%|########8 | 211/239 [00:45<00:06,  4.57batch/s]
Relative error:  89%|########8 | 212/239 [00:45<00:06,  4.46batch/s]
Relative error:  89%|########9 | 213/239 [00:46<00:05,  4.57batch/s]
Relative error:  90%|########9 | 214/239 [00:46<00:05,  4.52batch/s]
Relative error:  90%|########9 | 215/239 [00:46<00:05,  4.59batch/s]
Relative error:  90%|######### | 216/239 [00:46<00:05,  4.59batch/s]
Relative error:  91%|######### | 217/239 [00:46<00:04,  4.66batch/s]
Relative error:  91%|#########1| 218/239 [00:47<00:04,  4.62batch/s]
Relative error:  92%|#########1| 219/239 [00:47<00:04,  4.68batch/s]
Relative error:  92%|#########2| 220/239 [00:47<00:04,  4.61batch/s]
Relative error:  92%|#########2| 221/239 [00:47<00:03,  4.70batch/s]
Relative error:  93%|#########2| 222/239 [00:48<00:03,  4.68batch/s]
Relative error:  93%|#########3| 223/239 [00:48<00:03,  4.73batch/s]
Relative error:  94%|#########3| 224/239 [00:48<00:03,  4.66batch/s]
Relative error:  94%|#########4| 225/239 [00:48<00:02,  4.76batch/s]
Relative error:  95%|#########4| 226/239 [00:48<00:02,  4.69batch/s]
Relative error:  95%|#########4| 227/239 [00:49<00:02,  4.76batch/s]
Relative error:  95%|#########5| 228/239 [00:49<00:02,  4.73batch/s]
Relative error:  96%|#########5| 229/239 [00:49<00:02,  4.76batch/s]
Relative error:  96%|#########6| 230/239 [00:49<00:01,  4.70batch/s]
Relative error:  97%|#########6| 231/239 [00:49<00:01,  4.79batch/s]
Relative error:  97%|#########7| 232/239 [00:50<00:01,  4.70batch/s]
Relative error:  97%|#########7| 233/239 [00:50<00:01,  4.71batch/s]
Relative error:  98%|#########7| 234/239 [00:50<00:01,  4.59batch/s]
Relative error:  98%|#########8| 235/239 [00:50<00:00,  4.54batch/s]
Relative error:  99%|#########8| 236/239 [00:51<00:00,  4.53batch/s]
Relative error:  99%|#########9| 237/239 [00:51<00:00,  4.61batch/s]
Relative error: 100%|#########9| 238/239 [00:51<00:00,  4.48batch/s]
Relative error: 100%|##########| 239/239 [00:51<00:00,  4.64batch/s]
python.exe : 
At D:\Research\NO-2D-Metamaterials\_run_0711E26_pipeline.ps1:34 char:9
+         & $PY @pyArgs 2>&1
+         ~~~~~~~~~~~~~~~~~~
    + CategoryInfo          : NotSpecified: (:String) [], RemoteException
    + FullyQualifiedErrorId : NativeCommandError
 
Scoring:   0%|          | 0/239 [00:00<?, ?batch/s]
Scoring:   0%|          | 1/239 [00:00<00:32,  7.24batch/s]
Scoring:   1%|          | 2/239 [00:00<00:35,  6.64batch/s]
Scoring:   1%|1         | 3/239 [00:00<00:33,  7.09batch/s]
Scoring:   2%|1         | 4/239 [00:00<00:34,  6.83batch/s]
Scoring:   2%|2         | 5/239 [00:00<00:32,  7.11batch/s]
Scoring:   3%|2         | 6/239 [00:00<00:33,  7.04batch/s]
Scoring:   3%|2         | 7/239 [00:00<00:31,  7.32batch/s]
Scoring:   3%|3         | 8/239 [00:01<00:31,  7.29batch/s]
Scoring:   4%|3         | 9/239 [00:01<00:31,  7.41batch/s]
Scoring:   4%|4         | 10/239 [00:01<00:29,  7.65batch/s]
Scoring:   5%|4         | 11/239 [00:01<00:29,  7.73batch/s]
Scoring:   5%|5         | 12/239 [00:01<00:30,  7.55batch/s]
Scoring:   5%|5         | 13/239 [00:01<00:29,  7.54batch/s]
Scoring:   6%|5         | 14/239 [00:01<00:29,  7.68batch/s]
Scoring:   6%|6         | 15/239 [00:02<00:29,  7.68batch/s]
Scoring:   7%|6         | 16/239 [00:02<00:29,  7.50batch/s]
Scoring:   7%|7         | 17/239 [00:02<00:28,  7.66batch/s]
Scoring:   8%|7         | 18/239 [00:02<00:28,  7.77batch/s]
Scoring:   8%|7         | 19/239 [00:02<00:28,  7.74batch/s]
Scoring:   8%|8         | 20/239 [00:02<00:29,  7.47batch/s]
Scoring:   9%|8         | 21/239 [00:02<00:28,  7.53batch/s]
Scoring:   9%|9         | 22/239 [00:02<00:28,  7.72batch/s]
Scoring:  10%|9         | 23/239 [00:03<00:28,  7.67batch/s]
Scoring:  10%|#         | 24/239 [00:03<00:28,  7.45batch/s]
Scoring:  10%|#         | 25/239 [00:03<00:28,  7.50batch/s]
Scoring:  11%|#         | 26/239 [00:03<00:27,  7.67batch/s]
Scoring:  11%|#1        | 27/239 [00:03<00:27,  7.61batch/s]
Scoring:  12%|#1        | 28/239 [00:03<00:28,  7.40batch/s]
Scoring:  12%|#2        | 29/239 [00:03<00:28,  7.32batch/s]
Scoring:  13%|#2        | 30/239 [00:04<00:29,  7.16batch/s]
Scoring:  13%|#2        | 31/239 [00:04<00:28,  7.21batch/s]
Scoring:  13%|#3        | 32/239 [00:04<00:27,  7.48batch/s]
Scoring:  14%|#3        | 33/239 [00:04<00:27,  7.43batch/s]
Scoring:  14%|#4        | 34/239 [00:04<00:28,  7.25batch/s]
Scoring:  15%|#4        | 35/239 [00:04<00:28,  7.23batch/s]
Scoring:  15%|#5        | 36/239 [00:04<00:28,  7.17batch/s]
Scoring:  15%|#5        | 37/239 [00:04<00:28,  7.21batch/s]
Scoring:  16%|#5        | 38/239 [00:05<00:27,  7.42batch/s]
Scoring:  16%|#6        | 39/239 [00:05<00:27,  7.38batch/s]
Scoring:  17%|#6        | 40/239 [00:05<00:27,  7.19batch/s]
Scoring:  17%|#7        | 41/239 [00:05<00:27,  7.25batch/s]
Scoring:  18%|#7        | 42/239 [00:05<00:26,  7.50batch/s]
Scoring:  18%|#7        | 43/239 [00:05<00:26,  7.47batch/s]
Scoring:  18%|#8        | 44/239 [00:05<00:26,  7.30batch/s]
Scoring:  19%|#8        | 45/239 [00:06<00:26,  7.28batch/s]
Scoring:  19%|#9        | 46/239 [00:06<00:25,  7.53batch/s]
Scoring:  20%|#9        | 47/239 [00:06<00:25,  7.54batch/s]
Scoring:  20%|##        | 48/239 [00:06<00:25,  7.46batch/s]
Scoring:  21%|##        | 49/239 [00:06<00:25,  7.43batch/s]
Scoring:  21%|##        | 50/239 [00:06<00:24,  7.67batch/s]
Scoring:  21%|##1       | 51/239 [00:06<00:24,  7.56batch/s]
Scoring:  22%|##1       | 52/239 [00:07<00:25,  7.36batch/s]
Scoring:  22%|##2       | 53/239 [00:07<00:25,  7.44batch/s]
Scoring:  23%|##2       | 54/239 [00:07<00:24,  7.66batch/s]
Scoring:  23%|##3       | 55/239 [00:07<00:23,  7.79batch/s]
Scoring:  23%|##3       | 56/239 [00:07<00:23,  7.86batch/s]
Scoring:  24%|##3       | 57/239 [00:07<00:23,  7.83batch/s]
Scoring:  24%|##4       | 58/239 [00:07<00:22,  8.00batch/s]
Scoring:  25%|##4       | 59/239 [00:07<00:22,  7.88batch/s]
Scoring:  25%|##5       | 60/239 [00:08<00:23,  7.65batch/s]
Scoring:  26%|##5       | 61/239 [00:08<00:24,  7.40batch/s]
Scoring:  26%|##5       | 62/239 [00:08<00:24,  7.33batch/s]
Scoring:  26%|##6       | 63/239 [00:08<00:23,  7.34batch/s]
Scoring:  27%|##6       | 64/239 [00:08<00:23,  7.50batch/s]
Scoring:  27%|##7       | 65/239 [00:08<00:22,  7.57batch/s]
Scoring:  28%|##7       | 66/239 [00:08<00:22,  7.82batch/s]
Scoring:  28%|##8       | 67/239 [00:08<00:22,  7.77batch/s]
Scoring:  28%|##8       | 68/239 [00:09<00:21,  7.97batch/s]
Scoring:  29%|##8       | 69/239 [00:09<00:21,  7.92batch/s]
Scoring:  29%|##9       | 70/239 [00:09<00:20,  8.08batch/s]
Scoring:  30%|##9       | 71/239 [00:09<00:20,  8.06batch/s]
Scoring:  30%|###       | 72/239 [00:09<00:21,  7.79batch/s]
Scoring:  31%|###       | 73/239 [00:09<00:21,  7.80batch/s]
Scoring:  31%|###       | 74/239 [00:09<00:20,  7.96batch/s]
Scoring:  31%|###1      | 75/239 [00:09<00:20,  7.84batch/s]
Scoring:  32%|###1      | 76/239 [00:10<00:21,  7.46batch/s]
Scoring:  32%|###2      | 77/239 [00:10<00:22,  7.28batch/s]
Scoring:  33%|###2      | 78/239 [00:10<00:21,  7.60batch/s]
Scoring:  33%|###3      | 79/239 [00:10<00:20,  7.64batch/s]
Scoring:  33%|###3      | 80/239 [00:10<00:21,  7.42batch/s]
Scoring:  34%|###3      | 81/239 [00:10<00:21,  7.42batch/s]
Scoring:  34%|###4      | 82/239 [00:10<00:20,  7.72batch/s]
Scoring:  35%|###4      | 83/239 [00:11<00:20,  7.80batch/s]
Scoring:  35%|###5      | 84/239 [00:11<00:19,  7.87batch/s]
Scoring:  36%|###5      | 85/239 [00:11<00:19,  7.90batch/s]
Scoring:  36%|###5      | 86/239 [00:11<00:19,  8.00batch/s]
Scoring:  36%|###6      | 87/239 [00:11<00:19,  7.98batch/s]
Scoring:  37%|###6      | 88/239 [00:11<00:18,  8.08batch/s]
Scoring:  37%|###7      | 89/239 [00:11<00:19,  7.88batch/s]
Scoring:  38%|###7      | 90/239 [00:11<00:19,  7.66batch/s]
Scoring:  38%|###8      | 91/239 [00:12<00:19,  7.67batch/s]
Scoring:  38%|###8      | 92/239 [00:12<00:18,  7.77batch/s]
Scoring:  39%|###8      | 93/239 [00:12<00:19,  7.67batch/s]
Scoring:  39%|###9      | 94/239 [00:12<00:20,  7.12batch/s]
Scoring:  40%|###9      | 95/239 [00:12<00:19,  7.41batch/s]
Scoring:  40%|####      | 96/239 [00:12<00:19,  7.25batch/s]
Scoring:  41%|####      | 97/239 [00:12<00:19,  7.30batch/s]
Scoring:  41%|####1     | 98/239 [00:12<00:18,  7.54batch/s]
Scoring:  41%|####1     | 99/239 [00:13<00:18,  7.61batch/s]
Scoring:  42%|####1     | 100/239 [00:13<00:17,  7.92batch/s]
Scoring:  42%|####2     | 101/239 [00:13<00:17,  7.88batch/s]
Scoring:  43%|####2     | 102/239 [00:13<00:17,  8.00batch/s]
Scoring:  43%|####3     | 103/239 [00:13<00:17,  7.95batch/s]
Scoring:  44%|####3     | 104/239 [00:13<00:17,  7.73batch/s]
Scoring:  44%|####3     | 105/239 [00:13<00:17,  7.72batch/s]
Scoring:  44%|####4     | 106/239 [00:14<00:17,  7.66batch/s]
Scoring:  45%|####4     | 107/239 [00:14<00:17,  7.55batch/s]
Scoring:  45%|####5     | 108/239 [00:14<00:18,  7.16batch/s]
Scoring:  46%|####5     | 109/239 [00:14<00:17,  7.29batch/s]
Scoring:  46%|####6     | 110/239 [00:14<00:17,  7.32batch/s]
Scoring:  46%|####6     | 111/239 [00:14<00:17,  7.34batch/s]
Scoring:  47%|####6     | 112/239 [00:14<00:16,  7.59batch/s]
Scoring:  47%|####7     | 113/239 [00:14<00:16,  7.49batch/s]
Scoring:  48%|####7     | 114/239 [00:15<00:16,  7.75batch/s]
Scoring:  48%|####8     | 115/239 [00:15<00:16,  7.61batch/s]
Scoring:  49%|####8     | 116/239 [00:15<00:16,  7.45batch/s]
Scoring:  49%|####8     | 117/239 [00:15<00:16,  7.34batch/s]
Scoring:  49%|####9     | 118/239 [00:15<00:17,  7.11batch/s]
Scoring:  50%|####9     | 119/239 [00:15<00:16,  7.09batch/s]
Scoring:  50%|#####     | 120/239 [00:15<00:16,  7.34batch/s]
Scoring:  51%|#####     | 121/239 [00:16<00:16,  7.27batch/s]
Scoring:  51%|#####1    | 122/239 [00:16<00:16,  6.94batch/s]
Scoring:  51%|#####1    | 123/239 [00:16<00:16,  7.13batch/s]
Scoring:  52%|#####1    | 124/239 [00:16<00:16,  6.95batch/s]
Scoring:  52%|#####2    | 125/239 [00:16<00:16,  7.12batch/s]
Scoring:  53%|#####2    | 126/239 [00:16<00:16,  7.01batch/s]
Scoring:  53%|#####3    | 127/239 [00:16<00:15,  7.29batch/s]
Scoring:  54%|#####3    | 128/239 [00:17<00:15,  7.11batch/s]
Scoring:  54%|#####3    | 129/239 [00:17<00:15,  7.14batch/s]
Scoring:  54%|#####4    | 130/239 [00:17<00:15,  7.03batch/s]
Scoring:  55%|#####4    | 131/239 [00:17<00:15,  7.18batch/s]
Scoring:  55%|#####5    | 132/239 [00:17<00:14,  7.42batch/s]
Scoring:  56%|#####5    | 133/239 [00:17<00:14,  7.52batch/s]
Scoring:  56%|#####6    | 134/239 [00:17<00:14,  7.36batch/s]
Scoring:  56%|#####6    | 135/239 [00:18<00:14,  7.41batch/s]
Scoring:  57%|#####6    | 136/239 [00:18<00:13,  7.74batch/s]
Scoring:  57%|#####7    | 137/239 [00:18<00:12,  7.87batch/s]
Scoring:  58%|#####7    | 138/239 [00:18<00:13,  7.36batch/s]
Scoring:  58%|#####8    | 139/239 [00:18<00:13,  7.46batch/s]
Scoring:  59%|#####8    | 140/239 [00:18<00:13,  7.60batch/s]
Scoring:  59%|#####8    | 141/239 [00:18<00:12,  7.54batch/s]
Scoring:  59%|#####9    | 142/239 [00:18<00:13,  7.34batch/s]
Scoring:  60%|#####9    | 143/239 [00:19<00:12,  7.46batch/s]
Scoring:  60%|######    | 144/239 [00:19<00:12,  7.61batch/s]
Scoring:  61%|######    | 145/239 [00:19<00:12,  7.55batch/s]
Scoring:  61%|######1   | 146/239 [00:19<00:12,  7.41batch/s]
Scoring:  62%|######1   | 147/239 [00:19<00:12,  7.45batch/s]
Scoring:  62%|######1   | 148/239 [00:19<00:11,  7.66batch/s]
Scoring:  62%|######2   | 149/239 [00:19<00:11,  7.80batch/s]
Scoring:  63%|######2   | 150/239 [00:19<00:11,  8.01batch/s]
Scoring:  63%|######3   | 151/239 [00:20<00:11,  7.93batch/s]
Scoring:  64%|######3   | 152/239 [00:20<00:11,  7.76batch/s]
Scoring:  64%|######4   | 153/239 [00:20<00:11,  7.55batch/s]
Scoring:  64%|######4   | 154/239 [00:20<00:10,  7.83batch/s]
Scoring:  65%|######4   | 155/239 [00:20<00:10,  7.79batch/s]
Scoring:  65%|######5   | 156/239 [00:20<00:10,  8.00batch/s]
Scoring:  66%|######5   | 157/239 [00:20<00:10,  7.97batch/s]
Scoring:  66%|######6   | 158/239 [00:20<00:09,  8.13batch/s]
Scoring:  67%|######6   | 159/239 [00:21<00:09,  8.13batch/s]
Scoring:  67%|######6   | 160/239 [00:21<00:09,  8.27batch/s]
Scoring:  67%|######7   | 161/239 [00:21<00:09,  8.19batch/s]
Scoring:  68%|######7   | 162/239 [00:21<00:09,  7.88batch/s]
Scoring:  68%|######8   | 163/239 [00:21<00:09,  7.82batch/s]
Scoring:  69%|######8   | 164/239 [00:21<00:09,  7.99batch/s]
Scoring:  69%|######9   | 165/239 [00:21<00:09,  7.97batch/s]
Scoring:  69%|######9   | 166/239 [00:21<00:09,  8.04batch/s]
Scoring:  70%|######9   | 167/239 [00:22<00:09,  7.96batch/s]
Scoring:  70%|#######   | 168/239 [00:22<00:09,  7.62batch/s]
Scoring:  71%|#######   | 169/239 [00:22<00:09,  7.40batch/s]
Scoring:  71%|#######1  | 170/239 [00:22<00:09,  7.15batch/s]
Scoring:  72%|#######1  | 171/239 [00:22<00:09,  7.12batch/s]
Scoring:  72%|#######1  | 172/239 [00:22<00:09,  7.07batch/s]
Scoring:  72%|#######2  | 173/239 [00:22<00:08,  7.33batch/s]
Scoring:  73%|#######2  | 174/239 [00:23<00:08,  7.58batch/s]
Scoring:  73%|#######3  | 175/239 [00:23<00:08,  7.68batch/s]
Scoring:  74%|#######3  | 176/239 [00:23<00:07,  7.94batch/s]
Scoring:  74%|#######4  | 177/239 [00:23<00:07,  7.81batch/s]
Scoring:  74%|#######4  | 178/239 [00:23<00:07,  7.64batch/s]
Scoring:  75%|#######4  | 179/239 [00:23<00:07,  7.84batch/s]
Scoring:  75%|#######5  | 180/239 [00:23<00:07,  8.06batch/s]
Scoring:  76%|#######5  | 181/239 [00:23<00:07,  7.78batch/s]
Scoring:  76%|#######6  | 182/239 [00:24<00:07,  7.68batch/s]
Scoring:  77%|#######6  | 183/239 [00:24<00:07,  7.34batch/s]
Scoring:  77%|#######6  | 184/239 [00:24<00:07,  7.56batch/s]
Scoring:  77%|#######7  | 185/239 [00:24<00:06,  7.87batch/s]
Scoring:  78%|#######7  | 186/239 [00:24<00:06,  7.96batch/s]
Scoring:  78%|#######8  | 187/239 [00:24<00:06,  8.14batch/s]
Scoring:  79%|#######8  | 188/239 [00:24<00:06,  8.05batch/s]
Scoring:  79%|#######9  | 189/239 [00:24<00:06,  8.20batch/s]
Scoring:  79%|#######9  | 190/239 [00:25<00:05,  8.23batch/s]
Scoring:  80%|#######9  | 191/239 [00:25<00:05,  8.18batch/s]
Scoring:  80%|########  | 192/239 [00:25<00:05,  8.12batch/s]
Scoring:  81%|########  | 193/239 [00:25<00:05,  8.16batch/s]
Scoring:  81%|########1 | 194/239 [00:25<00:05,  8.11batch/s]
Scoring:  82%|########1 | 195/239 [00:25<00:05,  8.20batch/s]
Scoring:  82%|########2 | 196/239 [00:25<00:05,  8.14batch/s]
Scoring:  82%|########2 | 197/239 [00:25<00:05,  8.22batch/s]
Scoring:  83%|########2 | 198/239 [00:26<00:05,  8.03batch/s]
Scoring:  83%|########3 | 199/239 [00:26<00:05,  7.91batch/s]
Scoring:  84%|########3 | 200/239 [00:26<00:04,  7.86batch/s]
Scoring:  84%|########4 | 201/239 [00:26<00:04,  8.09batch/s]
Scoring:  85%|########4 | 202/239 [00:26<00:04,  7.90batch/s]
Scoring:  85%|########4 | 203/239 [00:26<00:04,  7.66batch/s]
Scoring:  85%|########5 | 204/239 [00:26<00:04,  7.76batch/s]
Scoring:  86%|########5 | 205/239 [00:26<00:04,  7.92batch/s]
Scoring:  86%|########6 | 206/239 [00:27<00:04,  8.00batch/s]
Scoring:  87%|########6 | 207/239 [00:27<00:03,  8.30batch/s]
Scoring:  87%|########7 | 208/239 [00:27<00:03,  8.07batch/s]
Scoring:  87%|########7 | 209/239 [00:27<00:03,  8.08batch/s]
Scoring:  88%|########7 | 210/239 [00:27<00:03,  7.95batch/s]
Scoring:  88%|########8 | 211/239 [00:27<00:03,  7.98batch/s]
Scoring:  89%|########8 | 212/239 [00:27<00:03,  8.16batch/s]
Scoring:  89%|########9 | 213/239 [00:27<00:03,  8.13batch/s]
Scoring:  90%|########9 | 214/239 [00:28<00:03,  8.09batch/s]
Scoring:  90%|########9 | 215/239 [00:28<00:02,  8.07batch/s]
Scoring:  90%|######### | 216/239 [00:28<00:02,  8.27batch/s]
Scoring:  91%|######### | 217/239 [00:28<00:02,  8.16batch/s]
Scoring:  91%|#########1| 218/239 [00:28<00:02,  8.28batch/s]
Scoring:  92%|#########1| 219/239 [00:28<00:02,  8.12batch/s]
Scoring:  92%|#########2| 220/239 [00:28<00:02,  7.80batch/s]
Scoring:  92%|#########2| 221/239 [00:28<00:02,  7.92batch/s]
Scoring:  93%|#########2| 222/239 [00:29<00:02,  8.20batch/s]
Scoring:  93%|#########3| 223/239 [00:29<00:01,  8.04batch/s]
Scoring:  94%|#########3| 224/239 [00:29<00:01,  8.23batch/s]
Scoring:  94%|#########4| 225/239 [00:29<00:01,  8.21batch/s]
Scoring:  95%|#########4| 226/239 [00:29<00:01,  8.25batch/s]
Scoring:  95%|#########4| 227/239 [00:29<00:01,  8.41batch/s]
Scoring:  95%|#########5| 228/239 [00:29<00:01,  8.42batch/s]
Scoring:  96%|#########5| 229/239 [00:29<00:01,  8.48batch/s]
Scoring:  96%|#########6| 230/239 [00:30<00:01,  8.31batch/s]
Scoring:  97%|#########6| 231/239 [00:30<00:00,  8.32batch/s]
Scoring:  97%|#########7| 232/239 [00:30<00:00,  8.31batch/s]
Scoring:  97%|#########7| 233/239 [00:30<00:00,  8.37batch/s]
Scoring:  98%|#########7| 234/239 [00:30<00:00,  8.35batch/s]
Scoring:  98%|#########8| 235/239 [00:30<00:00,  8.33batch/s]
Scoring:  99%|#########8| 236/239 [00:30<00:00,  8.26batch/s]
Scoring:  99%|#########9| 237/239 [00:30<00:00,  8.39batch/s]
Scoring: 100%|#########9| 238/239 [00:30<00:00,  8.37batch/s]
Scoring: 100%|##########| 239/239 [00:30<00:00,  7.71batch/s]
python.exe : 
At D:\Research\NO-2D-Metamaterials\_run_0711E26_pipeline.ps1:34 char:9
+         & $PY @pyArgs 2>&1
+         ~~~~~~~~~~~~~~~~~~
    + CategoryInfo          : NotSpecified: (:String) [], RemoteException
    + FullyQualifiedErrorId : NativeCommandError
 
Scoring:   0%|          | 0/239 [00:00<?, ?batch/s]
Scoring:   0%|          | 1/239 [00:00<00:25,  9.33batch/s]
Scoring:   1%|          | 2/239 [00:00<00:28,  8.30batch/s]
Scoring:   1%|1         | 3/239 [00:00<00:27,  8.57batch/s]
Scoring:   2%|2         | 5/239 [00:00<00:23, 10.00batch/s]
Scoring:   3%|2         | 6/239 [00:00<00:24,  9.39batch/s]
Scoring:   3%|2         | 7/239 [00:00<00:24,  9.51batch/s]
Scoring:   4%|3         | 9/239 [00:00<00:22, 10.15batch/s]
Scoring:   4%|4         | 10/239 [00:01<00:23,  9.79batch/s]
Scoring:   5%|5         | 12/239 [00:01<00:22, 10.18batch/s]
Scoring:   6%|5         | 14/239 [00:01<00:21, 10.44batch/s]
Scoring:   7%|6         | 16/239 [00:01<00:21, 10.59batch/s]
Scoring:   8%|7         | 18/239 [00:01<00:21, 10.37batch/s]
Scoring:   8%|8         | 20/239 [00:02<00:22,  9.57batch/s]
Scoring:   9%|8         | 21/239 [00:02<00:22,  9.60batch/s]
Scoring:   9%|9         | 22/239 [00:02<00:22,  9.54batch/s]
Scoring:  10%|9         | 23/239 [00:02<00:22,  9.43batch/s]
Scoring:  10%|#         | 25/239 [00:02<00:21,  9.95batch/s]
Scoring:  11%|#         | 26/239 [00:02<00:21,  9.68batch/s]
Scoring:  12%|#1        | 28/239 [00:02<00:20, 10.33batch/s]
Scoring:  13%|#2        | 30/239 [00:03<00:20, 10.12batch/s]
Scoring:  13%|#3        | 32/239 [00:03<00:19, 10.60batch/s]
Scoring:  14%|#4        | 34/239 [00:03<00:19, 10.33batch/s]
Scoring:  15%|#5        | 36/239 [00:03<00:19, 10.57batch/s]
Scoring:  16%|#5        | 38/239 [00:03<00:19, 10.26batch/s]
Scoring:  17%|#6        | 40/239 [00:03<00:18, 10.80batch/s]
Scoring:  18%|#7        | 42/239 [00:04<00:18, 10.87batch/s]
Scoring:  18%|#8        | 44/239 [00:04<00:17, 11.14batch/s]
Scoring:  19%|#9        | 46/239 [00:04<00:16, 11.47batch/s]
Scoring:  20%|##        | 48/239 [00:04<00:16, 11.60batch/s]
Scoring:  21%|##        | 50/239 [00:04<00:15, 11.83batch/s]
Scoring:  22%|##1       | 52/239 [00:04<00:16, 11.65batch/s]
Scoring:  23%|##2       | 54/239 [00:05<00:18,  9.94batch/s]
Scoring:  23%|##3       | 56/239 [00:05<00:18,  9.68batch/s]
Scoring:  24%|##4       | 58/239 [00:05<00:19,  9.36batch/s]
Scoring:  25%|##5       | 60/239 [00:05<00:18,  9.93batch/s]
Scoring:  26%|##5       | 62/239 [00:06<00:18,  9.73batch/s]
Scoring:  27%|##6       | 64/239 [00:06<00:17, 10.21batch/s]
Scoring:  28%|##7       | 66/239 [00:06<00:16, 10.62batch/s]
Scoring:  28%|##8       | 68/239 [00:06<00:15, 10.86batch/s]
Scoring:  29%|##9       | 70/239 [00:06<00:14, 11.29batch/s]
Scoring:  30%|###       | 72/239 [00:06<00:14, 11.56batch/s]
Scoring:  31%|###       | 74/239 [00:07<00:14, 11.70batch/s]
Scoring:  32%|###1      | 76/239 [00:07<00:14, 11.64batch/s]
Scoring:  33%|###2      | 78/239 [00:07<00:13, 11.68batch/s]
Scoring:  33%|###3      | 80/239 [00:07<00:13, 11.88batch/s]
Scoring:  34%|###4      | 82/239 [00:07<00:13, 11.85batch/s]
Scoring:  35%|###5      | 84/239 [00:07<00:12, 12.12batch/s]
Scoring:  36%|###5      | 86/239 [00:08<00:12, 12.26batch/s]
Scoring:  37%|###6      | 88/239 [00:08<00:12, 12.18batch/s]
Scoring:  38%|###7      | 90/239 [00:08<00:12, 12.34batch/s]
Scoring:  38%|###8      | 92/239 [00:08<00:12, 11.78batch/s]
Scoring:  39%|###9      | 94/239 [00:08<00:12, 11.97batch/s]
Scoring:  40%|####      | 96/239 [00:08<00:11, 12.18batch/s]
Scoring:  41%|####1     | 98/239 [00:09<00:11, 12.02batch/s]
Scoring:  42%|####1     | 100/239 [00:09<00:11, 12.21batch/s]
Scoring:  43%|####2     | 102/239 [00:09<00:11, 11.79batch/s]
Scoring:  44%|####3     | 104/239 [00:09<00:11, 12.00batch/s]
Scoring:  44%|####4     | 106/239 [00:09<00:11, 11.98batch/s]
Scoring:  45%|####5     | 108/239 [00:09<00:10, 12.05batch/s]
Scoring:  46%|####6     | 110/239 [00:10<00:10, 12.15batch/s]
Scoring:  47%|####6     | 112/239 [00:10<00:10, 11.68batch/s]
Scoring:  48%|####7     | 114/239 [00:10<00:10, 11.93batch/s]
Scoring:  49%|####8     | 116/239 [00:10<00:10, 12.17batch/s]
Scoring:  49%|####9     | 118/239 [00:10<00:10, 11.67batch/s]
Scoring:  50%|#####     | 120/239 [00:10<00:09, 11.99batch/s]
Scoring:  51%|#####1    | 122/239 [00:11<00:09, 12.17batch/s]
Scoring:  52%|#####1    | 124/239 [00:11<00:09, 11.72batch/s]
Scoring:  53%|#####2    | 126/239 [00:11<00:09, 11.93batch/s]
Scoring:  54%|#####3    | 128/239 [00:11<00:09, 12.13batch/s]
Scoring:  54%|#####4    | 130/239 [00:11<00:09, 11.68batch/s]
Scoring:  55%|#####5    | 132/239 [00:11<00:08, 11.92batch/s]
Scoring:  56%|#####6    | 134/239 [00:12<00:08, 12.03batch/s]
Scoring:  57%|#####6    | 136/239 [00:12<00:08, 12.05batch/s]
Scoring:  58%|#####7    | 138/239 [00:12<00:08, 12.19batch/s]
Scoring:  59%|#####8    | 140/239 [00:12<00:08, 11.72batch/s]
Scoring:  59%|#####9    | 142/239 [00:12<00:08, 11.87batch/s]
Scoring:  60%|######    | 144/239 [00:12<00:07, 12.05batch/s]
Scoring:  61%|######1   | 146/239 [00:13<00:07, 12.05batch/s]
Scoring:  62%|######1   | 148/239 [00:13<00:07, 12.27batch/s]
Scoring:  63%|######2   | 150/239 [00:13<00:07, 12.26batch/s]
Scoring:  64%|######3   | 152/239 [00:13<00:07, 12.33batch/s]
Scoring:  64%|######4   | 154/239 [00:13<00:07, 12.13batch/s]
Scoring:  65%|######5   | 156/239 [00:13<00:06, 12.07batch/s]
Scoring:  66%|######6   | 158/239 [00:14<00:06, 11.95batch/s]
Scoring:  67%|######6   | 160/239 [00:14<00:06, 12.07batch/s]
Scoring:  68%|######7   | 162/239 [00:14<00:06, 12.23batch/s]
Scoring:  69%|######8   | 164/239 [00:14<00:06, 12.34batch/s]
Scoring:  69%|######9   | 166/239 [00:14<00:06, 11.77batch/s]
Scoring:  70%|#######   | 168/239 [00:14<00:06, 11.65batch/s]
Scoring:  71%|#######1  | 170/239 [00:15<00:05, 11.56batch/s]
Scoring:  72%|#######1  | 172/239 [00:15<00:05, 11.69batch/s]
Scoring:  73%|#######2  | 174/239 [00:15<00:05, 11.42batch/s]
Scoring:  74%|#######3  | 176/239 [00:15<00:05, 11.73batch/s]
Scoring:  74%|#######4  | 178/239 [00:15<00:05, 11.89batch/s]
Scoring:  75%|#######5  | 180/239 [00:15<00:04, 11.96batch/s]
Scoring:  76%|#######6  | 182/239 [00:16<00:04, 12.01batch/s]
Scoring:  77%|#######6  | 184/239 [00:16<00:04, 11.65batch/s]
Scoring:  78%|#######7  | 186/239 [00:16<00:04, 11.97batch/s]
Scoring:  79%|#######8  | 188/239 [00:16<00:04, 12.19batch/s]
Scoring:  79%|#######9  | 190/239 [00:16<00:04, 11.56batch/s]
Scoring:  80%|########  | 192/239 [00:16<00:03, 11.78batch/s]
Scoring:  81%|########1 | 194/239 [00:17<00:03, 12.04batch/s]
Scoring:  82%|########2 | 196/239 [00:17<00:03, 12.05batch/s]
Scoring:  83%|########2 | 198/239 [00:17<00:03, 12.26batch/s]
Scoring:  84%|########3 | 200/239 [00:17<00:03, 12.19batch/s]
Scoring:  85%|########4 | 202/239 [00:17<00:03, 12.04batch/s]
Scoring:  85%|########5 | 204/239 [00:17<00:02, 11.96batch/s]
Scoring:  86%|########6 | 206/239 [00:18<00:02, 12.00batch/s]
Scoring:  87%|########7 | 208/239 [00:18<00:02, 12.02batch/s]
Scoring:  88%|########7 | 210/239 [00:18<00:02, 11.73batch/s]
Scoring:  89%|########8 | 212/239 [00:18<00:02, 11.06batch/s]
Scoring:  90%|########9 | 214/239 [00:18<00:02, 11.09batch/s]
Scoring:  90%|######### | 216/239 [00:19<00:02, 10.76batch/s]
Scoring:  91%|#########1| 218/239 [00:19<00:01, 11.09batch/s]
Scoring:  92%|#########2| 220/239 [00:19<00:01, 11.26batch/s]
Scoring:  93%|#########2| 222/239 [00:19<00:01, 11.59batch/s]
Scoring:  94%|#########3| 224/239 [00:19<00:01, 11.53batch/s]
Scoring:  95%|#########4| 226/239 [00:19<00:01, 11.35batch/s]
Scoring:  95%|#########5| 228/239 [00:20<00:00, 11.60batch/s]
Scoring:  96%|#########6| 230/239 [00:20<00:00, 11.27batch/s]
Scoring:  97%|#########7| 232/239 [00:20<00:00, 11.42batch/s]
Scoring:  98%|#########7| 234/239 [00:20<00:00, 11.39batch/s]
Scoring:  99%|#########8| 236/239 [00:20<00:00, 11.28batch/s]
Scoring: 100%|#########9| 238/239 [00:20<00:00, 11.44batch/s]
Scoring: 100%|##########| 239/239 [00:20<00:00, 11.40batch/s]
python.exe : 
At D:\Research\NO-2D-Metamaterials\_run_0711E26_pipeline.ps1:34 char:9
+         & $PY @pyArgs 2>&1
+         ~~~~~~~~~~~~~~~~~~
    + CategoryInfo          : NotSpecified: (:String) [], RemoteException
    + FullyQualifiedErrorId : NativeCommandError
 
Scoring:   0%|          | 0/239 [00:00<?, ?batch/s]
Scoring:   0%|          | 1/239 [00:00<00:25,  9.18batch/s]
Scoring:   1%|1         | 3/239 [00:00<00:23,  9.91batch/s]
Scoring:   2%|2         | 5/239 [00:00<00:21, 10.94batch/s]
Scoring:   3%|2         | 7/239 [00:00<00:21, 10.87batch/s]
Scoring:   4%|3         | 9/239 [00:00<00:20, 10.95batch/s]
Scoring:   5%|4         | 11/239 [00:01<00:20, 11.13batch/s]
Scoring:   5%|5         | 13/239 [00:01<00:19, 11.45batch/s]
Scoring:   6%|6         | 15/239 [00:01<00:19, 11.52batch/s]
Scoring:   7%|7         | 17/239 [00:01<00:18, 11.84batch/s]
Scoring:   8%|7         | 19/239 [00:01<00:19, 11.28batch/s]
Scoring:   9%|8         | 21/239 [00:01<00:18, 11.62batch/s]
Scoring:  10%|9         | 23/239 [00:02<00:18, 11.89batch/s]
Scoring:  10%|#         | 25/239 [00:02<00:17, 11.92batch/s]
Scoring:  11%|#1        | 27/239 [00:02<00:17, 12.01batch/s]
Scoring:  12%|#2        | 29/239 [00:02<00:18, 11.49batch/s]
Scoring:  13%|#2        | 31/239 [00:02<00:17, 11.73batch/s]
Scoring:  14%|#3        | 33/239 [00:02<00:17, 11.53batch/s]
Scoring:  15%|#4        | 35/239 [00:03<00:17, 11.53batch/s]
Scoring:  15%|#5        | 37/239 [00:03<00:16, 11.89batch/s]
Scoring:  16%|#6        | 39/239 [00:03<00:16, 11.84batch/s]
Scoring:  17%|#7        | 41/239 [00:03<00:16, 11.94batch/s]
Scoring:  18%|#7        | 43/239 [00:03<00:16, 11.69batch/s]
Scoring:  19%|#8        | 45/239 [00:03<00:16, 11.58batch/s]
Scoring:  20%|#9        | 47/239 [00:04<00:16, 11.87batch/s]
Scoring:  21%|##        | 49/239 [00:04<00:16, 11.86batch/s]
Scoring:  21%|##1       | 51/239 [00:04<00:15, 11.82batch/s]
Scoring:  22%|##2       | 53/239 [00:04<00:15, 12.00batch/s]
Scoring:  23%|##3       | 55/239 [00:04<00:15, 11.97batch/s]
Scoring:  24%|##3       | 57/239 [00:04<00:14, 12.19batch/s]
Scoring:  25%|##4       | 59/239 [00:05<00:14, 12.36batch/s]
Scoring:  26%|##5       | 61/239 [00:05<00:14, 12.27batch/s]
Scoring:  26%|##6       | 63/239 [00:05<00:14, 12.32batch/s]
Scoring:  27%|##7       | 65/239 [00:05<00:14, 12.25batch/s]
Scoring:  28%|##8       | 67/239 [00:05<00:13, 12.41batch/s]
Scoring:  29%|##8       | 69/239 [00:05<00:13, 12.54batch/s]
Scoring:  30%|##9       | 71/239 [00:06<00:13, 12.35batch/s]
Scoring:  31%|###       | 73/239 [00:06<00:13, 12.43batch/s]
Scoring:  31%|###1      | 75/239 [00:06<00:13, 11.93batch/s]
Scoring:  32%|###2      | 77/239 [00:06<00:13, 12.17batch/s]
Scoring:  33%|###3      | 79/239 [00:06<00:13, 12.17batch/s]
Scoring:  34%|###3      | 81/239 [00:06<00:13, 12.14batch/s]
Scoring:  35%|###4      | 83/239 [00:07<00:12, 12.37batch/s]
Scoring:  36%|###5      | 85/239 [00:07<00:12, 12.24batch/s]
Scoring:  36%|###6      | 87/239 [00:07<00:12, 12.36batch/s]
Scoring:  37%|###7      | 89/239 [00:07<00:11, 12.52batch/s]
Scoring:  38%|###8      | 91/239 [00:07<00:12, 12.28batch/s]
Scoring:  39%|###8      | 93/239 [00:07<00:11, 12.47batch/s]
Scoring:  40%|###9      | 95/239 [00:07<00:12, 11.80batch/s]
Scoring:  41%|####      | 97/239 [00:08<00:11, 11.87batch/s]
Scoring:  41%|####1     | 99/239 [00:08<00:12, 11.44batch/s]
Scoring:  42%|####2     | 101/239 [00:08<00:12, 11.18batch/s]
Scoring:  43%|####3     | 103/239 [00:08<00:12, 10.79batch/s]
Scoring:  44%|####3     | 105/239 [00:08<00:12, 10.32batch/s]
Scoring:  45%|####4     | 107/239 [00:09<00:13,  9.92batch/s]
Scoring:  46%|####5     | 109/239 [00:09<00:13,  9.98batch/s]
Scoring:  46%|####6     | 111/239 [00:09<00:12, 10.05batch/s]
Scoring:  47%|####7     | 113/239 [00:09<00:12, 10.26batch/s]
Scoring:  48%|####8     | 115/239 [00:09<00:11, 10.55batch/s]
Scoring:  49%|####8     | 117/239 [00:10<00:11, 10.51batch/s]
Scoring:  50%|####9     | 119/239 [00:10<00:11, 10.61batch/s]
Scoring:  51%|#####     | 121/239 [00:10<00:10, 10.95batch/s]
Scoring:  51%|#####1    | 123/239 [00:10<00:10, 11.30batch/s]
Scoring:  52%|#####2    | 125/239 [00:10<00:09, 11.56batch/s]
Scoring:  53%|#####3    | 127/239 [00:10<00:09, 11.62batch/s]
Scoring:  54%|#####3    | 129/239 [00:11<00:09, 11.57batch/s]
Scoring:  55%|#####4    | 131/239 [00:11<00:09, 11.56batch/s]
Scoring:  56%|#####5    | 133/239 [00:11<00:08, 11.84batch/s]
Scoring:  56%|#####6    | 135/239 [00:11<00:09, 11.35batch/s]
Scoring:  57%|#####7    | 137/239 [00:11<00:08, 11.75batch/s]
Scoring:  58%|#####8    | 139/239 [00:11<00:08, 11.84batch/s]
Scoring:  59%|#####8    | 141/239 [00:12<00:08, 11.78batch/s]
Scoring:  60%|#####9    | 143/239 [00:12<00:08, 11.18batch/s]
Scoring:  61%|######    | 145/239 [00:12<00:08, 10.84batch/s]
Scoring:  62%|######1   | 147/239 [00:12<00:09, 10.08batch/s]
Scoring:  62%|######2   | 149/239 [00:12<00:08, 10.57batch/s]
Scoring:  63%|######3   | 151/239 [00:13<00:08, 10.85batch/s]
Scoring:  64%|######4   | 153/239 [00:13<00:07, 11.17batch/s]
Scoring:  65%|######4   | 155/239 [00:13<00:07, 10.81batch/s]
Scoring:  66%|######5   | 157/239 [00:13<00:07, 10.99batch/s]
Scoring:  67%|######6   | 159/239 [00:13<00:07, 11.06batch/s]
Scoring:  67%|######7   | 161/239 [00:14<00:06, 11.44batch/s]
Scoring:  68%|######8   | 163/239 [00:14<00:06, 11.42batch/s]
Scoring:  69%|######9   | 165/239 [00:14<00:06, 11.46batch/s]
Scoring:  70%|######9   | 167/239 [00:14<00:06, 10.75batch/s]
Scoring:  71%|#######   | 169/239 [00:14<00:06, 11.04batch/s]
Scoring:  72%|#######1  | 171/239 [00:14<00:06, 11.06batch/s]
Scoring:  72%|#######2  | 173/239 [00:15<00:05, 11.45batch/s]
Scoring:  73%|#######3  | 175/239 [00:15<00:05, 11.54batch/s]
Scoring:  74%|#######4  | 177/239 [00:15<00:05, 11.47batch/s]
Scoring:  75%|#######4  | 179/239 [00:15<00:05, 11.04batch/s]
Scoring:  76%|#######5  | 181/239 [00:15<00:05, 11.38batch/s]
Scoring:  77%|#######6  | 183/239 [00:15<00:04, 11.25batch/s]
Scoring:  77%|#######7  | 185/239 [00:16<00:04, 11.31batch/s]
Scoring:  78%|#######8  | 187/239 [00:16<00:04, 11.56batch/s]
Scoring:  79%|#######9  | 189/239 [00:16<00:04, 11.66batch/s]
Scoring:  80%|#######9  | 191/239 [00:16<00:04, 11.55batch/s]
Scoring:  81%|########  | 193/239 [00:16<00:04, 11.32batch/s]
Scoring:  82%|########1 | 195/239 [00:17<00:03, 11.65batch/s]
Scoring:  82%|########2 | 197/239 [00:17<00:03, 11.81batch/s]
Scoring:  83%|########3 | 199/239 [00:17<00:03, 11.44batch/s]
Scoring:  84%|########4 | 201/239 [00:17<00:03, 10.77batch/s]
Scoring:  85%|########4 | 203/239 [00:17<00:03, 10.74batch/s]
Scoring:  86%|########5 | 205/239 [00:17<00:03, 11.03batch/s]
Scoring:  87%|########6 | 207/239 [00:18<00:02, 11.40batch/s]
Scoring:  87%|########7 | 209/239 [00:18<00:02, 11.48batch/s]
Scoring:  88%|########8 | 211/239 [00:18<00:02, 11.77batch/s]
Scoring:  89%|########9 | 213/239 [00:18<00:02, 11.68batch/s]
Scoring:  90%|########9 | 215/239 [00:18<00:02, 11.48batch/s]
Scoring:  91%|######### | 217/239 [00:18<00:01, 11.86batch/s]
Scoring:  92%|#########1| 219/239 [00:19<00:01, 11.94batch/s]
Scoring:  92%|#########2| 221/239 [00:19<00:01, 12.00batch/s]
Scoring:  93%|#########3| 223/239 [00:19<00:01, 11.80batch/s]
Scoring:  94%|#########4| 225/239 [00:19<00:01, 11.71batch/s]
Scoring:  95%|#########4| 227/239 [00:19<00:01, 11.91batch/s]
Scoring:  96%|#########5| 229/239 [00:19<00:00, 10.90batch/s]
Scoring:  97%|#########6| 231/239 [00:20<00:00, 11.23batch/s]
Scoring:  97%|#########7| 233/239 [00:20<00:00, 11.30batch/s]
Scoring:  98%|#########8| 235/239 [00:20<00:00, 11.64batch/s]
Scoring:  99%|#########9| 237/239 [00:20<00:00, 11.54batch/s]
Scoring: 100%|##########| 239/239 [00:20<00:00, 11.51batch/s]
python.exe : 
At D:\Research\NO-2D-Metamaterials\_run_0711E26_pipeline.ps1:34 char:9
+         & $PY @pyArgs 2>&1
+         ~~~~~~~~~~~~~~~~~~
    + CategoryInfo          : NotSpecified: (:String) [], RemoteException
    + FullyQualifiedErrorId : NativeCommandError
 
Scoring:   0%|          | 0/239 [00:00<?, ?batch/s]
Scoring:   0%|          | 1/239 [00:00<00:25,  9.24batch/s]
Scoring:   1%|1         | 3/239 [00:00<00:24,  9.45batch/s]
Scoring:   2%|2         | 5/239 [00:00<00:22, 10.60batch/s]
Scoring:   3%|2         | 7/239 [00:00<00:22, 10.21batch/s]
Scoring:   4%|3         | 9/239 [00:00<00:20, 10.96batch/s]
Scoring:   5%|4         | 11/239 [00:01<00:19, 11.52batch/s]
Scoring:   5%|5         | 13/239 [00:01<00:19, 11.59batch/s]
Scoring:   6%|6         | 15/239 [00:01<00:18, 11.99batch/s]
Scoring:   7%|7         | 17/239 [00:01<00:19, 11.53batch/s]
Scoring:   8%|7         | 19/239 [00:01<00:18, 11.79batch/s]
Scoring:   9%|8         | 21/239 [00:01<00:18, 12.07batch/s]
Scoring:  10%|9         | 23/239 [00:02<00:17, 12.02batch/s]
Scoring:  10%|#         | 25/239 [00:02<00:17, 12.10batch/s]
Scoring:  11%|#1        | 27/239 [00:02<00:18, 11.61batch/s]
Scoring:  12%|#2        | 29/239 [00:02<00:20, 10.21batch/s]
Scoring:  13%|#2        | 31/239 [00:02<00:20, 10.11batch/s]
Scoring:  14%|#3        | 33/239 [00:03<00:20,  9.90batch/s]
Scoring:  15%|#4        | 35/239 [00:03<00:20,  9.72batch/s]
Scoring:  15%|#5        | 36/239 [00:03<00:20,  9.69batch/s]
Scoring:  16%|#5        | 38/239 [00:03<00:20,  9.59batch/s]
Scoring:  17%|#6        | 40/239 [00:03<00:19, 10.14batch/s]
Scoring:  18%|#7        | 42/239 [00:03<00:18, 10.79batch/s]
Scoring:  18%|#8        | 44/239 [00:04<00:17, 11.15batch/s]
Scoring:  19%|#9        | 46/239 [00:04<00:17, 11.27batch/s]
Scoring:  20%|##        | 48/239 [00:04<00:16, 11.38batch/s]
Scoring:  21%|##        | 50/239 [00:04<00:16, 11.60batch/s]
Scoring:  22%|##1       | 52/239 [00:04<00:16, 11.64batch/s]
Scoring:  23%|##2       | 54/239 [00:04<00:15, 11.86batch/s]
Scoring:  23%|##3       | 56/239 [00:05<00:15, 11.85batch/s]
Scoring:  24%|##4       | 58/239 [00:05<00:15, 11.82batch/s]
Scoring:  25%|##5       | 60/239 [00:05<00:15, 11.77batch/s]
Scoring:  26%|##5       | 62/239 [00:05<00:14, 11.93batch/s]
Scoring:  27%|##6       | 64/239 [00:05<00:14, 11.83batch/s]
Scoring:  28%|##7       | 66/239 [00:05<00:14, 11.73batch/s]
Scoring:  28%|##8       | 68/239 [00:06<00:14, 11.84batch/s]
Scoring:  29%|##9       | 70/239 [00:06<00:14, 11.38batch/s]
Scoring:  30%|###       | 72/239 [00:06<00:14, 11.68batch/s]
Scoring:  31%|###       | 74/239 [00:06<00:13, 11.93batch/s]
Scoring:  32%|###1      | 76/239 [00:06<00:13, 11.88batch/s]
Scoring:  33%|###2      | 78/239 [00:06<00:13, 12.09batch/s]
Scoring:  33%|###3      | 80/239 [00:07<00:13, 11.56batch/s]
Scoring:  34%|###4      | 82/239 [00:07<00:13, 11.82batch/s]
Scoring:  35%|###5      | 84/239 [00:07<00:12, 11.94batch/s]
Scoring:  36%|###5      | 86/239 [00:07<00:12, 11.93batch/s]
Scoring:  37%|###6      | 88/239 [00:07<00:12, 12.15batch/s]
Scoring:  38%|###7      | 90/239 [00:07<00:12, 12.11batch/s]
Scoring:  38%|###8      | 92/239 [00:08<00:11, 12.29batch/s]
Scoring:  39%|###9      | 94/239 [00:08<00:12, 12.06batch/s]
Scoring:  40%|####      | 96/239 [00:08<00:12, 11.87batch/s]
Scoring:  41%|####1     | 98/239 [00:08<00:11, 12.05batch/s]
Scoring:  42%|####1     | 100/239 [00:08<00:11, 12.03batch/s]
Scoring:  43%|####2     | 102/239 [00:08<00:11, 12.12batch/s]
Scoring:  44%|####3     | 104/239 [00:09<00:11, 11.97batch/s]
Scoring:  44%|####4     | 106/239 [00:09<00:11, 11.91batch/s]
Scoring:  45%|####5     | 108/239 [00:09<00:10, 12.06batch/s]
Scoring:  46%|####6     | 110/239 [00:09<00:10, 11.87batch/s]
Scoring:  47%|####6     | 112/239 [00:09<00:10, 12.11batch/s]
Scoring:  48%|####7     | 114/239 [00:09<00:10, 12.30batch/s]
Scoring:  49%|####8     | 116/239 [00:10<00:10, 12.22batch/s]
Scoring:  49%|####9     | 118/239 [00:10<00:09, 12.31batch/s]
Scoring:  50%|#####     | 120/239 [00:10<00:10, 11.75batch/s]
Scoring:  51%|#####1    | 122/239 [00:10<00:09, 11.92batch/s]
Scoring:  52%|#####1    | 124/239 [00:10<00:09, 12.08batch/s]
Scoring:  53%|#####2    | 126/239 [00:10<00:09, 12.04batch/s]
Scoring:  54%|#####3    | 128/239 [00:11<00:09, 12.20batch/s]
Scoring:  54%|#####4    | 130/239 [00:11<00:09, 11.60batch/s]
Scoring:  55%|#####5    | 132/239 [00:11<00:09, 11.87batch/s]
Scoring:  56%|#####6    | 134/239 [00:11<00:08, 12.01batch/s]
Scoring:  57%|#####6    | 136/239 [00:11<00:08, 11.95batch/s]
Scoring:  58%|#####7    | 138/239 [00:11<00:08, 12.13batch/s]
Scoring:  59%|#####8    | 140/239 [00:12<00:08, 11.70batch/s]
Scoring:  59%|#####9    | 142/239 [00:12<00:08, 11.91batch/s]
Scoring:  60%|######    | 144/239 [00:12<00:07, 12.16batch/s]
Scoring:  61%|######1   | 146/239 [00:12<00:07, 11.91batch/s]
Scoring:  62%|######1   | 148/239 [00:12<00:07, 12.04batch/s]
Scoring:  63%|######2   | 150/239 [00:12<00:07, 11.56batch/s]
Scoring:  64%|######3   | 152/239 [00:13<00:07, 11.89batch/s]
Scoring:  64%|######4   | 154/239 [00:13<00:07, 11.94batch/s]
Scoring:  65%|######5   | 156/239 [00:13<00:06, 11.89batch/s]
Scoring:  66%|######6   | 158/239 [00:13<00:06, 12.07batch/s]
Scoring:  67%|######6   | 160/239 [00:13<00:06, 11.51batch/s]
Scoring:  68%|######7   | 162/239 [00:13<00:06, 11.79batch/s]
Scoring:  69%|######8   | 164/239 [00:14<00:06, 12.00batch/s]
Scoring:  69%|######9   | 166/239 [00:14<00:06, 11.88batch/s]
Scoring:  70%|#######   | 168/239 [00:14<00:05, 12.10batch/s]
Scoring:  71%|#######1  | 170/239 [00:14<00:05, 11.71batch/s]
Scoring:  72%|#######1  | 172/239 [00:14<00:05, 11.69batch/s]
Scoring:  73%|#######2  | 174/239 [00:14<00:05, 11.69batch/s]
Scoring:  74%|#######3  | 176/239 [00:15<00:05, 11.57batch/s]
Scoring:  74%|#######4  | 178/239 [00:15<00:05, 11.69batch/s]
Scoring:  75%|#######5  | 180/239 [00:15<00:05, 11.05batch/s]
Scoring:  76%|#######6  | 182/239 [00:15<00:05, 11.33batch/s]
Scoring:  77%|#######6  | 184/239 [00:15<00:04, 11.35batch/s]
Scoring:  78%|#######7  | 186/239 [00:16<00:04, 11.08batch/s]
Scoring:  79%|#######8  | 188/239 [00:16<00:04, 11.47batch/s]
Scoring:  79%|#######9  | 190/239 [00:16<00:04, 11.22batch/s]
Scoring:  80%|########  | 192/239 [00:16<00:04, 11.29batch/s]
Scoring:  81%|########1 | 194/239 [00:16<00:03, 11.43batch/s]
Scoring:  82%|########2 | 196/239 [00:16<00:03, 11.65batch/s]
Scoring:  83%|########2 | 198/239 [00:17<00:03, 11.60batch/s]
Scoring:  84%|########3 | 200/239 [00:17<00:03, 11.82batch/s]
Scoring:  85%|########4 | 202/239 [00:17<00:03, 11.74batch/s]
Scoring:  85%|########5 | 204/239 [00:17<00:03, 11.61batch/s]
Scoring:  86%|########6 | 206/239 [00:17<00:02, 11.78batch/s]
Scoring:  87%|########7 | 208/239 [00:17<00:02, 11.28batch/s]
Scoring:  88%|########7 | 210/239 [00:18<00:02, 11.46batch/s]
Scoring:  89%|########8 | 212/239 [00:18<00:02, 11.42batch/s]
Scoring:  90%|########9 | 214/239 [00:18<00:02, 11.35batch/s]
Scoring:  90%|######### | 216/239 [00:18<00:01, 11.56batch/s]
Scoring:  91%|#########1| 218/239 [00:18<00:01, 11.25batch/s]
Scoring:  92%|#########2| 220/239 [00:18<00:01, 11.44batch/s]
Scoring:  93%|#########2| 222/239 [00:19<00:01, 11.32batch/s]
Scoring:  94%|#########3| 224/239 [00:19<00:01, 11.27batch/s]
Scoring:  95%|#########4| 226/239 [00:19<00:01, 11.47batch/s]
Scoring:  95%|#########5| 228/239 [00:19<00:00, 11.08batch/s]
Scoring:  96%|#########6| 230/239 [00:19<00:00, 11.35batch/s]
Scoring:  97%|#########7| 232/239 [00:20<00:00, 11.32batch/s]
Scoring:  98%|#########7| 234/239 [00:20<00:00, 11.11batch/s]
Scoring:  99%|#########8| 236/239 [00:20<00:00, 11.41batch/s]
Scoring: 100%|#########9| 238/239 [00:20<00:00, 11.48batch/s]
Scoring: 100%|##########| 239/239 [00:20<00:00, 11.61batch/s]
python.exe : 
At D:\Research\NO-2D-Metamaterials\_run_0711E26_pipeline.ps1:34 char:9
+         & $PY @pyArgs 2>&1
+         ~~~~~~~~~~~~~~~~~~
    + CategoryInfo          : NotSpecified: (:String) [], RemoteException
    + FullyQualifiedErrorId : NativeCommandError
 
Scoring:   0%|          | 0/239 [00:00<?, ?batch/s]
Scoring:   0%|          | 1/239 [00:00<00:32,  7.39batch/s]
Scoring:   1%|          | 2/239 [00:00<00:33,  6.98batch/s]
Scoring:   1%|1         | 3/239 [00:00<00:30,  7.77batch/s]
Scoring:   2%|1         | 4/239 [00:00<00:31,  7.48batch/s]
Scoring:   2%|2         | 5/239 [00:00<00:29,  8.05batch/s]
Scoring:   3%|2         | 6/239 [00:00<00:28,  8.09batch/s]
Scoring:   3%|2         | 7/239 [00:00<00:27,  8.43batch/s]
Scoring:   3%|3         | 8/239 [00:00<00:26,  8.87batch/s]
Scoring:   4%|4         | 10/239 [00:01<00:25,  9.08batch/s]
Scoring:   5%|4         | 11/239 [00:01<00:24,  9.22batch/s]
Scoring:   5%|5         | 12/239 [00:01<00:24,  9.19batch/s]
Scoring:   5%|5         | 13/239 [00:01<00:25,  8.76batch/s]
Scoring:   6%|5         | 14/239 [00:01<00:25,  8.81batch/s]
Scoring:   6%|6         | 15/239 [00:01<00:24,  9.05batch/s]
Scoring:   7%|6         | 16/239 [00:01<00:24,  8.93batch/s]
Scoring:   7%|7         | 17/239 [00:01<00:25,  8.54batch/s]
Scoring:   8%|7         | 19/239 [00:02<00:24,  9.07batch/s]
Scoring:   8%|8         | 20/239 [00:02<00:24,  9.11batch/s]
Scoring:   9%|8         | 21/239 [00:02<00:23,  9.32batch/s]
Scoring:   9%|9         | 22/239 [00:02<00:23,  9.38batch/s]
Scoring:  10%|9         | 23/239 [00:02<00:23,  9.38batch/s]
Scoring:  10%|#         | 24/239 [00:02<00:22,  9.53batch/s]
Scoring:  10%|#         | 25/239 [00:02<00:22,  9.62batch/s]
Scoring:  11%|#         | 26/239 [00:02<00:22,  9.44batch/s]
Scoring:  11%|#1        | 27/239 [00:03<00:22,  9.59batch/s]
Scoring:  12%|#2        | 29/239 [00:03<00:22,  9.54batch/s]
Scoring:  13%|#2        | 30/239 [00:03<00:21,  9.61batch/s]
Scoring:  13%|#2        | 31/239 [00:03<00:22,  9.35batch/s]
Scoring:  13%|#3        | 32/239 [00:03<00:22,  9.00batch/s]
Scoring:  14%|#3        | 33/239 [00:03<00:22,  9.21batch/s]
Scoring:  14%|#4        | 34/239 [00:03<00:21,  9.42batch/s]
Scoring:  15%|#4        | 35/239 [00:03<00:21,  9.40batch/s]
Scoring:  15%|#5        | 36/239 [00:03<00:21,  9.51batch/s]
Scoring:  15%|#5        | 37/239 [00:04<00:21,  9.59batch/s]
Scoring:  16%|#5        | 38/239 [00:04<00:21,  9.30batch/s]
Scoring:  17%|#6        | 40/239 [00:04<00:20,  9.66batch/s]
Scoring:  17%|#7        | 41/239 [00:04<00:20,  9.54batch/s]
Scoring:  18%|#7        | 43/239 [00:04<00:20,  9.74batch/s]
Scoring:  18%|#8        | 44/239 [00:04<00:20,  9.61batch/s]
Scoring:  19%|#8        | 45/239 [00:04<00:20,  9.68batch/s]
Scoring:  19%|#9        | 46/239 [00:05<00:23,  8.29batch/s]
Scoring:  20%|#9        | 47/239 [00:05<00:22,  8.41batch/s]
Scoring:  20%|##        | 48/239 [00:05<00:21,  8.76batch/s]
Scoring:  21%|##        | 49/239 [00:05<00:21,  8.81batch/s]
Scoring:  21%|##        | 50/239 [00:05<00:22,  8.51batch/s]
Scoring:  22%|##1       | 52/239 [00:05<00:20,  9.11batch/s]
Scoring:  22%|##2       | 53/239 [00:05<00:20,  9.15batch/s]
Scoring:  23%|##2       | 54/239 [00:05<00:19,  9.33batch/s]
Scoring:  23%|##3       | 55/239 [00:06<00:19,  9.46batch/s]
Scoring:  23%|##3       | 56/239 [00:06<00:19,  9.28batch/s]
Scoring:  24%|##4       | 58/239 [00:06<00:18,  9.59batch/s]
Scoring:  25%|##4       | 59/239 [00:06<00:19,  9.27batch/s]
Scoring:  26%|##5       | 61/239 [00:06<00:19,  9.32batch/s]
Scoring:  26%|##5       | 62/239 [00:06<00:19,  9.14batch/s]
Scoring:  26%|##6       | 63/239 [00:06<00:18,  9.33batch/s]
Scoring:  27%|##6       | 64/239 [00:07<00:18,  9.45batch/s]
Scoring:  27%|##7       | 65/239 [00:07<00:18,  9.38batch/s]
Scoring:  28%|##7       | 66/239 [00:07<00:18,  9.40batch/s]
Scoring:  28%|##8       | 68/239 [00:07<00:17,  9.52batch/s]
Scoring:  29%|##8       | 69/239 [00:07<00:17,  9.47batch/s]
Scoring:  29%|##9       | 70/239 [00:07<00:18,  9.28batch/s]
Scoring:  30%|##9       | 71/239 [00:07<00:18,  9.19batch/s]
Scoring:  30%|###       | 72/239 [00:07<00:18,  9.19batch/s]
Scoring:  31%|###       | 74/239 [00:08<00:17,  9.36batch/s]
Scoring:  31%|###1      | 75/239 [00:08<00:17,  9.47batch/s]
Scoring:  32%|###2      | 77/239 [00:08<00:17,  9.52batch/s]
Scoring:  33%|###2      | 78/239 [00:08<00:16,  9.57batch/s]
Scoring:  33%|###3      | 79/239 [00:08<00:17,  9.24batch/s]
Scoring:  33%|###3      | 80/239 [00:08<00:17,  9.11batch/s]
Scoring:  34%|###4      | 82/239 [00:08<00:16,  9.50batch/s]
Scoring:  35%|###4      | 83/239 [00:09<00:17,  9.18batch/s]
Scoring:  35%|###5      | 84/239 [00:09<00:17,  9.09batch/s]
Scoring:  36%|###5      | 85/239 [00:09<00:16,  9.31batch/s]
Scoring:  36%|###5      | 86/239 [00:09<00:16,  9.09batch/s]
Scoring:  36%|###6      | 87/239 [00:09<00:17,  8.89batch/s]
Scoring:  37%|###7      | 89/239 [00:09<00:16,  9.34batch/s]
Scoring:  38%|###7      | 90/239 [00:09<00:16,  9.23batch/s]
Scoring:  38%|###8      | 91/239 [00:09<00:15,  9.30batch/s]
Scoring:  38%|###8      | 92/239 [00:10<00:15,  9.46batch/s]
Scoring:  39%|###8      | 93/239 [00:10<00:15,  9.47batch/s]
Scoring:  39%|###9      | 94/239 [00:10<00:15,  9.52batch/s]
Scoring:  40%|####      | 96/239 [00:10<00:14,  9.59batch/s]
Scoring:  41%|####1     | 98/239 [00:10<00:14,  9.82batch/s]
Scoring:  41%|####1     | 99/239 [00:10<00:14,  9.68batch/s]
Scoring:  42%|####2     | 101/239 [00:10<00:14,  9.82batch/s]
Scoring:  43%|####2     | 102/239 [00:11<00:14,  9.70batch/s]
Scoring:  43%|####3     | 103/239 [00:11<00:13,  9.74batch/s]
Scoring:  44%|####3     | 104/239 [00:11<00:13,  9.75batch/s]
Scoring:  44%|####3     | 105/239 [00:11<00:13,  9.57batch/s]
Scoring:  44%|####4     | 106/239 [00:11<00:13,  9.66batch/s]
Scoring:  45%|####5     | 108/239 [00:11<00:13,  9.69batch/s]
Scoring:  46%|####5     | 109/239 [00:11<00:13,  9.75batch/s]
Scoring:  46%|####6     | 111/239 [00:11<00:13,  9.72batch/s]
Scoring:  47%|####6     | 112/239 [00:12<00:13,  9.74batch/s]
Scoring:  47%|####7     | 113/239 [00:12<00:13,  9.39batch/s]
Scoring:  48%|####7     | 114/239 [00:12<00:13,  9.29batch/s]
Scoring:  49%|####8     | 116/239 [00:12<00:12,  9.59batch/s]
Scoring:  49%|####8     | 117/239 [00:12<00:13,  9.30batch/s]
Scoring:  49%|####9     | 118/239 [00:12<00:13,  9.22batch/s]
Scoring:  50%|####9     | 119/239 [00:12<00:12,  9.38batch/s]
Scoring:  51%|#####     | 121/239 [00:13<00:12,  9.38batch/s]
Scoring:  51%|#####1    | 122/239 [00:13<00:12,  9.11batch/s]
Scoring:  51%|#####1    | 123/239 [00:13<00:12,  9.24batch/s]
Scoring:  52%|#####1    | 124/239 [00:13<00:12,  9.34batch/s]
Scoring:  52%|#####2    | 125/239 [00:13<00:12,  9.14batch/s]
Scoring:  53%|#####2    | 126/239 [00:13<00:12,  9.31batch/s]
Scoring:  53%|#####3    | 127/239 [00:13<00:12,  9.18batch/s]
Scoring:  54%|#####3    | 128/239 [00:13<00:12,  8.98batch/s]
Scoring:  54%|#####3    | 129/239 [00:13<00:11,  9.18batch/s]
Scoring:  54%|#####4    | 130/239 [00:14<00:11,  9.27batch/s]
Scoring:  55%|#####4    | 131/239 [00:14<00:11,  9.12batch/s]
Scoring:  55%|#####5    | 132/239 [00:14<00:11,  9.20batch/s]
Scoring:  56%|#####5    | 133/239 [00:14<00:12,  8.79batch/s]
Scoring:  56%|#####6    | 134/239 [00:14<00:11,  8.87batch/s]
Scoring:  57%|#####6    | 136/239 [00:14<00:10,  9.42batch/s]
Scoring:  57%|#####7    | 137/239 [00:14<00:10,  9.33batch/s]
Scoring:  58%|#####8    | 139/239 [00:15<00:10,  9.58batch/s]
Scoring:  59%|#####8    | 140/239 [00:15<00:10,  9.43batch/s]
Scoring:  59%|#####8    | 141/239 [00:15<00:10,  9.38batch/s]
Scoring:  59%|#####9    | 142/239 [00:15<00:10,  8.89batch/s]
Scoring:  60%|#####9    | 143/239 [00:15<00:10,  8.88batch/s]
Scoring:  60%|######    | 144/239 [00:15<00:10,  9.12batch/s]
Scoring:  61%|######    | 145/239 [00:15<00:10,  9.02batch/s]
Scoring:  61%|######1   | 146/239 [00:15<00:10,  9.10batch/s]
Scoring:  62%|######1   | 147/239 [00:15<00:09,  9.29batch/s]
Scoring:  62%|######2   | 149/239 [00:16<00:09,  9.31batch/s]
Scoring:  63%|######2   | 150/239 [00:16<00:09,  9.10batch/s]
Scoring:  63%|######3   | 151/239 [00:16<00:09,  9.31batch/s]
Scoring:  64%|######3   | 152/239 [00:16<00:09,  9.46batch/s]
Scoring:  64%|######4   | 153/239 [00:16<00:09,  9.40batch/s]
Scoring:  64%|######4   | 154/239 [00:16<00:08,  9.46batch/s]
Scoring:  65%|######5   | 156/239 [00:16<00:08,  9.59batch/s]
Scoring:  66%|######6   | 158/239 [00:17<00:08,  9.81batch/s]
Scoring:  67%|######6   | 159/239 [00:17<00:08,  9.48batch/s]
Scoring:  67%|######6   | 160/239 [00:17<00:08,  9.10batch/s]
Scoring:  67%|######7   | 161/239 [00:17<00:08,  9.12batch/s]
Scoring:  68%|######7   | 162/239 [00:17<00:09,  8.44batch/s]
Scoring:  68%|######8   | 163/239 [00:17<00:09,  7.86batch/s]
Scoring:  69%|######8   | 164/239 [00:17<00:09,  7.95batch/s]
Scoring:  69%|######9   | 165/239 [00:17<00:09,  8.16batch/s]
Scoring:  69%|######9   | 166/239 [00:18<00:08,  8.56batch/s]
Scoring:  70%|######9   | 167/239 [00:18<00:08,  8.46batch/s]
Scoring:  70%|#######   | 168/239 [00:18<00:08,  8.26batch/s]
Scoring:  71%|#######   | 169/239 [00:18<00:08,  8.49batch/s]
Scoring:  71%|#######1  | 170/239 [00:18<00:08,  8.41batch/s]
Scoring:  72%|#######1  | 171/239 [00:18<00:08,  8.33batch/s]
Scoring:  72%|#######1  | 172/239 [00:18<00:07,  8.64batch/s]
Scoring:  72%|#######2  | 173/239 [00:18<00:07,  8.51batch/s]
Scoring:  73%|#######2  | 174/239 [00:18<00:07,  8.32batch/s]
Scoring:  73%|#######3  | 175/239 [00:19<00:07,  8.72batch/s]
Scoring:  74%|#######3  | 176/239 [00:19<00:07,  8.55batch/s]
Scoring:  74%|#######4  | 177/239 [00:19<00:07,  8.58batch/s]
Scoring:  74%|#######4  | 178/239 [00:19<00:06,  8.88batch/s]
Scoring:  75%|#######4  | 179/239 [00:19<00:06,  9.09batch/s]
Scoring:  75%|#######5  | 180/239 [00:19<00:06,  9.09batch/s]
Scoring:  76%|#######5  | 181/239 [00:19<00:06,  8.49batch/s]
Scoring:  76%|#######6  | 182/239 [00:19<00:06,  8.17batch/s]
Scoring:  77%|#######6  | 183/239 [00:20<00:07,  7.67batch/s]
Scoring:  77%|#######6  | 184/239 [00:20<00:07,  7.43batch/s]
Scoring:  77%|#######7  | 185/239 [00:20<00:07,  7.25batch/s]
Scoring:  78%|#######7  | 186/239 [00:20<00:07,  6.81batch/s]
Scoring:  78%|#######8  | 187/239 [00:20<00:07,  7.16batch/s]
Scoring:  79%|#######8  | 188/239 [00:20<00:06,  7.35batch/s]
Scoring:  79%|#######9  | 189/239 [00:20<00:07,  7.12batch/s]
Scoring:  79%|#######9  | 190/239 [00:21<00:06,  7.45batch/s]
Scoring:  80%|#######9  | 191/239 [00:21<00:06,  7.80batch/s]
Scoring:  80%|########  | 192/239 [00:21<00:06,  7.34batch/s]
Scoring:  81%|########  | 193/239 [00:21<00:06,  7.35batch/s]
Scoring:  81%|########1 | 194/239 [00:21<00:06,  7.30batch/s]
Scoring:  82%|########1 | 195/239 [00:21<00:05,  7.79batch/s]
Scoring:  82%|########2 | 196/239 [00:21<00:05,  7.73batch/s]
Scoring:  82%|########2 | 197/239 [00:21<00:05,  7.98batch/s]
Scoring:  83%|########2 | 198/239 [00:22<00:04,  8.24batch/s]
Scoring:  83%|########3 | 199/239 [00:22<00:04,  8.47batch/s]
Scoring:  84%|########3 | 200/239 [00:22<00:05,  7.51batch/s]
Scoring:  84%|########4 | 201/239 [00:22<00:05,  7.21batch/s]
Scoring:  85%|########4 | 202/239 [00:22<00:04,  7.42batch/s]
Scoring:  85%|########4 | 203/239 [00:22<00:04,  7.58batch/s]
Scoring:  85%|########5 | 204/239 [00:22<00:04,  8.10batch/s]
Scoring:  86%|########5 | 205/239 [00:22<00:04,  8.48batch/s]
Scoring:  86%|########6 | 206/239 [00:23<00:03,  8.53batch/s]
Scoring:  87%|########6 | 207/239 [00:23<00:03,  8.67batch/s]
Scoring:  87%|########7 | 208/239 [00:23<00:03,  8.06batch/s]
Scoring:  87%|########7 | 209/239 [00:23<00:03,  8.29batch/s]
Scoring:  88%|########7 | 210/239 [00:23<00:03,  8.38batch/s]
Scoring:  88%|########8 | 211/239 [00:23<00:03,  8.51batch/s]
Scoring:  89%|########8 | 212/239 [00:23<00:03,  8.82batch/s]
Scoring:  89%|########9 | 213/239 [00:23<00:03,  8.56batch/s]
Scoring:  90%|########9 | 214/239 [00:24<00:03,  8.28batch/s]
Scoring:  90%|########9 | 215/239 [00:24<00:02,  8.09batch/s]
Scoring:  90%|######### | 216/239 [00:24<00:02,  7.81batch/s]
Scoring:  91%|######### | 217/239 [00:24<00:03,  6.94batch/s]
Scoring:  91%|#########1| 218/239 [00:24<00:02,  7.07batch/s]
Scoring:  92%|#########1| 219/239 [00:24<00:02,  7.09batch/s]
Scoring:  92%|#########2| 220/239 [00:24<00:02,  7.48batch/s]
Scoring:  92%|#########2| 221/239 [00:24<00:02,  7.43batch/s]
Scoring:  93%|#########2| 222/239 [00:25<00:02,  7.25batch/s]
Scoring:  93%|#########3| 223/239 [00:25<00:02,  7.19batch/s]
Scoring:  94%|#########3| 224/239 [00:25<00:02,  7.10batch/s]
Scoring:  94%|#########4| 225/239 [00:25<00:02,  6.80batch/s]
Scoring:  95%|#########4| 226/239 [00:25<00:01,  6.84batch/s]
Scoring:  95%|#########4| 227/239 [00:25<00:01,  6.54batch/s]
Scoring:  95%|#########5| 228/239 [00:26<00:01,  6.44batch/s]
Scoring:  96%|#########5| 229/239 [00:26<00:01,  6.51batch/s]
Scoring:  96%|#########6| 230/239 [00:26<00:01,  6.57batch/s]
Scoring:  97%|#########6| 231/239 [00:26<00:01,  6.12batch/s]
Scoring:  97%|#########7| 232/239 [00:26<00:01,  6.62batch/s]
Scoring:  97%|#########7| 233/239 [00:26<00:00,  6.74batch/s]
Scoring:  98%|#########7| 234/239 [00:26<00:00,  6.94batch/s]
Scoring:  98%|#########8| 235/239 [00:27<00:00,  6.86batch/s]
Scoring:  99%|#########8| 236/239 [00:27<00:00,  6.98batch/s]
Scoring:  99%|#########9| 237/239 [00:27<00:00,  6.94batch/s]
Scoring: 100%|#########9| 238/239 [00:27<00:00,  6.78batch/s]
Scoring: 100%|##########| 239/239 [00:27<00:00,  8.68batch/s]
python.exe : 
At D:\Research\NO-2D-Metamaterials\_run_0711E26_pipeline.ps1:34 char:9
+         & $PY @pyArgs 2>&1
+         ~~~~~~~~~~~~~~~~~~
    + CategoryInfo          : NotSpecified: (:String) [], RemoteException
    + FullyQualifiedErrorId : NativeCommandError
 
Scoring:   0%|          | 0/239 [00:00<?, ?batch/s]
Scoring:   0%|          | 1/239 [00:00<00:30,  7.93batch/s]
Scoring:   1%|          | 2/239 [00:00<00:32,  7.36batch/s]
Scoring:   1%|1         | 3/239 [00:00<00:33,  7.08batch/s]
Scoring:   2%|1         | 4/239 [00:00<00:29,  7.86batch/s]
Scoring:   2%|2         | 5/239 [00:00<00:30,  7.58batch/s]
Scoring:   3%|2         | 6/239 [00:00<00:31,  7.38batch/s]
Scoring:   3%|2         | 7/239 [00:00<00:30,  7.51batch/s]
Scoring:   3%|3         | 8/239 [00:01<00:29,  7.80batch/s]
Scoring:   4%|3         | 9/239 [00:01<00:29,  7.86batch/s]
Scoring:   4%|4         | 10/239 [00:01<00:33,  6.87batch/s]
Scoring:   5%|4         | 11/239 [00:01<00:33,  6.78batch/s]
Scoring:   5%|5         | 12/239 [00:01<00:33,  6.86batch/s]
Scoring:   5%|5         | 13/239 [00:01<00:30,  7.40batch/s]
Scoring:   6%|5         | 14/239 [00:01<00:28,  8.00batch/s]
Scoring:   6%|6         | 15/239 [00:02<00:28,  7.74batch/s]
Scoring:   7%|6         | 16/239 [00:02<00:27,  8.14batch/s]
Scoring:   7%|7         | 17/239 [00:02<00:26,  8.49batch/s]
Scoring:   8%|7         | 18/239 [00:02<00:27,  8.04batch/s]
Scoring:   8%|7         | 19/239 [00:02<00:26,  8.32batch/s]
Scoring:   8%|8         | 20/239 [00:02<00:25,  8.69batch/s]
Scoring:   9%|8         | 21/239 [00:02<00:25,  8.65batch/s]
Scoring:   9%|9         | 22/239 [00:02<00:25,  8.59batch/s]
Scoring:  10%|9         | 23/239 [00:02<00:24,  8.74batch/s]
Scoring:  10%|#         | 24/239 [00:03<00:26,  8.20batch/s]
Scoring:  10%|#         | 25/239 [00:03<00:26,  7.94batch/s]
Scoring:  11%|#         | 26/239 [00:03<00:27,  7.62batch/s]
Scoring:  11%|#1        | 27/239 [00:03<00:26,  8.00batch/s]
Scoring:  12%|#1        | 28/239 [00:03<00:25,  8.39batch/s]
Scoring:  12%|#2        | 29/239 [00:03<00:26,  8.03batch/s]
Scoring:  13%|#2        | 30/239 [00:03<00:29,  7.00batch/s]
Scoring:  13%|#2        | 31/239 [00:04<00:28,  7.20batch/s]
Scoring:  13%|#3        | 32/239 [00:04<00:29,  7.07batch/s]
Scoring:  14%|#3        | 33/239 [00:04<00:28,  7.13batch/s]
Scoring:  14%|#4        | 34/239 [00:04<00:26,  7.60batch/s]
Scoring:  15%|#4        | 35/239 [00:04<00:26,  7.74batch/s]
Scoring:  15%|#5        | 36/239 [00:04<00:28,  7.06batch/s]
Scoring:  15%|#5        | 37/239 [00:04<00:28,  7.08batch/s]
Scoring:  16%|#5        | 38/239 [00:05<00:31,  6.38batch/s]
Scoring:  16%|#6        | 39/239 [00:05<00:34,  5.77batch/s]
Scoring:  17%|#6        | 40/239 [00:05<00:36,  5.49batch/s]
Scoring:  17%|#7        | 41/239 [00:05<00:35,  5.50batch/s]
Scoring:  18%|#7        | 42/239 [00:05<00:37,  5.19batch/s]
Scoring:  18%|#7        | 43/239 [00:06<00:36,  5.31batch/s]
Scoring:  18%|#8        | 44/239 [00:06<00:34,  5.69batch/s]
Scoring:  19%|#8        | 45/239 [00:06<00:33,  5.83batch/s]
Scoring:  19%|#9        | 46/239 [00:06<00:29,  6.48batch/s]
Scoring:  20%|#9        | 47/239 [00:06<00:26,  7.21batch/s]
Scoring:  20%|##        | 48/239 [00:06<00:26,  7.25batch/s]
Scoring:  21%|##        | 49/239 [00:06<00:25,  7.52batch/s]
Scoring:  21%|##        | 50/239 [00:06<00:26,  7.04batch/s]
Scoring:  21%|##1       | 51/239 [00:07<00:26,  7.12batch/s]
Scoring:  22%|##1       | 52/239 [00:07<00:28,  6.52batch/s]
Scoring:  22%|##2       | 53/239 [00:07<00:27,  6.79batch/s]
Scoring:  23%|##2       | 54/239 [00:07<00:26,  6.85batch/s]
Scoring:  23%|##3       | 55/239 [00:07<00:28,  6.49batch/s]
Scoring:  23%|##3       | 56/239 [00:07<00:30,  5.96batch/s]
Scoring:  24%|##3       | 57/239 [00:08<00:29,  6.15batch/s]
Scoring:  24%|##4       | 58/239 [00:08<00:27,  6.65batch/s]
Scoring:  25%|##4       | 59/239 [00:08<00:25,  7.18batch/s]
Scoring:  25%|##5       | 60/239 [00:08<00:22,  7.84batch/s]
Scoring:  26%|##5       | 61/239 [00:08<00:21,  8.37batch/s]
Scoring:  26%|##5       | 62/239 [00:08<00:21,  8.37batch/s]
Scoring:  26%|##6       | 63/239 [00:08<00:20,  8.69batch/s]
Scoring:  27%|##6       | 64/239 [00:08<00:19,  8.75batch/s]
Scoring:  27%|##7       | 65/239 [00:08<00:20,  8.60batch/s]
Scoring:  28%|##7       | 66/239 [00:09<00:19,  8.74batch/s]
Scoring:  28%|##8       | 67/239 [00:09<00:20,  8.19batch/s]
Scoring:  28%|##8       | 68/239 [00:09<00:20,  8.25batch/s]
Scoring:  29%|##8       | 69/239 [00:09<00:20,  8.46batch/s]
Scoring:  29%|##9       | 70/239 [00:09<00:19,  8.61batch/s]
Scoring:  30%|##9       | 71/239 [00:09<00:18,  8.95batch/s]
Scoring:  31%|###       | 73/239 [00:09<00:18,  8.88batch/s]
Scoring:  31%|###       | 74/239 [00:10<00:20,  7.92batch/s]
Scoring:  31%|###1      | 75/239 [00:10<00:19,  8.36batch/s]
Scoring:  32%|###1      | 76/239 [00:10<00:19,  8.43batch/s]
Scoring:  32%|###2      | 77/239 [00:10<00:18,  8.63batch/s]
Scoring:  33%|###2      | 78/239 [00:10<00:18,  8.66batch/s]
Scoring:  33%|###3      | 79/239 [00:10<00:18,  8.52batch/s]
Scoring:  33%|###3      | 80/239 [00:10<00:19,  8.17batch/s]
Scoring:  34%|###3      | 81/239 [00:10<00:19,  8.14batch/s]
Scoring:  34%|###4      | 82/239 [00:11<00:20,  7.58batch/s]
Scoring:  35%|###4      | 83/239 [00:11<00:20,  7.69batch/s]
Scoring:  35%|###5      | 84/239 [00:11<00:18,  8.22batch/s]
Scoring:  36%|###5      | 85/239 [00:11<00:17,  8.61batch/s]
Scoring:  36%|###5      | 86/239 [00:11<00:17,  8.80batch/s]
Scoring:  36%|###6      | 87/239 [00:11<00:16,  9.12batch/s]
Scoring:  37%|###6      | 88/239 [00:11<00:17,  8.84batch/s]
Scoring:  37%|###7      | 89/239 [00:11<00:17,  8.78batch/s]
Scoring:  38%|###7      | 90/239 [00:11<00:16,  9.11batch/s]
Scoring:  38%|###8      | 91/239 [00:12<00:16,  9.19batch/s]
Scoring:  38%|###8      | 92/239 [00:12<00:16,  9.14batch/s]
Scoring:  39%|###8      | 93/239 [00:12<00:16,  9.11batch/s]
Scoring:  39%|###9      | 94/239 [00:12<00:16,  8.96batch/s]
Scoring:  40%|###9      | 95/239 [00:12<00:16,  8.75batch/s]
Scoring:  40%|####      | 96/239 [00:12<00:15,  9.06batch/s]
Scoring:  41%|####      | 97/239 [00:12<00:15,  9.24batch/s]
Scoring:  41%|####1     | 98/239 [00:12<00:15,  9.14batch/s]
Scoring:  41%|####1     | 99/239 [00:12<00:14,  9.34batch/s]
Scoring:  42%|####1     | 100/239 [00:13<00:15,  9.03batch/s]
Scoring:  42%|####2     | 101/239 [00:13<00:15,  8.89batch/s]
Scoring:  43%|####2     | 102/239 [00:13<00:15,  9.00batch/s]
Scoring:  43%|####3     | 103/239 [00:13<00:15,  8.67batch/s]
Scoring:  44%|####3     | 104/239 [00:13<00:15,  8.73batch/s]
Scoring:  44%|####4     | 106/239 [00:13<00:14,  9.27batch/s]
Scoring:  45%|####4     | 107/239 [00:13<00:14,  8.99batch/s]
Scoring:  45%|####5     | 108/239 [00:13<00:14,  9.09batch/s]
Scoring:  46%|####5     | 109/239 [00:14<00:14,  8.74batch/s]
Scoring:  46%|####6     | 110/239 [00:14<00:14,  8.89batch/s]
Scoring:  46%|####6     | 111/239 [00:14<00:14,  8.98batch/s]
Scoring:  47%|####6     | 112/239 [00:14<00:14,  8.52batch/s]
Scoring:  47%|####7     | 113/239 [00:14<00:14,  8.68batch/s]
Scoring:  48%|####7     | 114/239 [00:14<00:13,  8.99batch/s]
Scoring:  48%|####8     | 115/239 [00:14<00:14,  8.83batch/s]
Scoring:  49%|####8     | 116/239 [00:14<00:14,  8.73batch/s]
Scoring:  49%|####8     | 117/239 [00:14<00:13,  9.00batch/s]
Scoring:  49%|####9     | 118/239 [00:15<00:13,  9.06batch/s]
Scoring:  50%|####9     | 119/239 [00:15<00:13,  9.08batch/s]
Scoring:  50%|#####     | 120/239 [00:15<00:12,  9.21batch/s]
Scoring:  51%|#####     | 121/239 [00:15<00:13,  9.00batch/s]
Scoring:  51%|#####1    | 122/239 [00:15<00:13,  8.84batch/s]
Scoring:  51%|#####1    | 123/239 [00:15<00:12,  9.08batch/s]
Scoring:  52%|#####2    | 125/239 [00:15<00:12,  9.26batch/s]
Scoring:  53%|#####2    | 126/239 [00:15<00:12,  9.22batch/s]
Scoring:  53%|#####3    | 127/239 [00:16<00:12,  8.89batch/s]
Scoring:  54%|#####3    | 128/239 [00:16<00:12,  8.59batch/s]
Scoring:  54%|#####3    | 129/239 [00:16<00:13,  8.26batch/s]
Scoring:  54%|#####4    | 130/239 [00:16<00:13,  8.01batch/s]
Scoring:  55%|#####4    | 131/239 [00:16<00:13,  8.25batch/s]
Scoring:  55%|#####5    | 132/239 [00:16<00:12,  8.41batch/s]
Scoring:  56%|#####5    | 133/239 [00:16<00:12,  8.71batch/s]
Scoring:  56%|#####6    | 134/239 [00:16<00:12,  8.36batch/s]
Scoring:  56%|#####6    | 135/239 [00:17<00:12,  8.52batch/s]
Scoring:  57%|#####6    | 136/239 [00:17<00:11,  8.86batch/s]
Scoring:  57%|#####7    | 137/239 [00:17<00:11,  8.74batch/s]
Scoring:  58%|#####7    | 138/239 [00:17<00:11,  8.60batch/s]
Scoring:  58%|#####8    | 139/239 [00:17<00:11,  8.93batch/s]
Scoring:  59%|#####8    | 140/239 [00:17<00:10,  9.17batch/s]
Scoring:  59%|#####8    | 141/239 [00:17<00:10,  8.98batch/s]
Scoring:  59%|#####9    | 142/239 [00:17<00:12,  7.60batch/s]
Scoring:  60%|#####9    | 143/239 [00:17<00:12,  7.85batch/s]
Scoring:  60%|######    | 144/239 [00:18<00:11,  8.11batch/s]
Scoring:  61%|######    | 145/239 [00:18<00:11,  8.44batch/s]
Scoring:  61%|######1   | 146/239 [00:18<00:12,  7.53batch/s]
Scoring:  62%|######1   | 147/239 [00:18<00:12,  7.18batch/s]
Scoring:  62%|######1   | 148/239 [00:18<00:12,  7.55batch/s]
Scoring:  62%|######2   | 149/239 [00:18<00:11,  7.71batch/s]
Scoring:  63%|######2   | 150/239 [00:18<00:10,  8.17batch/s]
Scoring:  63%|######3   | 151/239 [00:18<00:10,  8.14batch/s]
Scoring:  64%|######3   | 152/239 [00:19<00:10,  8.49batch/s]
Scoring:  64%|######4   | 153/239 [00:19<00:09,  8.85batch/s]
Scoring:  64%|######4   | 154/239 [00:19<00:10,  8.42batch/s]
Scoring:  65%|######4   | 155/239 [00:19<00:09,  8.47batch/s]
Scoring:  65%|######5   | 156/239 [00:19<00:09,  8.69batch/s]
Scoring:  66%|######5   | 157/239 [00:19<00:09,  8.73batch/s]
Scoring:  66%|######6   | 158/239 [00:19<00:09,  8.82batch/s]
Scoring:  67%|######6   | 159/239 [00:19<00:09,  8.74batch/s]
Scoring:  67%|######6   | 160/239 [00:20<00:09,  8.55batch/s]
Scoring:  67%|######7   | 161/239 [00:20<00:08,  8.90batch/s]
Scoring:  68%|######7   | 162/239 [00:20<00:08,  9.15batch/s]
Scoring:  68%|######8   | 163/239 [00:20<00:08,  9.08batch/s]
Scoring:  69%|######8   | 164/239 [00:20<00:08,  9.17batch/s]
Scoring:  69%|######9   | 165/239 [00:20<00:08,  8.95batch/s]
Scoring:  69%|######9   | 166/239 [00:20<00:08,  8.88batch/s]
Scoring:  70%|######9   | 167/239 [00:20<00:08,  8.98batch/s]
Scoring:  70%|#######   | 168/239 [00:20<00:08,  8.74batch/s]
Scoring:  71%|#######   | 169/239 [00:21<00:08,  8.50batch/s]
Scoring:  71%|#######1  | 170/239 [00:21<00:07,  8.90batch/s]
Scoring:  72%|#######1  | 171/239 [00:21<00:07,  9.17batch/s]
Scoring:  72%|#######1  | 172/239 [00:21<00:07,  8.88batch/s]
Scoring:  72%|#######2  | 173/239 [00:21<00:07,  9.12batch/s]
Scoring:  73%|#######2  | 174/239 [00:21<00:07,  8.92batch/s]
Scoring:  73%|#######3  | 175/239 [00:21<00:07,  8.77batch/s]
Scoring:  74%|#######3  | 176/239 [00:21<00:07,  8.55batch/s]
Scoring:  74%|#######4  | 177/239 [00:21<00:07,  7.98batch/s]
Scoring:  74%|#######4  | 178/239 [00:22<00:07,  8.08batch/s]
Scoring:  75%|#######4  | 179/239 [00:22<00:07,  7.88batch/s]
Scoring:  75%|#######5  | 180/239 [00:22<00:07,  7.94batch/s]
Scoring:  76%|#######5  | 181/239 [00:22<00:07,  8.17batch/s]
Scoring:  76%|#######6  | 182/239 [00:22<00:07,  8.06batch/s]
Scoring:  77%|#######6  | 183/239 [00:22<00:06,  8.22batch/s]
Scoring:  77%|#######6  | 184/239 [00:22<00:06,  8.28batch/s]
Scoring:  77%|#######7  | 185/239 [00:22<00:06,  8.28batch/s]
Scoring:  78%|#######7  | 186/239 [00:23<00:06,  8.50batch/s]
Scoring:  78%|#######8  | 187/239 [00:23<00:06,  7.98batch/s]
Scoring:  79%|#######8  | 188/239 [00:23<00:06,  7.78batch/s]
Scoring:  79%|#######9  | 189/239 [00:23<00:06,  7.76batch/s]
Scoring:  79%|#######9  | 190/239 [00:23<00:06,  7.61batch/s]
Scoring:  80%|#######9  | 191/239 [00:23<00:06,  7.81batch/s]
Scoring:  80%|########  | 192/239 [00:23<00:05,  7.90batch/s]
Scoring:  81%|########  | 193/239 [00:23<00:05,  8.18batch/s]
Scoring:  81%|########1 | 194/239 [00:24<00:05,  7.86batch/s]
Scoring:  82%|########1 | 195/239 [00:24<00:05,  8.28batch/s]
Scoring:  82%|########2 | 196/239 [00:24<00:05,  8.14batch/s]
Scoring:  82%|########2 | 197/239 [00:24<00:05,  8.26batch/s]
Scoring:  83%|########2 | 198/239 [00:24<00:04,  8.66batch/s]
Scoring:  83%|########3 | 199/239 [00:24<00:04,  8.43batch/s]
Scoring:  84%|########3 | 200/239 [00:24<00:04,  8.70batch/s]
Scoring:  84%|########4 | 201/239 [00:24<00:04,  8.95batch/s]
Scoring:  85%|########4 | 202/239 [00:24<00:04,  8.42batch/s]
Scoring:  85%|########4 | 203/239 [00:25<00:04,  8.42batch/s]
Scoring:  85%|########5 | 204/239 [00:25<00:04,  8.67batch/s]
Scoring:  86%|########5 | 205/239 [00:25<00:03,  8.70batch/s]
Scoring:  86%|########6 | 206/239 [00:25<00:03,  8.88batch/s]
Scoring:  87%|########6 | 207/239 [00:25<00:03,  8.69batch/s]
Scoring:  87%|########7 | 208/239 [00:25<00:03,  8.73batch/s]
Scoring:  87%|########7 | 209/239 [00:25<00:03,  8.84batch/s]
Scoring:  88%|########7 | 210/239 [00:25<00:03,  9.11batch/s]
Scoring:  88%|########8 | 211/239 [00:26<00:03,  9.00batch/s]
Scoring:  89%|########8 | 212/239 [00:26<00:02,  9.23batch/s]
Scoring:  89%|########9 | 213/239 [00:26<00:02,  9.05batch/s]
Scoring:  90%|########9 | 214/239 [00:26<00:02,  8.96batch/s]
Scoring:  90%|########9 | 215/239 [00:26<00:03,  7.13batch/s]
Scoring:  90%|######### | 216/239 [00:26<00:03,  6.97batch/s]
Scoring:  91%|######### | 217/239 [00:26<00:03,  7.30batch/s]
Scoring:  91%|#########1| 218/239 [00:26<00:02,  7.77batch/s]
Scoring:  92%|#########1| 219/239 [00:27<00:02,  8.13batch/s]
Scoring:  92%|#########2| 220/239 [00:27<00:02,  8.11batch/s]
Scoring:  92%|#########2| 221/239 [00:27<00:02,  8.34batch/s]
Scoring:  93%|#########2| 222/239 [00:27<00:01,  8.77batch/s]
Scoring:  93%|#########3| 223/239 [00:27<00:01,  8.58batch/s]
Scoring:  94%|#########3| 224/239 [00:27<00:01,  8.74batch/s]
Scoring:  94%|#########4| 225/239 [00:27<00:01,  9.01batch/s]
Scoring:  95%|#########4| 226/239 [00:27<00:01,  9.25batch/s]
Scoring:  95%|#########4| 227/239 [00:27<00:01,  8.96batch/s]
Scoring:  95%|#########5| 228/239 [00:28<00:01,  9.08batch/s]
Scoring:  96%|#########6| 230/239 [00:28<00:00,  9.50batch/s]
Scoring:  97%|#########6| 231/239 [00:28<00:00,  9.38batch/s]
Scoring:  97%|#########7| 232/239 [00:28<00:00,  9.51batch/s]
Scoring:  97%|#########7| 233/239 [00:28<00:00,  9.63batch/s]
Scoring:  98%|#########7| 234/239 [00:28<00:00,  9.45batch/s]
Scoring:  99%|#########8| 236/239 [00:28<00:00,  9.77batch/s]
Scoring:  99%|#########9| 237/239 [00:28<00:00,  9.65batch/s]
Scoring: 100%|#########9| 238/239 [00:29<00:00,  9.66batch/s]
Scoring: 100%|##########| 239/239 [00:29<00:00,  8.22batch/s]
python.exe : 
At D:\Research\NO-2D-Metamaterials\_run_0711E26_pipeline.ps1:34 char:9
+         & $PY @pyArgs 2>&1
+         ~~~~~~~~~~~~~~~~~~
    + CategoryInfo          : NotSpecified: (:String) [], RemoteException
    + FullyQualifiedErrorId : NativeCommandError
 
Scoring:   0%|          | 0/239 [00:00<?, ?batch/s]
Scoring:   0%|          | 1/239 [00:00<00:31,  7.49batch/s]
Scoring:   1%|          | 2/239 [00:00<00:32,  7.25batch/s]
Scoring:   1%|1         | 3/239 [00:00<00:30,  7.83batch/s]
Scoring:   2%|1         | 4/239 [00:00<00:28,  8.29batch/s]
Scoring:   2%|2         | 5/239 [00:00<00:29,  8.02batch/s]
Scoring:   3%|2         | 6/239 [00:00<00:27,  8.46batch/s]
Scoring:   3%|2         | 7/239 [00:00<00:26,  8.90batch/s]
Scoring:   3%|3         | 8/239 [00:00<00:26,  8.62batch/s]
Scoring:   4%|3         | 9/239 [00:01<00:26,  8.56batch/s]
Scoring:   4%|4         | 10/239 [00:01<00:25,  8.90batch/s]
Scoring:   5%|5         | 12/239 [00:01<00:24,  9.27batch/s]
Scoring:   5%|5         | 13/239 [00:01<00:24,  9.37batch/s]
Scoring:   6%|5         | 14/239 [00:01<00:23,  9.50batch/s]
Scoring:   6%|6         | 15/239 [00:01<00:23,  9.37batch/s]
Scoring:   7%|7         | 17/239 [00:01<00:23,  9.65batch/s]
Scoring:   8%|7         | 18/239 [00:02<00:23,  9.49batch/s]
Scoring:   8%|8         | 20/239 [00:02<00:22,  9.70batch/s]
Scoring:   9%|8         | 21/239 [00:02<00:23,  9.47batch/s]
Scoring:   9%|9         | 22/239 [00:02<00:22,  9.53batch/s]
Scoring:  10%|9         | 23/239 [00:02<00:23,  9.27batch/s]
Scoring:  10%|#         | 24/239 [00:02<00:23,  9.03batch/s]
Scoring:  11%|#         | 26/239 [00:02<00:22,  9.46batch/s]
Scoring:  11%|#1        | 27/239 [00:02<00:23,  9.11batch/s]
Scoring:  12%|#1        | 28/239 [00:03<00:22,  9.20batch/s]
Scoring:  12%|#2        | 29/239 [00:03<00:22,  9.20batch/s]
Scoring:  13%|#2        | 30/239 [00:03<00:22,  9.12batch/s]
Scoring:  13%|#2        | 31/239 [00:03<00:23,  8.84batch/s]
Scoring:  13%|#3        | 32/239 [00:03<00:22,  9.07batch/s]
Scoring:  14%|#3        | 33/239 [00:03<00:23,  8.79batch/s]
Scoring:  14%|#4        | 34/239 [00:03<00:23,  8.61batch/s]
Scoring:  15%|#5        | 36/239 [00:03<00:22,  9.18batch/s]
Scoring:  15%|#5        | 37/239 [00:04<00:22,  8.86batch/s]
Scoring:  16%|#5        | 38/239 [00:04<00:23,  8.46batch/s]
Scoring:  16%|#6        | 39/239 [00:04<00:25,  7.94batch/s]
Scoring:  17%|#6        | 40/239 [00:04<00:28,  6.92batch/s]
Scoring:  17%|#7        | 41/239 [00:04<00:27,  7.11batch/s]
Scoring:  18%|#7        | 42/239 [00:04<00:26,  7.56batch/s]
Scoring:  18%|#7        | 43/239 [00:04<00:27,  7.08batch/s]
Scoring:  18%|#8        | 44/239 [00:05<00:25,  7.58batch/s]
Scoring:  19%|#8        | 45/239 [00:05<00:26,  7.40batch/s]
Scoring:  19%|#9        | 46/239 [00:05<00:24,  7.88batch/s]
Scoring:  20%|#9        | 47/239 [00:05<00:23,  8.33batch/s]
Scoring:  20%|##        | 48/239 [00:05<00:22,  8.43batch/s]
Scoring:  21%|##        | 49/239 [00:05<00:22,  8.30batch/s]
Scoring:  21%|##        | 50/239 [00:05<00:21,  8.65batch/s]
Scoring:  21%|##1       | 51/239 [00:05<00:22,  8.44batch/s]
Scoring:  22%|##1       | 52/239 [00:06<00:22,  8.37batch/s]
Scoring:  22%|##2       | 53/239 [00:06<00:21,  8.60batch/s]
Scoring:  23%|##2       | 54/239 [00:06<00:21,  8.62batch/s]
Scoring:  23%|##3       | 55/239 [00:06<00:21,  8.68batch/s]
Scoring:  23%|##3       | 56/239 [00:06<00:20,  8.98batch/s]
Scoring:  24%|##3       | 57/239 [00:06<00:20,  8.93batch/s]
Scoring:  24%|##4       | 58/239 [00:06<00:22,  8.20batch/s]
Scoring:  25%|##4       | 59/239 [00:06<00:23,  7.71batch/s]
Scoring:  25%|##5       | 60/239 [00:06<00:22,  8.08batch/s]
Scoring:  26%|##5       | 61/239 [00:07<00:21,  8.34batch/s]
Scoring:  26%|##5       | 62/239 [00:07<00:21,  8.35batch/s]
Scoring:  26%|##6       | 63/239 [00:07<00:20,  8.59batch/s]
Scoring:  27%|##6       | 64/239 [00:07<00:19,  8.76batch/s]
Scoring:  27%|##7       | 65/239 [00:07<00:19,  8.76batch/s]
Scoring:  28%|##7       | 66/239 [00:07<00:20,  8.40batch/s]
Scoring:  28%|##8       | 67/239 [00:07<00:19,  8.74batch/s]
Scoring:  28%|##8       | 68/239 [00:07<00:20,  8.20batch/s]
Scoring:  29%|##8       | 69/239 [00:08<00:23,  7.38batch/s]
Scoring:  29%|##9       | 70/239 [00:08<00:25,  6.74batch/s]
Scoring:  30%|##9       | 71/239 [00:08<00:24,  6.87batch/s]
Scoring:  30%|###       | 72/239 [00:08<00:23,  7.23batch/s]
Scoring:  31%|###       | 73/239 [00:08<00:22,  7.31batch/s]
Scoring:  31%|###       | 74/239 [00:08<00:22,  7.23batch/s]
Scoring:  31%|###1      | 75/239 [00:08<00:23,  7.10batch/s]
Scoring:  32%|###1      | 76/239 [00:09<00:21,  7.71batch/s]
Scoring:  32%|###2      | 77/239 [00:09<00:20,  8.07batch/s]
Scoring:  33%|###2      | 78/239 [00:09<00:19,  8.36batch/s]
Scoring:  33%|###3      | 79/239 [00:09<00:19,  8.34batch/s]
Scoring:  33%|###3      | 80/239 [00:09<00:18,  8.53batch/s]
Scoring:  34%|###3      | 81/239 [00:09<00:17,  8.80batch/s]
Scoring:  34%|###4      | 82/239 [00:09<00:17,  8.95batch/s]
Scoring:  35%|###4      | 83/239 [00:09<00:18,  8.66batch/s]
Scoring:  35%|###5      | 84/239 [00:10<00:19,  7.87batch/s]
Scoring:  36%|###5      | 85/239 [00:10<00:19,  8.08batch/s]
Scoring:  36%|###5      | 86/239 [00:10<00:17,  8.54batch/s]
Scoring:  36%|###6      | 87/239 [00:10<00:17,  8.59batch/s]
Scoring:  37%|###6      | 88/239 [00:10<00:17,  8.65batch/s]
Scoring:  38%|###7      | 90/239 [00:10<00:16,  9.01batch/s]
Scoring:  38%|###8      | 91/239 [00:10<00:17,  8.54batch/s]
Scoring:  38%|###8      | 92/239 [00:10<00:16,  8.84batch/s]
Scoring:  39%|###8      | 93/239 [00:11<00:16,  8.93batch/s]
Scoring:  39%|###9      | 94/239 [00:11<00:16,  8.93batch/s]
Scoring:  40%|###9      | 95/239 [00:11<00:16,  8.70batch/s]
Scoring:  40%|####      | 96/239 [00:11<00:16,  8.59batch/s]
Scoring:  41%|####      | 97/239 [00:11<00:15,  8.94batch/s]
Scoring:  41%|####1     | 98/239 [00:11<00:15,  9.06batch/s]
Scoring:  41%|####1     | 99/239 [00:11<00:16,  8.28batch/s]
Scoring:  42%|####1     | 100/239 [00:11<00:17,  7.89batch/s]
Scoring:  42%|####2     | 101/239 [00:11<00:17,  8.06batch/s]
Scoring:  43%|####2     | 102/239 [00:12<00:16,  8.55batch/s]
Scoring:  43%|####3     | 103/239 [00:12<00:15,  8.56batch/s]
Scoring:  44%|####3     | 104/239 [00:12<00:15,  8.51batch/s]
Scoring:  44%|####3     | 105/239 [00:12<00:15,  8.80batch/s]
Scoring:  45%|####4     | 107/239 [00:12<00:14,  9.13batch/s]
Scoring:  45%|####5     | 108/239 [00:12<00:14,  9.26batch/s]
Scoring:  46%|####6     | 110/239 [00:12<00:13,  9.33batch/s]
Scoring:  47%|####6     | 112/239 [00:13<00:13,  9.65batch/s]
Scoring:  47%|####7     | 113/239 [00:13<00:13,  9.62batch/s]
Scoring:  48%|####8     | 115/239 [00:13<00:12,  9.78batch/s]
Scoring:  49%|####8     | 116/239 [00:13<00:12,  9.72batch/s]
Scoring:  49%|####8     | 117/239 [00:13<00:12,  9.50batch/s]
Scoring:  49%|####9     | 118/239 [00:13<00:13,  9.16batch/s]
Scoring:  50%|####9     | 119/239 [00:13<00:13,  8.70batch/s]
Scoring:  50%|#####     | 120/239 [00:14<00:16,  7.17batch/s]
Scoring:  51%|#####     | 121/239 [00:14<00:15,  7.48batch/s]
Scoring:  51%|#####1    | 122/239 [00:14<00:14,  7.91batch/s]
Scoring:  51%|#####1    | 123/239 [00:14<00:14,  8.04batch/s]
Scoring:  52%|#####1    | 124/239 [00:14<00:13,  8.25batch/s]
Scoring:  52%|#####2    | 125/239 [00:14<00:15,  7.39batch/s]
Scoring:  53%|#####2    | 126/239 [00:14<00:14,  7.55batch/s]
Scoring:  53%|#####3    | 127/239 [00:15<00:14,  7.55batch/s]
Scoring:  54%|#####3    | 128/239 [00:15<00:13,  8.11batch/s]
Scoring:  54%|#####3    | 129/239 [00:15<00:13,  8.33batch/s]
Scoring:  54%|#####4    | 130/239 [00:15<00:12,  8.51batch/s]
Scoring:  55%|#####5    | 132/239 [00:15<00:11,  9.19batch/s]
Scoring:  56%|#####5    | 133/239 [00:15<00:11,  9.04batch/s]
Scoring:  56%|#####6    | 134/239 [00:15<00:11,  8.96batch/s]
Scoring:  57%|#####6    | 136/239 [00:15<00:11,  9.23batch/s]
Scoring:  57%|#####7    | 137/239 [00:16<00:11,  8.58batch/s]
Scoring:  58%|#####7    | 138/239 [00:16<00:11,  8.52batch/s]
Scoring:  58%|#####8    | 139/239 [00:16<00:11,  8.67batch/s]
Scoring:  59%|#####8    | 140/239 [00:16<00:11,  8.89batch/s]
Scoring:  59%|#####8    | 141/239 [00:16<00:10,  8.95batch/s]
Scoring:  59%|#####9    | 142/239 [00:16<00:11,  8.81batch/s]
Scoring:  60%|#####9    | 143/239 [00:16<00:10,  8.98batch/s]
Scoring:  60%|######    | 144/239 [00:16<00:10,  8.64batch/s]
Scoring:  61%|######    | 145/239 [00:17<00:10,  8.72batch/s]
Scoring:  61%|######1   | 146/239 [00:17<00:10,  8.83batch/s]
Scoring:  62%|######1   | 147/239 [00:17<00:10,  8.43batch/s]
Scoring:  62%|######1   | 148/239 [00:17<00:10,  8.61batch/s]
Scoring:  62%|######2   | 149/239 [00:17<00:10,  8.82batch/s]
Scoring:  63%|######2   | 150/239 [00:17<00:10,  8.55batch/s]
Scoring:  63%|######3   | 151/239 [00:17<00:09,  8.83batch/s]
Scoring:  64%|######4   | 153/239 [00:17<00:09,  9.41batch/s]
Scoring:  64%|######4   | 154/239 [00:18<00:09,  9.33batch/s]
Scoring:  65%|######5   | 156/239 [00:18<00:08,  9.68batch/s]
Scoring:  66%|######5   | 157/239 [00:18<00:08,  9.66batch/s]
Scoring:  66%|######6   | 158/239 [00:18<00:08,  9.71batch/s]
Scoring:  67%|######6   | 159/239 [00:18<00:08,  9.75batch/s]
Scoring:  67%|######6   | 160/239 [00:18<00:08,  9.60batch/s]
Scoring:  67%|######7   | 161/239 [00:18<00:08,  9.57batch/s]
Scoring:  68%|######7   | 162/239 [00:18<00:08,  9.38batch/s]
Scoring:  68%|######8   | 163/239 [00:18<00:08,  9.08batch/s]
Scoring:  69%|######9   | 165/239 [00:19<00:07,  9.52batch/s]
Scoring:  69%|######9   | 166/239 [00:19<00:07,  9.16batch/s]
Scoring:  70%|######9   | 167/239 [00:19<00:07,  9.29batch/s]
Scoring:  70%|#######   | 168/239 [00:19<00:07,  9.44batch/s]
Scoring:  71%|#######1  | 170/239 [00:19<00:07,  9.50batch/s]
Scoring:  72%|#######1  | 172/239 [00:19<00:06,  9.75batch/s]
Scoring:  72%|#######2  | 173/239 [00:19<00:06,  9.66batch/s]
Scoring:  73%|#######2  | 174/239 [00:20<00:06,  9.73batch/s]
Scoring:  73%|#######3  | 175/239 [00:20<00:06,  9.79batch/s]
Scoring:  74%|#######3  | 176/239 [00:20<00:06,  9.58batch/s]
Scoring:  74%|#######4  | 178/239 [00:20<00:06,  9.83batch/s]
Scoring:  75%|#######4  | 179/239 [00:20<00:06,  9.72batch/s]
Scoring:  75%|#######5  | 180/239 [00:20<00:06,  9.71batch/s]
Scoring:  76%|#######6  | 182/239 [00:20<00:05,  9.65batch/s]
Scoring:  77%|#######6  | 183/239 [00:21<00:05,  9.70batch/s]
Scoring:  77%|#######7  | 185/239 [00:21<00:05,  9.73batch/s]
Scoring:  78%|#######7  | 186/239 [00:21<00:05,  9.75batch/s]
Scoring:  79%|#######8  | 188/239 [00:21<00:05,  9.80batch/s]
Scoring:  79%|#######9  | 189/239 [00:21<00:05,  9.75batch/s]
Scoring:  79%|#######9  | 190/239 [00:21<00:05,  9.76batch/s]
Scoring:  80%|#######9  | 191/239 [00:21<00:04,  9.65batch/s]
Scoring:  80%|########  | 192/239 [00:21<00:04,  9.63batch/s]
Scoring:  81%|########  | 193/239 [00:22<00:04,  9.31batch/s]
Scoring:  81%|########1 | 194/239 [00:22<00:04,  9.22batch/s]
Scoring:  82%|########1 | 195/239 [00:22<00:04,  9.20batch/s]
Scoring:  82%|########2 | 196/239 [00:22<00:04,  8.80batch/s]
Scoring:  82%|########2 | 197/239 [00:22<00:04,  8.48batch/s]
Scoring:  83%|########2 | 198/239 [00:22<00:04,  8.78batch/s]
Scoring:  83%|########3 | 199/239 [00:22<00:04,  9.08batch/s]
Scoring:  84%|########3 | 200/239 [00:22<00:04,  9.13batch/s]
Scoring:  84%|########4 | 201/239 [00:22<00:04,  9.28batch/s]
Scoring:  85%|########4 | 203/239 [00:23<00:03,  9.46batch/s]
Scoring:  85%|########5 | 204/239 [00:23<00:03,  9.55batch/s]
Scoring:  86%|########6 | 206/239 [00:23<00:03,  9.57batch/s]
Scoring:  87%|########6 | 207/239 [00:23<00:03,  9.57batch/s]
Scoring:  87%|########7 | 208/239 [00:23<00:03,  9.23batch/s]
Scoring:  87%|########7 | 209/239 [00:23<00:03,  9.01batch/s]
Scoring:  88%|########7 | 210/239 [00:23<00:03,  8.95batch/s]
Scoring:  88%|########8 | 211/239 [00:24<00:03,  8.76batch/s]
Scoring:  89%|########8 | 212/239 [00:24<00:03,  8.74batch/s]
Scoring:  89%|########9 | 213/239 [00:24<00:02,  9.00batch/s]
Scoring:  90%|########9 | 214/239 [00:24<00:02,  9.19batch/s]
Scoring:  90%|########9 | 215/239 [00:24<00:02,  9.21batch/s]
Scoring:  90%|######### | 216/239 [00:24<00:02,  9.41batch/s]
Scoring:  91%|######### | 217/239 [00:24<00:02,  9.50batch/s]
Scoring:  91%|#########1| 218/239 [00:24<00:02,  9.42batch/s]
Scoring:  92%|#########1| 219/239 [00:24<00:02,  9.57batch/s]
Scoring:  92%|#########2| 220/239 [00:24<00:01,  9.62batch/s]
Scoring:  92%|#########2| 221/239 [00:25<00:01,  9.48batch/s]
Scoring:  93%|#########3| 223/239 [00:25<00:01,  9.69batch/s]
Scoring:  94%|#########3| 224/239 [00:25<00:01,  9.50batch/s]
Scoring:  95%|#########4| 226/239 [00:25<00:01,  9.39batch/s]
Scoring:  95%|#########4| 227/239 [00:25<00:01,  9.20batch/s]
Scoring:  96%|#########5| 229/239 [00:25<00:01,  9.40batch/s]
Scoring:  96%|#########6| 230/239 [00:26<00:00,  9.13batch/s]
Scoring:  97%|#########6| 231/239 [00:26<00:00,  9.13batch/s]
Scoring:  97%|#########7| 233/239 [00:26<00:00,  9.23batch/s]
Scoring:  98%|#########7| 234/239 [00:26<00:00,  9.17batch/s]
Scoring:  98%|#########8| 235/239 [00:26<00:00,  9.34batch/s]
Scoring:  99%|#########8| 236/239 [00:26<00:00,  9.32batch/s]
Scoring:  99%|#########9| 237/239 [00:26<00:00,  9.36batch/s]
Scoring: 100%|#########9| 238/239 [00:26<00:00,  9.31batch/s]
Scoring: 100%|##########| 239/239 [00:26<00:00,  8.87batch/s]
python.exe : 
At D:\Research\NO-2D-Metamaterials\_run_0711E26_pipeline.ps1:34 char:9
+         & $PY @pyArgs 2>&1
+         ~~~~~~~~~~~~~~~~~~
    + CategoryInfo          : NotSpecified: (:String) [], RemoteException
    + FullyQualifiedErrorId : NativeCommandError
 
Scoring:   0%|          | 0/239 [00:00<?, ?batch/s]
Scoring:   0%|          | 1/239 [00:00<00:55,  4.31batch/s]
Scoring:   1%|          | 2/239 [00:00<00:48,  4.88batch/s]
Scoring:   1%|1         | 3/239 [00:00<00:50,  4.68batch/s]
Scoring:   2%|1         | 4/239 [00:00<00:50,  4.69batch/s]
Scoring:   2%|2         | 5/239 [00:01<00:48,  4.84batch/s]
Scoring:   3%|2         | 6/239 [00:01<00:46,  5.02batch/s]
Scoring:   3%|2         | 7/239 [00:01<00:45,  5.14batch/s]
Scoring:   3%|3         | 8/239 [00:01<00:44,  5.24batch/s]
Scoring:   4%|3         | 9/239 [00:01<00:45,  5.04batch/s]
Scoring:   4%|4         | 10/239 [00:02<00:45,  5.00batch/s]
Scoring:   5%|4         | 11/239 [00:02<00:43,  5.18batch/s]
Scoring:   5%|5         | 12/239 [00:02<00:43,  5.17batch/s]
Scoring:   5%|5         | 13/239 [00:02<00:44,  5.12batch/s]
Scoring:   6%|5         | 14/239 [00:02<00:44,  5.08batch/s]
Scoring:   6%|6         | 15/239 [00:03<00:45,  4.88batch/s]
Scoring:   7%|6         | 16/239 [00:03<00:44,  5.00batch/s]
Scoring:   7%|7         | 17/239 [00:03<00:45,  4.89batch/s]
Scoring:   8%|7         | 18/239 [00:03<00:45,  4.87batch/s]
Scoring:   8%|7         | 19/239 [00:03<00:42,  5.14batch/s]
Scoring:   8%|8         | 20/239 [00:03<00:42,  5.18batch/s]
Scoring:   9%|8         | 21/239 [00:04<00:42,  5.16batch/s]
Scoring:   9%|9         | 22/239 [00:04<00:42,  5.16batch/s]
Scoring:  10%|9         | 23/239 [00:04<00:42,  5.04batch/s]
Scoring:  10%|#         | 24/239 [00:04<00:42,  5.11batch/s]
Scoring:  10%|#         | 25/239 [00:04<00:41,  5.20batch/s]
Scoring:  11%|#         | 26/239 [00:05<00:40,  5.25batch/s]
Scoring:  11%|#1        | 27/239 [00:05<00:39,  5.34batch/s]
Scoring:  12%|#1        | 28/239 [00:05<00:39,  5.30batch/s]
Scoring:  12%|#2        | 29/239 [00:05<00:38,  5.39batch/s]
Scoring:  13%|#2        | 30/239 [00:05<00:40,  5.19batch/s]
Scoring:  13%|#2        | 31/239 [00:06<00:42,  4.94batch/s]
Scoring:  13%|#3        | 32/239 [00:06<00:43,  4.78batch/s]
Scoring:  14%|#3        | 33/239 [00:06<00:43,  4.70batch/s]
Scoring:  14%|#4        | 34/239 [00:06<00:42,  4.87batch/s]
Scoring:  15%|#4        | 35/239 [00:06<00:40,  5.00batch/s]
Scoring:  15%|#5        | 36/239 [00:07<00:39,  5.10batch/s]
Scoring:  15%|#5        | 37/239 [00:07<00:40,  5.02batch/s]
Scoring:  16%|#5        | 38/239 [00:07<00:39,  5.05batch/s]
Scoring:  16%|#6        | 39/239 [00:07<00:39,  5.01batch/s]
Scoring:  17%|#6        | 40/239 [00:07<00:38,  5.10batch/s]
Scoring:  17%|#7        | 41/239 [00:08<00:39,  5.07batch/s]
Scoring:  18%|#7        | 42/239 [00:08<00:39,  5.05batch/s]
Scoring:  18%|#7        | 43/239 [00:08<00:39,  5.01batch/s]
Scoring:  18%|#8        | 44/239 [00:08<00:38,  5.09batch/s]
Scoring:  19%|#8        | 45/239 [00:08<00:39,  4.96batch/s]
Scoring:  19%|#9        | 46/239 [00:09<00:39,  4.91batch/s]
Scoring:  20%|#9        | 47/239 [00:09<00:39,  4.88batch/s]
Scoring:  20%|##        | 48/239 [00:09<00:37,  5.10batch/s]
Scoring:  21%|##        | 49/239 [00:09<00:35,  5.28batch/s]
Scoring:  21%|##        | 50/239 [00:09<00:35,  5.35batch/s]
Scoring:  21%|##1       | 51/239 [00:10<00:33,  5.58batch/s]
Scoring:  22%|##1       | 52/239 [00:10<00:32,  5.67batch/s]
Scoring:  22%|##2       | 53/239 [00:10<00:33,  5.60batch/s]
Scoring:  23%|##2       | 54/239 [00:10<00:32,  5.78batch/s]
Scoring:  23%|##3       | 55/239 [00:10<00:32,  5.67batch/s]
Scoring:  23%|##3       | 56/239 [00:10<00:33,  5.52batch/s]
Scoring:  24%|##3       | 57/239 [00:11<00:32,  5.56batch/s]
Scoring:  24%|##4       | 58/239 [00:11<00:34,  5.30batch/s]
Scoring:  25%|##4       | 59/239 [00:11<00:34,  5.27batch/s]
Scoring:  25%|##5       | 60/239 [00:11<00:34,  5.13batch/s]
Scoring:  26%|##5       | 61/239 [00:11<00:34,  5.13batch/s]
Scoring:  26%|##5       | 62/239 [00:12<00:33,  5.23batch/s]
Scoring:  26%|##6       | 63/239 [00:12<00:34,  5.05batch/s]
Scoring:  27%|##6       | 64/239 [00:12<00:34,  5.01batch/s]
Scoring:  27%|##7       | 65/239 [00:12<00:33,  5.23batch/s]
Scoring:  28%|##7       | 66/239 [00:12<00:32,  5.38batch/s]
Scoring:  28%|##8       | 67/239 [00:13<00:32,  5.37batch/s]
Scoring:  28%|##8       | 68/239 [00:13<00:32,  5.32batch/s]
Scoring:  29%|##8       | 69/239 [00:13<00:30,  5.50batch/s]
Scoring:  29%|##9       | 70/239 [00:13<00:30,  5.52batch/s]
Scoring:  30%|##9       | 71/239 [00:13<00:29,  5.70batch/s]
Scoring:  30%|###       | 72/239 [00:13<00:29,  5.58batch/s]
Scoring:  31%|###       | 73/239 [00:14<00:30,  5.46batch/s]
Scoring:  31%|###       | 74/239 [00:14<00:29,  5.56batch/s]
Scoring:  31%|###1      | 75/239 [00:14<00:29,  5.50batch/s]
Scoring:  32%|###1      | 76/239 [00:14<00:29,  5.50batch/s]
Scoring:  32%|###2      | 77/239 [00:14<00:28,  5.69batch/s]
Scoring:  33%|###2      | 78/239 [00:15<00:28,  5.62batch/s]
Scoring:  33%|###3      | 79/239 [00:15<00:28,  5.53batch/s]
Scoring:  33%|###3      | 80/239 [00:15<00:27,  5.70batch/s]
Scoring:  34%|###3      | 81/239 [00:15<00:28,  5.62batch/s]
Scoring:  34%|###4      | 82/239 [00:15<00:27,  5.77batch/s]
Scoring:  35%|###4      | 83/239 [00:15<00:27,  5.72batch/s]
Scoring:  35%|###5      | 84/239 [00:16<00:27,  5.57batch/s]
Scoring:  36%|###5      | 85/239 [00:16<00:28,  5.45batch/s]
Scoring:  36%|###5      | 86/239 [00:16<00:27,  5.51batch/s]
Scoring:  36%|###6      | 87/239 [00:16<00:27,  5.45batch/s]
Scoring:  37%|###6      | 88/239 [00:16<00:26,  5.67batch/s]
Scoring:  37%|###7      | 89/239 [00:16<00:26,  5.71batch/s]
Scoring:  38%|###7      | 90/239 [00:17<00:26,  5.57batch/s]
Scoring:  38%|###8      | 91/239 [00:17<00:25,  5.73batch/s]
Scoring:  38%|###8      | 92/239 [00:17<00:26,  5.61batch/s]
Scoring:  39%|###8      | 93/239 [00:17<00:25,  5.78batch/s]
Scoring:  39%|###9      | 94/239 [00:17<00:24,  5.85batch/s]
Scoring:  40%|###9      | 95/239 [00:18<00:24,  5.77batch/s]
Scoring:  40%|####      | 96/239 [00:18<00:24,  5.85batch/s]
Scoring:  41%|####      | 97/239 [00:18<00:23,  5.92batch/s]
Scoring:  41%|####1     | 98/239 [00:18<00:24,  5.85batch/s]
Scoring:  41%|####1     | 99/239 [00:18<00:23,  5.95batch/s]
Scoring:  42%|####1     | 100/239 [00:18<00:23,  5.91batch/s]
Scoring:  42%|####2     | 101/239 [00:19<00:23,  5.78batch/s]
Scoring:  43%|####2     | 102/239 [00:19<00:23,  5.80batch/s]
Scoring:  43%|####3     | 103/239 [00:19<00:23,  5.70batch/s]
Scoring:  44%|####3     | 104/239 [00:19<00:23,  5.77batch/s]
Scoring:  44%|####3     | 105/239 [00:19<00:23,  5.78batch/s]
Scoring:  44%|####4     | 106/239 [00:19<00:23,  5.69batch/s]
Scoring:  45%|####4     | 107/239 [00:20<00:23,  5.61batch/s]
Scoring:  45%|####5     | 108/239 [00:20<00:22,  5.70batch/s]
Scoring:  46%|####5     | 109/239 [00:20<00:23,  5.50batch/s]
Scoring:  46%|####6     | 110/239 [00:20<00:24,  5.16batch/s]
Scoring:  46%|####6     | 111/239 [00:20<00:25,  4.92batch/s]
Scoring:  47%|####6     | 112/239 [00:21<00:25,  5.06batch/s]
Scoring:  47%|####7     | 113/239 [00:21<00:24,  5.12batch/s]
Scoring:  48%|####7     | 114/239 [00:21<00:24,  5.18batch/s]
Scoring:  48%|####8     | 115/239 [00:21<00:22,  5.42batch/s]
Scoring:  49%|####8     | 116/239 [00:21<00:22,  5.48batch/s]
Scoring:  49%|####8     | 117/239 [00:21<00:21,  5.59batch/s]
Scoring:  49%|####9     | 118/239 [00:22<00:22,  5.40batch/s]
Scoring:  50%|####9     | 119/239 [00:22<00:22,  5.33batch/s]
Scoring:  50%|#####     | 120/239 [00:22<00:22,  5.37batch/s]
Scoring:  51%|#####     | 121/239 [00:22<00:21,  5.46batch/s]
Scoring:  51%|#####1    | 122/239 [00:22<00:21,  5.51batch/s]
Scoring:  51%|#####1    | 123/239 [00:23<00:20,  5.69batch/s]
Scoring:  52%|#####1    | 124/239 [00:23<00:20,  5.67batch/s]
Scoring:  52%|#####2    | 125/239 [00:23<00:20,  5.58batch/s]
Scoring:  53%|#####2    | 126/239 [00:23<00:21,  5.36batch/s]
Scoring:  53%|#####3    | 127/239 [00:23<00:20,  5.56batch/s]
Scoring:  54%|#####3    | 128/239 [00:23<00:20,  5.49batch/s]
Scoring:  54%|#####3    | 129/239 [00:24<00:19,  5.60batch/s]
Scoring:  54%|#####4    | 130/239 [00:24<00:19,  5.69batch/s]
Scoring:  55%|#####4    | 131/239 [00:24<00:19,  5.57batch/s]
Scoring:  55%|#####5    | 132/239 [00:24<00:18,  5.78batch/s]
Scoring:  56%|#####5    | 133/239 [00:24<00:17,  5.89batch/s]
Scoring:  56%|#####6    | 134/239 [00:25<00:18,  5.74batch/s]
Scoring:  56%|#####6    | 135/239 [00:25<00:18,  5.75batch/s]
Scoring:  57%|#####6    | 136/239 [00:25<00:17,  5.85batch/s]
Scoring:  57%|#####7    | 137/239 [00:25<00:17,  5.80batch/s]
Scoring:  58%|#####7    | 138/239 [00:25<00:17,  5.86batch/s]
Scoring:  58%|#####8    | 139/239 [00:25<00:16,  5.88batch/s]
Scoring:  59%|#####8    | 140/239 [00:26<00:17,  5.70batch/s]
Scoring:  59%|#####8    | 141/239 [00:26<00:17,  5.57batch/s]
Scoring:  59%|#####9    | 142/239 [00:26<00:17,  5.67batch/s]
Scoring:  60%|#####9    | 143/239 [00:26<00:17,  5.62batch/s]
Scoring:  60%|######    | 144/239 [00:26<00:16,  5.81batch/s]
Scoring:  61%|######    | 145/239 [00:26<00:16,  5.63batch/s]
Scoring:  61%|######1   | 146/239 [00:27<00:16,  5.48batch/s]
Scoring:  62%|######1   | 147/239 [00:27<00:16,  5.53batch/s]
Scoring:  62%|######1   | 148/239 [00:27<00:16,  5.53batch/s]
Scoring:  62%|######2   | 149/239 [00:27<00:16,  5.38batch/s]
Scoring:  63%|######2   | 150/239 [00:27<00:16,  5.42batch/s]
Scoring:  63%|######3   | 151/239 [00:28<00:15,  5.60batch/s]
Scoring:  64%|######3   | 152/239 [00:28<00:15,  5.47batch/s]
Scoring:  64%|######4   | 153/239 [00:28<00:15,  5.65batch/s]
Scoring:  64%|######4   | 154/239 [00:28<00:14,  5.69batch/s]
Scoring:  65%|######4   | 155/239 [00:28<00:14,  5.63batch/s]
Scoring:  65%|######5   | 156/239 [00:28<00:14,  5.63batch/s]
Scoring:  66%|######5   | 157/239 [00:29<00:14,  5.74batch/s]
Scoring:  66%|######6   | 158/239 [00:29<00:14,  5.67batch/s]
Scoring:  67%|######6   | 159/239 [00:29<00:13,  5.87batch/s]
Scoring:  67%|######6   | 160/239 [00:29<00:13,  5.74batch/s]
Scoring:  67%|######7   | 161/239 [00:29<00:13,  5.69batch/s]
Scoring:  68%|######7   | 162/239 [00:29<00:13,  5.69batch/s]
Scoring:  68%|######8   | 163/239 [00:30<00:13,  5.60batch/s]
Scoring:  69%|######8   | 164/239 [00:30<00:13,  5.53batch/s]
Scoring:  69%|######9   | 165/239 [00:30<00:13,  5.69batch/s]
Scoring:  69%|######9   | 166/239 [00:30<00:12,  5.63batch/s]
Scoring:  70%|######9   | 167/239 [00:30<00:12,  5.72batch/s]
Scoring:  70%|#######   | 168/239 [00:31<00:12,  5.72batch/s]
Scoring:  71%|#######   | 169/239 [00:31<00:12,  5.68batch/s]
Scoring:  71%|#######1  | 170/239 [00:31<00:12,  5.61batch/s]
Scoring:  72%|#######1  | 171/239 [00:31<00:12,  5.52batch/s]
Scoring:  72%|#######1  | 172/239 [00:31<00:12,  5.34batch/s]
Scoring:  72%|#######2  | 173/239 [00:31<00:12,  5.35batch/s]
Scoring:  73%|#######2  | 174/239 [00:32<00:11,  5.53batch/s]
Scoring:  73%|#######3  | 175/239 [00:32<00:11,  5.46batch/s]
Scoring:  74%|#######3  | 176/239 [00:32<00:11,  5.57batch/s]
Scoring:  74%|#######4  | 177/239 [00:32<00:11,  5.55batch/s]
Scoring:  74%|#######4  | 178/239 [00:32<00:10,  5.56batch/s]
Scoring:  75%|#######4  | 179/239 [00:33<00:10,  5.46batch/s]
Scoring:  75%|#######5  | 180/239 [00:33<00:10,  5.56batch/s]
Scoring:  76%|#######5  | 181/239 [00:33<00:10,  5.55batch/s]
Scoring:  76%|#######6  | 182/239 [00:33<00:10,  5.65batch/s]
Scoring:  77%|#######6  | 183/239 [00:33<00:09,  5.76batch/s]
Scoring:  77%|#######6  | 184/239 [00:33<00:09,  5.72batch/s]
Scoring:  77%|#######7  | 185/239 [00:34<00:09,  5.79batch/s]
Scoring:  78%|#######7  | 186/239 [00:34<00:09,  5.72batch/s]
Scoring:  78%|#######8  | 187/239 [00:34<00:09,  5.43batch/s]
Scoring:  79%|#######8  | 188/239 [00:34<00:09,  5.43batch/s]
Scoring:  79%|#######9  | 189/239 [00:34<00:09,  5.53batch/s]
Scoring:  79%|#######9  | 190/239 [00:35<00:08,  5.57batch/s]
Scoring:  80%|#######9  | 191/239 [00:35<00:08,  5.52batch/s]
Scoring:  80%|########  | 192/239 [00:35<00:08,  5.71batch/s]
Scoring:  81%|########  | 193/239 [00:35<00:08,  5.68batch/s]
Scoring:  81%|########1 | 194/239 [00:35<00:08,  5.42batch/s]
Scoring:  82%|########1 | 195/239 [00:35<00:08,  5.40batch/s]
Scoring:  82%|########2 | 196/239 [00:36<00:07,  5.40batch/s]
Scoring:  82%|########2 | 197/239 [00:36<00:07,  5.30batch/s]
Scoring:  83%|########2 | 198/239 [00:36<00:07,  5.33batch/s]
Scoring:  83%|########3 | 199/239 [00:36<00:07,  5.47batch/s]
Scoring:  84%|########3 | 200/239 [00:36<00:07,  5.46batch/s]
Scoring:  84%|########4 | 201/239 [00:37<00:07,  5.35batch/s]
Scoring:  85%|########4 | 202/239 [00:37<00:06,  5.42batch/s]
Scoring:  85%|########4 | 203/239 [00:37<00:06,  5.56batch/s]
Scoring:  85%|########5 | 204/239 [00:37<00:06,  5.48batch/s]
Scoring:  86%|########5 | 205/239 [00:37<00:06,  5.39batch/s]
Scoring:  86%|########6 | 206/239 [00:37<00:05,  5.51batch/s]
Scoring:  87%|########6 | 207/239 [00:38<00:05,  5.50batch/s]
Scoring:  87%|########7 | 208/239 [00:38<00:05,  5.73batch/s]
Scoring:  87%|########7 | 209/239 [00:38<00:05,  5.69batch/s]
Scoring:  88%|########7 | 210/239 [00:38<00:05,  5.64batch/s]
Scoring:  88%|########8 | 211/239 [00:38<00:04,  5.73batch/s]
Scoring:  89%|########8 | 212/239 [00:38<00:04,  5.65batch/s]
Scoring:  89%|########9 | 213/239 [00:39<00:04,  5.79batch/s]
Scoring:  90%|########9 | 214/239 [00:39<00:04,  5.68batch/s]
Scoring:  90%|########9 | 215/239 [00:39<00:04,  5.68batch/s]
Scoring:  90%|######### | 216/239 [00:39<00:04,  5.73batch/s]
Scoring:  91%|######### | 217/239 [00:39<00:03,  5.66batch/s]
Scoring:  91%|#########1| 218/239 [00:40<00:03,  5.78batch/s]
Scoring:  92%|#########1| 219/239 [00:40<00:03,  5.82batch/s]
Scoring:  92%|#########2| 220/239 [00:40<00:03,  5.74batch/s]
Scoring:  92%|#########2| 221/239 [00:40<00:03,  5.90batch/s]
Scoring:  93%|#########2| 222/239 [00:40<00:02,  5.98batch/s]
Scoring:  93%|#########3| 223/239 [00:40<00:02,  5.90batch/s]
Scoring:  94%|#########3| 224/239 [00:41<00:02,  5.98batch/s]
Scoring:  94%|#########4| 225/239 [00:41<00:02,  5.81batch/s]
Scoring:  95%|#########4| 226/239 [00:41<00:02,  5.62batch/s]
Scoring:  95%|#########4| 227/239 [00:41<00:02,  5.82batch/s]
Scoring:  95%|#########5| 228/239 [00:41<00:01,  5.73batch/s]
Scoring:  96%|#########5| 229/239 [00:41<00:01,  5.89batch/s]
Scoring:  96%|#########6| 230/239 [00:42<00:01,  5.86batch/s]
Scoring:  97%|#########6| 231/239 [00:42<00:01,  5.97batch/s]
Scoring:  97%|#########7| 232/239 [00:42<00:01,  5.89batch/s]
Scoring:  97%|#########7| 233/239 [00:42<00:01,  5.82batch/s]
Scoring:  98%|#########7| 234/239 [00:42<00:00,  5.91batch/s]
Scoring:  98%|#########8| 235/239 [00:42<00:00,  5.96batch/s]
Scoring:  99%|#########8| 236/239 [00:43<00:00,  5.85batch/s]
Scoring:  99%|#########9| 237/239 [00:43<00:00,  5.96batch/s]
Scoring: 100%|#########9| 238/239 [00:43<00:00,  5.88batch/s]
Scoring: 100%|##########| 239/239 [00:43<00:00,  5.50batch/s]
python.exe : 
At D:\Research\NO-2D-Metamaterials\_run_0711E26_pipeline.ps1:34 char:9
+         & $PY @pyArgs 2>&1
+         ~~~~~~~~~~~~~~~~~~
    + CategoryInfo          : NotSpecified: (:String) [], RemoteException
    + FullyQualifiedErrorId : NativeCommandError
 
Scoring:   0%|          | 0/239 [00:00<?, ?batch/s]
Scoring:   0%|          | 1/239 [00:00<00:35,  6.64batch/s]
Scoring:   1%|          | 2/239 [00:00<00:40,  5.80batch/s]
Scoring:   1%|1         | 3/239 [00:00<00:38,  6.08batch/s]
Scoring:   2%|1         | 4/239 [00:00<00:41,  5.73batch/s]
Scoring:   2%|2         | 5/239 [00:00<00:38,  6.11batch/s]
Scoring:   3%|2         | 6/239 [00:00<00:38,  6.07batch/s]
Scoring:   3%|2         | 7/239 [00:01<00:37,  6.21batch/s]
Scoring:   3%|3         | 8/239 [00:01<00:37,  6.13batch/s]
Scoring:   4%|3         | 9/239 [00:01<00:36,  6.28batch/s]
Scoring:   4%|4         | 10/239 [00:01<00:36,  6.23batch/s]
Scoring:   5%|4         | 11/239 [00:01<00:35,  6.44batch/s]
Scoring:   5%|5         | 12/239 [00:01<00:35,  6.35batch/s]
Scoring:   5%|5         | 13/239 [00:02<00:35,  6.45batch/s]
Scoring:   6%|5         | 14/239 [00:02<00:35,  6.34batch/s]
Scoring:   6%|6         | 15/239 [00:02<00:35,  6.39batch/s]
Scoring:   7%|6         | 16/239 [00:02<00:35,  6.28batch/s]
Scoring:   7%|7         | 17/239 [00:02<00:35,  6.33batch/s]
Scoring:   8%|7         | 18/239 [00:02<00:35,  6.18batch/s]
Scoring:   8%|7         | 19/239 [00:03<00:34,  6.36batch/s]
Scoring:   8%|8         | 20/239 [00:03<00:35,  6.24batch/s]
Scoring:   9%|8         | 21/239 [00:03<00:33,  6.42batch/s]
Scoring:   9%|9         | 22/239 [00:03<00:33,  6.41batch/s]
Scoring:  10%|9         | 23/239 [00:03<00:32,  6.56batch/s]
Scoring:  10%|#         | 24/239 [00:03<00:34,  6.29batch/s]
Scoring:  10%|#         | 25/239 [00:03<00:33,  6.46batch/s]
Scoring:  11%|#         | 26/239 [00:04<00:33,  6.29batch/s]
Scoring:  11%|#1        | 27/239 [00:04<00:32,  6.43batch/s]
Scoring:  12%|#1        | 28/239 [00:04<00:33,  6.24batch/s]
Scoring:  12%|#2        | 29/239 [00:04<00:33,  6.34batch/s]
Scoring:  13%|#2        | 30/239 [00:04<00:33,  6.19batch/s]
Scoring:  13%|#2        | 31/239 [00:04<00:33,  6.23batch/s]
Scoring:  13%|#3        | 32/239 [00:05<00:34,  6.04batch/s]
Scoring:  14%|#3        | 33/239 [00:05<00:33,  6.15batch/s]
Scoring:  14%|#4        | 34/239 [00:05<00:33,  6.20batch/s]
Scoring:  15%|#4        | 35/239 [00:05<00:32,  6.37batch/s]
Scoring:  15%|#5        | 36/239 [00:05<00:32,  6.20batch/s]
Scoring:  15%|#5        | 37/239 [00:05<00:31,  6.33batch/s]
Scoring:  16%|#5        | 38/239 [00:06<00:32,  6.17batch/s]
Scoring:  16%|#6        | 39/239 [00:06<00:31,  6.26batch/s]
Scoring:  17%|#6        | 40/239 [00:06<00:31,  6.22batch/s]
Scoring:  17%|#7        | 41/239 [00:06<00:32,  6.13batch/s]
Scoring:  18%|#7        | 42/239 [00:06<00:31,  6.31batch/s]
Scoring:  18%|#7        | 43/239 [00:06<00:31,  6.17batch/s]
Scoring:  18%|#8        | 44/239 [00:07<00:31,  6.23batch/s]
Scoring:  19%|#8        | 45/239 [00:07<00:31,  6.16batch/s]
Scoring:  19%|#9        | 46/239 [00:07<00:31,  6.19batch/s]
Scoring:  20%|#9        | 47/239 [00:07<00:30,  6.24batch/s]
Scoring:  20%|##        | 48/239 [00:07<00:31,  6.13batch/s]
Scoring:  21%|##        | 49/239 [00:07<00:30,  6.22batch/s]
Scoring:  21%|##        | 50/239 [00:08<00:30,  6.13batch/s]
Scoring:  21%|##1       | 51/239 [00:08<00:29,  6.40batch/s]
Scoring:  22%|##1       | 52/239 [00:08<00:29,  6.32batch/s]
Scoring:  22%|##2       | 53/239 [00:08<00:28,  6.44batch/s]
Scoring:  23%|##2       | 54/239 [00:08<00:28,  6.59batch/s]
Scoring:  23%|##3       | 55/239 [00:08<00:27,  6.59batch/s]
Scoring:  23%|##3       | 56/239 [00:08<00:28,  6.43batch/s]
Scoring:  24%|##3       | 57/239 [00:09<00:28,  6.33batch/s]
Scoring:  24%|##4       | 58/239 [00:09<00:29,  6.11batch/s]
Scoring:  25%|##4       | 59/239 [00:09<00:29,  6.21batch/s]
Scoring:  25%|##5       | 60/239 [00:09<00:30,  5.95batch/s]
Scoring:  26%|##5       | 61/239 [00:09<00:28,  6.14batch/s]
Scoring:  26%|##5       | 62/239 [00:09<00:30,  5.82batch/s]
Scoring:  26%|##6       | 63/239 [00:10<00:29,  5.97batch/s]
Scoring:  27%|##6       | 64/239 [00:10<00:29,  5.97batch/s]
Scoring:  27%|##7       | 65/239 [00:10<00:29,  5.89batch/s]
Scoring:  28%|##7       | 66/239 [00:10<00:28,  6.07batch/s]
Scoring:  28%|##8       | 67/239 [00:10<00:29,  5.83batch/s]
Scoring:  28%|##8       | 68/239 [00:10<00:28,  6.03batch/s]
Scoring:  29%|##8       | 69/239 [00:11<00:27,  6.11batch/s]
Scoring:  29%|##9       | 70/239 [00:11<00:28,  6.03batch/s]
Scoring:  30%|##9       | 71/239 [00:11<00:27,  6.19batch/s]
Scoring:  30%|###       | 72/239 [00:11<00:27,  6.13batch/s]
Scoring:  31%|###       | 73/239 [00:11<00:26,  6.32batch/s]
Scoring:  31%|###       | 74/239 [00:11<00:27,  6.06batch/s]
Scoring:  31%|###1      | 75/239 [00:12<00:26,  6.18batch/s]
Scoring:  32%|###1      | 76/239 [00:12<00:27,  5.99batch/s]
Scoring:  32%|###2      | 77/239 [00:12<00:26,  6.14batch/s]
Scoring:  33%|###2      | 78/239 [00:12<00:26,  6.03batch/s]
Scoring:  33%|###3      | 79/239 [00:12<00:26,  6.12batch/s]
Scoring:  33%|###3      | 80/239 [00:12<00:25,  6.21batch/s]
Scoring:  34%|###3      | 81/239 [00:13<00:25,  6.16batch/s]
Scoring:  34%|###4      | 82/239 [00:13<00:25,  6.27batch/s]
Scoring:  35%|###4      | 83/239 [00:13<00:25,  6.18batch/s]
Scoring:  35%|###5      | 84/239 [00:13<00:24,  6.32batch/s]
Scoring:  36%|###5      | 85/239 [00:13<00:24,  6.23batch/s]
Scoring:  36%|###5      | 86/239 [00:13<00:24,  6.32batch/s]
Scoring:  36%|###6      | 87/239 [00:14<00:25,  5.96batch/s]
Scoring:  37%|###6      | 88/239 [00:14<00:24,  6.13batch/s]
Scoring:  37%|###7      | 89/239 [00:14<00:24,  6.08batch/s]
Scoring:  38%|###7      | 90/239 [00:14<00:23,  6.25batch/s]
Scoring:  38%|###8      | 91/239 [00:14<00:24,  5.98batch/s]
Scoring:  38%|###8      | 92/239 [00:14<00:23,  6.14batch/s]
Scoring:  39%|###8      | 93/239 [00:14<00:23,  6.15batch/s]
Scoring:  39%|###9      | 94/239 [00:15<00:23,  6.14batch/s]
Scoring:  40%|###9      | 95/239 [00:15<00:22,  6.32batch/s]
Scoring:  40%|####      | 96/239 [00:15<00:22,  6.29batch/s]
Scoring:  41%|####      | 97/239 [00:15<00:22,  6.45batch/s]
Scoring:  41%|####1     | 98/239 [00:15<00:22,  6.33batch/s]
Scoring:  41%|####1     | 99/239 [00:15<00:21,  6.49batch/s]
Scoring:  42%|####1     | 100/239 [00:16<00:21,  6.35batch/s]
Scoring:  42%|####2     | 101/239 [00:16<00:21,  6.33batch/s]
Scoring:  43%|####2     | 102/239 [00:16<00:22,  6.19batch/s]
Scoring:  43%|####3     | 103/239 [00:16<00:21,  6.37batch/s]
Scoring:  44%|####3     | 104/239 [00:16<00:21,  6.15batch/s]
Scoring:  44%|####3     | 105/239 [00:16<00:21,  6.28batch/s]
Scoring:  44%|####4     | 106/239 [00:17<00:21,  6.16batch/s]
Scoring:  45%|####4     | 107/239 [00:17<00:20,  6.29batch/s]
Scoring:  45%|####5     | 108/239 [00:17<00:21,  6.12batch/s]
Scoring:  46%|####5     | 109/239 [00:17<00:20,  6.29batch/s]
Scoring:  46%|####6     | 110/239 [00:17<00:20,  6.16batch/s]
Scoring:  46%|####6     | 111/239 [00:17<00:20,  6.32batch/s]
Scoring:  47%|####6     | 112/239 [00:18<00:21,  6.04batch/s]
Scoring:  47%|####7     | 113/239 [00:18<00:21,  5.82batch/s]
Scoring:  48%|####7     | 114/239 [00:18<00:20,  5.96batch/s]
Scoring:  48%|####8     | 115/239 [00:18<00:21,  5.90batch/s]
Scoring:  49%|####8     | 116/239 [00:18<00:20,  6.01batch/s]
Scoring:  49%|####8     | 117/239 [00:18<00:20,  5.99batch/s]
Scoring:  49%|####9     | 118/239 [00:19<00:19,  6.09batch/s]
Scoring:  50%|####9     | 119/239 [00:19<00:19,  6.05batch/s]
Scoring:  50%|#####     | 120/239 [00:19<00:19,  6.19batch/s]
Scoring:  51%|#####     | 121/239 [00:19<00:18,  6.25batch/s]
Scoring:  51%|#####1    | 122/239 [00:19<00:18,  6.39batch/s]
Scoring:  51%|#####1    | 123/239 [00:19<00:18,  6.25batch/s]
Scoring:  52%|#####1    | 124/239 [00:19<00:17,  6.44batch/s]
Scoring:  52%|#####2    | 125/239 [00:20<00:17,  6.48batch/s]
Scoring:  53%|#####2    | 126/239 [00:20<00:16,  6.74batch/s]
Scoring:  53%|#####3    | 127/239 [00:20<00:15,  7.08batch/s]
Scoring:  54%|#####3    | 128/239 [00:20<00:15,  7.04batch/s]
Scoring:  54%|#####3    | 129/239 [00:20<00:15,  7.15batch/s]
Scoring:  54%|#####4    | 130/239 [00:20<00:14,  7.36batch/s]
Scoring:  55%|#####4    | 131/239 [00:20<00:15,  7.03batch/s]
Scoring:  55%|#####5    | 132/239 [00:21<00:15,  6.90batch/s]
Scoring:  56%|#####5    | 133/239 [00:21<00:15,  6.65batch/s]
Scoring:  56%|#####6    | 134/239 [00:21<00:15,  6.93batch/s]
Scoring:  56%|#####6    | 135/239 [00:21<00:14,  7.11batch/s]
Scoring:  57%|#####6    | 136/239 [00:21<00:15,  6.71batch/s]
Scoring:  57%|#####7    | 137/239 [00:21<00:15,  6.74batch/s]
Scoring:  58%|#####7    | 138/239 [00:22<00:15,  6.59batch/s]
Scoring:  58%|#####8    | 139/239 [00:22<00:14,  6.86batch/s]
Scoring:  59%|#####8    | 140/239 [00:22<00:14,  6.82batch/s]
Scoring:  59%|#####8    | 141/239 [00:22<00:14,  6.99batch/s]
Scoring:  59%|#####9    | 142/239 [00:22<00:13,  7.20batch/s]
Scoring:  60%|#####9    | 143/239 [00:22<00:13,  7.06batch/s]
Scoring:  60%|######    | 144/239 [00:22<00:13,  7.17batch/s]
Scoring:  61%|######    | 145/239 [00:22<00:12,  7.43batch/s]
Scoring:  61%|######1   | 146/239 [00:23<00:12,  7.27batch/s]
Scoring:  62%|######1   | 147/239 [00:23<00:12,  7.42batch/s]
Scoring:  62%|######1   | 148/239 [00:23<00:12,  7.53batch/s]
Scoring:  62%|######2   | 149/239 [00:23<00:12,  7.33batch/s]
Scoring:  63%|######2   | 150/239 [00:23<00:12,  7.40batch/s]
Scoring:  63%|######3   | 151/239 [00:23<00:11,  7.50batch/s]
Scoring:  64%|######3   | 152/239 [00:23<00:12,  7.22batch/s]
Scoring:  64%|######4   | 153/239 [00:24<00:11,  7.28batch/s]
Scoring:  64%|######4   | 154/239 [00:24<00:11,  7.17batch/s]
Scoring:  65%|######4   | 155/239 [00:24<00:11,  7.35batch/s]
Scoring:  65%|######5   | 156/239 [00:24<00:11,  7.50batch/s]
Scoring:  66%|######5   | 157/239 [00:24<00:11,  7.30batch/s]
Scoring:  66%|######6   | 158/239 [00:24<00:10,  7.39batch/s]
Scoring:  67%|######6   | 159/239 [00:24<00:10,  7.56batch/s]
Scoring:  67%|######6   | 160/239 [00:24<00:10,  7.48batch/s]
Scoring:  67%|######7   | 161/239 [00:25<00:10,  7.52batch/s]
Scoring:  68%|######7   | 162/239 [00:25<00:10,  7.63batch/s]
Scoring:  68%|######8   | 163/239 [00:25<00:10,  7.41batch/s]
Scoring:  69%|######8   | 164/239 [00:25<00:10,  7.49batch/s]
Scoring:  69%|######9   | 165/239 [00:25<00:09,  7.64batch/s]
Scoring:  69%|######9   | 166/239 [00:25<00:09,  7.51batch/s]
Scoring:  70%|######9   | 167/239 [00:25<00:09,  7.64batch/s]
Scoring:  70%|#######   | 168/239 [00:26<00:09,  7.67batch/s]
Scoring:  71%|#######   | 169/239 [00:26<00:09,  7.45batch/s]
Scoring:  71%|#######1  | 170/239 [00:26<00:09,  7.44batch/s]
Scoring:  72%|#######1  | 171/239 [00:26<00:08,  7.67batch/s]
Scoring:  72%|#######1  | 172/239 [00:26<00:08,  7.49batch/s]
Scoring:  72%|#######2  | 173/239 [00:26<00:08,  7.53batch/s]
Scoring:  73%|#######2  | 174/239 [00:26<00:08,  7.46batch/s]
Scoring:  73%|#######3  | 175/239 [00:27<00:09,  6.90batch/s]
Scoring:  74%|#######3  | 176/239 [00:27<00:09,  6.92batch/s]
Scoring:  74%|#######4  | 177/239 [00:27<00:09,  6.76batch/s]
Scoring:  74%|#######4  | 178/239 [00:27<00:08,  7.07batch/s]
Scoring:  75%|#######4  | 179/239 [00:27<00:08,  7.36batch/s]
Scoring:  75%|#######5  | 180/239 [00:27<00:08,  7.25batch/s]
Scoring:  76%|#######5  | 181/239 [00:27<00:07,  7.36batch/s]
Scoring:  76%|#######6  | 182/239 [00:27<00:07,  7.19batch/s]
Scoring:  77%|#######6  | 183/239 [00:28<00:07,  7.01batch/s]
Scoring:  77%|#######6  | 184/239 [00:28<00:08,  6.72batch/s]
Scoring:  77%|#######7  | 185/239 [00:28<00:07,  6.89batch/s]
Scoring:  78%|#######7  | 186/239 [00:28<00:07,  7.15batch/s]
Scoring:  78%|#######8  | 187/239 [00:28<00:07,  7.02batch/s]
Scoring:  79%|#######8  | 188/239 [00:28<00:07,  7.18batch/s]
Scoring:  79%|#######9  | 189/239 [00:28<00:06,  7.36batch/s]
Scoring:  79%|#######9  | 190/239 [00:29<00:06,  7.33batch/s]
Scoring:  80%|#######9  | 191/239 [00:29<00:06,  7.42batch/s]
Scoring:  80%|########  | 192/239 [00:29<00:06,  7.54batch/s]
Scoring:  81%|########  | 193/239 [00:29<00:06,  7.33batch/s]
Scoring:  81%|########1 | 194/239 [00:29<00:06,  7.37batch/s]
Scoring:  82%|########1 | 195/239 [00:29<00:05,  7.46batch/s]
Scoring:  82%|########2 | 196/239 [00:29<00:05,  7.18batch/s]
Scoring:  82%|########2 | 197/239 [00:30<00:05,  7.16batch/s]
Scoring:  83%|########2 | 198/239 [00:30<00:05,  6.99batch/s]
Scoring:  83%|########3 | 199/239 [00:30<00:05,  7.20batch/s]
Scoring:  84%|########3 | 200/239 [00:30<00:05,  7.36batch/s]
Scoring:  84%|########4 | 201/239 [00:30<00:05,  7.13batch/s]
Scoring:  85%|########4 | 202/239 [00:30<00:05,  7.28batch/s]
Scoring:  85%|########4 | 203/239 [00:30<00:04,  7.27batch/s]
Scoring:  85%|########5 | 204/239 [00:31<00:05,  6.95batch/s]
Scoring:  86%|########5 | 205/239 [00:31<00:05,  6.72batch/s]
Scoring:  86%|########6 | 206/239 [00:31<00:04,  6.80batch/s]
Scoring:  87%|########6 | 207/239 [00:31<00:04,  6.98batch/s]
Scoring:  87%|########7 | 208/239 [00:31<00:04,  7.00batch/s]
Scoring:  87%|########7 | 209/239 [00:31<00:04,  7.20batch/s]
Scoring:  88%|########7 | 210/239 [00:31<00:04,  6.86batch/s]
Scoring:  88%|########8 | 211/239 [00:32<00:04,  6.89batch/s]
Scoring:  89%|########8 | 212/239 [00:32<00:03,  6.75batch/s]
Scoring:  89%|########9 | 213/239 [00:32<00:03,  6.90batch/s]
Scoring:  90%|########9 | 214/239 [00:32<00:03,  6.83batch/s]
Scoring:  90%|########9 | 215/239 [00:32<00:03,  6.83batch/s]
Scoring:  90%|######### | 216/239 [00:32<00:03,  7.01batch/s]
Scoring:  91%|######### | 217/239 [00:32<00:03,  6.71batch/s]
Scoring:  91%|#########1| 218/239 [00:33<00:03,  6.88batch/s]
Scoring:  92%|#########1| 219/239 [00:33<00:02,  6.69batch/s]
Scoring:  92%|#########2| 220/239 [00:33<00:02,  6.75batch/s]
Scoring:  92%|#########2| 221/239 [00:33<00:02,  6.45batch/s]
Scoring:  93%|#########2| 222/239 [00:33<00:02,  6.53batch/s]
Scoring:  93%|#########3| 223/239 [00:33<00:02,  6.18batch/s]
Scoring:  94%|#########3| 224/239 [00:34<00:02,  6.27batch/s]
Scoring:  94%|#########4| 225/239 [00:34<00:02,  6.14batch/s]
Scoring:  95%|#########4| 226/239 [00:34<00:02,  6.35batch/s]
Scoring:  95%|#########4| 227/239 [00:34<00:01,  6.37batch/s]
Scoring:  95%|#########5| 228/239 [00:34<00:01,  6.58batch/s]
Scoring:  96%|#########5| 229/239 [00:34<00:01,  6.60batch/s]
Scoring:  96%|#########6| 230/239 [00:34<00:01,  6.62batch/s]
Scoring:  97%|#########6| 231/239 [00:35<00:01,  6.81batch/s]
Scoring:  97%|#########7| 232/239 [00:35<00:01,  6.71batch/s]
Scoring:  97%|#########7| 233/239 [00:35<00:00,  6.84batch/s]
Scoring:  98%|#########7| 234/239 [00:35<00:00,  6.53batch/s]
Scoring:  98%|#########8| 235/239 [00:35<00:00,  6.66batch/s]
Scoring:  99%|#########8| 236/239 [00:35<00:00,  6.48batch/s]
Scoring:  99%|#########9| 237/239 [00:36<00:00,  6.64batch/s]
Scoring: 100%|#########9| 238/239 [00:36<00:00,  6.55batch/s]
Scoring: 100%|##########| 239/239 [00:36<00:00,  6.61batch/s]
python.exe : 
At D:\Research\NO-2D-Metamaterials\_run_0711E26_pipeline.ps1:34 char:9
+         & $PY @pyArgs 2>&1
+         ~~~~~~~~~~~~~~~~~~
    + CategoryInfo          : NotSpecified: (:String) [], RemoteException
    + FullyQualifiedErrorId : NativeCommandError
 
Scoring:   0%|          | 0/239 [00:00<?, ?batch/s]
Scoring:   2%|1         | 4/239 [00:00<00:06, 37.29batch/s]
Scoring:   4%|3         | 9/239 [00:00<00:05, 39.80batch/s]
Scoring:   6%|5         | 14/239 [00:00<00:05, 40.44batch/s]
Scoring:   8%|7         | 19/239 [00:00<00:05, 40.53batch/s]
Scoring:  10%|#         | 24/239 [00:00<00:05, 37.11batch/s]
Scoring:  12%|#1        | 28/239 [00:00<00:06, 34.46batch/s]
Scoring:  13%|#3        | 32/239 [00:00<00:06, 31.90batch/s]
Scoring:  15%|#5        | 36/239 [00:01<00:06, 31.06batch/s]
Scoring:  17%|#6        | 40/239 [00:01<00:06, 32.13batch/s]
Scoring:  18%|#8        | 44/239 [00:01<00:05, 32.61batch/s]
Scoring:  20%|##        | 48/239 [00:01<00:06, 31.82batch/s]
Scoring:  22%|##1       | 52/239 [00:01<00:05, 31.42batch/s]
Scoring:  23%|##3       | 56/239 [00:01<00:06, 29.60batch/s]
Scoring:  25%|##4       | 59/239 [00:01<00:06, 29.56batch/s]
Scoring:  26%|##6       | 63/239 [00:01<00:05, 30.39batch/s]
Scoring:  28%|##8       | 67/239 [00:02<00:05, 30.65batch/s]
Scoring:  30%|##9       | 71/239 [00:02<00:05, 32.77batch/s]
Scoring:  31%|###1      | 75/239 [00:02<00:04, 34.68batch/s]
Scoring:  33%|###3      | 80/239 [00:02<00:04, 36.72batch/s]
Scoring:  36%|###5      | 85/239 [00:02<00:04, 38.42batch/s]
Scoring:  37%|###7      | 89/239 [00:02<00:03, 38.80batch/s]
Scoring:  39%|###8      | 93/239 [00:02<00:03, 36.90batch/s]
Scoring:  41%|####      | 97/239 [00:02<00:04, 34.81batch/s]
Scoring:  42%|####2     | 101/239 [00:02<00:04, 33.77batch/s]
Scoring:  44%|####3     | 105/239 [00:03<00:04, 32.84batch/s]
Scoring:  46%|####5     | 109/239 [00:03<00:03, 32.96batch/s]
Scoring:  47%|####7     | 113/239 [00:03<00:03, 33.30batch/s]
Scoring:  49%|####8     | 117/239 [00:03<00:03, 34.29batch/s]
Scoring:  51%|#####     | 121/239 [00:03<00:03, 34.50batch/s]
Scoring:  52%|#####2    | 125/239 [00:03<00:03, 35.77batch/s]
Scoring:  54%|#####3    | 129/239 [00:03<00:03, 36.34batch/s]
Scoring:  56%|#####6    | 134/239 [00:03<00:02, 37.70batch/s]
Scoring:  58%|#####8    | 139/239 [00:04<00:02, 38.51batch/s]
Scoring:  60%|#####9    | 143/239 [00:04<00:02, 38.55batch/s]
Scoring:  62%|######1   | 148/239 [00:04<00:02, 39.22batch/s]
Scoring:  64%|######3   | 152/239 [00:04<00:02, 39.13batch/s]
Scoring:  66%|######5   | 157/239 [00:04<00:02, 39.63batch/s]
Scoring:  67%|######7   | 161/239 [00:04<00:01, 39.59batch/s]
Scoring:  69%|######9   | 166/239 [00:04<00:01, 40.38batch/s]
Scoring:  72%|#######1  | 171/239 [00:04<00:01, 40.35batch/s]
Scoring:  74%|#######3  | 176/239 [00:04<00:01, 40.74batch/s]
Scoring:  76%|#######5  | 181/239 [00:05<00:01, 40.05batch/s]
Scoring:  78%|#######7  | 186/239 [00:05<00:01, 40.22batch/s]
Scoring:  80%|#######9  | 191/239 [00:05<00:01, 40.26batch/s]
Scoring:  82%|########2 | 196/239 [00:05<00:01, 40.17batch/s]
Scoring:  84%|########4 | 201/239 [00:05<00:00, 40.10batch/s]
Scoring:  86%|########6 | 206/239 [00:05<00:00, 40.41batch/s]
Scoring:  88%|########8 | 211/239 [00:05<00:00, 41.06batch/s]
Scoring:  90%|######### | 216/239 [00:05<00:00, 41.00batch/s]
Scoring:  92%|#########2| 221/239 [00:06<00:00, 40.47batch/s]
Scoring:  95%|#########4| 226/239 [00:06<00:00, 40.34batch/s]
Scoring:  97%|#########6| 231/239 [00:06<00:00, 40.08batch/s]
Scoring:  99%|#########8| 236/239 [00:06<00:00, 40.52batch/s]
Scoring: 100%|##########| 239/239 [00:06<00:00, 36.93batch/s]
python.exe : D:\Research\NO-2D-Metamaterials\NO_utilities.py:489: UserWarning: FigureCanvasAgg is non-interactive, and 
thus cannot be shown
At D:\Research\NO-2D-Metamaterials\_run_0711E26_pipeline.ps1:34 char:9
+         & $PY @pyArgs 2>&1
+         ~~~~~~~~~~~~~~~~~~
    + CategoryInfo          : NotSpecified: (D:\Research\NO-...cannot be shown:String) [], RemoteException
    + FullyQualifiedErrorId : NativeCommandError
 
  plt.show()
D:\Research\NO-2D-Metamaterials\NO_utilities.py:661: UserWarning: FigureCanvasAgg is non-interactive, and thus cannot 
be shown
  plt.show()
python.exe : D:\Research\NO-2D-Metamaterials\NO_utilities.py:489: UserWarning: FigureCanvasAgg is non-interactive, and 
thus cannot be shown
At D:\Research\NO-2D-Metamaterials\_run_0711E26_pipeline.ps1:34 char:9
+         & $PY @pyArgs 2>&1
+         ~~~~~~~~~~~~~~~~~~
    + CategoryInfo          : NotSpecified: (D:\Research\NO-...cannot be shown:String) [], RemoteException
    + FullyQualifiedErrorId : NativeCommandError
 
  plt.show()
D:\Research\NO-2D-Metamaterials\NO_utilities.py:661: UserWarning: FigureCanvasAgg is non-interactive, and thus cannot 
be shown
  plt.show()
python.exe : D:\Research\NO-2D-Metamaterials\NO_utilities.py:489: UserWarning: FigureCanvasAgg is non-interactive, and 
thus cannot be shown
At D:\Research\NO-2D-Metamaterials\_run_0711E26_pipeline.ps1:34 char:9
+         & $PY @pyArgs 2>&1
+         ~~~~~~~~~~~~~~~~~~
    + CategoryInfo          : NotSpecified: (D:\Research\NO-...cannot be shown:String) [], RemoteException
    + FullyQualifiedErrorId : NativeCommandError
 
  plt.show()
D:\Research\NO-2D-Metamaterials\NO_utilities.py:661: UserWarning: FigureCanvasAgg is non-interactive, and thus cannot 
be shown
  plt.show()
python.exe : D:\Research\NO-2D-Metamaterials\NO_utilities.py:489: UserWarning: FigureCanvasAgg is non-interactive, and 
thus cannot be shown
At D:\Research\NO-2D-Metamaterials\_run_0711E26_pipeline.ps1:34 char:9
+         & $PY @pyArgs 2>&1
+         ~~~~~~~~~~~~~~~~~~
    + CategoryInfo          : NotSpecified: (D:\Research\NO-...cannot be shown:String) [], RemoteException
    + FullyQualifiedErrorId : NativeCommandError
 
  plt.show()
D:\Research\NO-2D-Metamaterials\NO_utilities.py:661: UserWarning: FigureCanvasAgg is non-interactive, and thus cannot 
be shown
  plt.show()
python.exe : D:\Research\NO-2D-Metamaterials\NO_utilities.py:489: UserWarning: FigureCanvasAgg is non-interactive, and 
thus cannot be shown
At D:\Research\NO-2D-Metamaterials\_run_0711E26_pipeline.ps1:34 char:9
+         & $PY @pyArgs 2>&1
+         ~~~~~~~~~~~~~~~~~~
    + CategoryInfo          : NotSpecified: (D:\Research\NO-...cannot be shown:String) [], RemoteException
    + FullyQualifiedErrorId : NativeCommandError
 
  plt.show()
D:\Research\NO-2D-Metamaterials\NO_utilities.py:661: UserWarning: FigureCanvasAgg is non-interactive, and thus cannot 
be shown
  plt.show()
python.exe : D:\Research\NO-2D-Metamaterials\NO_utilities.py:489: UserWarning: FigureCanvasAgg is non-interactive, and 
thus cannot be shown
At D:\Research\NO-2D-Metamaterials\_run_0711E26_pipeline.ps1:34 char:9
+         & $PY @pyArgs 2>&1
+         ~~~~~~~~~~~~~~~~~~
    + CategoryInfo          : NotSpecified: (D:\Research\NO-...cannot be shown:String) [], RemoteException
    + FullyQualifiedErrorId : NativeCommandError
 
  plt.show()
D:\Research\NO-2D-Metamaterials\NO_utilities.py:661: UserWarning: FigureCanvasAgg is non-interactive, and thus cannot 
be shown
  plt.show()
python.exe : D:\Research\NO-2D-Metamaterials\NO_utilities.py:489: UserWarning: FigureCanvasAgg is non-interactive, and 
thus cannot be shown
At D:\Research\NO-2D-Metamaterials\_run_0711E26_pipeline.ps1:34 char:9
+         & $PY @pyArgs 2>&1
+         ~~~~~~~~~~~~~~~~~~
    + CategoryInfo          : NotSpecified: (D:\Research\NO-...cannot be shown:String) [], RemoteException
    + FullyQualifiedErrorId : NativeCommandError
 
  plt.show()
D:\Research\NO-2D-Metamaterials\NO_utilities.py:661: UserWarning: FigureCanvasAgg is non-interactive, and thus cannot 
be shown
  plt.show()
python.exe : 
At D:\Research\NO-2D-Metamaterials\_run_0711E26_pipeline.ps1:34 char:9
+         & $PY @pyArgs 2>&1
+         ~~~~~~~~~~~~~~~~~~
    + CategoryInfo          : NotSpecified: (:String) [], RemoteException
    + FullyQualifiedErrorId : NativeCommandError
 
Scoring:   0%|          | 0/239 [00:00<?, ?batch/s]
Scoring:   0%|          | 1/239 [00:00<00:25,  9.34batch/s]
Scoring:   1%|1         | 3/239 [00:00<00:23,  9.87batch/s]
Scoring:   2%|2         | 5/239 [00:00<00:23,  9.96batch/s]
Scoring:   3%|2         | 7/239 [00:00<00:23,  9.94batch/s]
Scoring:   4%|3         | 9/239 [00:00<00:22, 10.44batch/s]
Scoring:   5%|4         | 11/239 [00:01<00:21, 10.82batch/s]
Scoring:   5%|5         | 13/239 [00:01<00:19, 11.35batch/s]
Scoring:   6%|6         | 15/239 [00:01<00:20, 11.09batch/s]
Scoring:   7%|7         | 17/239 [00:01<00:19, 11.50batch/s]
Scoring:   8%|7         | 19/239 [00:01<00:18, 11.76batch/s]
Scoring:   9%|8         | 21/239 [00:01<00:18, 11.89batch/s]
Scoring:  10%|9         | 23/239 [00:02<00:17, 12.02batch/s]
Scoring:  10%|#         | 25/239 [00:02<00:18, 11.60batch/s]
Scoring:  11%|#1        | 27/239 [00:02<00:17, 11.86batch/s]
Scoring:  12%|#2        | 29/239 [00:02<00:17, 12.00batch/s]
Scoring:  13%|#2        | 31/239 [00:02<00:17, 11.92batch/s]
Scoring:  14%|#3        | 33/239 [00:02<00:16, 12.14batch/s]
Scoring:  15%|#4        | 35/239 [00:03<00:17, 11.64batch/s]
Scoring:  15%|#5        | 37/239 [00:03<00:16, 11.89batch/s]
Scoring:  16%|#6        | 39/239 [00:03<00:17, 11.50batch/s]
Scoring:  17%|#7        | 41/239 [00:03<00:17, 11.33batch/s]
Scoring:  18%|#7        | 43/239 [00:03<00:17, 10.95batch/s]
Scoring:  19%|#8        | 45/239 [00:03<00:18, 10.70batch/s]
Scoring:  20%|#9        | 47/239 [00:04<00:18, 10.63batch/s]
Scoring:  21%|##        | 49/239 [00:04<00:17, 10.57batch/s]
Scoring:  21%|##1       | 51/239 [00:04<00:17, 10.80batch/s]
Scoring:  22%|##2       | 53/239 [00:04<00:16, 11.15batch/s]
Scoring:  23%|##3       | 55/239 [00:04<00:16, 11.22batch/s]
Scoring:  24%|##3       | 57/239 [00:05<00:16, 11.10batch/s]
Scoring:  25%|##4       | 59/239 [00:05<00:16, 10.82batch/s]
Scoring:  26%|##5       | 61/239 [00:05<00:16, 10.71batch/s]
Scoring:  26%|##6       | 63/239 [00:05<00:16, 10.74batch/s]
Scoring:  27%|##7       | 65/239 [00:05<00:15, 10.95batch/s]
Scoring:  28%|##8       | 67/239 [00:06<00:16, 10.73batch/s]
Scoring:  29%|##8       | 69/239 [00:06<00:15, 10.70batch/s]
Scoring:  30%|##9       | 71/239 [00:06<00:15, 10.99batch/s]
Scoring:  31%|###       | 73/239 [00:06<00:15, 11.02batch/s]
Scoring:  31%|###1      | 75/239 [00:06<00:14, 11.27batch/s]
Scoring:  32%|###2      | 77/239 [00:06<00:14, 11.25batch/s]
Scoring:  33%|###3      | 79/239 [00:07<00:14, 11.15batch/s]
Scoring:  34%|###3      | 81/239 [00:07<00:14, 10.75batch/s]
Scoring:  35%|###4      | 83/239 [00:07<00:14, 10.87batch/s]
Scoring:  36%|###5      | 85/239 [00:07<00:14, 10.91batch/s]
Scoring:  36%|###6      | 87/239 [00:07<00:14, 10.63batch/s]
Scoring:  37%|###7      | 89/239 [00:08<00:14, 10.41batch/s]
Scoring:  38%|###8      | 91/239 [00:08<00:13, 10.96batch/s]
Scoring:  39%|###8      | 93/239 [00:08<00:12, 11.26batch/s]
Scoring:  40%|###9      | 95/239 [00:08<00:12, 11.17batch/s]
Scoring:  41%|####      | 97/239 [00:08<00:12, 11.04batch/s]
Scoring:  41%|####1     | 99/239 [00:08<00:12, 10.79batch/s]
Scoring:  42%|####2     | 101/239 [00:09<00:12, 11.17batch/s]
Scoring:  43%|####3     | 103/239 [00:09<00:12, 11.27batch/s]
Scoring:  44%|####3     | 105/239 [00:09<00:11, 11.49batch/s]
Scoring:  45%|####4     | 107/239 [00:09<00:11, 11.43batch/s]
Scoring:  46%|####5     | 109/239 [00:09<00:11, 11.60batch/s]
Scoring:  46%|####6     | 111/239 [00:09<00:10, 11.70batch/s]
Scoring:  47%|####7     | 113/239 [00:10<00:10, 11.86batch/s]
Scoring:  48%|####8     | 115/239 [00:10<00:10, 11.61batch/s]
Scoring:  49%|####8     | 117/239 [00:10<00:10, 11.83batch/s]
Scoring:  50%|####9     | 119/239 [00:10<00:10, 11.67batch/s]
Scoring:  51%|#####     | 121/239 [00:10<00:10, 11.16batch/s]
Scoring:  51%|#####1    | 123/239 [00:11<00:10, 10.76batch/s]
Scoring:  52%|#####2    | 125/239 [00:11<00:10, 10.77batch/s]
Scoring:  53%|#####3    | 127/239 [00:11<00:10, 10.61batch/s]
Scoring:  54%|#####3    | 129/239 [00:11<00:09, 11.10batch/s]
Scoring:  55%|#####4    | 131/239 [00:11<00:09, 10.98batch/s]
Scoring:  56%|#####5    | 133/239 [00:11<00:09, 10.91batch/s]
Scoring:  56%|#####6    | 135/239 [00:12<00:09, 10.90batch/s]
Scoring:  57%|#####7    | 137/239 [00:12<00:09, 10.85batch/s]
Scoring:  58%|#####8    | 139/239 [00:12<00:09, 10.70batch/s]
Scoring:  59%|#####8    | 141/239 [00:12<00:09, 10.34batch/s]
Scoring:  60%|#####9    | 143/239 [00:12<00:09, 10.34batch/s]
Scoring:  61%|######    | 145/239 [00:13<00:09, 10.37batch/s]
Scoring:  62%|######1   | 147/239 [00:13<00:08, 10.28batch/s]
Scoring:  62%|######2   | 149/239 [00:13<00:08, 10.79batch/s]
Scoring:  63%|######3   | 151/239 [00:13<00:08, 10.99batch/s]
Scoring:  64%|######4   | 153/239 [00:13<00:07, 10.91batch/s]
Scoring:  65%|######4   | 155/239 [00:14<00:07, 10.98batch/s]
Scoring:  66%|######5   | 157/239 [00:14<00:07, 11.23batch/s]
Scoring:  67%|######6   | 159/239 [00:14<00:07, 10.89batch/s]
Scoring:  67%|######7   | 161/239 [00:14<00:07, 10.84batch/s]
Scoring:  68%|######8   | 163/239 [00:14<00:06, 11.01batch/s]
Scoring:  69%|######9   | 165/239 [00:14<00:06, 11.06batch/s]
Scoring:  70%|######9   | 167/239 [00:15<00:06, 11.27batch/s]
Scoring:  71%|#######   | 169/239 [00:15<00:06, 11.00batch/s]
Scoring:  72%|#######1  | 171/239 [00:15<00:06, 10.25batch/s]
Scoring:  72%|#######2  | 173/239 [00:15<00:06, 10.39batch/s]
Scoring:  73%|#######3  | 175/239 [00:15<00:07,  9.02batch/s]
Scoring:  74%|#######3  | 176/239 [00:16<00:06,  9.05batch/s]
Scoring:  74%|#######4  | 178/239 [00:16<00:06,  9.32batch/s]
Scoring:  75%|#######5  | 180/239 [00:16<00:06,  9.47batch/s]
Scoring:  76%|#######5  | 181/239 [00:16<00:06,  9.38batch/s]
Scoring:  77%|#######6  | 183/239 [00:16<00:05,  9.46batch/s]
Scoring:  77%|#######6  | 184/239 [00:16<00:05,  9.36batch/s]
Scoring:  78%|#######7  | 186/239 [00:17<00:05,  9.81batch/s]
Scoring:  79%|#######8  | 188/239 [00:17<00:04, 10.29batch/s]
Scoring:  79%|#######9  | 190/239 [00:17<00:04, 10.47batch/s]
Scoring:  80%|########  | 192/239 [00:17<00:04, 10.72batch/s]
Scoring:  81%|########1 | 194/239 [00:17<00:04, 11.12batch/s]
Scoring:  82%|########2 | 196/239 [00:18<00:04, 10.73batch/s]
Scoring:  83%|########2 | 198/239 [00:18<00:03, 10.97batch/s]
Scoring:  84%|########3 | 200/239 [00:18<00:03, 10.56batch/s]
Scoring:  85%|########4 | 202/239 [00:18<00:03, 10.87batch/s]
Scoring:  85%|########5 | 204/239 [00:18<00:03, 10.92batch/s]
Scoring:  86%|########6 | 206/239 [00:18<00:03, 10.77batch/s]
Scoring:  87%|########7 | 208/239 [00:19<00:02, 11.11batch/s]
Scoring:  88%|########7 | 210/239 [00:19<00:02, 11.19batch/s]
Scoring:  89%|########8 | 212/239 [00:19<00:02,  9.71batch/s]
Scoring:  90%|########9 | 214/239 [00:19<00:02,  9.72batch/s]
Scoring:  90%|######### | 216/239 [00:19<00:02, 10.08batch/s]
Scoring:  91%|#########1| 218/239 [00:20<00:02, 10.43batch/s]
Scoring:  92%|#########2| 220/239 [00:20<00:01, 10.86batch/s]
Scoring:  93%|#########2| 222/239 [00:20<00:01, 11.13batch/s]
Scoring:  94%|#########3| 224/239 [00:20<00:01, 11.44batch/s]
Scoring:  95%|#########4| 226/239 [00:20<00:01, 11.13batch/s]
Scoring:  95%|#########5| 228/239 [00:20<00:00, 11.50batch/s]
Scoring:  96%|#########6| 230/239 [00:21<00:00, 11.77batch/s]
Scoring:  97%|#########7| 232/239 [00:21<00:00, 11.76batch/s]
Scoring:  98%|#########7| 234/239 [00:21<00:00, 12.06batch/s]
Scoring:  99%|#########8| 236/239 [00:21<00:00, 11.57batch/s]
Scoring: 100%|#########9| 238/239 [00:21<00:00, 11.82batch/s]
Scoring: 100%|##########| 239/239 [00:21<00:00, 10.96batch/s]
python.exe : 
At D:\Research\NO-2D-Metamaterials\_run_0711E26_pipeline.ps1:34 char:9
+         & $PY @pyArgs 2>&1
+         ~~~~~~~~~~~~~~~~~~
    + CategoryInfo          : NotSpecified: (:String) [], RemoteException
    + FullyQualifiedErrorId : NativeCommandError
 
Scoring:   0%|          | 0/239 [00:00<?, ?batch/s]
Scoring:   0%|          | 1/239 [00:00<00:25,  9.47batch/s]
Scoring:   1%|1         | 3/239 [00:00<00:23,  9.91batch/s]
Scoring:   2%|2         | 5/239 [00:00<00:22, 10.36batch/s]
Scoring:   3%|2         | 7/239 [00:00<00:20, 11.25batch/s]
Scoring:   4%|3         | 9/239 [00:00<00:21, 10.84batch/s]
Scoring:   5%|4         | 11/239 [00:01<00:20, 11.27batch/s]
Scoring:   5%|5         | 13/239 [00:01<00:19, 11.70batch/s]
Scoring:   6%|6         | 15/239 [00:01<00:19, 11.63batch/s]
Scoring:   7%|7         | 17/239 [00:01<00:18, 11.82batch/s]
Scoring:   8%|7         | 19/239 [00:01<00:18, 11.66batch/s]
Scoring:   9%|8         | 21/239 [00:01<00:18, 11.88batch/s]
Scoring:  10%|9         | 23/239 [00:02<00:18, 11.85batch/s]
Scoring:  10%|#         | 25/239 [00:02<00:17, 12.06batch/s]
Scoring:  11%|#1        | 27/239 [00:02<00:18, 11.67batch/s]
Scoring:  12%|#2        | 29/239 [00:02<00:17, 11.74batch/s]
Scoring:  13%|#2        | 31/239 [00:02<00:17, 11.60batch/s]
Scoring:  14%|#3        | 33/239 [00:02<00:18, 11.40batch/s]
Scoring:  15%|#4        | 35/239 [00:03<00:18, 10.97batch/s]
Scoring:  15%|#5        | 37/239 [00:03<00:18, 10.99batch/s]
Scoring:  16%|#6        | 39/239 [00:03<00:18, 11.11batch/s]
Scoring:  17%|#7        | 41/239 [00:03<00:17, 11.16batch/s]
Scoring:  18%|#7        | 43/239 [00:03<00:17, 11.47batch/s]
Scoring:  19%|#8        | 45/239 [00:03<00:16, 11.64batch/s]
Scoring:  20%|#9        | 47/239 [00:04<00:16, 11.79batch/s]
Scoring:  21%|##        | 49/239 [00:04<00:16, 11.57batch/s]
Scoring:  21%|##1       | 51/239 [00:04<00:15, 11.79batch/s]
Scoring:  22%|##2       | 53/239 [00:04<00:15, 11.91batch/s]
Scoring:  23%|##3       | 55/239 [00:04<00:15, 11.70batch/s]
Scoring:  24%|##3       | 57/239 [00:04<00:15, 11.81batch/s]
Scoring:  25%|##4       | 59/239 [00:05<00:15, 11.79batch/s]
Scoring:  26%|##5       | 61/239 [00:05<00:14, 12.00batch/s]
Scoring:  26%|##6       | 63/239 [00:05<00:15, 11.67batch/s]
Scoring:  27%|##7       | 65/239 [00:05<00:14, 11.76batch/s]
Scoring:  28%|##8       | 67/239 [00:05<00:14, 11.49batch/s]
Scoring:  29%|##8       | 69/239 [00:05<00:14, 11.59batch/s]
Scoring:  30%|##9       | 71/239 [00:06<00:14, 11.58batch/s]
Scoring:  31%|###       | 73/239 [00:06<00:14, 11.61batch/s]
Scoring:  31%|###1      | 75/239 [00:06<00:15, 10.75batch/s]
Scoring:  32%|###2      | 77/239 [00:06<00:14, 10.92batch/s]
Scoring:  33%|###3      | 79/239 [00:06<00:14, 11.13batch/s]
Scoring:  34%|###3      | 81/239 [00:07<00:13, 11.50batch/s]
Scoring:  35%|###4      | 83/239 [00:07<00:14, 11.11batch/s]
Scoring:  36%|###5      | 85/239 [00:07<00:13, 11.46batch/s]
Scoring:  36%|###6      | 87/239 [00:07<00:12, 11.73batch/s]
Scoring:  37%|###7      | 89/239 [00:07<00:12, 11.57batch/s]
Scoring:  38%|###8      | 91/239 [00:07<00:13, 11.35batch/s]
Scoring:  39%|###8      | 93/239 [00:08<00:12, 11.49batch/s]
Scoring:  40%|###9      | 95/239 [00:08<00:12, 11.80batch/s]
Scoring:  41%|####      | 97/239 [00:08<00:12, 11.83batch/s]
Scoring:  41%|####1     | 99/239 [00:08<00:11, 11.83batch/s]
Scoring:  42%|####2     | 101/239 [00:08<00:11, 11.70batch/s]
Scoring:  43%|####3     | 103/239 [00:08<00:11, 11.79batch/s]
Scoring:  44%|####3     | 105/239 [00:09<00:11, 11.87batch/s]
Scoring:  45%|####4     | 107/239 [00:09<00:10, 12.05batch/s]
Scoring:  46%|####5     | 109/239 [00:09<00:11, 11.54batch/s]
Scoring:  46%|####6     | 111/239 [00:09<00:11, 11.52batch/s]
Scoring:  47%|####7     | 113/239 [00:09<00:10, 11.72batch/s]
Scoring:  48%|####8     | 115/239 [00:09<00:10, 11.73batch/s]
Scoring:  49%|####8     | 117/239 [00:10<00:10, 12.00batch/s]
Scoring:  50%|####9     | 119/239 [00:10<00:10, 11.66batch/s]
Scoring:  51%|#####     | 121/239 [00:10<00:10, 11.57batch/s]
Scoring:  51%|#####1    | 123/239 [00:10<00:09, 11.91batch/s]
Scoring:  52%|#####2    | 125/239 [00:10<00:10, 10.75batch/s]
Scoring:  53%|#####3    | 127/239 [00:11<00:10, 11.19batch/s]
Scoring:  54%|#####3    | 129/239 [00:11<00:09, 11.12batch/s]
Scoring:  55%|#####4    | 131/239 [00:11<00:09, 11.10batch/s]
Scoring:  56%|#####5    | 133/239 [00:11<00:09, 11.58batch/s]
Scoring:  56%|#####6    | 135/239 [00:11<00:08, 11.74batch/s]
Scoring:  57%|#####7    | 137/239 [00:11<00:08, 11.95batch/s]
Scoring:  58%|#####8    | 139/239 [00:12<00:09, 10.88batch/s]
Scoring:  59%|#####8    | 141/239 [00:12<00:08, 11.35batch/s]
Scoring:  60%|#####9    | 143/239 [00:12<00:08, 11.74batch/s]
Scoring:  61%|######    | 145/239 [00:12<00:07, 11.84batch/s]
Scoring:  62%|######1   | 147/239 [00:12<00:07, 12.07batch/s]
Scoring:  62%|######2   | 149/239 [00:12<00:07, 12.12batch/s]
Scoring:  63%|######3   | 151/239 [00:13<00:07, 12.22batch/s]
Scoring:  64%|######4   | 153/239 [00:13<00:07, 12.00batch/s]
Scoring:  65%|######4   | 155/239 [00:13<00:07, 11.86batch/s]
Scoring:  66%|######5   | 157/239 [00:13<00:06, 11.89batch/s]
Scoring:  67%|######6   | 159/239 [00:13<00:07, 11.41batch/s]
Scoring:  67%|######7   | 161/239 [00:13<00:06, 11.70batch/s]
Scoring:  68%|######8   | 163/239 [00:14<00:06, 11.41batch/s]
Scoring:  69%|######9   | 165/239 [00:14<00:06, 11.14batch/s]
Scoring:  70%|######9   | 167/239 [00:14<00:06, 10.99batch/s]
Scoring:  71%|#######   | 169/239 [00:14<00:06, 11.11batch/s]
Scoring:  72%|#######1  | 171/239 [00:14<00:07,  9.45batch/s]
Scoring:  72%|#######1  | 172/239 [00:15<00:07,  9.34batch/s]
Scoring:  72%|#######2  | 173/239 [00:15<00:07,  9.09batch/s]
Scoring:  73%|#######2  | 174/239 [00:15<00:07,  9.23batch/s]
Scoring:  73%|#######3  | 175/239 [00:15<00:07,  8.93batch/s]
Scoring:  74%|#######3  | 176/239 [00:15<00:06,  9.08batch/s]
Scoring:  74%|#######4  | 178/239 [00:15<00:07,  8.31batch/s]
Scoring:  75%|#######4  | 179/239 [00:15<00:07,  8.09batch/s]
Scoring:  76%|#######5  | 181/239 [00:16<00:06,  9.29batch/s]
Scoring:  77%|#######6  | 183/239 [00:16<00:05,  9.67batch/s]
Scoring:  77%|#######7  | 185/239 [00:16<00:05, 10.40batch/s]
Scoring:  78%|#######8  | 187/239 [00:16<00:04, 10.57batch/s]
Scoring:  79%|#######9  | 189/239 [00:16<00:04, 10.19batch/s]
Scoring:  80%|#######9  | 191/239 [00:17<00:04, 10.54batch/s]
Scoring:  81%|########  | 193/239 [00:17<00:04, 11.01batch/s]
Scoring:  82%|########1 | 195/239 [00:17<00:03, 11.20batch/s]
Scoring:  82%|########2 | 197/239 [00:17<00:03, 10.95batch/s]
Scoring:  83%|########3 | 199/239 [00:17<00:03, 11.04batch/s]
Scoring:  84%|########4 | 201/239 [00:17<00:03, 10.90batch/s]
Scoring:  85%|########4 | 203/239 [00:18<00:03, 10.79batch/s]
Scoring:  86%|########5 | 205/239 [00:18<00:03, 11.17batch/s]
Scoring:  87%|########6 | 207/239 [00:18<00:02, 10.87batch/s]
Scoring:  87%|########7 | 209/239 [00:18<00:02, 11.00batch/s]
Scoring:  88%|########8 | 211/239 [00:18<00:02, 10.69batch/s]
Scoring:  89%|########9 | 213/239 [00:18<00:02, 11.06batch/s]
Scoring:  90%|########9 | 215/239 [00:19<00:02, 10.94batch/s]
Scoring:  91%|######### | 217/239 [00:19<00:01, 11.10batch/s]
Scoring:  92%|#########1| 219/239 [00:19<00:01, 10.69batch/s]
Scoring:  92%|#########2| 221/239 [00:19<00:01, 10.82batch/s]
Scoring:  93%|#########3| 223/239 [00:19<00:01, 10.48batch/s]
Scoring:  94%|#########4| 225/239 [00:20<00:01, 10.55batch/s]
Scoring:  95%|#########4| 227/239 [00:20<00:01, 10.81batch/s]
Scoring:  96%|#########5| 229/239 [00:20<00:00, 10.79batch/s]
Scoring:  97%|#########6| 231/239 [00:20<00:00, 10.87batch/s]
Scoring:  97%|#########7| 233/239 [00:20<00:00, 10.98batch/s]
Scoring:  98%|#########8| 235/239 [00:21<00:00, 10.67batch/s]
Scoring:  99%|#########9| 237/239 [00:21<00:00, 10.87batch/s]
Scoring: 100%|##########| 239/239 [00:21<00:00, 11.21batch/s]
python.exe : 
At D:\Research\NO-2D-Metamaterials\_run_0711E26_pipeline.ps1:34 char:9
+         & $PY @pyArgs 2>&1
+         ~~~~~~~~~~~~~~~~~~
    + CategoryInfo          : NotSpecified: (:String) [], RemoteException
    + FullyQualifiedErrorId : NativeCommandError
 
Scoring:   0%|          | 0/239 [00:00<?, ?batch/s]
Scoring:   0%|          | 1/239 [00:00<00:26,  8.98batch/s]
Scoring:   1%|          | 2/239 [00:00<00:30,  7.76batch/s]
Scoring:   2%|1         | 4/239 [00:00<00:25,  9.32batch/s]
Scoring:   3%|2         | 6/239 [00:00<00:24,  9.52batch/s]
Scoring:   3%|3         | 8/239 [00:00<00:23,  9.65batch/s]
Scoring:   4%|3         | 9/239 [00:00<00:23,  9.67batch/s]
Scoring:   5%|4         | 11/239 [00:01<00:21, 10.38batch/s]
Scoring:   5%|5         | 13/239 [00:01<00:20, 10.84batch/s]
Scoring:   6%|6         | 15/239 [00:01<00:20, 11.06batch/s]
Scoring:   7%|7         | 17/239 [00:01<00:19, 11.13batch/s]
Scoring:   8%|7         | 19/239 [00:01<00:19, 11.28batch/s]
Scoring:   9%|8         | 21/239 [00:02<00:19, 10.97batch/s]
Scoring:  10%|9         | 23/239 [00:02<00:19, 11.25batch/s]
Scoring:  10%|#         | 25/239 [00:02<00:19, 11.13batch/s]
Scoring:  11%|#1        | 27/239 [00:02<00:19, 11.11batch/s]
Scoring:  12%|#2        | 29/239 [00:02<00:18, 11.32batch/s]
Scoring:  13%|#2        | 31/239 [00:02<00:18, 11.10batch/s]
Scoring:  14%|#3        | 33/239 [00:03<00:18, 11.02batch/s]
Scoring:  15%|#4        | 35/239 [00:03<00:18, 11.03batch/s]
Scoring:  15%|#5        | 37/239 [00:03<00:18, 11.09batch/s]
Scoring:  16%|#6        | 39/239 [00:03<00:17, 11.14batch/s]
Scoring:  17%|#7        | 41/239 [00:03<00:17, 11.36batch/s]
Scoring:  18%|#7        | 43/239 [00:03<00:17, 11.37batch/s]
Scoring:  19%|#8        | 45/239 [00:04<00:16, 11.51batch/s]
Scoring:  20%|#9        | 47/239 [00:04<00:16, 11.34batch/s]
Scoring:  21%|##        | 49/239 [00:04<00:17, 10.77batch/s]
Scoring:  21%|##1       | 51/239 [00:04<00:17, 10.58batch/s]
Scoring:  22%|##2       | 53/239 [00:04<00:17, 10.73batch/s]
Scoring:  23%|##3       | 55/239 [00:05<00:16, 11.11batch/s]
Scoring:  24%|##3       | 57/239 [00:05<00:16, 10.91batch/s]
Scoring:  25%|##4       | 59/239 [00:05<00:16, 11.00batch/s]
Scoring:  26%|##5       | 61/239 [00:05<00:16, 11.02batch/s]
Scoring:  26%|##6       | 63/239 [00:05<00:15, 11.21batch/s]
Scoring:  27%|##7       | 65/239 [00:05<00:15, 10.94batch/s]
Scoring:  28%|##8       | 67/239 [00:06<00:15, 11.17batch/s]
Scoring:  29%|##8       | 69/239 [00:06<00:15, 11.18batch/s]
Scoring:  30%|##9       | 71/239 [00:06<00:14, 11.34batch/s]
Scoring:  31%|###       | 73/239 [00:06<00:14, 11.49batch/s]
Scoring:  31%|###1      | 75/239 [00:06<00:14, 11.70batch/s]
Scoring:  32%|###2      | 77/239 [00:07<00:13, 11.72batch/s]
Scoring:  33%|###3      | 79/239 [00:07<00:13, 11.69batch/s]
Scoring:  34%|###3      | 81/239 [00:07<00:13, 11.57batch/s]
Scoring:  35%|###4      | 83/239 [00:07<00:13, 11.67batch/s]
Scoring:  36%|###5      | 85/239 [00:07<00:13, 11.58batch/s]
Scoring:  36%|###6      | 87/239 [00:07<00:12, 11.72batch/s]
Scoring:  37%|###7      | 89/239 [00:08<00:12, 11.67batch/s]
Scoring:  38%|###8      | 91/239 [00:08<00:12, 11.65batch/s]
Scoring:  39%|###8      | 93/239 [00:08<00:12, 11.24batch/s]
Scoring:  40%|###9      | 95/239 [00:08<00:12, 11.27batch/s]
Scoring:  41%|####      | 97/239 [00:08<00:12, 11.29batch/s]
Scoring:  41%|####1     | 99/239 [00:08<00:12, 11.49batch/s]
Scoring:  42%|####2     | 101/239 [00:09<00:12, 11.44batch/s]
Scoring:  43%|####3     | 103/239 [00:09<00:11, 11.47batch/s]
Scoring:  44%|####3     | 105/239 [00:09<00:12, 10.84batch/s]
Scoring:  45%|####4     | 107/239 [00:09<00:12, 10.75batch/s]
Scoring:  46%|####5     | 109/239 [00:09<00:11, 10.89batch/s]
Scoring:  46%|####6     | 111/239 [00:10<00:12, 10.65batch/s]
Scoring:  47%|####7     | 113/239 [00:10<00:12, 10.47batch/s]
Scoring:  48%|####8     | 115/239 [00:10<00:11, 10.90batch/s]
Scoring:  49%|####8     | 117/239 [00:10<00:11, 11.05batch/s]
Scoring:  50%|####9     | 119/239 [00:10<00:10, 11.36batch/s]
Scoring:  51%|#####     | 121/239 [00:10<00:10, 11.37batch/s]
Scoring:  51%|#####1    | 123/239 [00:11<00:10, 11.55batch/s]
Scoring:  52%|#####2    | 125/239 [00:11<00:09, 11.48batch/s]
Scoring:  53%|#####3    | 127/239 [00:11<00:09, 11.31batch/s]
Scoring:  54%|#####3    | 129/239 [00:11<00:09, 11.29batch/s]
Scoring:  55%|#####4    | 131/239 [00:11<00:09, 11.48batch/s]
Scoring:  56%|#####5    | 133/239 [00:11<00:09, 11.14batch/s]
Scoring:  56%|#####6    | 135/239 [00:12<00:09, 11.42batch/s]
Scoring:  57%|#####7    | 137/239 [00:12<00:08, 11.36batch/s]
Scoring:  58%|#####8    | 139/239 [00:12<00:08, 11.26batch/s]
Scoring:  59%|#####8    | 141/239 [00:12<00:08, 11.58batch/s]
Scoring:  60%|#####9    | 143/239 [00:12<00:08, 11.13batch/s]
Scoring:  61%|######    | 145/239 [00:13<00:08, 11.42batch/s]
Scoring:  62%|######1   | 147/239 [00:13<00:08, 11.15batch/s]
Scoring:  62%|######2   | 149/239 [00:13<00:08, 11.10batch/s]
Scoring:  63%|######3   | 151/239 [00:13<00:07, 11.34batch/s]
Scoring:  64%|######4   | 153/239 [00:13<00:07, 11.45batch/s]
Scoring:  65%|######4   | 155/239 [00:13<00:07, 11.70batch/s]
Scoring:  66%|######5   | 157/239 [00:14<00:07, 11.39batch/s]
Scoring:  67%|######6   | 159/239 [00:14<00:06, 11.49batch/s]
Scoring:  67%|######7   | 161/239 [00:14<00:06, 11.40batch/s]
Scoring:  68%|######8   | 163/239 [00:14<00:06, 11.50batch/s]
Scoring:  69%|######9   | 165/239 [00:14<00:06, 11.83batch/s]
Scoring:  70%|######9   | 167/239 [00:14<00:06, 11.75batch/s]
Scoring:  71%|#######   | 169/239 [00:15<00:05, 11.84batch/s]
Scoring:  72%|#######1  | 171/239 [00:15<00:05, 11.70batch/s]
Scoring:  72%|#######2  | 173/239 [00:15<00:05, 11.13batch/s]
Scoring:  73%|#######3  | 175/239 [00:15<00:05, 11.15batch/s]
Scoring:  74%|#######4  | 177/239 [00:15<00:05, 11.48batch/s]
Scoring:  75%|#######4  | 179/239 [00:15<00:05, 11.47batch/s]
Scoring:  76%|#######5  | 181/239 [00:16<00:05, 11.38batch/s]
Scoring:  77%|#######6  | 183/239 [00:16<00:04, 11.64batch/s]
Scoring:  77%|#######7  | 185/239 [00:16<00:04, 11.28batch/s]
Scoring:  78%|#######8  | 187/239 [00:16<00:04, 11.66batch/s]
Scoring:  79%|#######9  | 189/239 [00:16<00:04, 11.90batch/s]
Scoring:  80%|#######9  | 191/239 [00:17<00:04, 11.94batch/s]
Scoring:  81%|########  | 193/239 [00:17<00:03, 12.15batch/s]
Scoring:  82%|########1 | 195/239 [00:17<00:03, 11.90batch/s]
Scoring:  82%|########2 | 197/239 [00:17<00:03, 11.95batch/s]
Scoring:  83%|########3 | 199/239 [00:17<00:03, 11.98batch/s]
Scoring:  84%|########4 | 201/239 [00:17<00:03, 12.03batch/s]
Scoring:  85%|########4 | 203/239 [00:18<00:02, 12.01batch/s]
Scoring:  86%|########5 | 205/239 [00:18<00:02, 11.90batch/s]
Scoring:  87%|########6 | 207/239 [00:18<00:02, 11.75batch/s]
Scoring:  87%|########7 | 209/239 [00:18<00:02, 11.83batch/s]
Scoring:  88%|########8 | 211/239 [00:18<00:02, 11.84batch/s]
Scoring:  89%|########9 | 213/239 [00:18<00:02, 12.05batch/s]
Scoring:  90%|########9 | 215/239 [00:19<00:02, 11.84batch/s]
Scoring:  91%|######### | 217/239 [00:19<00:01, 11.68batch/s]
Scoring:  92%|#########1| 219/239 [00:19<00:01, 11.58batch/s]
Scoring:  92%|#########2| 221/239 [00:19<00:01, 11.44batch/s]
Scoring:  93%|#########3| 223/239 [00:19<00:01, 11.30batch/s]
Scoring:  94%|#########4| 225/239 [00:19<00:01, 11.02batch/s]
Scoring:  95%|#########4| 227/239 [00:20<00:01, 11.38batch/s]
Scoring:  96%|#########5| 229/239 [00:20<00:00, 11.34batch/s]
Scoring:  97%|#########6| 231/239 [00:20<00:00, 11.08batch/s]
Scoring:  97%|#########7| 233/239 [00:20<00:00, 11.03batch/s]
Scoring:  98%|#########8| 235/239 [00:20<00:00, 11.26batch/s]
Scoring:  99%|#########9| 237/239 [00:20<00:00, 11.28batch/s]
Scoring: 100%|##########| 239/239 [00:21<00:00, 11.34batch/s]
python.exe : 
At D:\Research\NO-2D-Metamaterials\_run_0711E26_pipeline.ps1:34 char:9
+         & $PY @pyArgs 2>&1
+         ~~~~~~~~~~~~~~~~~~
    + CategoryInfo          : NotSpecified: (:String) [], RemoteException
    + FullyQualifiedErrorId : NativeCommandError
 
Scoring:   0%|          | 0/239 [00:00<?, ?batch/s]
Scoring:   0%|          | 1/239 [00:00<00:30,  7.73batch/s]
Scoring:   1%|          | 2/239 [00:00<00:31,  7.43batch/s]
Scoring:   1%|1         | 3/239 [00:00<00:30,  7.71batch/s]
Scoring:   2%|1         | 4/239 [00:00<00:28,  8.31batch/s]
Scoring:   2%|2         | 5/239 [00:00<00:29,  8.01batch/s]
Scoring:   3%|2         | 6/239 [00:00<00:29,  8.02batch/s]
Scoring:   3%|2         | 7/239 [00:00<00:27,  8.44batch/s]
Scoring:   3%|3         | 8/239 [00:00<00:27,  8.35batch/s]
Scoring:   4%|3         | 9/239 [00:01<00:27,  8.38batch/s]
Scoring:   5%|4         | 11/239 [00:01<00:25,  9.11batch/s]
Scoring:   5%|5         | 12/239 [00:01<00:25,  8.85batch/s]
Scoring:   5%|5         | 13/239 [00:01<00:25,  8.98batch/s]
Scoring:   6%|6         | 15/239 [00:01<00:23,  9.34batch/s]
Scoring:   7%|6         | 16/239 [00:01<00:23,  9.36batch/s]
Scoring:   8%|7         | 18/239 [00:02<00:23,  9.55batch/s]
Scoring:   8%|7         | 19/239 [00:02<00:23,  9.38batch/s]
Scoring:   8%|8         | 20/239 [00:02<00:23,  9.51batch/s]
Scoring:   9%|9         | 22/239 [00:02<00:22,  9.58batch/s]
Scoring:  10%|9         | 23/239 [00:02<00:22,  9.66batch/s]
Scoring:  10%|#         | 24/239 [00:02<00:23,  9.29batch/s]
Scoring:  10%|#         | 25/239 [00:02<00:23,  8.94batch/s]
Scoring:  11%|#         | 26/239 [00:02<00:23,  8.92batch/s]
Scoring:  11%|#1        | 27/239 [00:03<00:25,  8.43batch/s]
Scoring:  12%|#1        | 28/239 [00:03<00:25,  8.31batch/s]
Scoring:  12%|#2        | 29/239 [00:03<00:24,  8.43batch/s]
Scoring:  13%|#2        | 30/239 [00:03<00:24,  8.63batch/s]
Scoring:  13%|#2        | 31/239 [00:03<00:23,  8.94batch/s]
Scoring:  13%|#3        | 32/239 [00:03<00:23,  8.83batch/s]
Scoring:  14%|#3        | 33/239 [00:03<00:23,  8.69batch/s]
Scoring:  14%|#4        | 34/239 [00:03<00:22,  9.01batch/s]
Scoring:  15%|#4        | 35/239 [00:03<00:22,  9.18batch/s]
Scoring:  15%|#5        | 36/239 [00:04<00:22,  9.13batch/s]
Scoring:  16%|#5        | 38/239 [00:04<00:21,  9.56batch/s]
Scoring:  16%|#6        | 39/239 [00:04<00:21,  9.43batch/s]
Scoring:  17%|#6        | 40/239 [00:04<00:21,  9.47batch/s]
Scoring:  17%|#7        | 41/239 [00:04<00:21,  9.29batch/s]
Scoring:  18%|#7        | 42/239 [00:04<00:21,  9.04batch/s]
Scoring:  18%|#7        | 43/239 [00:04<00:21,  9.20batch/s]
Scoring:  18%|#8        | 44/239 [00:04<00:20,  9.41batch/s]
Scoring:  19%|#8        | 45/239 [00:05<00:20,  9.45batch/s]
Scoring:  19%|#9        | 46/239 [00:05<00:20,  9.50batch/s]
Scoring:  20%|##        | 48/239 [00:05<00:20,  9.38batch/s]
Scoring:  21%|##        | 49/239 [00:05<00:20,  9.42batch/s]
Scoring:  21%|##        | 50/239 [00:05<00:19,  9.55batch/s]
Scoring:  21%|##1       | 51/239 [00:05<00:19,  9.61batch/s]
Scoring:  22%|##1       | 52/239 [00:05<00:19,  9.48batch/s]
Scoring:  23%|##2       | 54/239 [00:05<00:19,  9.71batch/s]
Scoring:  23%|##3       | 55/239 [00:06<00:19,  9.55batch/s]
Scoring:  24%|##3       | 57/239 [00:06<00:18,  9.80batch/s]
Scoring:  24%|##4       | 58/239 [00:06<00:18,  9.72batch/s]
Scoring:  25%|##4       | 59/239 [00:06<00:18,  9.73batch/s]
Scoring:  25%|##5       | 60/239 [00:06<00:18,  9.76batch/s]
Scoring:  26%|##5       | 61/239 [00:06<00:18,  9.53batch/s]
Scoring:  26%|##6       | 63/239 [00:06<00:17,  9.80batch/s]
Scoring:  27%|##6       | 64/239 [00:06<00:18,  9.58batch/s]
Scoring:  28%|##7       | 66/239 [00:07<00:17,  9.84batch/s]
Scoring:  28%|##8       | 67/239 [00:07<00:17,  9.78batch/s]
Scoring:  29%|##8       | 69/239 [00:07<00:17,  9.71batch/s]
Scoring:  29%|##9       | 70/239 [00:07<00:17,  9.49batch/s]
Scoring:  30%|##9       | 71/239 [00:07<00:17,  9.37batch/s]
Scoring:  30%|###       | 72/239 [00:07<00:18,  9.07batch/s]
Scoring:  31%|###       | 73/239 [00:07<00:18,  8.98batch/s]
Scoring:  31%|###       | 74/239 [00:08<00:18,  9.09batch/s]
Scoring:  31%|###1      | 75/239 [00:08<00:18,  8.80batch/s]
Scoring:  32%|###1      | 76/239 [00:08<00:18,  8.99batch/s]
Scoring:  33%|###2      | 78/239 [00:08<00:17,  9.41batch/s]
Scoring:  33%|###3      | 79/239 [00:08<00:17,  9.36batch/s]
Scoring:  33%|###3      | 80/239 [00:08<00:17,  9.32batch/s]
Scoring:  34%|###3      | 81/239 [00:08<00:17,  9.21batch/s]
Scoring:  34%|###4      | 82/239 [00:08<00:17,  9.17batch/s]
Scoring:  35%|###4      | 83/239 [00:09<00:16,  9.24batch/s]
Scoring:  35%|###5      | 84/239 [00:09<00:16,  9.34batch/s]
Scoring:  36%|###5      | 85/239 [00:09<00:16,  9.37batch/s]
Scoring:  36%|###5      | 86/239 [00:09<00:16,  9.35batch/s]
Scoring:  37%|###6      | 88/239 [00:09<00:16,  9.39batch/s]
Scoring:  37%|###7      | 89/239 [00:09<00:15,  9.51batch/s]
Scoring:  38%|###7      | 90/239 [00:09<00:15,  9.59batch/s]
Scoring:  38%|###8      | 91/239 [00:09<00:15,  9.54batch/s]
Scoring:  39%|###8      | 93/239 [00:10<00:14,  9.75batch/s]
Scoring:  39%|###9      | 94/239 [00:10<00:15,  9.59batch/s]
Scoring:  40%|###9      | 95/239 [00:10<00:14,  9.66batch/s]
Scoring:  41%|####      | 97/239 [00:10<00:14,  9.65batch/s]
Scoring:  41%|####1     | 98/239 [00:10<00:14,  9.67batch/s]
Scoring:  41%|####1     | 99/239 [00:10<00:16,  8.54batch/s]
Scoring:  42%|####1     | 100/239 [00:10<00:17,  7.94batch/s]
Scoring:  42%|####2     | 101/239 [00:11<00:17,  7.87batch/s]
Scoring:  43%|####2     | 102/239 [00:11<00:17,  7.87batch/s]
Scoring:  43%|####3     | 103/239 [00:11<00:18,  7.28batch/s]
Scoring:  44%|####3     | 104/239 [00:11<00:18,  7.29batch/s]
Scoring:  44%|####4     | 106/239 [00:11<00:16,  7.87batch/s]
Scoring:  45%|####4     | 107/239 [00:11<00:16,  8.23batch/s]
Scoring:  45%|####5     | 108/239 [00:11<00:15,  8.61batch/s]
Scoring:  46%|####5     | 109/239 [00:11<00:14,  8.90batch/s]
Scoring:  46%|####6     | 110/239 [00:12<00:14,  9.03batch/s]
Scoring:  47%|####6     | 112/239 [00:12<00:13,  9.43batch/s]
Scoring:  47%|####7     | 113/239 [00:12<00:13,  9.46batch/s]
Scoring:  48%|####8     | 115/239 [00:12<00:12,  9.77batch/s]
Scoring:  49%|####8     | 116/239 [00:12<00:13,  9.37batch/s]
Scoring:  49%|####8     | 117/239 [00:12<00:13,  9.36batch/s]
Scoring:  49%|####9     | 118/239 [00:12<00:13,  9.24batch/s]
Scoring:  50%|####9     | 119/239 [00:13<00:13,  8.96batch/s]
Scoring:  50%|#####     | 120/239 [00:13<00:12,  9.20batch/s]
Scoring:  51%|#####     | 121/239 [00:13<00:12,  9.38batch/s]
Scoring:  51%|#####1    | 122/239 [00:13<00:12,  9.25batch/s]
Scoring:  52%|#####1    | 124/239 [00:13<00:12,  9.52batch/s]
Scoring:  52%|#####2    | 125/239 [00:13<00:12,  9.39batch/s]
Scoring:  53%|#####2    | 126/239 [00:13<00:11,  9.52batch/s]
Scoring:  53%|#####3    | 127/239 [00:13<00:12,  9.20batch/s]
Scoring:  54%|#####3    | 128/239 [00:14<00:12,  9.08batch/s]
Scoring:  54%|#####4    | 130/239 [00:14<00:11,  9.46batch/s]
Scoring:  55%|#####4    | 131/239 [00:14<00:11,  9.17batch/s]
Scoring:  55%|#####5    | 132/239 [00:14<00:11,  9.22batch/s]
Scoring:  56%|#####5    | 133/239 [00:14<00:11,  9.41batch/s]
Scoring:  56%|#####6    | 134/239 [00:14<00:11,  9.17batch/s]
Scoring:  56%|#####6    | 135/239 [00:14<00:11,  9.03batch/s]
Scoring:  57%|#####7    | 137/239 [00:14<00:10,  9.42batch/s]
Scoring:  58%|#####7    | 138/239 [00:15<00:11,  9.01batch/s]
Scoring:  58%|#####8    | 139/239 [00:15<00:10,  9.19batch/s]
Scoring:  59%|#####8    | 141/239 [00:15<00:10,  9.48batch/s]
Scoring:  59%|#####9    | 142/239 [00:15<00:10,  9.49batch/s]
Scoring:  60%|#####9    | 143/239 [00:15<00:10,  9.37batch/s]
Scoring:  60%|######    | 144/239 [00:15<00:10,  8.67batch/s]
Scoring:  61%|######    | 145/239 [00:15<00:10,  8.66batch/s]
Scoring:  61%|######1   | 146/239 [00:15<00:10,  8.87batch/s]
Scoring:  62%|######1   | 147/239 [00:16<00:10,  8.48batch/s]
Scoring:  62%|######1   | 148/239 [00:16<00:10,  8.61batch/s]
Scoring:  62%|######2   | 149/239 [00:16<00:10,  8.94batch/s]
Scoring:  63%|######2   | 150/239 [00:16<00:10,  8.88batch/s]
Scoring:  63%|######3   | 151/239 [00:16<00:10,  8.80batch/s]
Scoring:  64%|######3   | 152/239 [00:16<00:09,  8.96batch/s]
Scoring:  64%|######4   | 153/239 [00:16<00:09,  9.17batch/s]
Scoring:  64%|######4   | 154/239 [00:16<00:09,  9.07batch/s]
Scoring:  65%|######4   | 155/239 [00:16<00:09,  9.24batch/s]
Scoring:  65%|######5   | 156/239 [00:17<00:09,  9.03batch/s]
Scoring:  66%|######5   | 157/239 [00:17<00:09,  8.90batch/s]
Scoring:  67%|######6   | 159/239 [00:17<00:08,  9.45batch/s]
Scoring:  67%|######6   | 160/239 [00:17<00:08,  9.15batch/s]
Scoring:  67%|######7   | 161/239 [00:17<00:08,  9.06batch/s]
Scoring:  68%|######7   | 162/239 [00:17<00:08,  9.18batch/s]
Scoring:  68%|######8   | 163/239 [00:17<00:08,  8.79batch/s]
Scoring:  69%|######8   | 164/239 [00:17<00:08,  8.88batch/s]
Scoring:  69%|######9   | 165/239 [00:18<00:08,  9.13batch/s]
Scoring:  69%|######9   | 166/239 [00:18<00:08,  8.93batch/s]
Scoring:  70%|######9   | 167/239 [00:18<00:08,  8.73batch/s]
Scoring:  70%|#######   | 168/239 [00:18<00:07,  9.02batch/s]
Scoring:  71%|#######   | 169/239 [00:18<00:07,  9.17batch/s]
Scoring:  71%|#######1  | 170/239 [00:18<00:07,  8.97batch/s]
Scoring:  72%|#######1  | 172/239 [00:18<00:07,  9.13batch/s]
Scoring:  72%|#######2  | 173/239 [00:18<00:07,  9.09batch/s]
Scoring:  73%|#######2  | 174/239 [00:19<00:07,  9.22batch/s]
Scoring:  74%|#######3  | 176/239 [00:19<00:06,  9.14batch/s]
Scoring:  74%|#######4  | 177/239 [00:19<00:06,  9.13batch/s]
Scoring:  74%|#######4  | 178/239 [00:19<00:06,  9.20batch/s]
Scoring:  75%|#######4  | 179/239 [00:19<00:06,  8.74batch/s]
Scoring:  75%|#######5  | 180/239 [00:19<00:06,  8.96batch/s]
Scoring:  76%|#######5  | 181/239 [00:19<00:06,  9.21batch/s]
Scoring:  77%|#######6  | 183/239 [00:20<00:05,  9.44batch/s]
Scoring:  77%|#######6  | 184/239 [00:20<00:05,  9.40batch/s]
Scoring:  77%|#######7  | 185/239 [00:20<00:05,  9.19batch/s]
Scoring:  78%|#######7  | 186/239 [00:20<00:05,  9.03batch/s]
Scoring:  78%|#######8  | 187/239 [00:20<00:05,  9.27batch/s]
Scoring:  79%|#######8  | 188/239 [00:20<00:05,  9.41batch/s]
Scoring:  79%|#######9  | 189/239 [00:20<00:05,  9.29batch/s]
Scoring:  79%|#######9  | 190/239 [00:20<00:05,  9.27batch/s]
Scoring:  80%|########  | 192/239 [00:21<00:04,  9.43batch/s]
Scoring:  81%|########  | 193/239 [00:21<00:04,  9.48batch/s]
Scoring:  81%|########1 | 194/239 [00:21<00:04,  9.55batch/s]
Scoring:  82%|########1 | 195/239 [00:21<00:04,  9.44batch/s]
Scoring:  82%|########2 | 196/239 [00:21<00:04,  9.55batch/s]
Scoring:  82%|########2 | 197/239 [00:21<00:04,  9.64batch/s]
Scoring:  83%|########2 | 198/239 [00:21<00:04,  9.45batch/s]
Scoring:  83%|########3 | 199/239 [00:21<00:04,  9.53batch/s]
Scoring:  84%|########3 | 200/239 [00:21<00:04,  9.29batch/s]
Scoring:  84%|########4 | 201/239 [00:22<00:04,  8.98batch/s]
Scoring:  85%|########4 | 202/239 [00:22<00:04,  9.16batch/s]
Scoring:  85%|########4 | 203/239 [00:22<00:04,  8.82batch/s]
Scoring:  85%|########5 | 204/239 [00:22<00:04,  8.73batch/s]
Scoring:  86%|########5 | 205/239 [00:22<00:03,  8.91batch/s]
Scoring:  86%|########6 | 206/239 [00:22<00:03,  9.07batch/s]
Scoring:  87%|########6 | 207/239 [00:22<00:03,  8.77batch/s]
Scoring:  87%|########7 | 208/239 [00:22<00:03,  8.76batch/s]
Scoring:  87%|########7 | 209/239 [00:22<00:03,  8.48batch/s]
Scoring:  88%|########7 | 210/239 [00:23<00:03,  8.64batch/s]
Scoring:  88%|########8 | 211/239 [00:23<00:03,  8.64batch/s]
Scoring:  89%|########8 | 212/239 [00:23<00:03,  8.74batch/s]
Scoring:  89%|########9 | 213/239 [00:23<00:02,  8.76batch/s]
Scoring:  90%|########9 | 214/239 [00:23<00:02,  8.52batch/s]
Scoring:  90%|########9 | 215/239 [00:23<00:02,  8.66batch/s]
Scoring:  90%|######### | 216/239 [00:23<00:02,  8.20batch/s]
Scoring:  91%|######### | 217/239 [00:23<00:02,  8.33batch/s]
Scoring:  92%|#########1| 219/239 [00:24<00:02,  8.68batch/s]
Scoring:  92%|#########2| 220/239 [00:24<00:02,  8.74batch/s]
Scoring:  92%|#########2| 221/239 [00:24<00:02,  8.99batch/s]
Scoring:  93%|#########2| 222/239 [00:24<00:01,  9.18batch/s]
Scoring:  93%|#########3| 223/239 [00:24<00:01,  9.20batch/s]
Scoring:  94%|#########3| 224/239 [00:24<00:01,  9.34batch/s]
Scoring:  94%|#########4| 225/239 [00:24<00:01,  9.48batch/s]
Scoring:  95%|#########4| 226/239 [00:24<00:01,  9.43batch/s]
Scoring:  95%|#########5| 228/239 [00:25<00:01,  9.66batch/s]
Scoring:  96%|#########5| 229/239 [00:25<00:01,  9.56batch/s]
Scoring:  96%|#########6| 230/239 [00:25<00:00,  9.63batch/s]
Scoring:  97%|#########6| 231/239 [00:25<00:00,  9.32batch/s]
Scoring:  97%|#########7| 232/239 [00:25<00:00,  9.12batch/s]
Scoring:  97%|#########7| 233/239 [00:25<00:00,  9.33batch/s]
Scoring:  98%|#########7| 234/239 [00:25<00:00,  9.49batch/s]
Scoring:  98%|#########8| 235/239 [00:25<00:00,  9.08batch/s]
Scoring:  99%|#########8| 236/239 [00:25<00:00,  9.22batch/s]
Scoring:  99%|#########9| 237/239 [00:25<00:00,  9.34batch/s]
Scoring: 100%|##########| 239/239 [00:26<00:00, 12.25batch/s]
Scoring: 100%|##########| 239/239 [00:26<00:00,  9.16batch/s]
python.exe : 
At D:\Research\NO-2D-Metamaterials\_run_0711E26_pipeline.ps1:34 char:9
+         & $PY @pyArgs 2>&1
+         ~~~~~~~~~~~~~~~~~~
    + CategoryInfo          : NotSpecified: (:String) [], RemoteException
    + FullyQualifiedErrorId : NativeCommandError
 
Scoring:   0%|          | 0/239 [00:00<?, ?batch/s]
Scoring:   0%|          | 1/239 [00:00<00:32,  7.36batch/s]
Scoring:   1%|          | 2/239 [00:00<00:33,  7.04batch/s]
Scoring:   1%|1         | 3/239 [00:00<00:31,  7.46batch/s]
Scoring:   2%|1         | 4/239 [00:00<00:29,  8.05batch/s]
Scoring:   2%|2         | 5/239 [00:00<00:30,  7.69batch/s]
Scoring:   3%|2         | 6/239 [00:00<00:31,  7.39batch/s]
Scoring:   3%|2         | 7/239 [00:00<00:32,  7.22batch/s]
Scoring:   3%|3         | 8/239 [00:01<00:32,  7.07batch/s]
Scoring:   4%|3         | 9/239 [00:01<00:32,  6.99batch/s]
Scoring:   4%|4         | 10/239 [00:01<00:31,  7.32batch/s]
Scoring:   5%|4         | 11/239 [00:01<00:30,  7.59batch/s]
Scoring:   5%|5         | 12/239 [00:01<00:28,  7.94batch/s]
Scoring:   5%|5         | 13/239 [00:01<00:27,  8.11batch/s]
Scoring:   6%|5         | 14/239 [00:01<00:27,  8.28batch/s]
Scoring:   6%|6         | 15/239 [00:01<00:28,  8.00batch/s]
Scoring:   7%|6         | 16/239 [00:02<00:27,  8.25batch/s]
Scoring:   7%|7         | 17/239 [00:02<00:26,  8.47batch/s]
Scoring:   8%|7         | 18/239 [00:02<00:26,  8.47batch/s]
Scoring:   8%|7         | 19/239 [00:02<00:25,  8.49batch/s]
Scoring:   8%|8         | 20/239 [00:02<00:25,  8.46batch/s]
Scoring:   9%|8         | 21/239 [00:02<00:25,  8.54batch/s]
Scoring:   9%|9         | 22/239 [00:02<00:26,  8.30batch/s]
Scoring:  10%|9         | 23/239 [00:02<00:26,  8.17batch/s]
Scoring:  10%|#         | 24/239 [00:03<00:25,  8.53batch/s]
Scoring:  10%|#         | 25/239 [00:03<00:25,  8.54batch/s]
Scoring:  11%|#         | 26/239 [00:03<00:24,  8.70batch/s]
Scoring:  11%|#1        | 27/239 [00:03<00:24,  8.56batch/s]
Scoring:  12%|#1        | 28/239 [00:03<00:24,  8.62batch/s]
Scoring:  12%|#2        | 29/239 [00:03<00:23,  8.78batch/s]
Scoring:  13%|#2        | 30/239 [00:03<00:24,  8.50batch/s]
Scoring:  13%|#2        | 31/239 [00:03<00:23,  8.73batch/s]
Scoring:  13%|#3        | 32/239 [00:03<00:24,  8.39batch/s]
Scoring:  14%|#3        | 33/239 [00:04<00:24,  8.57batch/s]
Scoring:  14%|#4        | 34/239 [00:04<00:23,  8.77batch/s]
Scoring:  15%|#4        | 35/239 [00:04<00:24,  8.49batch/s]
Scoring:  15%|#5        | 36/239 [00:04<00:23,  8.67batch/s]
Scoring:  15%|#5        | 37/239 [00:04<00:22,  8.90batch/s]
Scoring:  16%|#5        | 38/239 [00:04<00:23,  8.60batch/s]
Scoring:  16%|#6        | 39/239 [00:04<00:23,  8.65batch/s]
Scoring:  17%|#6        | 40/239 [00:04<00:22,  8.74batch/s]
Scoring:  17%|#7        | 41/239 [00:04<00:22,  8.78batch/s]
Scoring:  18%|#7        | 42/239 [00:05<00:22,  8.84batch/s]
Scoring:  18%|#7        | 43/239 [00:05<00:22,  8.72batch/s]
Scoring:  18%|#8        | 44/239 [00:05<00:22,  8.77batch/s]
Scoring:  19%|#8        | 45/239 [00:05<00:21,  9.10batch/s]
Scoring:  20%|#9        | 47/239 [00:05<00:21,  8.88batch/s]
Scoring:  20%|##        | 48/239 [00:05<00:21,  8.75batch/s]
Scoring:  21%|##        | 49/239 [00:05<00:21,  8.70batch/s]
Scoring:  21%|##        | 50/239 [00:06<00:22,  8.29batch/s]
Scoring:  21%|##1       | 51/239 [00:06<00:25,  7.43batch/s]
Scoring:  22%|##1       | 52/239 [00:06<00:29,  6.31batch/s]
Scoring:  22%|##2       | 53/239 [00:06<00:28,  6.59batch/s]
Scoring:  23%|##2       | 54/239 [00:06<00:27,  6.65batch/s]
Scoring:  23%|##3       | 55/239 [00:06<00:25,  7.20batch/s]
Scoring:  23%|##3       | 56/239 [00:06<00:23,  7.68batch/s]
Scoring:  24%|##3       | 57/239 [00:07<00:23,  7.76batch/s]
Scoring:  24%|##4       | 58/239 [00:07<00:23,  7.65batch/s]
Scoring:  25%|##4       | 59/239 [00:07<00:23,  7.66batch/s]
Scoring:  25%|##5       | 60/239 [00:07<00:23,  7.63batch/s]
Scoring:  26%|##5       | 61/239 [00:07<00:22,  7.86batch/s]
Scoring:  26%|##5       | 62/239 [00:07<00:22,  7.96batch/s]
Scoring:  26%|##6       | 63/239 [00:07<00:21,  8.25batch/s]
Scoring:  27%|##6       | 64/239 [00:07<00:21,  8.27batch/s]
Scoring:  27%|##7       | 65/239 [00:08<00:20,  8.51batch/s]
Scoring:  28%|##7       | 66/239 [00:08<00:21,  8.21batch/s]
Scoring:  28%|##8       | 67/239 [00:08<00:20,  8.49batch/s]
Scoring:  28%|##8       | 68/239 [00:08<00:19,  8.63batch/s]
Scoring:  29%|##8       | 69/239 [00:08<00:20,  8.21batch/s]
Scoring:  29%|##9       | 70/239 [00:08<00:20,  8.37batch/s]
Scoring:  30%|##9       | 71/239 [00:08<00:19,  8.54batch/s]
Scoring:  30%|###       | 72/239 [00:08<00:19,  8.50batch/s]
Scoring:  31%|###       | 73/239 [00:08<00:19,  8.69batch/s]
Scoring:  31%|###       | 74/239 [00:09<00:18,  8.77batch/s]
Scoring:  31%|###1      | 75/239 [00:09<00:18,  8.89batch/s]
Scoring:  32%|###2      | 77/239 [00:09<00:17,  9.42batch/s]
Scoring:  33%|###2      | 78/239 [00:09<00:17,  9.22batch/s]
Scoring:  33%|###3      | 79/239 [00:09<00:17,  9.23batch/s]
Scoring:  33%|###3      | 80/239 [00:09<00:16,  9.38batch/s]
Scoring:  34%|###4      | 82/239 [00:09<00:16,  9.40batch/s]
Scoring:  35%|###4      | 83/239 [00:10<00:16,  9.33batch/s]
Scoring:  36%|###5      | 85/239 [00:10<00:15,  9.67batch/s]
Scoring:  36%|###5      | 86/239 [00:10<00:16,  9.43batch/s]
Scoring:  36%|###6      | 87/239 [00:10<00:16,  9.25batch/s]
Scoring:  37%|###6      | 88/239 [00:10<00:16,  9.41batch/s]
Scoring:  38%|###7      | 90/239 [00:10<00:16,  9.30batch/s]
Scoring:  38%|###8      | 91/239 [00:10<00:15,  9.28batch/s]
Scoring:  39%|###8      | 93/239 [00:11<00:15,  9.64batch/s]
Scoring:  39%|###9      | 94/239 [00:11<00:15,  9.56batch/s]
Scoring:  40%|####      | 96/239 [00:11<00:14,  9.80batch/s]
Scoring:  41%|####      | 97/239 [00:11<00:14,  9.70batch/s]
Scoring:  41%|####1     | 98/239 [00:11<00:14,  9.64batch/s]
Scoring:  42%|####1     | 100/239 [00:11<00:14,  9.67batch/s]
Scoring:  42%|####2     | 101/239 [00:11<00:14,  9.73batch/s]
Scoring:  43%|####3     | 103/239 [00:12<00:13,  9.72batch/s]
Scoring:  44%|####3     | 105/239 [00:12<00:13,  9.92batch/s]
Scoring:  44%|####4     | 106/239 [00:12<00:13,  9.74batch/s]
Scoring:  45%|####5     | 108/239 [00:12<00:13,  9.82batch/s]
Scoring:  46%|####5     | 109/239 [00:12<00:13,  9.70batch/s]
Scoring:  46%|####6     | 110/239 [00:12<00:13,  9.74batch/s]
Scoring:  46%|####6     | 111/239 [00:12<00:13,  9.79batch/s]
Scoring:  47%|####6     | 112/239 [00:13<00:13,  9.75batch/s]
Scoring:  47%|####7     | 113/239 [00:13<00:12,  9.81batch/s]
Scoring:  48%|####7     | 114/239 [00:13<00:12,  9.82batch/s]
Scoring:  48%|####8     | 115/239 [00:13<00:12,  9.66batch/s]
Scoring:  49%|####8     | 117/239 [00:13<00:12,  9.86batch/s]
Scoring:  49%|####9     | 118/239 [00:13<00:12,  9.62batch/s]
Scoring:  50%|#####     | 120/239 [00:13<00:12,  9.84batch/s]
Scoring:  51%|#####     | 121/239 [00:13<00:12,  9.69batch/s]
Scoring:  51%|#####1    | 123/239 [00:14<00:11,  9.88batch/s]
Scoring:  52%|#####1    | 124/239 [00:14<00:11,  9.85batch/s]
Scoring:  52%|#####2    | 125/239 [00:14<00:11,  9.72batch/s]
Scoring:  53%|#####3    | 127/239 [00:14<00:11,  9.70batch/s]
Scoring:  54%|#####3    | 128/239 [00:14<00:11,  9.69batch/s]
Scoring:  54%|#####4    | 130/239 [00:14<00:11,  9.70batch/s]
Scoring:  55%|#####4    | 131/239 [00:14<00:11,  9.77batch/s]
Scoring:  56%|#####5    | 133/239 [00:15<00:11,  9.61batch/s]
Scoring:  56%|#####6    | 134/239 [00:15<00:10,  9.56batch/s]
Scoring:  57%|#####6    | 136/239 [00:15<00:10,  9.79batch/s]
Scoring:  57%|#####7    | 137/239 [00:15<00:10,  9.60batch/s]
Scoring:  58%|#####7    | 138/239 [00:15<00:10,  9.62batch/s]
Scoring:  58%|#####8    | 139/239 [00:15<00:10,  9.30batch/s]
Scoring:  59%|#####8    | 140/239 [00:15<00:10,  9.06batch/s]
Scoring:  59%|#####9    | 142/239 [00:16<00:10,  9.50batch/s]
Scoring:  60%|#####9    | 143/239 [00:16<00:10,  9.21batch/s]
Scoring:  60%|######    | 144/239 [00:16<00:10,  9.20batch/s]
Scoring:  61%|######1   | 146/239 [00:16<00:09,  9.62batch/s]
Scoring:  62%|######1   | 147/239 [00:16<00:09,  9.55batch/s]
Scoring:  62%|######2   | 149/239 [00:16<00:09,  9.76batch/s]
Scoring:  63%|######2   | 150/239 [00:16<00:09,  9.64batch/s]
Scoring:  64%|######3   | 152/239 [00:17<00:08,  9.90batch/s]
Scoring:  64%|######4   | 153/239 [00:17<00:09,  9.54batch/s]
Scoring:  64%|######4   | 154/239 [00:17<00:09,  9.34batch/s]
Scoring:  65%|######5   | 156/239 [00:17<00:08,  9.34batch/s]
Scoring:  66%|######5   | 157/239 [00:17<00:08,  9.28batch/s]
Scoring:  66%|######6   | 158/239 [00:17<00:08,  9.42batch/s]
Scoring:  67%|######6   | 159/239 [00:17<00:08,  9.46batch/s]
Scoring:  67%|######6   | 160/239 [00:18<00:08,  9.13batch/s]
Scoring:  67%|######7   | 161/239 [00:18<00:08,  9.20batch/s]
Scoring:  68%|######7   | 162/239 [00:18<00:08,  9.35batch/s]
Scoring:  68%|######8   | 163/239 [00:18<00:08,  9.10batch/s]
Scoring:  69%|######8   | 164/239 [00:18<00:08,  9.04batch/s]
Scoring:  69%|######9   | 165/239 [00:18<00:08,  9.22batch/s]
Scoring:  69%|######9   | 166/239 [00:18<00:07,  9.39batch/s]
Scoring:  70%|######9   | 167/239 [00:18<00:07,  9.02batch/s]
Scoring:  70%|#######   | 168/239 [00:18<00:07,  9.04batch/s]
Scoring:  71%|#######   | 169/239 [00:19<00:07,  9.29batch/s]
Scoring:  71%|#######1  | 170/239 [00:19<00:07,  9.14batch/s]
Scoring:  72%|#######1  | 171/239 [00:19<00:07,  9.00batch/s]
Scoring:  72%|#######1  | 172/239 [00:19<00:07,  9.27batch/s]
Scoring:  72%|#######2  | 173/239 [00:19<00:06,  9.48batch/s]
Scoring:  73%|#######2  | 174/239 [00:19<00:07,  8.99batch/s]
Scoring:  73%|#######3  | 175/239 [00:19<00:07,  9.09batch/s]
Scoring:  74%|#######3  | 176/239 [00:19<00:06,  9.30batch/s]
Scoring:  74%|#######4  | 177/239 [00:19<00:06,  9.11batch/s]
Scoring:  74%|#######4  | 178/239 [00:20<00:06,  9.04batch/s]
Scoring:  75%|#######4  | 179/239 [00:20<00:06,  9.28batch/s]
Scoring:  76%|#######5  | 181/239 [00:20<00:06,  9.15batch/s]
Scoring:  76%|#######6  | 182/239 [00:20<00:06,  9.27batch/s]
Scoring:  77%|#######6  | 183/239 [00:20<00:05,  9.40batch/s]
Scoring:  77%|#######6  | 184/239 [00:20<00:05,  9.47batch/s]
Scoring:  77%|#######7  | 185/239 [00:20<00:05,  9.42batch/s]
Scoring:  78%|#######7  | 186/239 [00:20<00:05,  9.58batch/s]
Scoring:  78%|#######8  | 187/239 [00:20<00:05,  9.64batch/s]
Scoring:  79%|#######8  | 188/239 [00:21<00:05,  9.51batch/s]
Scoring:  79%|#######9  | 189/239 [00:21<00:05,  9.60batch/s]
Scoring:  79%|#######9  | 190/239 [00:21<00:05,  9.31batch/s]
Scoring:  80%|#######9  | 191/239 [00:21<00:05,  9.13batch/s]
Scoring:  81%|########  | 193/239 [00:21<00:04,  9.47batch/s]
Scoring:  81%|########1 | 194/239 [00:21<00:04,  9.39batch/s]
Scoring:  82%|########2 | 196/239 [00:21<00:04,  9.63batch/s]
Scoring:  82%|########2 | 197/239 [00:22<00:04,  9.58batch/s]
Scoring:  83%|########2 | 198/239 [00:22<00:04,  9.53batch/s]
Scoring:  84%|########3 | 200/239 [00:22<00:04,  9.52batch/s]
Scoring:  84%|########4 | 201/239 [00:22<00:03,  9.59batch/s]
Scoring:  85%|########4 | 202/239 [00:22<00:03,  9.64batch/s]
Scoring:  85%|########4 | 203/239 [00:22<00:03,  9.51batch/s]
Scoring:  86%|########5 | 205/239 [00:22<00:03,  9.69batch/s]
Scoring:  86%|########6 | 206/239 [00:22<00:03,  9.55batch/s]
Scoring:  87%|########6 | 207/239 [00:23<00:03,  9.64batch/s]
Scoring:  87%|########7 | 208/239 [00:23<00:03,  9.66batch/s]
Scoring:  87%|########7 | 209/239 [00:23<00:03,  9.58batch/s]
Scoring:  88%|########7 | 210/239 [00:23<00:03,  9.57batch/s]
Scoring:  89%|########8 | 212/239 [00:23<00:02,  9.54batch/s]
Scoring:  89%|########9 | 213/239 [00:23<00:02,  9.63batch/s]
Scoring:  90%|########9 | 214/239 [00:23<00:02,  9.31batch/s]
Scoring:  90%|########9 | 215/239 [00:23<00:02,  9.17batch/s]
Scoring:  90%|######### | 216/239 [00:24<00:02,  9.33batch/s]
Scoring:  91%|######### | 217/239 [00:24<00:02,  9.44batch/s]
Scoring:  91%|#########1| 218/239 [00:24<00:02,  9.22batch/s]
Scoring:  92%|#########2| 220/239 [00:24<00:01,  9.63batch/s]
Scoring:  92%|#########2| 221/239 [00:24<00:01,  9.59batch/s]
Scoring:  93%|#########2| 222/239 [00:24<00:01,  9.52batch/s]
Scoring:  94%|#########3| 224/239 [00:24<00:01,  9.55batch/s]
Scoring:  94%|#########4| 225/239 [00:24<00:01,  9.58batch/s]
Scoring:  95%|#########4| 227/239 [00:25<00:01,  9.59batch/s]
Scoring:  95%|#########5| 228/239 [00:25<00:01,  9.68batch/s]
Scoring:  96%|#########5| 229/239 [00:25<00:01,  9.67batch/s]
Scoring:  96%|#########6| 230/239 [00:25<00:00,  9.51batch/s]
Scoring:  97%|#########6| 231/239 [00:25<00:00,  9.63batch/s]
Scoring:  97%|#########7| 232/239 [00:25<00:00,  9.31batch/s]
Scoring:  97%|#########7| 233/239 [00:25<00:00,  8.91batch/s]
Scoring:  98%|#########7| 234/239 [00:25<00:00,  8.95batch/s]
Scoring:  98%|#########8| 235/239 [00:26<00:00,  8.81batch/s]
Scoring:  99%|#########8| 236/239 [00:26<00:00,  8.84batch/s]
Scoring:  99%|#########9| 237/239 [00:26<00:00,  8.87batch/s]
Scoring: 100%|#########9| 238/239 [00:26<00:00,  9.12batch/s]
Scoring: 100%|##########| 239/239 [00:26<00:00,  9.06batch/s]
python.exe : 
At D:\Research\NO-2D-Metamaterials\_run_0711E26_pipeline.ps1:34 char:9
+         & $PY @pyArgs 2>&1
+         ~~~~~~~~~~~~~~~~~~
    + CategoryInfo          : NotSpecified: (:String) [], RemoteException
    + FullyQualifiedErrorId : NativeCommandError
 
Scoring:   0%|          | 0/239 [00:00<?, ?batch/s]
Scoring:   0%|          | 1/239 [00:00<00:37,  6.29batch/s]
Scoring:   1%|          | 2/239 [00:00<00:36,  6.57batch/s]
Scoring:   1%|1         | 3/239 [00:00<00:39,  5.91batch/s]
Scoring:   2%|1         | 4/239 [00:00<00:36,  6.44batch/s]
Scoring:   2%|2         | 5/239 [00:00<00:35,  6.61batch/s]
Scoring:   3%|2         | 6/239 [00:00<00:33,  7.02batch/s]
Scoring:   3%|2         | 7/239 [00:01<00:36,  6.29batch/s]
Scoring:   3%|3         | 8/239 [00:01<00:33,  7.00batch/s]
Scoring:   4%|3         | 9/239 [00:01<00:29,  7.67batch/s]
Scoring:   4%|4         | 10/239 [00:01<00:28,  7.97batch/s]
Scoring:   5%|4         | 11/239 [00:01<00:27,  8.27batch/s]
Scoring:   5%|5         | 12/239 [00:01<00:27,  8.14batch/s]
Scoring:   5%|5         | 13/239 [00:01<00:28,  8.07batch/s]
Scoring:   6%|5         | 14/239 [00:01<00:28,  7.81batch/s]
Scoring:   6%|6         | 15/239 [00:02<00:29,  7.57batch/s]
Scoring:   7%|6         | 16/239 [00:02<00:28,  7.88batch/s]
Scoring:   7%|7         | 17/239 [00:02<00:27,  8.00batch/s]
Scoring:   8%|7         | 18/239 [00:02<00:27,  8.04batch/s]
Scoring:   8%|7         | 19/239 [00:02<00:27,  8.08batch/s]
Scoring:   8%|8         | 20/239 [00:02<00:29,  7.55batch/s]
Scoring:   9%|8         | 21/239 [00:02<00:28,  7.61batch/s]
Scoring:   9%|9         | 22/239 [00:02<00:27,  7.95batch/s]
Scoring:  10%|9         | 23/239 [00:03<00:27,  7.88batch/s]
Scoring:  10%|#         | 24/239 [00:03<00:26,  8.17batch/s]
Scoring:  10%|#         | 25/239 [00:03<00:25,  8.45batch/s]
Scoring:  11%|#         | 26/239 [00:03<00:25,  8.27batch/s]
Scoring:  11%|#1        | 27/239 [00:03<00:25,  8.32batch/s]
Scoring:  12%|#1        | 28/239 [00:03<00:24,  8.70batch/s]
Scoring:  12%|#2        | 29/239 [00:03<00:24,  8.48batch/s]
Scoring:  13%|#2        | 30/239 [00:03<00:24,  8.45batch/s]
Scoring:  13%|#2        | 31/239 [00:03<00:24,  8.55batch/s]
Scoring:  13%|#3        | 32/239 [00:04<00:24,  8.62batch/s]
Scoring:  14%|#3        | 33/239 [00:04<00:23,  8.94batch/s]
Scoring:  14%|#4        | 34/239 [00:04<00:23,  8.83batch/s]
Scoring:  15%|#4        | 35/239 [00:04<00:23,  8.70batch/s]
Scoring:  15%|#5        | 36/239 [00:04<00:22,  8.97batch/s]
Scoring:  15%|#5        | 37/239 [00:04<00:21,  9.19batch/s]
Scoring:  16%|#5        | 38/239 [00:04<00:22,  8.92batch/s]
Scoring:  16%|#6        | 39/239 [00:04<00:22,  9.02batch/s]
Scoring:  17%|#6        | 40/239 [00:05<00:22,  8.71batch/s]
Scoring:  17%|#7        | 41/239 [00:05<00:22,  8.66batch/s]
Scoring:  18%|#7        | 42/239 [00:05<00:22,  8.85batch/s]
Scoring:  18%|#7        | 43/239 [00:05<00:22,  8.61batch/s]
Scoring:  18%|#8        | 44/239 [00:05<00:23,  8.45batch/s]
Scoring:  19%|#8        | 45/239 [00:05<00:22,  8.48batch/s]
Scoring:  19%|#9        | 46/239 [00:05<00:22,  8.74batch/s]
Scoring:  20%|#9        | 47/239 [00:05<00:22,  8.54batch/s]
Scoring:  20%|##        | 48/239 [00:05<00:21,  8.74batch/s]
Scoring:  21%|##        | 49/239 [00:06<00:21,  8.76batch/s]
Scoring:  21%|##        | 50/239 [00:06<00:22,  8.40batch/s]
Scoring:  21%|##1       | 51/239 [00:06<00:21,  8.67batch/s]
Scoring:  22%|##1       | 52/239 [00:06<00:20,  9.00batch/s]
Scoring:  23%|##2       | 54/239 [00:06<00:20,  9.25batch/s]
Scoring:  23%|##3       | 56/239 [00:06<00:19,  9.54batch/s]
Scoring:  24%|##3       | 57/239 [00:06<00:19,  9.42batch/s]
Scoring:  24%|##4       | 58/239 [00:07<00:19,  9.43batch/s]
Scoring:  25%|##4       | 59/239 [00:07<00:19,  9.17batch/s]
Scoring:  25%|##5       | 60/239 [00:07<00:19,  9.10batch/s]
Scoring:  26%|##5       | 61/239 [00:07<00:19,  9.29batch/s]
Scoring:  26%|##5       | 62/239 [00:07<00:18,  9.43batch/s]
Scoring:  26%|##6       | 63/239 [00:07<00:19,  8.99batch/s]
Scoring:  27%|##6       | 64/239 [00:07<00:19,  9.17batch/s]
Scoring:  27%|##7       | 65/239 [00:07<00:18,  9.24batch/s]
Scoring:  28%|##7       | 66/239 [00:07<00:19,  9.10batch/s]
Scoring:  28%|##8       | 67/239 [00:08<00:19,  8.93batch/s]
Scoring:  28%|##8       | 68/239 [00:08<00:18,  9.07batch/s]
Scoring:  29%|##8       | 69/239 [00:08<00:18,  9.30batch/s]
Scoring:  29%|##9       | 70/239 [00:08<00:18,  9.23batch/s]
Scoring:  30%|##9       | 71/239 [00:08<00:18,  9.28batch/s]
Scoring:  30%|###       | 72/239 [00:08<00:18,  9.05batch/s]
Scoring:  31%|###       | 73/239 [00:08<00:18,  9.08batch/s]
Scoring:  31%|###       | 74/239 [00:08<00:17,  9.21batch/s]
Scoring:  31%|###1      | 75/239 [00:08<00:17,  9.33batch/s]
Scoring:  32%|###1      | 76/239 [00:08<00:17,  9.23batch/s]
Scoring:  32%|###2      | 77/239 [00:09<00:18,  8.85batch/s]
Scoring:  33%|###2      | 78/239 [00:09<00:18,  8.66batch/s]
Scoring:  33%|###3      | 79/239 [00:09<00:18,  8.81batch/s]
Scoring:  34%|###3      | 81/239 [00:09<00:17,  8.85batch/s]
Scoring:  34%|###4      | 82/239 [00:09<00:19,  8.16batch/s]
Scoring:  35%|###4      | 83/239 [00:09<00:20,  7.63batch/s]
Scoring:  35%|###5      | 84/239 [00:09<00:19,  7.97batch/s]
Scoring:  36%|###5      | 85/239 [00:10<00:18,  8.35batch/s]
Scoring:  36%|###5      | 86/239 [00:10<00:18,  8.41batch/s]
Scoring:  36%|###6      | 87/239 [00:10<00:17,  8.53batch/s]
Scoring:  37%|###6      | 88/239 [00:10<00:18,  8.33batch/s]
Scoring:  37%|###7      | 89/239 [00:10<00:18,  8.15batch/s]
Scoring:  38%|###7      | 90/239 [00:10<00:18,  8.09batch/s]
Scoring:  38%|###8      | 91/239 [00:10<00:19,  7.52batch/s]
Scoring:  38%|###8      | 92/239 [00:10<00:18,  7.84batch/s]
Scoring:  39%|###8      | 93/239 [00:11<00:17,  8.17batch/s]
Scoring:  39%|###9      | 94/239 [00:11<00:17,  8.11batch/s]
Scoring:  40%|###9      | 95/239 [00:11<00:16,  8.56batch/s]
Scoring:  40%|####      | 96/239 [00:11<00:16,  8.89batch/s]
Scoring:  41%|####      | 97/239 [00:11<00:15,  8.98batch/s]
Scoring:  41%|####1     | 98/239 [00:11<00:15,  9.20batch/s]
Scoring:  42%|####1     | 100/239 [00:11<00:14,  9.53batch/s]
Scoring:  42%|####2     | 101/239 [00:11<00:14,  9.46batch/s]
Scoring:  43%|####2     | 102/239 [00:12<00:14,  9.26batch/s]
Scoring:  43%|####3     | 103/239 [00:12<00:14,  9.18batch/s]
Scoring:  44%|####3     | 105/239 [00:12<00:13,  9.58batch/s]
Scoring:  44%|####4     | 106/239 [00:12<00:14,  9.35batch/s]
Scoring:  45%|####4     | 107/239 [00:12<00:14,  9.27batch/s]
Scoring:  46%|####5     | 109/239 [00:12<00:13,  9.55batch/s]
Scoring:  46%|####6     | 110/239 [00:12<00:14,  9.20batch/s]
Scoring:  46%|####6     | 111/239 [00:12<00:13,  9.18batch/s]
Scoring:  47%|####6     | 112/239 [00:13<00:13,  9.33batch/s]
Scoring:  47%|####7     | 113/239 [00:13<00:13,  9.20batch/s]
Scoring:  48%|####7     | 114/239 [00:13<00:13,  9.11batch/s]
Scoring:  48%|####8     | 115/239 [00:13<00:13,  9.28batch/s]
Scoring:  49%|####8     | 116/239 [00:13<00:13,  9.42batch/s]
Scoring:  49%|####8     | 117/239 [00:13<00:13,  9.04batch/s]
Scoring:  49%|####9     | 118/239 [00:13<00:13,  9.16batch/s]
Scoring:  50%|#####     | 120/239 [00:13<00:12,  9.66batch/s]
Scoring:  51%|#####     | 121/239 [00:14<00:12,  9.53batch/s]
Scoring:  51%|#####1    | 122/239 [00:14<00:12,  9.57batch/s]
Scoring:  52%|#####1    | 124/239 [00:14<00:11,  9.61batch/s]
Scoring:  52%|#####2    | 125/239 [00:14<00:11,  9.70batch/s]
Scoring:  53%|#####2    | 126/239 [00:14<00:11,  9.76batch/s]
Scoring:  53%|#####3    | 127/239 [00:14<00:11,  9.68batch/s]
Scoring:  54%|#####3    | 129/239 [00:14<00:11,  9.95batch/s]
Scoring:  54%|#####4    | 130/239 [00:14<00:11,  9.55batch/s]
Scoring:  55%|#####4    | 131/239 [00:15<00:11,  9.52batch/s]
Scoring:  55%|#####5    | 132/239 [00:15<00:11,  9.64batch/s]
Scoring:  56%|#####6    | 134/239 [00:15<00:10,  9.63batch/s]
Scoring:  56%|#####6    | 135/239 [00:15<00:10,  9.68batch/s]
Scoring:  57%|#####7    | 137/239 [00:15<00:10,  9.74batch/s]
Scoring:  58%|#####8    | 139/239 [00:15<00:10,  9.91batch/s]
Scoring:  59%|#####8    | 140/239 [00:16<00:10,  9.72batch/s]
Scoring:  59%|#####8    | 141/239 [00:16<00:10,  9.18batch/s]
Scoring:  59%|#####9    | 142/239 [00:16<00:11,  8.68batch/s]
Scoring:  60%|#####9    | 143/239 [00:16<00:10,  8.74batch/s]
Scoring:  60%|######    | 144/239 [00:16<00:10,  8.86batch/s]
Scoring:  61%|######1   | 146/239 [00:16<00:09,  9.41batch/s]
Scoring:  62%|######1   | 147/239 [00:16<00:09,  9.34batch/s]
Scoring:  62%|######1   | 148/239 [00:16<00:09,  9.48batch/s]
Scoring:  62%|######2   | 149/239 [00:17<00:09,  9.57batch/s]
Scoring:  63%|######2   | 150/239 [00:17<00:09,  9.47batch/s]
Scoring:  64%|######3   | 152/239 [00:17<00:09,  8.99batch/s]
Scoring:  64%|######4   | 153/239 [00:17<00:10,  8.57batch/s]
Scoring:  64%|######4   | 154/239 [00:17<00:09,  8.85batch/s]
Scoring:  65%|######4   | 155/239 [00:17<00:09,  8.83batch/s]
Scoring:  65%|######5   | 156/239 [00:17<00:09,  8.73batch/s]
Scoring:  66%|######6   | 158/239 [00:18<00:08,  9.27batch/s]
Scoring:  67%|######6   | 159/239 [00:18<00:09,  8.62batch/s]
Scoring:  67%|######6   | 160/239 [00:18<00:09,  8.27batch/s]
Scoring:  67%|######7   | 161/239 [00:18<00:09,  8.16batch/s]
Scoring:  68%|######7   | 162/239 [00:18<00:09,  8.30batch/s]
Scoring:  68%|######8   | 163/239 [00:18<00:08,  8.70batch/s]
Scoring:  69%|######9   | 165/239 [00:18<00:08,  8.85batch/s]
Scoring:  69%|######9   | 166/239 [00:18<00:08,  8.93batch/s]
Scoring:  70%|######9   | 167/239 [00:19<00:07,  9.11batch/s]
Scoring:  70%|#######   | 168/239 [00:19<00:07,  9.02batch/s]
Scoring:  71%|#######   | 169/239 [00:19<00:07,  9.07batch/s]
Scoring:  71%|#######1  | 170/239 [00:19<00:07,  9.19batch/s]
Scoring:  72%|#######1  | 171/239 [00:19<00:07,  9.33batch/s]
Scoring:  72%|#######1  | 172/239 [00:19<00:07,  8.90batch/s]
Scoring:  72%|#######2  | 173/239 [00:19<00:07,  9.00batch/s]
Scoring:  73%|#######2  | 174/239 [00:19<00:07,  9.27batch/s]
Scoring:  74%|#######3  | 176/239 [00:20<00:06,  9.44batch/s]
Scoring:  74%|#######4  | 177/239 [00:20<00:06,  9.53batch/s]
Scoring:  75%|#######4  | 179/239 [00:20<00:06,  9.78batch/s]
Scoring:  75%|#######5  | 180/239 [00:20<00:06,  9.65batch/s]
Scoring:  76%|#######5  | 181/239 [00:20<00:05,  9.68batch/s]
Scoring:  76%|#######6  | 182/239 [00:20<00:05,  9.58batch/s]
Scoring:  77%|#######6  | 183/239 [00:20<00:05,  9.62batch/s]
Scoring:  77%|#######6  | 184/239 [00:20<00:05,  9.71batch/s]
Scoring:  77%|#######7  | 185/239 [00:20<00:05,  9.47batch/s]
Scoring:  78%|#######7  | 186/239 [00:21<00:05,  9.56batch/s]
Scoring:  78%|#######8  | 187/239 [00:21<00:05,  9.34batch/s]
Scoring:  79%|#######8  | 188/239 [00:21<00:05,  9.18batch/s]
Scoring:  79%|#######9  | 189/239 [00:21<00:05,  9.16batch/s]
Scoring:  79%|#######9  | 190/239 [00:21<00:05,  8.91batch/s]
Scoring:  80%|#######9  | 191/239 [00:21<00:05,  8.62batch/s]
Scoring:  80%|########  | 192/239 [00:21<00:05,  8.75batch/s]
Scoring:  81%|########  | 193/239 [00:21<00:05,  8.68batch/s]
Scoring:  81%|########1 | 194/239 [00:22<00:05,  8.68batch/s]
Scoring:  82%|########1 | 195/239 [00:22<00:04,  8.91batch/s]
Scoring:  82%|########2 | 196/239 [00:22<00:04,  9.17batch/s]
Scoring:  82%|########2 | 197/239 [00:22<00:04,  9.20batch/s]
Scoring:  83%|########2 | 198/239 [00:22<00:04,  9.38batch/s]
Scoring:  83%|########3 | 199/239 [00:22<00:04,  9.53batch/s]
Scoring:  84%|########3 | 200/239 [00:22<00:04,  9.49batch/s]
Scoring:  84%|########4 | 201/239 [00:22<00:03,  9.50batch/s]
Scoring:  85%|########4 | 202/239 [00:22<00:04,  9.00batch/s]
Scoring:  85%|########4 | 203/239 [00:22<00:04,  8.81batch/s]
Scoring:  85%|########5 | 204/239 [00:23<00:03,  8.90batch/s]
Scoring:  86%|########5 | 205/239 [00:23<00:03,  9.19batch/s]
Scoring:  86%|########6 | 206/239 [00:23<00:03,  9.11batch/s]
Scoring:  87%|########6 | 207/239 [00:23<00:03,  9.20batch/s]
Scoring:  87%|########7 | 208/239 [00:23<00:03,  9.00batch/s]
Scoring:  87%|########7 | 209/239 [00:23<00:03,  8.98batch/s]
Scoring:  88%|########7 | 210/239 [00:23<00:03,  9.24batch/s]
Scoring:  88%|########8 | 211/239 [00:23<00:02,  9.37batch/s]
Scoring:  89%|########8 | 212/239 [00:23<00:03,  8.79batch/s]
Scoring:  89%|########9 | 213/239 [00:24<00:02,  8.71batch/s]
Scoring:  90%|########9 | 214/239 [00:24<00:02,  8.89batch/s]
Scoring:  90%|########9 | 215/239 [00:24<00:02,  8.91batch/s]
Scoring:  90%|######### | 216/239 [00:24<00:02,  9.17batch/s]
Scoring:  91%|######### | 217/239 [00:24<00:02,  9.32batch/s]
Scoring:  91%|#########1| 218/239 [00:24<00:02,  9.35batch/s]
Scoring:  92%|#########1| 219/239 [00:24<00:02,  9.47batch/s]
Scoring:  92%|#########2| 220/239 [00:24<00:02,  9.03batch/s]
Scoring:  92%|#########2| 221/239 [00:24<00:02,  8.91batch/s]
Scoring:  93%|#########2| 222/239 [00:25<00:01,  8.91batch/s]
Scoring:  93%|#########3| 223/239 [00:25<00:01,  8.65batch/s]
Scoring:  94%|#########3| 224/239 [00:25<00:01,  8.68batch/s]
Scoring:  94%|#########4| 225/239 [00:25<00:01,  8.97batch/s]
Scoring:  95%|#########4| 226/239 [00:25<00:01,  9.05batch/s]
Scoring:  95%|#########4| 227/239 [00:25<00:01,  9.08batch/s]
Scoring:  96%|#########5| 229/239 [00:25<00:01,  9.51batch/s]
Scoring:  96%|#########6| 230/239 [00:25<00:00,  9.40batch/s]
Scoring:  97%|#########6| 231/239 [00:26<00:00,  9.40batch/s]
Scoring:  97%|#########7| 232/239 [00:26<00:00,  9.12batch/s]
Scoring:  97%|#########7| 233/239 [00:26<00:00,  8.97batch/s]
Scoring:  98%|#########8| 235/239 [00:26<00:00,  9.35batch/s]
Scoring:  99%|#########8| 236/239 [00:26<00:00,  9.29batch/s]
Scoring: 100%|#########9| 238/239 [00:26<00:00,  9.56batch/s]
Scoring: 100%|##########| 239/239 [00:26<00:00,  8.92batch/s]
python.exe : 
At D:\Research\NO-2D-Metamaterials\_run_0711E26_pipeline.ps1:34 char:9
+         & $PY @pyArgs 2>&1
+         ~~~~~~~~~~~~~~~~~~
    + CategoryInfo          : NotSpecified: (:String) [], RemoteException
    + FullyQualifiedErrorId : NativeCommandError
 
Scoring:   0%|          | 0/239 [00:00<?, ?batch/s]
Scoring:   0%|          | 1/239 [00:00<00:41,  5.76batch/s]
Scoring:   1%|          | 2/239 [00:00<00:40,  5.80batch/s]
Scoring:   1%|1         | 3/239 [00:00<00:43,  5.41batch/s]
Scoring:   2%|1         | 4/239 [00:00<00:43,  5.43batch/s]
Scoring:   2%|2         | 5/239 [00:00<00:41,  5.63batch/s]
Scoring:   3%|2         | 6/239 [00:01<00:42,  5.52batch/s]
Scoring:   3%|2         | 7/239 [00:01<00:40,  5.77batch/s]
Scoring:   3%|3         | 8/239 [00:01<00:40,  5.68batch/s]
Scoring:   4%|3         | 9/239 [00:01<00:40,  5.62batch/s]
Scoring:   4%|4         | 10/239 [00:01<00:39,  5.81batch/s]
Scoring:   5%|4         | 11/239 [00:01<00:39,  5.75batch/s]
Scoring:   5%|5         | 12/239 [00:02<00:38,  5.91batch/s]
Scoring:   5%|5         | 13/239 [00:02<00:38,  5.81batch/s]
Scoring:   6%|5         | 14/239 [00:02<00:37,  5.92batch/s]
Scoring:   6%|6         | 15/239 [00:02<00:38,  5.80batch/s]
Scoring:   7%|6         | 16/239 [00:02<00:38,  5.80batch/s]
Scoring:   7%|7         | 17/239 [00:02<00:37,  5.88batch/s]
Scoring:   8%|7         | 18/239 [00:03<00:37,  5.87batch/s]
Scoring:   8%|7         | 19/239 [00:03<00:36,  6.03batch/s]
Scoring:   8%|8         | 20/239 [00:03<00:36,  5.96batch/s]
Scoring:   9%|8         | 21/239 [00:03<00:36,  6.03batch/s]
Scoring:   9%|9         | 22/239 [00:03<00:36,  5.90batch/s]
Scoring:  10%|9         | 23/239 [00:03<00:37,  5.77batch/s]
Scoring:  10%|#         | 24/239 [00:04<00:36,  5.87batch/s]
Scoring:  10%|#         | 25/239 [00:04<00:36,  5.90batch/s]
Scoring:  11%|#         | 26/239 [00:04<00:35,  5.93batch/s]
Scoring:  11%|#1        | 27/239 [00:04<00:35,  5.95batch/s]
Scoring:  12%|#1        | 28/239 [00:04<00:35,  5.87batch/s]
Scoring:  12%|#2        | 29/239 [00:04<00:35,  5.92batch/s]
Scoring:  13%|#2        | 30/239 [00:05<00:34,  6.01batch/s]
Scoring:  13%|#2        | 31/239 [00:05<00:34,  5.99batch/s]
Scoring:  13%|#3        | 32/239 [00:05<00:34,  5.98batch/s]
Scoring:  14%|#3        | 33/239 [00:05<00:34,  5.93batch/s]
Scoring:  14%|#4        | 34/239 [00:05<00:33,  6.08batch/s]
Scoring:  15%|#4        | 35/239 [00:05<00:33,  6.11batch/s]
Scoring:  15%|#5        | 36/239 [00:06<00:34,  5.95batch/s]
Scoring:  15%|#5        | 37/239 [00:06<00:33,  6.08batch/s]
Scoring:  16%|#5        | 38/239 [00:06<00:33,  6.01batch/s]
Scoring:  16%|#6        | 39/239 [00:06<00:32,  6.17batch/s]
Scoring:  17%|#6        | 40/239 [00:06<00:33,  5.99batch/s]
Scoring:  17%|#7        | 41/239 [00:06<00:34,  5.81batch/s]
Scoring:  18%|#7        | 42/239 [00:07<00:33,  5.88batch/s]
Scoring:  18%|#7        | 43/239 [00:07<00:34,  5.73batch/s]
Scoring:  18%|#8        | 44/239 [00:07<00:32,  5.91batch/s]
Scoring:  19%|#8        | 45/239 [00:07<00:32,  6.03batch/s]
Scoring:  19%|#9        | 46/239 [00:07<00:32,  5.96batch/s]
Scoring:  20%|#9        | 47/239 [00:07<00:31,  6.10batch/s]
Scoring:  20%|##        | 48/239 [00:08<00:31,  6.00batch/s]
Scoring:  21%|##        | 49/239 [00:08<00:32,  5.83batch/s]
Scoring:  21%|##        | 50/239 [00:08<00:32,  5.84batch/s]
Scoring:  21%|##1       | 51/239 [00:08<00:32,  5.82batch/s]
Scoring:  22%|##1       | 52/239 [00:08<00:31,  5.95batch/s]
Scoring:  22%|##2       | 53/239 [00:09<00:31,  5.88batch/s]
Scoring:  23%|##2       | 54/239 [00:09<00:31,  5.96batch/s]
Scoring:  23%|##3       | 55/239 [00:09<00:30,  5.99batch/s]
Scoring:  23%|##3       | 56/239 [00:09<00:31,  5.88batch/s]
Scoring:  24%|##3       | 57/239 [00:09<00:30,  5.95batch/s]
Scoring:  24%|##4       | 58/239 [00:09<00:30,  5.95batch/s]
Scoring:  25%|##4       | 59/239 [00:10<00:30,  5.89batch/s]
Scoring:  25%|##5       | 60/239 [00:10<00:30,  5.96batch/s]
Scoring:  26%|##5       | 61/239 [00:10<00:30,  5.85batch/s]
Scoring:  26%|##5       | 62/239 [00:10<00:30,  5.86batch/s]
Scoring:  26%|##6       | 63/239 [00:10<00:30,  5.80batch/s]
Scoring:  27%|##6       | 64/239 [00:10<00:30,  5.68batch/s]
Scoring:  27%|##7       | 65/239 [00:11<00:30,  5.79batch/s]
Scoring:  28%|##7       | 66/239 [00:11<00:29,  5.77batch/s]
Scoring:  28%|##8       | 67/239 [00:11<00:28,  5.99batch/s]
Scoring:  28%|##8       | 68/239 [00:11<00:29,  5.87batch/s]
Scoring:  29%|##8       | 69/239 [00:11<00:29,  5.79batch/s]
Scoring:  29%|##9       | 70/239 [00:11<00:28,  5.89batch/s]
Scoring:  30%|##9       | 71/239 [00:12<00:29,  5.76batch/s]
Scoring:  30%|###       | 72/239 [00:12<00:27,  6.00batch/s]
Scoring:  31%|###       | 73/239 [00:12<00:28,  5.93batch/s]
Scoring:  31%|###       | 74/239 [00:12<00:27,  6.05batch/s]
Scoring:  31%|###1      | 75/239 [00:12<00:27,  5.94batch/s]
Scoring:  32%|###1      | 76/239 [00:12<00:26,  6.04batch/s]
Scoring:  32%|###2      | 77/239 [00:13<00:26,  6.06batch/s]
Scoring:  33%|###2      | 78/239 [00:13<00:26,  5.99batch/s]
Scoring:  33%|###3      | 79/239 [00:13<00:26,  6.12batch/s]
Scoring:  33%|###3      | 80/239 [00:13<00:26,  6.03batch/s]
Scoring:  34%|###3      | 81/239 [00:13<00:25,  6.13batch/s]
Scoring:  34%|###4      | 82/239 [00:13<00:25,  6.12batch/s]
Scoring:  35%|###4      | 83/239 [00:14<00:26,  5.88batch/s]
Scoring:  35%|###5      | 84/239 [00:14<00:25,  6.05batch/s]
Scoring:  36%|###5      | 85/239 [00:14<00:25,  6.00batch/s]
Scoring:  36%|###5      | 86/239 [00:14<00:25,  6.11batch/s]
Scoring:  36%|###6      | 87/239 [00:14<00:24,  6.13batch/s]
Scoring:  37%|###6      | 88/239 [00:14<00:25,  6.02batch/s]
Scoring:  37%|###7      | 89/239 [00:15<00:24,  6.00batch/s]
Scoring:  38%|###7      | 90/239 [00:15<00:24,  5.99batch/s]
Scoring:  38%|###8      | 91/239 [00:15<00:24,  5.95batch/s]
Scoring:  38%|###8      | 92/239 [00:15<00:24,  6.09batch/s]
Scoring:  39%|###8      | 93/239 [00:15<00:24,  6.00batch/s]
Scoring:  39%|###9      | 94/239 [00:15<00:23,  6.12batch/s]
Scoring:  40%|###9      | 95/239 [00:16<00:23,  6.05batch/s]
Scoring:  40%|####      | 96/239 [00:16<00:24,  5.84batch/s]
Scoring:  41%|####      | 97/239 [00:16<00:24,  5.68batch/s]
Scoring:  41%|####1     | 98/239 [00:16<00:24,  5.67batch/s]
Scoring:  41%|####1     | 99/239 [00:16<00:25,  5.58batch/s]
Scoring:  42%|####1     | 100/239 [00:16<00:25,  5.50batch/s]
Scoring:  42%|####2     | 101/239 [00:17<00:25,  5.46batch/s]
Scoring:  43%|####2     | 102/239 [00:17<00:25,  5.30batch/s]
Scoring:  43%|####3     | 103/239 [00:17<00:26,  5.13batch/s]
Scoring:  44%|####3     | 104/239 [00:17<00:27,  4.98batch/s]
Scoring:  44%|####3     | 105/239 [00:17<00:27,  4.88batch/s]
Scoring:  44%|####4     | 106/239 [00:18<00:26,  5.10batch/s]
Scoring:  45%|####4     | 107/239 [00:18<00:25,  5.13batch/s]
Scoring:  45%|####5     | 108/239 [00:18<00:25,  5.11batch/s]
Scoring:  46%|####5     | 109/239 [00:18<00:24,  5.37batch/s]
Scoring:  46%|####6     | 110/239 [00:18<00:23,  5.45batch/s]
Scoring:  46%|####6     | 111/239 [00:19<00:22,  5.70batch/s]
Scoring:  47%|####6     | 112/239 [00:19<00:21,  5.84batch/s]
Scoring:  47%|####7     | 113/239 [00:19<00:21,  5.83batch/s]
Scoring:  48%|####7     | 114/239 [00:19<00:21,  5.85batch/s]
Scoring:  48%|####8     | 115/239 [00:19<00:21,  5.82batch/s]
Scoring:  49%|####8     | 116/239 [00:19<00:21,  5.66batch/s]
Scoring:  49%|####8     | 117/239 [00:20<00:22,  5.47batch/s]
Scoring:  49%|####9     | 118/239 [00:20<00:21,  5.68batch/s]
Scoring:  50%|####9     | 119/239 [00:20<00:21,  5.62batch/s]
Scoring:  50%|#####     | 120/239 [00:20<00:20,  5.81batch/s]
Scoring:  51%|#####     | 121/239 [00:20<00:19,  5.94batch/s]
Scoring:  51%|#####1    | 122/239 [00:20<00:19,  5.88batch/s]
Scoring:  51%|#####1    | 123/239 [00:21<00:19,  6.01batch/s]
Scoring:  52%|#####1    | 124/239 [00:21<00:19,  5.86batch/s]
Scoring:  52%|#####2    | 125/239 [00:21<00:19,  5.75batch/s]
Scoring:  53%|#####2    | 126/239 [00:21<00:19,  5.90batch/s]
Scoring:  53%|#####3    | 127/239 [00:21<00:19,  5.81batch/s]
Scoring:  54%|#####3    | 128/239 [00:21<00:18,  5.90batch/s]
Scoring:  54%|#####3    | 129/239 [00:22<00:18,  5.83batch/s]
Scoring:  54%|#####4    | 130/239 [00:22<00:18,  5.98batch/s]
Scoring:  55%|#####4    | 131/239 [00:22<00:17,  6.01batch/s]
Scoring:  55%|#####5    | 132/239 [00:22<00:18,  5.84batch/s]
Scoring:  56%|#####5    | 133/239 [00:22<00:17,  5.92batch/s]
Scoring:  56%|#####6    | 134/239 [00:22<00:17,  5.94batch/s]
Scoring:  56%|#####6    | 135/239 [00:23<00:18,  5.71batch/s]
Scoring:  57%|#####6    | 136/239 [00:23<00:17,  5.93batch/s]
Scoring:  57%|#####7    | 137/239 [00:23<00:17,  5.96batch/s]
Scoring:  58%|#####7    | 138/239 [00:23<00:17,  5.79batch/s]
Scoring:  58%|#####8    | 139/239 [00:23<00:16,  5.94batch/s]
Scoring:  59%|#####8    | 140/239 [00:24<00:16,  6.02batch/s]
Scoring:  59%|#####8    | 141/239 [00:24<00:16,  5.88batch/s]
Scoring:  59%|#####9    | 142/239 [00:24<00:16,  6.01batch/s]
Scoring:  60%|#####9    | 143/239 [00:24<00:16,  5.89batch/s]
Scoring:  60%|######    | 144/239 [00:24<00:15,  6.08batch/s]
Scoring:  61%|######    | 145/239 [00:24<00:15,  6.09batch/s]
Scoring:  61%|######1   | 146/239 [00:25<00:15,  5.91batch/s]
Scoring:  62%|######1   | 147/239 [00:25<00:15,  6.06batch/s]
Scoring:  62%|######1   | 148/239 [00:25<00:15,  5.96batch/s]
Scoring:  62%|######2   | 149/239 [00:25<00:14,  6.06batch/s]
Scoring:  63%|######2   | 150/239 [00:25<00:14,  6.13batch/s]
Scoring:  63%|######3   | 151/239 [00:25<00:14,  5.95batch/s]
Scoring:  64%|######3   | 152/239 [00:26<00:14,  6.03batch/s]
Scoring:  64%|######4   | 153/239 [00:26<00:14,  6.00batch/s]
Scoring:  64%|######4   | 154/239 [00:26<00:14,  5.84batch/s]
Scoring:  65%|######4   | 155/239 [00:26<00:14,  5.87batch/s]
Scoring:  65%|######5   | 156/239 [00:26<00:14,  5.89batch/s]
Scoring:  66%|######5   | 157/239 [00:26<00:14,  5.85batch/s]
Scoring:  66%|######6   | 158/239 [00:27<00:13,  5.98batch/s]
Scoring:  67%|######6   | 159/239 [00:27<00:13,  5.87batch/s]
Scoring:  67%|######6   | 160/239 [00:27<00:13,  6.02batch/s]
Scoring:  67%|######7   | 161/239 [00:27<00:12,  6.07batch/s]
Scoring:  68%|######7   | 162/239 [00:27<00:12,  6.01batch/s]
Scoring:  68%|######8   | 163/239 [00:27<00:12,  6.13batch/s]
Scoring:  69%|######8   | 164/239 [00:28<00:12,  6.00batch/s]
Scoring:  69%|######9   | 165/239 [00:28<00:12,  6.09batch/s]
Scoring:  69%|######9   | 166/239 [00:28<00:11,  6.12batch/s]
Scoring:  70%|######9   | 167/239 [00:28<00:12,  5.94batch/s]
Scoring:  70%|#######   | 168/239 [00:28<00:11,  6.09batch/s]
Scoring:  71%|#######   | 169/239 [00:28<00:11,  6.00batch/s]
Scoring:  71%|#######1  | 170/239 [00:29<00:11,  6.09batch/s]
Scoring:  72%|#######1  | 171/239 [00:29<00:11,  6.12batch/s]
Scoring:  72%|#######1  | 172/239 [00:29<00:11,  5.90batch/s]
Scoring:  72%|#######2  | 173/239 [00:29<00:11,  6.00batch/s]
Scoring:  73%|#######2  | 174/239 [00:29<00:11,  5.90batch/s]
Scoring:  73%|#######3  | 175/239 [00:29<00:10,  5.86batch/s]
Scoring:  74%|#######3  | 176/239 [00:30<00:10,  5.93batch/s]
Scoring:  74%|#######4  | 177/239 [00:30<00:10,  5.83batch/s]
Scoring:  74%|#######4  | 178/239 [00:30<00:10,  5.98batch/s]
Scoring:  75%|#######4  | 179/239 [00:30<00:10,  5.86batch/s]
Scoring:  75%|#######5  | 180/239 [00:30<00:09,  6.01batch/s]
Scoring:  76%|#######5  | 181/239 [00:30<00:09,  6.07batch/s]
Scoring:  76%|#######6  | 182/239 [00:31<00:09,  5.95batch/s]
Scoring:  77%|#######6  | 183/239 [00:31<00:09,  5.98batch/s]
Scoring:  77%|#######6  | 184/239 [00:31<00:09,  5.89batch/s]
Scoring:  77%|#######7  | 185/239 [00:31<00:09,  5.74batch/s]
Scoring:  78%|#######7  | 186/239 [00:31<00:09,  5.75batch/s]
Scoring:  78%|#######8  | 187/239 [00:31<00:09,  5.72batch/s]
Scoring:  79%|#######8  | 188/239 [00:32<00:09,  5.61batch/s]
Scoring:  79%|#######9  | 189/239 [00:32<00:08,  5.81batch/s]
Scoring:  79%|#######9  | 190/239 [00:32<00:08,  5.79batch/s]
Scoring:  80%|#######9  | 191/239 [00:32<00:07,  6.01batch/s]
Scoring:  80%|########  | 192/239 [00:32<00:07,  5.91batch/s]
Scoring:  81%|########  | 193/239 [00:32<00:07,  5.97batch/s]
Scoring:  81%|########1 | 194/239 [00:33<00:07,  5.95batch/s]
Scoring:  82%|########1 | 195/239 [00:33<00:07,  6.12batch/s]
Scoring:  82%|########2 | 196/239 [00:33<00:07,  5.95batch/s]
Scoring:  82%|########2 | 197/239 [00:33<00:07,  5.89batch/s]
Scoring:  83%|########2 | 198/239 [00:33<00:06,  5.94batch/s]
Scoring:  83%|########3 | 199/239 [00:33<00:06,  5.91batch/s]
Scoring:  84%|########3 | 200/239 [00:34<00:06,  5.98batch/s]
Scoring:  84%|########4 | 201/239 [00:34<00:06,  5.92batch/s]
Scoring:  85%|########4 | 202/239 [00:34<00:06,  6.06batch/s]
Scoring:  85%|########4 | 203/239 [00:34<00:05,  6.05batch/s]
Scoring:  85%|########5 | 204/239 [00:34<00:05,  5.86batch/s]
Scoring:  86%|########5 | 205/239 [00:34<00:05,  5.70batch/s]
Scoring:  86%|########6 | 206/239 [00:35<00:05,  5.74batch/s]
Scoring:  87%|########6 | 207/239 [00:35<00:05,  5.66batch/s]
Scoring:  87%|########7 | 208/239 [00:35<00:05,  5.72batch/s]
Scoring:  87%|########7 | 209/239 [00:35<00:05,  5.84batch/s]
Scoring:  88%|########7 | 210/239 [00:35<00:04,  5.81batch/s]
Scoring:  88%|########8 | 211/239 [00:35<00:04,  5.97batch/s]
Scoring:  89%|########8 | 212/239 [00:36<00:04,  5.87batch/s]
Scoring:  89%|########9 | 213/239 [00:36<00:04,  5.72batch/s]
Scoring:  90%|########9 | 214/239 [00:36<00:04,  5.73batch/s]
Scoring:  90%|########9 | 215/239 [00:36<00:04,  5.71batch/s]
Scoring:  90%|######### | 216/239 [00:36<00:03,  5.90batch/s]
Scoring:  91%|######### | 217/239 [00:37<00:03,  5.88batch/s]
Scoring:  91%|#########1| 218/239 [00:37<00:03,  5.97batch/s]
Scoring:  92%|#########1| 219/239 [00:37<00:03,  6.02batch/s]
Scoring:  92%|#########2| 220/239 [00:37<00:03,  5.94batch/s]
Scoring:  92%|#########2| 221/239 [00:37<00:03,  5.93batch/s]
Scoring:  93%|#########2| 222/239 [00:37<00:02,  5.99batch/s]
Scoring:  93%|#########3| 223/239 [00:38<00:02,  5.90batch/s]
Scoring:  94%|#########3| 224/239 [00:38<00:02,  5.94batch/s]
Scoring:  94%|#########4| 225/239 [00:38<00:02,  6.02batch/s]
Scoring:  95%|#########4| 226/239 [00:38<00:02,  5.87batch/s]
Scoring:  95%|#########4| 227/239 [00:38<00:02,  6.00batch/s]
Scoring:  95%|#########5| 228/239 [00:38<00:01,  5.86batch/s]
Scoring:  96%|#########5| 229/239 [00:39<00:01,  5.76batch/s]
Scoring:  96%|#########6| 230/239 [00:39<00:01,  5.86batch/s]
Scoring:  97%|#########6| 231/239 [00:39<00:01,  5.85batch/s]
Scoring:  97%|#########7| 232/239 [00:39<00:01,  5.93batch/s]
Scoring:  97%|#########7| 233/239 [00:39<00:01,  5.86batch/s]
Scoring:  98%|#########7| 234/239 [00:39<00:00,  5.99batch/s]
Scoring:  98%|#########8| 235/239 [00:40<00:00,  5.99batch/s]
Scoring:  99%|#########8| 236/239 [00:40<00:00,  5.80batch/s]
Scoring:  99%|#########9| 237/239 [00:40<00:00,  5.76batch/s]
Scoring: 100%|#########9| 238/239 [00:40<00:00,  5.86batch/s]
Scoring: 100%|##########| 239/239 [00:40<00:00,  5.89batch/s]
python.exe : 
At D:\Research\NO-2D-Metamaterials\_run_0711E26_pipeline.ps1:34 char:9
+         & $PY @pyArgs 2>&1
+         ~~~~~~~~~~~~~~~~~~
    + CategoryInfo          : NotSpecified: (:String) [], RemoteException
    + FullyQualifiedErrorId : NativeCommandError
 
Scoring:   0%|          | 0/239 [00:00<?, ?batch/s]
Scoring:   0%|          | 1/239 [00:00<00:35,  6.79batch/s]
Scoring:   1%|          | 2/239 [00:00<00:38,  6.08batch/s]
Scoring:   1%|1         | 3/239 [00:00<00:35,  6.71batch/s]
Scoring:   2%|1         | 4/239 [00:00<00:32,  7.17batch/s]
Scoring:   2%|2         | 5/239 [00:00<00:33,  7.01batch/s]
Scoring:   3%|2         | 6/239 [00:00<00:32,  7.15batch/s]
Scoring:   3%|2         | 7/239 [00:01<00:32,  7.03batch/s]
Scoring:   3%|3         | 8/239 [00:01<00:31,  7.25batch/s]
Scoring:   4%|3         | 9/239 [00:01<00:32,  7.07batch/s]
Scoring:   4%|4         | 10/239 [00:01<00:32,  7.12batch/s]
Scoring:   5%|4         | 11/239 [00:01<00:31,  7.19batch/s]
Scoring:   5%|5         | 12/239 [00:01<00:32,  7.07batch/s]
Scoring:   5%|5         | 13/239 [00:01<00:31,  7.24batch/s]
Scoring:   6%|5         | 14/239 [00:01<00:30,  7.38batch/s]
Scoring:   6%|6         | 15/239 [00:02<00:31,  7.17batch/s]
Scoring:   7%|6         | 16/239 [00:02<00:31,  7.15batch/s]
Scoring:   7%|7         | 17/239 [00:02<00:31,  7.06batch/s]
Scoring:   8%|7         | 18/239 [00:02<00:30,  7.30batch/s]
Scoring:   8%|7         | 19/239 [00:02<00:29,  7.52batch/s]
Scoring:   8%|8         | 20/239 [00:02<00:29,  7.49batch/s]
Scoring:   9%|8         | 21/239 [00:02<00:28,  7.61batch/s]
Scoring:   9%|9         | 22/239 [00:03<00:28,  7.70batch/s]
Scoring:  10%|9         | 23/239 [00:03<00:27,  7.88batch/s]
Scoring:  10%|#         | 24/239 [00:03<00:28,  7.66batch/s]
Scoring:  10%|#         | 25/239 [00:03<00:27,  7.65batch/s]
Scoring:  11%|#         | 26/239 [00:03<00:27,  7.70batch/s]
Scoring:  11%|#1        | 27/239 [00:03<00:27,  7.57batch/s]
Scoring:  12%|#1        | 28/239 [00:03<00:27,  7.59batch/s]
Scoring:  12%|#2        | 29/239 [00:03<00:28,  7.43batch/s]
Scoring:  13%|#2        | 30/239 [00:04<00:28,  7.46batch/s]
Scoring:  13%|#2        | 31/239 [00:04<00:27,  7.53batch/s]
Scoring:  13%|#3        | 32/239 [00:04<00:28,  7.33batch/s]
Scoring:  14%|#3        | 33/239 [00:04<00:28,  7.31batch/s]
Scoring:  14%|#4        | 34/239 [00:04<00:28,  7.25batch/s]
Scoring:  15%|#4        | 35/239 [00:04<00:27,  7.42batch/s]
Scoring:  15%|#5        | 36/239 [00:04<00:26,  7.63batch/s]
Scoring:  15%|#5        | 37/239 [00:05<00:26,  7.72batch/s]
Scoring:  16%|#5        | 38/239 [00:05<00:26,  7.64batch/s]
Scoring:  16%|#6        | 39/239 [00:05<00:25,  7.72batch/s]
Scoring:  17%|#6        | 40/239 [00:05<00:26,  7.49batch/s]
Scoring:  17%|#7        | 41/239 [00:05<00:26,  7.52batch/s]
Scoring:  18%|#7        | 42/239 [00:05<00:25,  7.60batch/s]
Scoring:  18%|#7        | 43/239 [00:05<00:26,  7.38batch/s]
Scoring:  18%|#8        | 44/239 [00:05<00:26,  7.45batch/s]
Scoring:  19%|#8        | 45/239 [00:06<00:25,  7.62batch/s]
Scoring:  19%|#9        | 46/239 [00:06<00:26,  7.40batch/s]
Scoring:  20%|#9        | 47/239 [00:06<00:25,  7.52batch/s]
Scoring:  20%|##        | 48/239 [00:06<00:25,  7.55batch/s]
Scoring:  21%|##        | 49/239 [00:06<00:25,  7.40batch/s]
Scoring:  21%|##        | 50/239 [00:06<00:25,  7.52batch/s]
Scoring:  21%|##1       | 51/239 [00:06<00:24,  7.68batch/s]
Scoring:  22%|##1       | 52/239 [00:07<00:25,  7.42batch/s]
Scoring:  22%|##2       | 53/239 [00:07<00:24,  7.51batch/s]
Scoring:  23%|##2       | 54/239 [00:07<00:24,  7.69batch/s]
Scoring:  23%|##3       | 55/239 [00:07<00:24,  7.55batch/s]
Scoring:  23%|##3       | 56/239 [00:07<00:24,  7.51batch/s]
Scoring:  24%|##3       | 57/239 [00:07<00:23,  7.66batch/s]
Scoring:  24%|##4       | 58/239 [00:07<00:24,  7.54batch/s]
Scoring:  25%|##4       | 59/239 [00:07<00:23,  7.53batch/s]
Scoring:  25%|##5       | 60/239 [00:08<00:23,  7.65batch/s]
Scoring:  26%|##5       | 61/239 [00:08<00:23,  7.48batch/s]
Scoring:  26%|##5       | 62/239 [00:08<00:23,  7.54batch/s]
Scoring:  26%|##6       | 63/239 [00:08<00:23,  7.64batch/s]
Scoring:  27%|##6       | 64/239 [00:08<00:23,  7.49batch/s]
Scoring:  27%|##7       | 65/239 [00:08<00:23,  7.53batch/s]
Scoring:  28%|##7       | 66/239 [00:08<00:22,  7.69batch/s]
Scoring:  28%|##8       | 67/239 [00:09<00:23,  7.45batch/s]
Scoring:  28%|##8       | 68/239 [00:09<00:22,  7.52batch/s]
Scoring:  29%|##8       | 69/239 [00:09<00:22,  7.62batch/s]
Scoring:  29%|##9       | 70/239 [00:09<00:22,  7.41batch/s]
Scoring:  30%|##9       | 71/239 [00:09<00:22,  7.61batch/s]
Scoring:  30%|###       | 72/239 [00:09<00:22,  7.55batch/s]
Scoring:  31%|###       | 73/239 [00:09<00:22,  7.34batch/s]
Scoring:  31%|###       | 74/239 [00:09<00:22,  7.49batch/s]
Scoring:  31%|###1      | 75/239 [00:10<00:21,  7.67batch/s]
Scoring:  32%|###1      | 76/239 [00:10<00:21,  7.49batch/s]
Scoring:  32%|###2      | 77/239 [00:10<00:21,  7.42batch/s]
Scoring:  33%|###2      | 78/239 [00:10<00:21,  7.58batch/s]
Scoring:  33%|###3      | 79/239 [00:10<00:21,  7.37batch/s]
Scoring:  33%|###3      | 80/239 [00:10<00:21,  7.41batch/s]
Scoring:  34%|###3      | 81/239 [00:10<00:20,  7.61batch/s]
Scoring:  34%|###4      | 82/239 [00:11<00:21,  7.46batch/s]
Scoring:  35%|###4      | 83/239 [00:11<00:20,  7.60batch/s]
Scoring:  35%|###5      | 84/239 [00:11<00:20,  7.65batch/s]
Scoring:  36%|###5      | 85/239 [00:11<00:20,  7.50batch/s]
Scoring:  36%|###5      | 86/239 [00:11<00:20,  7.61batch/s]
Scoring:  36%|###6      | 87/239 [00:11<00:19,  7.70batch/s]
Scoring:  37%|###6      | 88/239 [00:11<00:20,  7.49batch/s]
Scoring:  37%|###7      | 89/239 [00:11<00:20,  7.45batch/s]
Scoring:  38%|###7      | 90/239 [00:12<00:19,  7.55batch/s]
Scoring:  38%|###8      | 91/239 [00:12<00:20,  7.39batch/s]
Scoring:  38%|###8      | 92/239 [00:12<00:19,  7.47batch/s]
Scoring:  39%|###8      | 93/239 [00:12<00:19,  7.54batch/s]
Scoring:  39%|###9      | 94/239 [00:12<00:19,  7.45batch/s]
Scoring:  40%|###9      | 95/239 [00:12<00:18,  7.62batch/s]
Scoring:  40%|####      | 96/239 [00:12<00:18,  7.83batch/s]
Scoring:  41%|####      | 97/239 [00:12<00:18,  7.63batch/s]
Scoring:  41%|####1     | 98/239 [00:13<00:18,  7.69batch/s]
Scoring:  41%|####1     | 99/239 [00:13<00:18,  7.74batch/s]
Scoring:  42%|####1     | 100/239 [00:13<00:18,  7.51batch/s]
Scoring:  42%|####2     | 101/239 [00:13<00:18,  7.56batch/s]
Scoring:  43%|####2     | 102/239 [00:13<00:17,  7.65batch/s]
Scoring:  43%|####3     | 103/239 [00:13<00:18,  7.41batch/s]
Scoring:  44%|####3     | 104/239 [00:13<00:18,  7.48batch/s]
Scoring:  44%|####3     | 105/239 [00:14<00:17,  7.66batch/s]
Scoring:  44%|####4     | 106/239 [00:14<00:17,  7.78batch/s]
Scoring:  45%|####4     | 107/239 [00:14<00:17,  7.72batch/s]
Scoring:  45%|####5     | 108/239 [00:14<00:17,  7.68batch/s]
Scoring:  46%|####5     | 109/239 [00:14<00:17,  7.37batch/s]
Scoring:  46%|####6     | 110/239 [00:14<00:17,  7.32batch/s]
Scoring:  46%|####6     | 111/239 [00:14<00:16,  7.54batch/s]
Scoring:  47%|####6     | 112/239 [00:14<00:17,  7.46batch/s]
Scoring:  47%|####7     | 113/239 [00:15<00:16,  7.55batch/s]
Scoring:  48%|####7     | 114/239 [00:15<00:16,  7.71batch/s]
Scoring:  48%|####8     | 115/239 [00:15<00:16,  7.50batch/s]
Scoring:  49%|####8     | 116/239 [00:15<00:16,  7.56batch/s]
Scoring:  49%|####8     | 117/239 [00:15<00:15,  7.70batch/s]
Scoring:  49%|####9     | 118/239 [00:15<00:16,  7.32batch/s]
Scoring:  50%|####9     | 119/239 [00:15<00:16,  7.25batch/s]
Scoring:  50%|#####     | 120/239 [00:16<00:16,  7.05batch/s]
Scoring:  51%|#####     | 121/239 [00:16<00:16,  6.96batch/s]
Scoring:  51%|#####1    | 122/239 [00:16<00:16,  7.21batch/s]
Scoring:  51%|#####1    | 123/239 [00:16<00:16,  7.04batch/s]
Scoring:  52%|#####1    | 124/239 [00:16<00:16,  7.15batch/s]
Scoring:  52%|#####2    | 125/239 [00:16<00:15,  7.27batch/s]
Scoring:  53%|#####2    | 126/239 [00:16<00:15,  7.38batch/s]
Scoring:  53%|#####3    | 127/239 [00:17<00:14,  7.52batch/s]
Scoring:  54%|#####3    | 128/239 [00:17<00:15,  7.36batch/s]
Scoring:  54%|#####3    | 129/239 [00:17<00:14,  7.47batch/s]
Scoring:  54%|#####4    | 130/239 [00:17<00:14,  7.58batch/s]
Scoring:  55%|#####4    | 131/239 [00:17<00:14,  7.25batch/s]
Scoring:  55%|#####5    | 132/239 [00:17<00:14,  7.24batch/s]
Scoring:  56%|#####5    | 133/239 [00:17<00:14,  7.36batch/s]
Scoring:  56%|#####6    | 134/239 [00:17<00:14,  7.16batch/s]
Scoring:  56%|#####6    | 135/239 [00:18<00:14,  7.31batch/s]
Scoring:  57%|#####6    | 136/239 [00:18<00:14,  7.17batch/s]
Scoring:  57%|#####7    | 137/239 [00:18<00:14,  7.20batch/s]
Scoring:  58%|#####7    | 138/239 [00:18<00:14,  7.03batch/s]
Scoring:  58%|#####8    | 139/239 [00:18<00:14,  6.83batch/s]
Scoring:  59%|#####8    | 140/239 [00:18<00:15,  6.52batch/s]
Scoring:  59%|#####8    | 141/239 [00:19<00:15,  6.50batch/s]
Scoring:  59%|#####9    | 142/239 [00:19<00:15,  6.45batch/s]
Scoring:  60%|#####9    | 143/239 [00:19<00:14,  6.48batch/s]
Scoring:  60%|######    | 144/239 [00:19<00:15,  6.31batch/s]
Scoring:  61%|######    | 145/239 [00:19<00:14,  6.38batch/s]
Scoring:  61%|######1   | 146/239 [00:19<00:14,  6.49batch/s]
Scoring:  62%|######1   | 147/239 [00:19<00:13,  6.74batch/s]
Scoring:  62%|######1   | 148/239 [00:20<00:13,  6.87batch/s]
Scoring:  62%|######2   | 149/239 [00:20<00:13,  6.58batch/s]
Scoring:  63%|######2   | 150/239 [00:20<00:13,  6.62batch/s]
Scoring:  63%|######3   | 151/239 [00:20<00:13,  6.60batch/s]
Scoring:  64%|######3   | 152/239 [00:20<00:12,  6.81batch/s]
Scoring:  64%|######4   | 153/239 [00:20<00:12,  6.84batch/s]
Scoring:  64%|######4   | 154/239 [00:20<00:12,  6.97batch/s]
Scoring:  65%|######4   | 155/239 [00:21<00:12,  6.95batch/s]
Scoring:  65%|######5   | 156/239 [00:21<00:12,  6.80batch/s]
Scoring:  66%|######5   | 157/239 [00:21<00:11,  7.01batch/s]
Scoring:  66%|######6   | 158/239 [00:21<00:11,  7.20batch/s]
Scoring:  67%|######6   | 159/239 [00:21<00:11,  7.00batch/s]
Scoring:  67%|######6   | 160/239 [00:21<00:11,  7.18batch/s]
Scoring:  67%|######7   | 161/239 [00:21<00:10,  7.38batch/s]
Scoring:  68%|######7   | 162/239 [00:22<00:10,  7.21batch/s]
Scoring:  68%|######8   | 163/239 [00:22<00:10,  7.32batch/s]
Scoring:  69%|######8   | 164/239 [00:22<00:10,  7.44batch/s]
Scoring:  69%|######9   | 165/239 [00:22<00:10,  7.20batch/s]
Scoring:  69%|######9   | 166/239 [00:22<00:09,  7.35batch/s]
Scoring:  70%|######9   | 167/239 [00:22<00:09,  7.48batch/s]
Scoring:  70%|#######   | 168/239 [00:22<00:09,  7.50batch/s]
Scoring:  71%|#######   | 169/239 [00:23<00:09,  7.64batch/s]
Scoring:  71%|#######1  | 170/239 [00:23<00:09,  7.45batch/s]
Scoring:  72%|#######1  | 171/239 [00:23<00:09,  7.38batch/s]
Scoring:  72%|#######1  | 172/239 [00:23<00:09,  7.39batch/s]
Scoring:  72%|#######2  | 173/239 [00:23<00:09,  7.23batch/s]
Scoring:  73%|#######2  | 174/239 [00:23<00:08,  7.37batch/s]
Scoring:  73%|#######3  | 175/239 [00:23<00:08,  7.22batch/s]
Scoring:  74%|#######3  | 176/239 [00:23<00:08,  7.38batch/s]
Scoring:  74%|#######4  | 177/239 [00:24<00:08,  7.53batch/s]
Scoring:  74%|#######4  | 178/239 [00:24<00:08,  7.40batch/s]
Scoring:  75%|#######4  | 179/239 [00:24<00:08,  7.48batch/s]
Scoring:  75%|#######5  | 180/239 [00:24<00:07,  7.49batch/s]
Scoring:  76%|#######5  | 181/239 [00:24<00:07,  7.37batch/s]
Scoring:  76%|#######6  | 182/239 [00:24<00:07,  7.35batch/s]
Scoring:  77%|#######6  | 183/239 [00:24<00:07,  7.34batch/s]
Scoring:  77%|#######6  | 184/239 [00:25<00:07,  7.41batch/s]
Scoring:  77%|#######7  | 185/239 [00:25<00:07,  7.19batch/s]
Scoring:  78%|#######7  | 186/239 [00:25<00:07,  7.23batch/s]
Scoring:  78%|#######8  | 187/239 [00:25<00:07,  7.01batch/s]
Scoring:  79%|#######8  | 188/239 [00:25<00:07,  7.08batch/s]
Scoring:  79%|#######9  | 189/239 [00:25<00:06,  7.19batch/s]
Scoring:  79%|#######9  | 190/239 [00:25<00:06,  7.17batch/s]
Scoring:  80%|#######9  | 191/239 [00:26<00:06,  7.33batch/s]
Scoring:  80%|########  | 192/239 [00:26<00:06,  7.47batch/s]
Scoring:  81%|########  | 193/239 [00:26<00:06,  7.15batch/s]
Scoring:  81%|########1 | 194/239 [00:26<00:06,  7.24batch/s]
Scoring:  82%|########1 | 195/239 [00:26<00:05,  7.45batch/s]
Scoring:  82%|########2 | 196/239 [00:26<00:05,  7.30batch/s]
Scoring:  82%|########2 | 197/239 [00:26<00:05,  7.34batch/s]
Scoring:  83%|########2 | 198/239 [00:27<00:05,  7.21batch/s]
Scoring:  83%|########3 | 199/239 [00:27<00:05,  7.16batch/s]
Scoring:  84%|########3 | 200/239 [00:27<00:05,  7.36batch/s]
Scoring:  84%|########4 | 201/239 [00:27<00:05,  7.22batch/s]
Scoring:  85%|########4 | 202/239 [00:27<00:05,  7.14batch/s]
Scoring:  85%|########4 | 203/239 [00:27<00:04,  7.25batch/s]
Scoring:  85%|########5 | 204/239 [00:27<00:04,  7.15batch/s]
Scoring:  86%|########5 | 205/239 [00:27<00:04,  7.33batch/s]
Scoring:  86%|########6 | 206/239 [00:28<00:04,  7.10batch/s]
Scoring:  87%|########6 | 207/239 [00:28<00:04,  7.16batch/s]
Scoring:  87%|########7 | 208/239 [00:28<00:04,  7.02batch/s]
Scoring:  87%|########7 | 209/239 [00:28<00:04,  7.05batch/s]
Scoring:  88%|########7 | 210/239 [00:28<00:04,  7.17batch/s]
Scoring:  88%|########8 | 211/239 [00:28<00:03,  7.11batch/s]
Scoring:  89%|########8 | 212/239 [00:28<00:03,  7.16batch/s]
Scoring:  89%|########9 | 213/239 [00:29<00:03,  7.08batch/s]
Scoring:  90%|########9 | 214/239 [00:29<00:03,  7.22batch/s]
Scoring:  90%|########9 | 215/239 [00:29<00:03,  7.04batch/s]
Scoring:  90%|######### | 216/239 [00:29<00:03,  7.05batch/s]
Scoring:  91%|######### | 217/239 [00:29<00:03,  6.90batch/s]
Scoring:  91%|#########1| 218/239 [00:29<00:02,  7.05batch/s]
Scoring:  92%|#########1| 219/239 [00:29<00:02,  7.16batch/s]
Scoring:  92%|#########2| 220/239 [00:30<00:02,  6.97batch/s]
Scoring:  92%|#########2| 221/239 [00:30<00:02,  7.06batch/s]
Scoring:  93%|#########2| 222/239 [00:30<00:02,  6.87batch/s]
Scoring:  93%|#########3| 223/239 [00:30<00:02,  6.81batch/s]
Scoring:  94%|#########3| 224/239 [00:30<00:02,  6.72batch/s]
Scoring:  94%|#########4| 225/239 [00:30<00:02,  6.77batch/s]
Scoring:  95%|#########4| 226/239 [00:30<00:01,  6.95batch/s]
Scoring:  95%|#########4| 227/239 [00:31<00:01,  6.77batch/s]
Scoring:  95%|#########5| 228/239 [00:31<00:01,  6.95batch/s]
Scoring:  96%|#########5| 229/239 [00:31<00:01,  6.83batch/s]
Scoring:  96%|#########6| 230/239 [00:31<00:01,  6.99batch/s]
Scoring:  97%|#########6| 231/239 [00:31<00:01,  7.11batch/s]
Scoring:  97%|#########7| 232/239 [00:31<00:01,  6.88batch/s]
Scoring:  97%|#########7| 233/239 [00:31<00:00,  7.02batch/s]
Scoring:  98%|#########7| 234/239 [00:32<00:00,  6.96batch/s]
Scoring:  98%|#########8| 235/239 [00:32<00:00,  7.05batch/s]
Scoring:  99%|#########8| 236/239 [00:32<00:00,  7.19batch/s]
Scoring:  99%|#########9| 237/239 [00:32<00:00,  6.86batch/s]
Scoring: 100%|#########9| 238/239 [00:32<00:00,  6.97batch/s]
Scoring: 100%|##########| 239/239 [00:32<00:00,  7.31batch/s]
python.exe : 
At D:\Research\NO-2D-Metamaterials\_run_0711E26_pipeline.ps1:34 char:9
+         & $PY @pyArgs 2>&1
+         ~~~~~~~~~~~~~~~~~~
    + CategoryInfo          : NotSpecified: (:String) [], RemoteException
    + FullyQualifiedErrorId : NativeCommandError
 
Scoring:   0%|          | 0/239 [00:00<?, ?batch/s]
Scoring:   2%|1         | 4/239 [00:00<00:06, 34.42batch/s]
Scoring:   3%|3         | 8/239 [00:00<00:06, 36.25batch/s]
Scoring:   5%|5         | 12/239 [00:00<00:06, 36.34batch/s]
Scoring:   7%|6         | 16/239 [00:00<00:06, 32.96batch/s]
Scoring:   8%|8         | 20/239 [00:00<00:06, 32.16batch/s]
Scoring:  10%|#         | 24/239 [00:00<00:06, 31.00batch/s]
Scoring:  12%|#1        | 28/239 [00:00<00:06, 31.08batch/s]
Scoring:  13%|#3        | 32/239 [00:01<00:06, 30.39batch/s]
Scoring:  15%|#5        | 36/239 [00:01<00:06, 30.66batch/s]
Scoring:  17%|#6        | 40/239 [00:01<00:06, 30.69batch/s]
Scoring:  18%|#8        | 44/239 [00:01<00:06, 31.17batch/s]
Scoring:  20%|##        | 48/239 [00:01<00:06, 30.13batch/s]
Scoring:  22%|##1       | 52/239 [00:01<00:06, 28.36batch/s]
Scoring:  23%|##3       | 55/239 [00:01<00:06, 28.31batch/s]
Scoring:  24%|##4       | 58/239 [00:01<00:06, 27.82batch/s]
Scoring:  26%|##5       | 61/239 [00:02<00:06, 26.98batch/s]
Scoring:  27%|##6       | 64/239 [00:02<00:06, 26.68batch/s]
Scoring:  28%|##8       | 68/239 [00:02<00:05, 28.76batch/s]
Scoring:  30%|###       | 72/239 [00:02<00:05, 31.38batch/s]
Scoring:  32%|###1      | 76/239 [00:02<00:05, 32.26batch/s]
Scoring:  33%|###3      | 80/239 [00:02<00:04, 32.91batch/s]
Scoring:  35%|###5      | 84/239 [00:02<00:04, 34.01batch/s]
Scoring:  37%|###6      | 88/239 [00:02<00:04, 34.96batch/s]
Scoring:  38%|###8      | 92/239 [00:02<00:04, 34.78batch/s]
Scoring:  40%|####      | 96/239 [00:03<00:04, 35.65batch/s]
Scoring:  42%|####1     | 100/239 [00:03<00:03, 36.31batch/s]
Scoring:  44%|####3     | 104/239 [00:03<00:03, 36.70batch/s]
Scoring:  45%|####5     | 108/239 [00:03<00:03, 36.20batch/s]
Scoring:  47%|####6     | 112/239 [00:03<00:03, 36.91batch/s]
Scoring:  49%|####8     | 116/239 [00:03<00:03, 37.21batch/s]
Scoring:  50%|#####     | 120/239 [00:03<00:03, 36.09batch/s]
Scoring:  52%|#####1    | 124/239 [00:03<00:03, 35.48batch/s]
Scoring:  54%|#####3    | 128/239 [00:03<00:03, 35.99batch/s]
Scoring:  56%|#####5    | 133/239 [00:04<00:02, 37.89batch/s]
Scoring:  58%|#####7    | 138/239 [00:04<00:02, 39.06batch/s]
Scoring:  59%|#####9    | 142/239 [00:04<00:02, 39.23batch/s]
Scoring:  61%|######1   | 146/239 [00:04<00:02, 39.37batch/s]
Scoring:  63%|######3   | 151/239 [00:04<00:02, 40.29batch/s]
Scoring:  65%|######5   | 156/239 [00:04<00:02, 40.22batch/s]
Scoring:  67%|######7   | 161/239 [00:04<00:01, 40.64batch/s]
Scoring:  69%|######9   | 166/239 [00:04<00:01, 41.10batch/s]
Scoring:  72%|#######1  | 171/239 [00:04<00:01, 41.18batch/s]
Scoring:  74%|#######3  | 176/239 [00:05<00:01, 39.68batch/s]
Scoring:  75%|#######5  | 180/239 [00:05<00:01, 38.85batch/s]
Scoring:  77%|#######6  | 184/239 [00:05<00:01, 38.36batch/s]
Scoring:  79%|#######8  | 188/239 [00:05<00:01, 38.32batch/s]
Scoring:  80%|########  | 192/239 [00:05<00:01, 38.23batch/s]
Scoring:  82%|########2 | 196/239 [00:05<00:01, 37.56batch/s]
Scoring:  84%|########3 | 200/239 [00:05<00:01, 37.74batch/s]
Scoring:  85%|########5 | 204/239 [00:05<00:00, 37.71batch/s]
Scoring:  87%|########7 | 208/239 [00:05<00:00, 37.79batch/s]
Scoring:  89%|########8 | 212/239 [00:06<00:00, 37.38batch/s]
Scoring:  90%|######### | 216/239 [00:06<00:00, 37.34batch/s]
Scoring:  92%|#########2| 220/239 [00:06<00:00, 37.61batch/s]
Scoring:  94%|#########3| 224/239 [00:06<00:00, 36.92batch/s]
Scoring:  95%|#########5| 228/239 [00:06<00:00, 37.25batch/s]
Scoring:  97%|#########7| 233/239 [00:06<00:00, 38.22batch/s]
Scoring: 100%|#########9| 238/239 [00:06<00:00, 39.69batch/s]
Scoring: 100%|##########| 239/239 [00:06<00:00, 35.50batch/s]
python.exe : D:\Research\NO-2D-Metamaterials\NO_utilities.py:489: UserWarning: FigureCanvasAgg is non-interactive, and 
thus cannot be shown
At D:\Research\NO-2D-Metamaterials\_run_0711E26_pipeline.ps1:34 char:9
+         & $PY @pyArgs 2>&1
+         ~~~~~~~~~~~~~~~~~~
    + CategoryInfo          : NotSpecified: (D:\Research\NO-...cannot be shown:String) [], RemoteException
    + FullyQualifiedErrorId : NativeCommandError
 
  plt.show()
D:\Research\NO-2D-Metamaterials\NO_utilities.py:661: UserWarning: FigureCanvasAgg is non-interactive, and thus cannot 
be shown
  plt.show()
python.exe : D:\Research\NO-2D-Metamaterials\NO_utilities.py:489: UserWarning: FigureCanvasAgg is non-interactive, and 
thus cannot be shown
At D:\Research\NO-2D-Metamaterials\_run_0711E26_pipeline.ps1:34 char:9
+         & $PY @pyArgs 2>&1
+         ~~~~~~~~~~~~~~~~~~
    + CategoryInfo          : NotSpecified: (D:\Research\NO-...cannot be shown:String) [], RemoteException
    + FullyQualifiedErrorId : NativeCommandError
 
  plt.show()
D:\Research\NO-2D-Metamaterials\NO_utilities.py:661: UserWarning: FigureCanvasAgg is non-interactive, and thus cannot 
be shown
  plt.show()
python.exe : D:\Research\NO-2D-Metamaterials\NO_utilities.py:489: UserWarning: FigureCanvasAgg is non-interactive, and 
thus cannot be shown
At D:\Research\NO-2D-Metamaterials\_run_0711E26_pipeline.ps1:34 char:9
+         & $PY @pyArgs 2>&1
+         ~~~~~~~~~~~~~~~~~~
    + CategoryInfo          : NotSpecified: (D:\Research\NO-...cannot be shown:String) [], RemoteException
    + FullyQualifiedErrorId : NativeCommandError
 
  plt.show()
D:\Research\NO-2D-Metamaterials\NO_utilities.py:661: UserWarning: FigureCanvasAgg is non-interactive, and thus cannot 
be shown
  plt.show()
python.exe : D:\Research\NO-2D-Metamaterials\NO_utilities.py:489: UserWarning: FigureCanvasAgg is non-interactive, and 
thus cannot be shown
At D:\Research\NO-2D-Metamaterials\_run_0711E26_pipeline.ps1:34 char:9
+         & $PY @pyArgs 2>&1
+         ~~~~~~~~~~~~~~~~~~
    + CategoryInfo          : NotSpecified: (D:\Research\NO-...cannot be shown:String) [], RemoteException
    + FullyQualifiedErrorId : NativeCommandError
 
  plt.show()
D:\Research\NO-2D-Metamaterials\NO_utilities.py:661: UserWarning: FigureCanvasAgg is non-interactive, and thus cannot 
be shown
  plt.show()
python.exe : D:\Research\NO-2D-Metamaterials\NO_utilities.py:489: UserWarning: FigureCanvasAgg is non-interactive, and 
thus cannot be shown
At D:\Research\NO-2D-Metamaterials\_run_0711E26_pipeline.ps1:34 char:9
+         & $PY @pyArgs 2>&1
+         ~~~~~~~~~~~~~~~~~~
    + CategoryInfo          : NotSpecified: (D:\Research\NO-...cannot be shown:String) [], RemoteException
    + FullyQualifiedErrorId : NativeCommandError
 
  plt.show()
D:\Research\NO-2D-Metamaterials\NO_utilities.py:661: UserWarning: FigureCanvasAgg is non-interactive, and thus cannot 
be shown
  plt.show()
python.exe : D:\Research\NO-2D-Metamaterials\NO_utilities.py:489: UserWarning: FigureCanvasAgg is non-interactive, and 
thus cannot be shown
At D:\Research\NO-2D-Metamaterials\_run_0711E26_pipeline.ps1:34 char:9
+         & $PY @pyArgs 2>&1
+         ~~~~~~~~~~~~~~~~~~
    + CategoryInfo          : NotSpecified: (D:\Research\NO-...cannot be shown:String) [], RemoteException
    + FullyQualifiedErrorId : NativeCommandError
 
  plt.show()
D:\Research\NO-2D-Metamaterials\NO_utilities.py:661: UserWarning: FigureCanvasAgg is non-interactive, and thus cannot 
be shown
  plt.show()
python.exe : D:\Research\NO-2D-Metamaterials\NO_utilities.py:489: UserWarning: FigureCanvasAgg is non-interactive, and 
thus cannot be shown
At D:\Research\NO-2D-Metamaterials\_run_0711E26_pipeline.ps1:34 char:9
+         & $PY @pyArgs 2>&1
+         ~~~~~~~~~~~~~~~~~~
    + CategoryInfo          : NotSpecified: (D:\Research\NO-...cannot be shown:String) [], RemoteException
    + FullyQualifiedErrorId : NativeCommandError
 
  plt.show()
D:\Research\NO-2D-Metamaterials\NO_utilities.py:661: UserWarning: FigureCanvasAgg is non-interactive, and thus cannot 
be shown
  plt.show()
python.exe : 
At D:\Research\NO-2D-Metamaterials\_run_0711E26_pipeline.ps1:34 char:9
+         & $PY @pyArgs 2>&1
+         ~~~~~~~~~~~~~~~~~~
    + CategoryInfo          : NotSpecified: (:String) [], RemoteException
    + FullyQualifiedErrorId : NativeCommandError
 
Scoring:   0%|          | 0/239 [00:00<?, ?batch/s]
Scoring:   0%|          | 1/239 [00:00<00:38,  6.22batch/s]
Scoring:   1%|          | 2/239 [00:00<00:40,  5.80batch/s]
Scoring:   1%|1         | 3/239 [00:00<00:41,  5.67batch/s]
Scoring:   2%|1         | 4/239 [00:00<00:40,  5.81batch/s]
Scoring:   2%|2         | 5/239 [00:00<00:41,  5.64batch/s]
Scoring:   3%|2         | 6/239 [00:01<00:41,  5.57batch/s]
Scoring:   3%|2         | 7/239 [00:01<00:39,  5.82batch/s]
Scoring:   3%|3         | 8/239 [00:01<00:38,  5.95batch/s]
Scoring:   4%|3         | 9/239 [00:01<00:38,  5.95batch/s]
Scoring:   4%|4         | 10/239 [00:01<00:39,  5.79batch/s]
Scoring:   5%|4         | 11/239 [00:01<00:39,  5.79batch/s]
Scoring:   5%|5         | 12/239 [00:02<00:39,  5.77batch/s]
Scoring:   5%|5         | 13/239 [00:02<00:40,  5.53batch/s]
Scoring:   6%|5         | 14/239 [00:02<00:41,  5.44batch/s]
Scoring:   6%|6         | 15/239 [00:02<00:41,  5.40batch/s]
Scoring:   7%|6         | 16/239 [00:02<00:40,  5.48batch/s]
Scoring:   7%|7         | 17/239 [00:03<00:40,  5.51batch/s]
Scoring:   8%|7         | 18/239 [00:03<00:39,  5.57batch/s]
Scoring:   8%|7         | 19/239 [00:03<00:40,  5.42batch/s]
Scoring:   8%|8         | 20/239 [00:03<00:40,  5.38batch/s]
Scoring:   9%|8         | 21/239 [00:03<00:40,  5.35batch/s]
Scoring:   9%|9         | 22/239 [00:03<00:39,  5.45batch/s]
Scoring:  10%|9         | 23/239 [00:04<00:39,  5.51batch/s]
Scoring:  10%|#         | 24/239 [00:04<00:40,  5.37batch/s]
Scoring:  10%|#         | 25/239 [00:04<00:39,  5.40batch/s]
Scoring:  11%|#         | 26/239 [00:04<00:37,  5.68batch/s]
Scoring:  11%|#1        | 27/239 [00:04<00:36,  5.76batch/s]
Scoring:  12%|#1        | 28/239 [00:04<00:37,  5.62batch/s]
Scoring:  12%|#2        | 29/239 [00:05<00:36,  5.74batch/s]
Scoring:  13%|#2        | 30/239 [00:05<00:34,  6.02batch/s]
Scoring:  13%|#2        | 31/239 [00:05<00:34,  6.09batch/s]
Scoring:  13%|#3        | 32/239 [00:05<00:32,  6.30batch/s]
Scoring:  14%|#3        | 33/239 [00:05<00:34,  5.93batch/s]
Scoring:  14%|#4        | 34/239 [00:05<00:34,  5.88batch/s]
Scoring:  15%|#4        | 35/239 [00:06<00:33,  6.08batch/s]
Scoring:  15%|#5        | 36/239 [00:06<00:33,  6.01batch/s]
Scoring:  15%|#5        | 37/239 [00:06<00:33,  6.00batch/s]
Scoring:  16%|#5        | 38/239 [00:06<00:32,  6.20batch/s]
Scoring:  16%|#6        | 39/239 [00:06<00:33,  6.02batch/s]
Scoring:  17%|#6        | 40/239 [00:06<00:32,  6.09batch/s]
Scoring:  17%|#7        | 41/239 [00:07<00:32,  6.18batch/s]
Scoring:  18%|#7        | 42/239 [00:07<00:32,  6.14batch/s]
Scoring:  18%|#7        | 43/239 [00:07<00:31,  6.16batch/s]
Scoring:  18%|#8        | 44/239 [00:07<00:31,  6.19batch/s]
Scoring:  19%|#8        | 45/239 [00:07<00:32,  5.93batch/s]
Scoring:  19%|#9        | 46/239 [00:07<00:32,  5.90batch/s]
Scoring:  20%|#9        | 47/239 [00:08<00:31,  6.16batch/s]
Scoring:  20%|##        | 48/239 [00:08<00:30,  6.17batch/s]
Scoring:  21%|##        | 49/239 [00:08<00:29,  6.39batch/s]
Scoring:  21%|##        | 50/239 [00:08<00:30,  6.25batch/s]
Scoring:  21%|##1       | 51/239 [00:08<00:32,  5.86batch/s]
Scoring:  22%|##1       | 52/239 [00:08<00:32,  5.79batch/s]
Scoring:  22%|##2       | 53/239 [00:09<00:31,  5.90batch/s]
Scoring:  23%|##2       | 54/239 [00:09<00:31,  5.95batch/s]
Scoring:  23%|##3       | 55/239 [00:09<00:29,  6.20batch/s]
Scoring:  23%|##3       | 56/239 [00:09<00:29,  6.21batch/s]
Scoring:  24%|##3       | 57/239 [00:09<00:29,  6.27batch/s]
Scoring:  24%|##4       | 58/239 [00:09<00:29,  6.08batch/s]
Scoring:  25%|##4       | 59/239 [00:10<00:29,  6.11batch/s]
Scoring:  25%|##5       | 60/239 [00:10<00:28,  6.27batch/s]
Scoring:  26%|##5       | 61/239 [00:10<00:27,  6.37batch/s]
Scoring:  26%|##5       | 62/239 [00:10<00:27,  6.35batch/s]
Scoring:  26%|##6       | 63/239 [00:10<00:27,  6.50batch/s]
Scoring:  27%|##6       | 64/239 [00:10<00:28,  6.17batch/s]
Scoring:  27%|##7       | 65/239 [00:11<00:28,  6.05batch/s]
Scoring:  28%|##7       | 66/239 [00:11<00:28,  6.12batch/s]
Scoring:  28%|##8       | 67/239 [00:11<00:28,  6.06batch/s]
Scoring:  28%|##8       | 68/239 [00:11<00:28,  6.05batch/s]
Scoring:  29%|##8       | 69/239 [00:11<00:27,  6.18batch/s]
Scoring:  29%|##9       | 70/239 [00:11<00:28,  5.93batch/s]
Scoring:  30%|##9       | 71/239 [00:12<00:29,  5.77batch/s]
Scoring:  30%|###       | 72/239 [00:12<00:28,  5.82batch/s]
Scoring:  31%|###       | 73/239 [00:12<00:28,  5.91batch/s]
Scoring:  31%|###       | 74/239 [00:12<00:27,  5.92batch/s]
Scoring:  31%|###1      | 75/239 [00:12<00:26,  6.13batch/s]
Scoring:  32%|###1      | 76/239 [00:12<00:26,  6.24batch/s]
Scoring:  32%|###2      | 77/239 [00:13<00:26,  6.12batch/s]
Scoring:  33%|###2      | 78/239 [00:13<00:25,  6.25batch/s]
Scoring:  33%|###3      | 79/239 [00:13<00:25,  6.28batch/s]
Scoring:  33%|###3      | 80/239 [00:13<00:25,  6.27batch/s]
Scoring:  34%|###3      | 81/239 [00:13<00:24,  6.47batch/s]
Scoring:  34%|###4      | 82/239 [00:13<00:25,  6.18batch/s]
Scoring:  35%|###4      | 83/239 [00:13<00:25,  6.12batch/s]
Scoring:  35%|###5      | 84/239 [00:14<00:24,  6.27batch/s]
Scoring:  36%|###5      | 85/239 [00:14<00:24,  6.19batch/s]
Scoring:  36%|###5      | 86/239 [00:14<00:24,  6.27batch/s]
Scoring:  36%|###6      | 87/239 [00:14<00:24,  6.28batch/s]
Scoring:  37%|###6      | 88/239 [00:14<00:25,  5.97batch/s]
Scoring:  37%|###7      | 89/239 [00:14<00:25,  5.95batch/s]
Scoring:  38%|###7      | 90/239 [00:15<00:24,  6.09batch/s]
Scoring:  38%|###8      | 91/239 [00:15<00:24,  6.02batch/s]
Scoring:  38%|###8      | 92/239 [00:15<00:24,  5.90batch/s]
Scoring:  39%|###8      | 93/239 [00:15<00:24,  6.00batch/s]
Scoring:  39%|###9      | 94/239 [00:15<00:25,  5.75batch/s]
Scoring:  40%|###9      | 95/239 [00:16<00:25,  5.56batch/s]
Scoring:  40%|####      | 96/239 [00:16<00:24,  5.78batch/s]
Scoring:  41%|####      | 97/239 [00:16<00:24,  5.79batch/s]
Scoring:  41%|####1     | 98/239 [00:16<00:23,  6.03batch/s]
Scoring:  41%|####1     | 99/239 [00:16<00:23,  6.05batch/s]
Scoring:  42%|####1     | 100/239 [00:16<00:24,  5.73batch/s]
Scoring:  42%|####2     | 101/239 [00:17<00:24,  5.73batch/s]
Scoring:  43%|####2     | 102/239 [00:17<00:22,  6.01batch/s]
Scoring:  43%|####3     | 103/239 [00:17<00:22,  6.01batch/s]
Scoring:  44%|####3     | 104/239 [00:17<00:21,  6.19batch/s]
Scoring:  44%|####3     | 105/239 [00:17<00:21,  6.33batch/s]
Scoring:  44%|####4     | 106/239 [00:17<00:22,  6.05batch/s]
Scoring:  45%|####4     | 107/239 [00:17<00:21,  6.04batch/s]
Scoring:  45%|####5     | 108/239 [00:18<00:20,  6.24batch/s]
Scoring:  46%|####5     | 109/239 [00:18<00:20,  6.24batch/s]
Scoring:  46%|####6     | 110/239 [00:18<00:20,  6.41batch/s]
Scoring:  46%|####6     | 111/239 [00:18<00:20,  6.38batch/s]
Scoring:  47%|####6     | 112/239 [00:18<00:19,  6.42batch/s]
Scoring:  47%|####7     | 113/239 [00:18<00:19,  6.43batch/s]
Scoring:  48%|####7     | 114/239 [00:19<00:19,  6.37batch/s]
Scoring:  48%|####8     | 115/239 [00:19<00:18,  6.53batch/s]
Scoring:  49%|####8     | 116/239 [00:19<00:19,  6.42batch/s]
Scoring:  49%|####8     | 117/239 [00:19<00:18,  6.55batch/s]
Scoring:  49%|####9     | 118/239 [00:19<00:18,  6.61batch/s]
Scoring:  50%|####9     | 119/239 [00:19<00:18,  6.49batch/s]
Scoring:  50%|#####     | 120/239 [00:19<00:18,  6.55batch/s]
Scoring:  51%|#####     | 121/239 [00:20<00:18,  6.43batch/s]
Scoring:  51%|#####1    | 122/239 [00:20<00:18,  6.31batch/s]
Scoring:  51%|#####1    | 123/239 [00:20<00:18,  6.36batch/s]
Scoring:  52%|#####1    | 124/239 [00:20<00:18,  6.22batch/s]
Scoring:  52%|#####2    | 125/239 [00:20<00:19,  5.96batch/s]
Scoring:  53%|#####2    | 126/239 [00:20<00:19,  5.83batch/s]
Scoring:  53%|#####3    | 127/239 [00:21<00:19,  5.80batch/s]
Scoring:  54%|#####3    | 128/239 [00:21<00:20,  5.54batch/s]
Scoring:  54%|#####3    | 129/239 [00:21<00:20,  5.34batch/s]
Scoring:  54%|#####4    | 130/239 [00:21<00:20,  5.24batch/s]
Scoring:  55%|#####4    | 131/239 [00:21<00:19,  5.45batch/s]
Scoring:  55%|#####5    | 132/239 [00:22<00:18,  5.64batch/s]
Scoring:  56%|#####5    | 133/239 [00:22<00:18,  5.65batch/s]
Scoring:  56%|#####6    | 134/239 [00:22<00:18,  5.65batch/s]
Scoring:  56%|#####6    | 135/239 [00:22<00:17,  5.81batch/s]
Scoring:  57%|#####6    | 136/239 [00:22<00:17,  5.74batch/s]
Scoring:  57%|#####7    | 137/239 [00:22<00:18,  5.65batch/s]
Scoring:  58%|#####7    | 138/239 [00:23<00:17,  5.81batch/s]
Scoring:  58%|#####8    | 139/239 [00:23<00:17,  5.64batch/s]
Scoring:  59%|#####8    | 140/239 [00:23<00:17,  5.59batch/s]
Scoring:  59%|#####8    | 141/239 [00:23<00:17,  5.74batch/s]
Scoring:  59%|#####9    | 142/239 [00:23<00:17,  5.63batch/s]
Scoring:  60%|#####9    | 143/239 [00:24<00:17,  5.63batch/s]
Scoring:  60%|######    | 144/239 [00:24<00:16,  5.80batch/s]
Scoring:  61%|######    | 145/239 [00:24<00:16,  5.81batch/s]
Scoring:  61%|######1   | 146/239 [00:24<00:16,  5.79batch/s]
Scoring:  62%|######1   | 147/239 [00:24<00:16,  5.71batch/s]
Scoring:  62%|######1   | 148/239 [00:24<00:15,  5.87batch/s]
Scoring:  62%|######2   | 149/239 [00:25<00:15,  5.85batch/s]
Scoring:  63%|######2   | 150/239 [00:25<00:15,  5.81batch/s]
Scoring:  63%|######3   | 151/239 [00:25<00:14,  6.03batch/s]
Scoring:  64%|######3   | 152/239 [00:25<00:14,  6.08batch/s]
Scoring:  64%|######4   | 153/239 [00:25<00:14,  6.12batch/s]
Scoring:  64%|######4   | 154/239 [00:25<00:14,  5.83batch/s]
Scoring:  65%|######4   | 155/239 [00:26<00:14,  5.73batch/s]
Scoring:  65%|######5   | 156/239 [00:26<00:14,  5.76batch/s]
Scoring:  66%|######5   | 157/239 [00:26<00:13,  5.86batch/s]
Scoring:  66%|######6   | 158/239 [00:26<00:13,  5.88batch/s]
Scoring:  67%|######6   | 159/239 [00:26<00:13,  5.79batch/s]
Scoring:  67%|######6   | 160/239 [00:26<00:13,  5.97batch/s]
Scoring:  67%|######7   | 161/239 [00:27<00:13,  5.92batch/s]
Scoring:  68%|######7   | 162/239 [00:27<00:13,  5.80batch/s]
Scoring:  68%|######8   | 163/239 [00:27<00:12,  5.90batch/s]
Scoring:  69%|######8   | 164/239 [00:27<00:12,  5.87batch/s]
Scoring:  69%|######9   | 165/239 [00:27<00:12,  5.77batch/s]
Scoring:  69%|######9   | 166/239 [00:27<00:12,  5.81batch/s]
Scoring:  70%|######9   | 167/239 [00:28<00:12,  5.81batch/s]
Scoring:  70%|#######   | 168/239 [00:28<00:12,  5.67batch/s]
Scoring:  71%|#######   | 169/239 [00:28<00:12,  5.57batch/s]
Scoring:  71%|#######1  | 170/239 [00:28<00:12,  5.51batch/s]
Scoring:  72%|#######1  | 171/239 [00:28<00:12,  5.65batch/s]
Scoring:  72%|#######1  | 172/239 [00:29<00:11,  5.63batch/s]
Scoring:  72%|#######2  | 173/239 [00:29<00:11,  5.70batch/s]
Scoring:  73%|#######2  | 174/239 [00:29<00:10,  6.01batch/s]
Scoring:  73%|#######3  | 175/239 [00:29<00:10,  6.09batch/s]
Scoring:  74%|#######3  | 176/239 [00:29<00:09,  6.33batch/s]
Scoring:  74%|#######4  | 177/239 [00:29<00:10,  6.15batch/s]
Scoring:  74%|#######4  | 178/239 [00:29<00:10,  6.00batch/s]
Scoring:  75%|#######4  | 179/239 [00:30<00:09,  6.11batch/s]
Scoring:  75%|#######5  | 180/239 [00:30<00:09,  6.05batch/s]
Scoring:  76%|#######5  | 181/239 [00:30<00:09,  6.20batch/s]
Scoring:  76%|#######6  | 182/239 [00:30<00:09,  5.97batch/s]
Scoring:  77%|#######6  | 183/239 [00:30<00:09,  5.83batch/s]
Scoring:  77%|#######6  | 184/239 [00:30<00:09,  6.03batch/s]
Scoring:  77%|#######7  | 185/239 [00:31<00:08,  6.05batch/s]
Scoring:  78%|#######7  | 186/239 [00:31<00:08,  5.96batch/s]
Scoring:  78%|#######8  | 187/239 [00:31<00:08,  6.04batch/s]
Scoring:  79%|#######8  | 188/239 [00:31<00:08,  6.00batch/s]
Scoring:  79%|#######9  | 189/239 [00:31<00:08,  5.77batch/s]
Scoring:  79%|#######9  | 190/239 [00:32<00:08,  5.78batch/s]
Scoring:  80%|#######9  | 191/239 [00:32<00:07,  6.03batch/s]
Scoring:  80%|########  | 192/239 [00:32<00:07,  6.03batch/s]
Scoring:  81%|########  | 193/239 [00:32<00:07,  6.00batch/s]
Scoring:  81%|########1 | 194/239 [00:32<00:07,  6.17batch/s]
Scoring:  82%|########1 | 195/239 [00:32<00:07,  6.03batch/s]
Scoring:  82%|########2 | 196/239 [00:33<00:07,  5.88batch/s]
Scoring:  82%|########2 | 197/239 [00:33<00:07,  5.92batch/s]
Scoring:  83%|########2 | 198/239 [00:33<00:06,  5.94batch/s]
Scoring:  83%|########3 | 199/239 [00:33<00:06,  5.79batch/s]
Scoring:  84%|########3 | 200/239 [00:33<00:06,  5.82batch/s]
Scoring:  84%|########4 | 201/239 [00:33<00:06,  5.84batch/s]
Scoring:  85%|########4 | 202/239 [00:34<00:06,  5.93batch/s]
Scoring:  85%|########4 | 203/239 [00:34<00:06,  5.86batch/s]
Scoring:  85%|########5 | 204/239 [00:34<00:05,  5.90batch/s]
Scoring:  86%|########5 | 205/239 [00:34<00:05,  6.07batch/s]
Scoring:  86%|########6 | 206/239 [00:34<00:05,  5.97batch/s]
Scoring:  87%|########6 | 207/239 [00:34<00:05,  5.76batch/s]
Scoring:  87%|########7 | 208/239 [00:35<00:05,  5.72batch/s]
Scoring:  87%|########7 | 209/239 [00:35<00:05,  5.70batch/s]
Scoring:  88%|########7 | 210/239 [00:35<00:05,  5.78batch/s]
Scoring:  88%|########8 | 211/239 [00:35<00:04,  5.97batch/s]
Scoring:  89%|########8 | 212/239 [00:35<00:04,  5.90batch/s]
Scoring:  89%|########9 | 213/239 [00:35<00:04,  5.75batch/s]
Scoring:  90%|########9 | 214/239 [00:36<00:04,  5.77batch/s]
Scoring:  90%|########9 | 215/239 [00:36<00:04,  5.76batch/s]
Scoring:  90%|######### | 216/239 [00:36<00:04,  5.66batch/s]
Scoring:  91%|######### | 217/239 [00:36<00:03,  5.83batch/s]
Scoring:  91%|#########1| 218/239 [00:36<00:03,  5.77batch/s]
Scoring:  92%|#########1| 219/239 [00:36<00:03,  5.70batch/s]
Scoring:  92%|#########2| 220/239 [00:37<00:03,  5.93batch/s]
Scoring:  92%|#########2| 221/239 [00:37<00:03,  5.93batch/s]
Scoring:  93%|#########2| 222/239 [00:37<00:02,  6.11batch/s]
Scoring:  93%|#########3| 223/239 [00:37<00:02,  6.22batch/s]
Scoring:  94%|#########3| 224/239 [00:37<00:02,  6.00batch/s]
Scoring:  94%|#########4| 225/239 [00:37<00:02,  5.61batch/s]
Scoring:  95%|#########4| 226/239 [00:38<00:02,  5.86batch/s]
Scoring:  95%|#########4| 227/239 [00:38<00:02,  5.96batch/s]
Scoring:  95%|#########5| 228/239 [00:38<00:01,  6.19batch/s]
Scoring:  96%|#########5| 229/239 [00:38<00:01,  6.30batch/s]
Scoring:  96%|#########6| 230/239 [00:38<00:01,  6.08batch/s]
Scoring:  97%|#########6| 231/239 [00:38<00:01,  5.84batch/s]
Scoring:  97%|#########7| 232/239 [00:39<00:01,  6.03batch/s]
Scoring:  97%|#########7| 233/239 [00:39<00:00,  6.01batch/s]
Scoring:  98%|#########7| 234/239 [00:39<00:00,  6.23batch/s]
Scoring:  98%|#########8| 235/239 [00:39<00:00,  6.20batch/s]
Scoring:  99%|#########8| 236/239 [00:39<00:00,  5.91batch/s]
Scoring:  99%|#########9| 237/239 [00:39<00:00,  5.94batch/s]
Scoring: 100%|#########9| 238/239 [00:40<00:00,  5.87batch/s]
Scoring: 100%|##########| 239/239 [00:40<00:00,  5.96batch/s]
python.exe : 
At D:\Research\NO-2D-Metamaterials\_run_0711E26_pipeline.ps1:34 char:9
+         & $PY @pyArgs 2>&1
+         ~~~~~~~~~~~~~~~~~~
    + CategoryInfo          : NotSpecified: (:String) [], RemoteException
    + FullyQualifiedErrorId : NativeCommandError
 
Scoring:   0%|          | 0/239 [00:00<?, ?batch/s]
Scoring:   0%|          | 1/239 [00:00<00:39,  6.06batch/s]
Scoring:   1%|          | 2/239 [00:00<00:40,  5.80batch/s]
Scoring:   1%|1         | 3/239 [00:00<00:39,  5.91batch/s]
Scoring:   2%|1         | 4/239 [00:00<00:39,  5.94batch/s]
Scoring:   2%|2         | 5/239 [00:00<00:38,  6.04batch/s]
Scoring:   3%|2         | 6/239 [00:00<00:37,  6.28batch/s]
Scoring:   3%|2         | 7/239 [00:01<00:37,  6.21batch/s]
Scoring:   3%|3         | 8/239 [00:01<00:36,  6.40batch/s]
Scoring:   4%|3         | 9/239 [00:01<00:35,  6.53batch/s]
Scoring:   4%|4         | 10/239 [00:01<00:37,  6.07batch/s]
Scoring:   5%|4         | 11/239 [00:01<00:41,  5.55batch/s]
Scoring:   5%|5         | 12/239 [00:02<00:42,  5.36batch/s]
Scoring:   5%|5         | 13/239 [00:02<00:41,  5.42batch/s]
Scoring:   6%|5         | 14/239 [00:02<00:41,  5.47batch/s]
Scoring:   6%|6         | 15/239 [00:02<00:41,  5.35batch/s]
Scoring:   7%|6         | 16/239 [00:02<00:41,  5.37batch/s]
Scoring:   7%|7         | 17/239 [00:02<00:41,  5.31batch/s]
Scoring:   8%|7         | 18/239 [00:03<00:41,  5.38batch/s]
Scoring:   8%|7         | 19/239 [00:03<00:42,  5.15batch/s]
Scoring:   8%|8         | 20/239 [00:03<00:42,  5.10batch/s]
Scoring:   9%|8         | 21/239 [00:03<00:40,  5.43batch/s]
Scoring:   9%|9         | 22/239 [00:03<00:38,  5.58batch/s]
Scoring:  10%|9         | 23/239 [00:04<00:36,  5.87batch/s]
Scoring:  10%|#         | 24/239 [00:04<00:35,  6.07batch/s]
Scoring:  10%|#         | 25/239 [00:04<00:35,  6.08batch/s]
Scoring:  11%|#         | 26/239 [00:04<00:34,  6.21batch/s]
Scoring:  11%|#1        | 27/239 [00:04<00:34,  6.16batch/s]
Scoring:  12%|#1        | 28/239 [00:04<00:34,  6.15batch/s]
Scoring:  12%|#2        | 29/239 [00:04<00:32,  6.39batch/s]
Scoring:  13%|#2        | 30/239 [00:05<00:32,  6.46batch/s]
Scoring:  13%|#2        | 31/239 [00:05<00:32,  6.39batch/s]
Scoring:  13%|#3        | 32/239 [00:05<00:31,  6.54batch/s]
Scoring:  14%|#3        | 33/239 [00:05<00:33,  6.21batch/s]
Scoring:  14%|#4        | 34/239 [00:05<00:32,  6.21batch/s]
Scoring:  15%|#4        | 35/239 [00:05<00:31,  6.40batch/s]
Scoring:  15%|#5        | 36/239 [00:06<00:32,  6.31batch/s]
Scoring:  15%|#5        | 37/239 [00:06<00:33,  6.08batch/s]
Scoring:  16%|#5        | 38/239 [00:06<00:32,  6.11batch/s]
Scoring:  16%|#6        | 39/239 [00:06<00:33,  5.99batch/s]
Scoring:  17%|#6        | 40/239 [00:06<00:32,  6.20batch/s]
Scoring:  17%|#7        | 41/239 [00:06<00:31,  6.37batch/s]
Scoring:  18%|#7        | 42/239 [00:07<00:31,  6.28batch/s]
Scoring:  18%|#7        | 43/239 [00:07<00:31,  6.26batch/s]
Scoring:  18%|#8        | 44/239 [00:07<00:31,  6.17batch/s]
Scoring:  19%|#8        | 45/239 [00:07<00:32,  5.95batch/s]
Scoring:  19%|#9        | 46/239 [00:07<00:33,  5.71batch/s]
Scoring:  20%|#9        | 47/239 [00:07<00:32,  5.83batch/s]
Scoring:  20%|##        | 48/239 [00:08<00:32,  5.86batch/s]
Scoring:  21%|##        | 49/239 [00:08<00:31,  5.97batch/s]
Scoring:  21%|##        | 50/239 [00:08<00:30,  6.18batch/s]
Scoring:  21%|##1       | 51/239 [00:08<00:30,  6.12batch/s]
Scoring:  22%|##1       | 52/239 [00:08<00:29,  6.30batch/s]
Scoring:  22%|##2       | 53/239 [00:08<00:29,  6.25batch/s]
Scoring:  23%|##2       | 54/239 [00:09<00:29,  6.37batch/s]
Scoring:  23%|##3       | 55/239 [00:09<00:28,  6.40batch/s]
Scoring:  23%|##3       | 56/239 [00:09<00:28,  6.36batch/s]
Scoring:  24%|##3       | 57/239 [00:09<00:27,  6.51batch/s]
Scoring:  24%|##4       | 58/239 [00:09<00:29,  6.10batch/s]
Scoring:  25%|##4       | 59/239 [00:09<00:30,  5.99batch/s]
Scoring:  25%|##5       | 60/239 [00:10<00:28,  6.18batch/s]
Scoring:  26%|##5       | 61/239 [00:10<00:29,  6.11batch/s]
Scoring:  26%|##5       | 62/239 [00:10<00:29,  6.06batch/s]
Scoring:  26%|##6       | 63/239 [00:10<00:29,  5.95batch/s]
Scoring:  27%|##6       | 64/239 [00:10<00:29,  5.88batch/s]
Scoring:  27%|##7       | 65/239 [00:10<00:29,  5.91batch/s]
Scoring:  28%|##7       | 66/239 [00:11<00:29,  5.97batch/s]
Scoring:  28%|##8       | 67/239 [00:11<00:27,  6.15batch/s]
Scoring:  28%|##8       | 68/239 [00:11<00:27,  6.15batch/s]
Scoring:  29%|##8       | 69/239 [00:11<00:27,  6.15batch/s]
Scoring:  29%|##9       | 70/239 [00:11<00:27,  6.17batch/s]
Scoring:  30%|##9       | 71/239 [00:11<00:27,  6.11batch/s]
Scoring:  30%|###       | 72/239 [00:11<00:27,  6.13batch/s]
Scoring:  31%|###       | 73/239 [00:12<00:26,  6.33batch/s]
Scoring:  31%|###       | 74/239 [00:12<00:26,  6.29batch/s]
Scoring:  31%|###1      | 75/239 [00:12<00:25,  6.46batch/s]
Scoring:  32%|###1      | 76/239 [00:12<00:25,  6.39batch/s]
Scoring:  32%|###2      | 77/239 [00:12<00:25,  6.31batch/s]
Scoring:  33%|###2      | 78/239 [00:12<00:26,  6.05batch/s]
Scoring:  33%|###3      | 79/239 [00:13<00:25,  6.22batch/s]
Scoring:  33%|###3      | 80/239 [00:13<00:25,  6.21batch/s]
Scoring:  34%|###3      | 81/239 [00:13<00:25,  6.13batch/s]
Scoring:  34%|###4      | 82/239 [00:13<00:25,  6.16batch/s]
Scoring:  35%|###4      | 83/239 [00:13<00:25,  6.03batch/s]
Scoring:  35%|###5      | 84/239 [00:13<00:24,  6.22batch/s]
Scoring:  36%|###5      | 85/239 [00:14<00:24,  6.33batch/s]
Scoring:  36%|###5      | 86/239 [00:14<00:24,  6.25batch/s]
Scoring:  36%|###6      | 87/239 [00:14<00:23,  6.40batch/s]
Scoring:  37%|###6      | 88/239 [00:14<00:24,  6.15batch/s]
Scoring:  37%|###7      | 89/239 [00:14<00:24,  6.11batch/s]
Scoring:  38%|###7      | 90/239 [00:14<00:23,  6.30batch/s]
Scoring:  38%|###8      | 91/239 [00:15<00:23,  6.26batch/s]
Scoring:  38%|###8      | 92/239 [00:15<00:23,  6.39batch/s]
Scoring:  39%|###8      | 93/239 [00:15<00:22,  6.35batch/s]
Scoring:  39%|###9      | 94/239 [00:15<00:22,  6.50batch/s]
Scoring:  40%|###9      | 95/239 [00:15<00:22,  6.33batch/s]
Scoring:  40%|####      | 96/239 [00:15<00:23,  6.17batch/s]
Scoring:  41%|####      | 97/239 [00:15<00:22,  6.40batch/s]
Scoring:  41%|####1     | 98/239 [00:16<00:21,  6.45batch/s]
Scoring:  41%|####1     | 99/239 [00:16<00:21,  6.37batch/s]
Scoring:  42%|####1     | 100/239 [00:16<00:21,  6.52batch/s]
Scoring:  42%|####2     | 101/239 [00:16<00:22,  6.25batch/s]
Scoring:  43%|####2     | 102/239 [00:16<00:21,  6.37batch/s]
Scoring:  43%|####3     | 103/239 [00:16<00:21,  6.47batch/s]
Scoring:  44%|####3     | 104/239 [00:17<00:21,  6.43batch/s]
Scoring:  44%|####3     | 105/239 [00:17<00:20,  6.56batch/s]
Scoring:  44%|####4     | 106/239 [00:17<00:20,  6.45batch/s]
Scoring:  45%|####4     | 107/239 [00:17<00:20,  6.54batch/s]
Scoring:  45%|####5     | 108/239 [00:17<00:21,  6.22batch/s]
Scoring:  46%|####5     | 109/239 [00:17<00:20,  6.23batch/s]
Scoring:  46%|####6     | 110/239 [00:17<00:20,  6.35batch/s]
Scoring:  46%|####6     | 111/239 [00:18<00:20,  6.34batch/s]
Scoring:  47%|####6     | 112/239 [00:18<00:19,  6.49batch/s]
Scoring:  47%|####7     | 113/239 [00:18<00:19,  6.42batch/s]
Scoring:  48%|####7     | 114/239 [00:18<00:20,  6.15batch/s]
Scoring:  48%|####8     | 115/239 [00:18<00:20,  6.16batch/s]
Scoring:  49%|####8     | 116/239 [00:18<00:19,  6.18batch/s]
Scoring:  49%|####8     | 117/239 [00:19<00:19,  6.37batch/s]
Scoring:  49%|####9     | 118/239 [00:19<00:18,  6.44batch/s]
Scoring:  50%|####9     | 119/239 [00:19<00:18,  6.38batch/s]
Scoring:  50%|#####     | 120/239 [00:19<00:18,  6.44batch/s]
Scoring:  51%|#####     | 121/239 [00:19<00:18,  6.30batch/s]
Scoring:  51%|#####1    | 122/239 [00:19<00:18,  6.31batch/s]
Scoring:  51%|#####1    | 123/239 [00:20<00:17,  6.46batch/s]
Scoring:  52%|#####1    | 124/239 [00:20<00:17,  6.47batch/s]
Scoring:  52%|#####2    | 125/239 [00:20<00:17,  6.36batch/s]
Scoring:  53%|#####2    | 126/239 [00:20<00:17,  6.45batch/s]
Scoring:  53%|#####3    | 127/239 [00:20<00:17,  6.27batch/s]
Scoring:  54%|#####3    | 128/239 [00:20<00:17,  6.25batch/s]
Scoring:  54%|#####3    | 129/239 [00:20<00:17,  6.38batch/s]
Scoring:  54%|#####4    | 130/239 [00:21<00:17,  6.37batch/s]
Scoring:  55%|#####4    | 131/239 [00:21<00:17,  6.21batch/s]
Scoring:  55%|#####5    | 132/239 [00:21<00:16,  6.36batch/s]
Scoring:  56%|#####5    | 133/239 [00:21<00:16,  6.32batch/s]
Scoring:  56%|#####6    | 134/239 [00:21<00:16,  6.18batch/s]
Scoring:  56%|#####6    | 135/239 [00:21<00:16,  6.30batch/s]
Scoring:  57%|#####6    | 136/239 [00:22<00:16,  6.29batch/s]
Scoring:  57%|#####7    | 137/239 [00:22<00:16,  6.27batch/s]
Scoring:  58%|#####7    | 138/239 [00:22<00:16,  6.15batch/s]
Scoring:  58%|#####8    | 139/239 [00:22<00:16,  6.08batch/s]
Scoring:  59%|#####8    | 140/239 [00:22<00:16,  6.02batch/s]
Scoring:  59%|#####8    | 141/239 [00:22<00:16,  6.03batch/s]
Scoring:  59%|#####9    | 142/239 [00:23<00:15,  6.22batch/s]
Scoring:  60%|#####9    | 143/239 [00:23<00:15,  6.31batch/s]
Scoring:  60%|######    | 144/239 [00:23<00:15,  6.27batch/s]
Scoring:  61%|######    | 145/239 [00:23<00:15,  6.16batch/s]
Scoring:  61%|######1   | 146/239 [00:23<00:15,  6.13batch/s]
Scoring:  62%|######1   | 147/239 [00:23<00:14,  6.18batch/s]
Scoring:  62%|######1   | 148/239 [00:24<00:14,  6.33batch/s]
Scoring:  62%|######2   | 149/239 [00:24<00:14,  6.27batch/s]
Scoring:  63%|######2   | 150/239 [00:24<00:13,  6.40batch/s]
Scoring:  63%|######3   | 151/239 [00:24<00:13,  6.40batch/s]
Scoring:  64%|######3   | 152/239 [00:24<00:14,  6.12batch/s]
Scoring:  64%|######4   | 153/239 [00:24<00:13,  6.31batch/s]
Scoring:  64%|######4   | 154/239 [00:25<00:13,  6.30batch/s]
Scoring:  65%|######4   | 155/239 [00:25<00:13,  6.15batch/s]
Scoring:  65%|######5   | 156/239 [00:25<00:13,  5.98batch/s]
Scoring:  66%|######5   | 157/239 [00:25<00:13,  6.18batch/s]
Scoring:  66%|######6   | 158/239 [00:25<00:13,  5.97batch/s]
Scoring:  67%|######6   | 159/239 [00:25<00:12,  6.22batch/s]
Scoring:  67%|######6   | 160/239 [00:25<00:12,  6.38batch/s]
Scoring:  67%|######7   | 161/239 [00:26<00:12,  6.00batch/s]
Scoring:  68%|######7   | 162/239 [00:26<00:13,  5.76batch/s]
Scoring:  68%|######8   | 163/239 [00:26<00:13,  5.82batch/s]
Scoring:  69%|######8   | 164/239 [00:26<00:13,  5.74batch/s]
Scoring:  69%|######9   | 165/239 [00:26<00:12,  5.71batch/s]
Scoring:  69%|######9   | 166/239 [00:27<00:12,  5.75batch/s]
Scoring:  70%|######9   | 167/239 [00:27<00:11,  6.02batch/s]
Scoring:  70%|#######   | 168/239 [00:27<00:11,  6.15batch/s]
Scoring:  71%|#######   | 169/239 [00:27<00:11,  6.09batch/s]
Scoring:  71%|#######1  | 170/239 [00:27<00:11,  5.87batch/s]
Scoring:  72%|#######1  | 171/239 [00:27<00:11,  5.99batch/s]
Scoring:  72%|#######1  | 172/239 [00:28<00:11,  6.04batch/s]
Scoring:  72%|#######2  | 173/239 [00:28<00:10,  6.19batch/s]
Scoring:  73%|#######2  | 174/239 [00:28<00:10,  6.15batch/s]
Scoring:  73%|#######3  | 175/239 [00:28<00:10,  6.15batch/s]
Scoring:  74%|#######3  | 176/239 [00:28<00:10,  6.22batch/s]
Scoring:  74%|#######4  | 177/239 [00:28<00:10,  6.01batch/s]
Scoring:  74%|#######4  | 178/239 [00:29<00:10,  5.99batch/s]
Scoring:  75%|#######4  | 179/239 [00:29<00:09,  6.08batch/s]
Scoring:  75%|#######5  | 180/239 [00:29<00:09,  6.11batch/s]
Scoring:  76%|#######5  | 181/239 [00:29<00:09,  6.30batch/s]
Scoring:  76%|#######6  | 182/239 [00:29<00:09,  6.16batch/s]
Scoring:  77%|#######6  | 183/239 [00:29<00:09,  6.04batch/s]
Scoring:  77%|#######6  | 184/239 [00:29<00:08,  6.25batch/s]
Scoring:  77%|#######7  | 185/239 [00:30<00:08,  6.33batch/s]
Scoring:  78%|#######7  | 186/239 [00:30<00:08,  6.27batch/s]
Scoring:  78%|#######8  | 187/239 [00:30<00:08,  6.38batch/s]
Scoring:  79%|#######8  | 188/239 [00:30<00:08,  6.17batch/s]
Scoring:  79%|#######9  | 189/239 [00:30<00:07,  6.38batch/s]
Scoring:  79%|#######9  | 190/239 [00:30<00:07,  6.41batch/s]
Scoring:  80%|#######9  | 191/239 [00:31<00:07,  6.23batch/s]
Scoring:  80%|########  | 192/239 [00:31<00:07,  6.16batch/s]
Scoring:  81%|########  | 193/239 [00:31<00:07,  6.22batch/s]
Scoring:  81%|########1 | 194/239 [00:31<00:07,  5.93batch/s]
Scoring:  82%|########1 | 195/239 [00:31<00:07,  5.81batch/s]
Scoring:  82%|########2 | 196/239 [00:31<00:07,  5.99batch/s]
Scoring:  82%|########2 | 197/239 [00:32<00:07,  5.97batch/s]
Scoring:  83%|########2 | 198/239 [00:32<00:06,  5.95batch/s]
Scoring:  83%|########3 | 199/239 [00:32<00:06,  6.09batch/s]
Scoring:  84%|########3 | 200/239 [00:32<00:06,  5.83batch/s]
Scoring:  84%|########4 | 201/239 [00:32<00:06,  5.65batch/s]
Scoring:  85%|########4 | 202/239 [00:32<00:06,  5.81batch/s]
Scoring:  85%|########4 | 203/239 [00:33<00:06,  5.90batch/s]
Scoring:  85%|########5 | 204/239 [00:33<00:05,  6.13batch/s]
Scoring:  86%|########5 | 205/239 [00:33<00:05,  6.28batch/s]
Scoring:  86%|########6 | 206/239 [00:33<00:05,  6.13batch/s]
Scoring:  87%|########6 | 207/239 [00:33<00:05,  6.24batch/s]
Scoring:  87%|########7 | 208/239 [00:33<00:05,  6.16batch/s]
Scoring:  87%|########7 | 209/239 [00:34<00:04,  6.00batch/s]
Scoring:  88%|########7 | 210/239 [00:34<00:04,  5.96batch/s]
Scoring:  88%|########8 | 211/239 [00:34<00:04,  6.07batch/s]
Scoring:  89%|########8 | 212/239 [00:34<00:04,  5.88batch/s]
Scoring:  89%|########9 | 213/239 [00:34<00:04,  5.78batch/s]
Scoring:  90%|########9 | 214/239 [00:34<00:04,  6.07batch/s]
Scoring:  90%|########9 | 215/239 [00:35<00:03,  6.10batch/s]
Scoring:  90%|######### | 216/239 [00:35<00:03,  6.33batch/s]
Scoring:  91%|######### | 217/239 [00:35<00:03,  6.33batch/s]
Scoring:  91%|#########1| 218/239 [00:35<00:03,  6.06batch/s]
Scoring:  92%|#########1| 219/239 [00:35<00:03,  6.02batch/s]
Scoring:  92%|#########2| 220/239 [00:35<00:03,  6.05batch/s]
Scoring:  92%|#########2| 221/239 [00:36<00:02,  6.13batch/s]
Scoring:  93%|#########2| 222/239 [00:36<00:02,  6.29batch/s]
Scoring:  93%|#########3| 223/239 [00:36<00:02,  6.27batch/s]
Scoring:  94%|#########3| 224/239 [00:36<00:02,  6.42batch/s]
Scoring:  94%|#########4| 225/239 [00:36<00:02,  6.18batch/s]
Scoring:  95%|#########4| 226/239 [00:36<00:02,  6.19batch/s]
Scoring:  95%|#########4| 227/239 [00:36<00:01,  6.39batch/s]
Scoring:  95%|#########5| 228/239 [00:37<00:01,  6.43batch/s]
Scoring:  96%|#########5| 229/239 [00:37<00:01,  6.34batch/s]
Scoring:  96%|#########6| 230/239 [00:37<00:01,  6.46batch/s]
Scoring:  97%|#########6| 231/239 [00:37<00:01,  6.17batch/s]
Scoring:  97%|#########7| 232/239 [00:37<00:01,  6.10batch/s]
Scoring:  97%|#########7| 233/239 [00:37<00:00,  6.32batch/s]
Scoring:  98%|#########7| 234/239 [00:38<00:00,  6.28batch/s]
Scoring:  98%|#########8| 235/239 [00:38<00:00,  6.40batch/s]
Scoring:  99%|#########8| 236/239 [00:38<00:00,  6.35batch/s]
Scoring:  99%|#########9| 237/239 [00:38<00:00,  6.17batch/s]
Scoring: 100%|#########9| 238/239 [00:38<00:00,  6.02batch/s]
Scoring: 100%|##########| 239/239 [00:38<00:00,  6.16batch/s]
python.exe : D:\Research\NO-2D-Metamaterials\2d-dispersion-py\plot_dispersion_infer_eigenfrequencies.py:75: 
FutureWarning: You are using `torch.load` with `weights_only=False` (the current default value), which uses the 
default pickle module implicitly. It is possible to construct malicious pickle data which will execute arbitrary code 
during unpickling (See https://github.com/pytorch/pytorch/blob/main/SECURITY.md#untrusted-models for more details). In 
a future release, the default value for `weights_only` will be flipped to `True`. This limits the functions that could 
be executed during unpickling. Arbitrary objects will no longer be allowed to be loaded via this mode unless they are 
explicitly allowlisted by the user via `torch.serialization.add_safe_globals`. We recommend you start setting 
`weights_only=True` for any use case where you don't have full control of the loaded file. Please open an issue on 
GitHub for any issues related to this experimental feature.
At D:\Research\NO-2D-Metamaterials\_run_0711E26_pipeline.ps1:34 char:9
+         & $PY @pyArgs 2>&1
+         ~~~~~~~~~~~~~~~~~~
    + CategoryInfo          : NotSpecified: (D:\Research\NO-...mental feature.:String) [], RemoteException
    + FullyQualifiedErrorId : NativeCommandError
 
  data['geometries'] = torch.load(data_dir / 'geometries_full.pt', map_location='cpu')
D:\Research\NO-2D-Metamaterials\2d-dispersion-py\plot_dispersion_infer_eigenfrequencies.py:76: FutureWarning: You are 
using `torch.load` with `weights_only=False` (the current default value), which uses the default pickle module 
implicitly. It is possible to construct malicious pickle data which will execute arbitrary code during unpickling (See 
https://github.com/pytorch/pytorch/blob/main/SECURITY.md#untrusted-models for more details). In a future release, the 
default value for `weights_only` will be flipped to `True`. This limits the functions that could be executed during 
unpickling. Arbitrary objects will no longer be allowed to be loaded via this mode unless they are explicitly 
allowlisted by the user via `torch.serialization.add_safe_globals`. We recommend you start setting `weights_only=True` 
for any use case where you don't have full control of the loaded file. Please open an issue on GitHub for any issues 
related to this experimental feature.
  data['wavevectors'] = torch.load(data_dir / 'wavevectors_full.pt', map_location='cpu')
D:\Research\NO-2D-Metamaterials\2d-dispersion-py\plot_dispersion_infer_eigenfrequencies.py:109: FutureWarning: You are 
using `torch.load` with `weights_only=False` (the current default value), which uses the default pickle module 
implicitly. It is possible to construct malicious pickle data which will execute arbitrary code during unpickling (See 
https://github.com/pytorch/pytorch/blob/main/SECURITY.md#untrusted-models for more details). In a future release, the 
default value for `weights_only` will be flipped to `True`. This limits the functions that could be executed during 
unpickling. Arbitrary objects will no longer be allowed to be loaded via this mode unless they are explicitly 
allowlisted by the user via `torch.serialization.add_safe_globals`. We recommend you start setting `weights_only=True` 
for any use case where you don't have full control of the loaded file. Please open an issue on GitHub for any issues 
related to this experimental feature.
  eigenvectors_loaded = torch.load(eigenvector_file, map_location='cpu')
D:\Research\NO-2D-Metamaterials\2d-dispersion-py\plot_dispersion_infer_eigenfrequencies.py:150: FutureWarning: You are 
using `torch.load` with `weights_only=False` (the current default value), which uses the default pickle module 
implicitly. It is possible to construct malicious pickle data which will execute arbitrary code during unpickling (See 
https://github.com/pytorch/pytorch/blob/main/SECURITY.md#untrusted-models for more details). In a future release, the 
default value for `weights_only` will be flipped to `True`. This limits the functions that could be executed during 
unpickling. Arbitrary objects will no longer be allowed to be loaded via this mode unless they are explicitly 
allowlisted by the user via `torch.serialization.add_safe_globals`. We recommend you start setting `weights_only=True` 
for any use case where you don't have full control of the loaded file. Please open an issue on GitHub for any issues 
related to this experimental feature.
  data['reduced_indices'] = torch.load(data_dir / 'reduced_indices.pt', map_location='cpu')
D:\Research\NO-2D-Metamaterials\2d-dispersion-py\plot_dispersion_infer_eigenfrequencies.py:246: FutureWarning: You are 
using `torch.load` with `weights_only=False` (the current default value), which uses the default pickle module 
implicitly. It is possible to construct malicious pickle data which will execute arbitrary code during unpickling (See 
https://github.com/pytorch/pytorch/blob/main/SECURITY.md#untrusted-models for more details). In a future release, the 
default value for `weights_only` will be flipped to `True`. This limits the functions that could be executed during 
unpickling. Arbitrary objects will no longer be allowed to be loaded via this mode unless they are explicitly 
allowlisted by the user via `torch.serialization.add_safe_globals`. We recommend you start setting `weights_only=True` 
for any use case where you don't have full control of the loaded file. Please open an issue on GitHub for any issues 
related to this experimental feature.
  data['waveforms'] = torch.load(data_dir / 'waveforms_full.pt', map_location='cpu').numpy()
D:\Research\NO-2D-Metamaterials\2d-dispersion-py\plot_dispersion_infer_eigenfrequencies.py:248: FutureWarning: You are 
using `torch.load` with `weights_only=False` (the current default value), which uses the default pickle module 
implicitly. It is possible to construct malicious pickle data which will execute arbitrary code during unpickling (See 
https://github.com/pytorch/pytorch/blob/main/SECURITY.md#untrusted-models for more details). In a future release, the 
default value for `weights_only` will be flipped to `True`. This limits the functions that could be executed during 
unpickling. Arbitrary objects will no longer be allowed to be loaded via this mode unless they are explicitly 
allowlisted by the user via `torch.serialization.add_safe_globals`. We recommend you start setting `weights_only=True` 
for any use case where you don't have full control of the loaded file. Please open an issue on GitHub for any issues 
related to this experimental feature.
  data['bands_fft'] = torch.load(data_dir / 'band_fft_full.pt', map_location='cpu').numpy()
D:\Research\NO-2D-Metamaterials\2d-dispersion-py\plot_dispersion_infer_eigenfrequencies.py:250: FutureWarning: You are 
using `torch.load` with `weights_only=False` (the current default value), which uses the default pickle module 
implicitly. It is possible to construct malicious pickle data which will execute arbitrary code during unpickling (See 
https://github.com/pytorch/pytorch/blob/main/SECURITY.md#untrusted-models for more details). In a future release, the 
default value for `weights_only` will be flipped to `True`. This limits the functions that could be executed during 
unpickling. Arbitrary objects will no longer be allowed to be loaded via this mode unless they are explicitly 
allowlisted by the user via `torch.serialization.add_safe_globals`. We recommend you start setting `weights_only=True` 
for any use case where you don't have full control of the loaded file. Please open an issue on GitHub for any issues 
related to this experimental feature.
  data['design_params'] = torch.load(data_dir / 'design_params_full.pt', map_location='cpu').numpy()
python.exe : D:\Research\NO-2D-Metamaterials\2d-dispersion-py\plot_dispersion_infer_eigenfrequencies.py:75: 
FutureWarning: You are using `torch.load` with `weights_only=False` (the current default value), which uses the 
default pickle module implicitly. It is possible to construct malicious pickle data which will execute arbitrary code 
during unpickling (See https://github.com/pytorch/pytorch/blob/main/SECURITY.md#untrusted-models for more details). In 
a future release, the default value for `weights_only` will be flipped to `True`. This limits the functions that could 
be executed during unpickling. Arbitrary objects will no longer be allowed to be loaded via this mode unless they are 
explicitly allowlisted by the user via `torch.serialization.add_safe_globals`. We recommend you start setting 
`weights_only=True` for any use case where you don't have full control of the loaded file. Please open an issue on 
GitHub for any issues related to this experimental feature.
At D:\Research\NO-2D-Metamaterials\_run_0711E26_pipeline.ps1:34 char:9
+         & $PY @pyArgs 2>&1
+         ~~~~~~~~~~~~~~~~~~
    + CategoryInfo          : NotSpecified: (D:\Research\NO-...mental feature.:String) [], RemoteException
    + FullyQualifiedErrorId : NativeCommandError
 
  data['geometries'] = torch.load(data_dir / 'geometries_full.pt', map_location='cpu')
D:\Research\NO-2D-Metamaterials\2d-dispersion-py\plot_dispersion_infer_eigenfrequencies.py:76: FutureWarning: You are 
using `torch.load` with `weights_only=False` (the current default value), which uses the default pickle module 
implicitly. It is possible to construct malicious pickle data which will execute arbitrary code during unpickling (See 
https://github.com/pytorch/pytorch/blob/main/SECURITY.md#untrusted-models for more details). In a future release, the 
default value for `weights_only` will be flipped to `True`. This limits the functions that could be executed during 
unpickling. Arbitrary objects will no longer be allowed to be loaded via this mode unless they are explicitly 
allowlisted by the user via `torch.serialization.add_safe_globals`. We recommend you start setting `weights_only=True` 
for any use case where you don't have full control of the loaded file. Please open an issue on GitHub for any issues 
related to this experimental feature.
  data['wavevectors'] = torch.load(data_dir / 'wavevectors_full.pt', map_location='cpu')
D:\Research\NO-2D-Metamaterials\2d-dispersion-py\plot_dispersion_infer_eigenfrequencies.py:109: FutureWarning: You are 
using `torch.load` with `weights_only=False` (the current default value), which uses the default pickle module 
implicitly. It is possible to construct malicious pickle data which will execute arbitrary code during unpickling (See 
https://github.com/pytorch/pytorch/blob/main/SECURITY.md#untrusted-models for more details). In a future release, the 
default value for `weights_only` will be flipped to `True`. This limits the functions that could be executed during 
unpickling. Arbitrary objects will no longer be allowed to be loaded via this mode unless they are explicitly 
allowlisted by the user via `torch.serialization.add_safe_globals`. We recommend you start setting `weights_only=True` 
for any use case where you don't have full control of the loaded file. Please open an issue on GitHub for any issues 
related to this experimental feature.
  eigenvectors_loaded = torch.load(eigenvector_file, map_location='cpu')
D:\Research\NO-2D-Metamaterials\2d-dispersion-py\plot_dispersion_infer_eigenfrequencies.py:150: FutureWarning: You are 
using `torch.load` with `weights_only=False` (the current default value), which uses the default pickle module 
implicitly. It is possible to construct malicious pickle data which will execute arbitrary code during unpickling (See 
https://github.com/pytorch/pytorch/blob/main/SECURITY.md#untrusted-models for more details). In a future release, the 
default value for `weights_only` will be flipped to `True`. This limits the functions that could be executed during 
unpickling. Arbitrary objects will no longer be allowed to be loaded via this mode unless they are explicitly 
allowlisted by the user via `torch.serialization.add_safe_globals`. We recommend you start setting `weights_only=True` 
for any use case where you don't have full control of the loaded file. Please open an issue on GitHub for any issues 
related to this experimental feature.
  data['reduced_indices'] = torch.load(data_dir / 'reduced_indices.pt', map_location='cpu')
D:\Research\NO-2D-Metamaterials\2d-dispersion-py\plot_dispersion_infer_eigenfrequencies.py:246: FutureWarning: You are 
using `torch.load` with `weights_only=False` (the current default value), which uses the default pickle module 
implicitly. It is possible to construct malicious pickle data which will execute arbitrary code during unpickling (See 
https://github.com/pytorch/pytorch/blob/main/SECURITY.md#untrusted-models for more details). In a future release, the 
default value for `weights_only` will be flipped to `True`. This limits the functions that could be executed during 
unpickling. Arbitrary objects will no longer be allowed to be loaded via this mode unless they are explicitly 
allowlisted by the user via `torch.serialization.add_safe_globals`. We recommend you start setting `weights_only=True` 
for any use case where you don't have full control of the loaded file. Please open an issue on GitHub for any issues 
related to this experimental feature.
  data['waveforms'] = torch.load(data_dir / 'waveforms_full.pt', map_location='cpu').numpy()
D:\Research\NO-2D-Metamaterials\2d-dispersion-py\plot_dispersion_infer_eigenfrequencies.py:248: FutureWarning: You are 
using `torch.load` with `weights_only=False` (the current default value), which uses the default pickle module 
implicitly. It is possible to construct malicious pickle data which will execute arbitrary code during unpickling (See 
https://github.com/pytorch/pytorch/blob/main/SECURITY.md#untrusted-models for more details). In a future release, the 
default value for `weights_only` will be flipped to `True`. This limits the functions that could be executed during 
unpickling. Arbitrary objects will no longer be allowed to be loaded via this mode unless they are explicitly 
allowlisted by the user via `torch.serialization.add_safe_globals`. We recommend you start setting `weights_only=True` 
for any use case where you don't have full control of the loaded file. Please open an issue on GitHub for any issues 
related to this experimental feature.
  data['bands_fft'] = torch.load(data_dir / 'band_fft_full.pt', map_location='cpu').numpy()
D:\Research\NO-2D-Metamaterials\2d-dispersion-py\plot_dispersion_infer_eigenfrequencies.py:250: FutureWarning: You are 
using `torch.load` with `weights_only=False` (the current default value), which uses the default pickle module 
implicitly. It is possible to construct malicious pickle data which will execute arbitrary code during unpickling (See 
https://github.com/pytorch/pytorch/blob/main/SECURITY.md#untrusted-models for more details). In a future release, the 
default value for `weights_only` will be flipped to `True`. This limits the functions that could be executed during 
unpickling. Arbitrary objects will no longer be allowed to be loaded via this mode unless they are explicitly 
allowlisted by the user via `torch.serialization.add_safe_globals`. We recommend you start setting `weights_only=True` 
for any use case where you don't have full control of the loaded file. Please open an issue on GitHub for any issues 
related to this experimental feature.
  data['design_params'] = torch.load(data_dir / 'design_params_full.pt', map_location='cpu').numpy()
