**********************
Windows PowerShell transcript start
Start time: 20260713114240
Username: WIN\hz283
RunAs User: WIN\hz283
Configuration Name: 
Machine: BRINSON-LAB-000 (Microsoft Windows NT 10.0.26200.0)
Host Application: C:\WINDOWS\System32\WindowsPowerShell\v1.0\powershell.exe -NoProfile -ExecutionPolicy Bypass -File d:\Research\NO-2D-Metamaterials\_run_no_degenerate_pivot_sample_cases_manuscript.ps1
Process ID: 134952
PSVersion: 5.1.26100.8655
PSEdition: Desktop
PSCompatibleVersions: 1.0, 2.0, 3.0, 4.0, 5.0, 5.1.26100.8655
BuildVersion: 10.0.26100.8655
CLRVersion: 4.0.30319.42000
WSManStackVersion: 3.0
PSRemotingProtocolVersion: 2.3
SerializationVersion: 1.1.0.1
**********************
=== no_degenerate_pivot sample cases manuscript regen ===
Output subdirs: <LOSS>_sample_case_plots_no_degenerate_pivot_manuscript
Models: 4; datasets: c_test,b_test; losses: mae,mse,rms,nmae,nmse,nrms

################ MODEL NO_I3O5_BCF16_L1_HC128_LR2e-03_WD0e+00_SS1_G9e-01_ch0u_260401_best_fno2d_compat ################

========== c_test sample_cases mae -> MAE_sample_case_plots_no_degenerate_pivot_manuscript ==========

>> sample_cases_mae_no_deg_pivot_ms_NO_I3O5_BCF16_L1_HC128_LR2e-03_WD0e+00_SS1_G9e-01_ch0u_260401_best_fno2d_compat_c_test START 2026-07-13 11:42:40
python.exe : D:\Research\NO-2D-Metamaterials\NO_utilities.py:489: UserWarning: FigureCanvasAgg is non-interactive, and
thus cannot be shown
At D:\Research\NO-2D-Metamaterials\_run_no_degenerate_pivot_sample_cases_manuscript.ps1:29 char:9
+         & $PY @pyArgs 2>&1 | ForEach-Object { Write-Log $_ }
+         ~~~~~~~~~~~~~~~~~~
    + CategoryInfo          : NotSpecified: (D:\Research\NO-...cannot be shown:String) [], RemoteException
    + FullyQualifiedErrorId : NativeCommandError

  plt.show()
D:\Research\NO-2D-Metamaterials\NO_utilities.py:661: UserWarning: FigureCanvasAgg is non-interactive, and thus cannot
be shown
  plt.show()
Excluding 39 wavevectors: 1716000 / 1716000 samples kept for percentile selection

=== c_test  loss=mae  (1716000 samples) ===
  p0    comb=  182713 (g=93,w=227,b=1) loss=2.209223e-02 -> c_test_mae_p0_g93_w227_b1_input.png, c_test_mae_p0_g93_w227_b1_fields.png
  p01   comb= 1236886 (g=634,w=97,b=4) loss=9.582391e-03 -> c_test_mae_p01_g634_w97_b4_input.png, c_test_mae_p01_g634_w97_b4_fields.png
  p10   comb=  176699 (g=90,w=199,b=5) loss=2.289103e-03 -> c_test_mae_p10_g90_w199_b5_input.png, c_test_mae_p10_g90_w199_b5_fields.png
  p20   comb=   89512 (g=45,w=293,b=4) loss=1.311425e-03 -> c_test_mae_p20_g45_w293_b4_input.png, c_test_mae_p20_g45_w293_b4_fields.png
  p25   comb= 1319867 (g=676,w=277,b=5) loss=1.096675e-03 -> c_test_mae_p25_g676_w277_b5_input.png, c_test_mae_p25_g676_w277_b5_fields.png
  p30   comb= 1779053 (g=912,w=108,b=5) loss=9.477354e-04 -> c_test_mae_p30_g912_w108_b5_input.png, c_test_mae_p30_g912_w108_b5_fields.png
  p40   comb= 1253562 (g=642,w=277,b=0) loss=7.352523e-04 -> c_test_mae_p40_g642_w277_b0_input.png, c_test_mae_p40_g642_w277_b0_fields.png
  p50   comb=  466454 (g=239,w=67,b=2) loss=5.828121e-04 -> c_test_mae_p50_g239_w67_b2_input.png, c_test_mae_p50_g239_w67_b2_fields.png
  p60   comb= 1126281 (g=577,w=188,b=3) loss=4.660711e-04 -> c_test_mae_p60_g577_w188_b3_input.png, c_test_mae_p60_g577_w188_b3_fields.png
  p70   comb=  343976 (g=176,w=129,b=2) loss=3.711383e-04 -> c_test_mae_p70_g176_w129_b2_input.png, c_test_mae_p70_g176_w129_b2_fields.png
  p75   comb= 1619630 (g=830,w=188,b=2) loss=3.276591e-04 -> c_test_mae_p75_g830_w188_b2_input.png, c_test_mae_p75_g830_w188_b2_fields.png
  p80   comb= 1844202 (g=945,w=242,b=0) loss=2.873404e-04 -> c_test_mae_p80_g945_w242_b0_input.png, c_test_mae_p80_g945_w242_b0_fields.png
  p90   comb= 1018698 (g=522,w=133,b=0) loss=2.197133e-04 -> c_test_mae_p90_g522_w133_b0_input.png, c_test_mae_p90_g522_w133_b0_fields.png
  p99   comb=  377162 (g=193,w=135,b=2) loss=1.550033e-04 -> c_test_mae_p99_g193_w135_b2_input.png, c_test_mae_p99_g193_w135_b2_fields.png
  p100  comb=  977587 (g=501,w=106,b=1) loss=1.018923e-04 -> c_test_mae_p100_g501_w106_b1_input.png, c_test_mae_p100_g501_w106_b1_fields.png
>> sample_cases_mae_no_deg_pivot_ms_NO_I3O5_BCF16_L1_HC128_LR2e-03_WD0e+00_SS1_G9e-01_ch0u_260401_best_fno2d_compat_c_test DONE 2026-07-13 11:43:12

========== c_test sample_cases mse -> MSE_sample_case_plots_no_degenerate_pivot_manuscript ==========

>> sample_cases_mse_no_deg_pivot_ms_NO_I3O5_BCF16_L1_HC128_LR2e-03_WD0e+00_SS1_G9e-01_ch0u_260401_best_fno2d_compat_c_test START 2026-07-13 11:43:12
python.exe : D:\Research\NO-2D-Metamaterials\NO_utilities.py:489: UserWarning: FigureCanvasAgg is non-interactive, and
thus cannot be shown
At D:\Research\NO-2D-Metamaterials\_run_no_degenerate_pivot_sample_cases_manuscript.ps1:29 char:9
+         & $PY @pyArgs 2>&1 | ForEach-Object { Write-Log $_ }
+         ~~~~~~~~~~~~~~~~~~
    + CategoryInfo          : NotSpecified: (D:\Research\NO-...cannot be shown:String) [], RemoteException
    + FullyQualifiedErrorId : NativeCommandError

  plt.show()
D:\Research\NO-2D-Metamaterials\NO_utilities.py:661: UserWarning: FigureCanvasAgg is non-interactive, and thus cannot
be shown
  plt.show()
Excluding 39 wavevectors: 1716000 / 1716000 samples kept for percentile selection

=== c_test  loss=mse  (1716000 samples) ===
  p0    comb= 1765643 (g=905,w=148,b=5) loss=9.084606e-04 -> c_test_mse_p0_g905_w148_b5_input.png, c_test_mse_p0_g905_w148_b5_fields.png
  p01   comb= 1107988 (g=568,w=64,b=4) loss=3.287898e-04 -> c_test_mse_p01_g568_w64_b4_input.png, c_test_mse_p01_g568_w64_b4_fields.png
  p10   comb= 1771691 (g=908,w=181,b=5) loss=5.538491e-05 -> c_test_mse_p10_g908_w181_b5_input.png, c_test_mse_p10_g908_w181_b5_fields.png
  p20   comb=  350044 (g=179,w=165,b=4) loss=1.168153e-05 -> c_test_mse_p20_g179_w165_b4_input.png, c_test_mse_p20_g179_w165_b4_fields.png
  p25   comb=  395163 (g=202,w=210,b=3) loss=6.837660e-06 -> c_test_mse_p25_g202_w210_b3_input.png, c_test_mse_p25_g202_w210_b3_fields.png
  p30   comb= 1373132 (g=704,w=55,b=2) loss=4.469535e-06 -> c_test_mse_p30_g704_w55_b2_input.png, c_test_mse_p30_g704_w55_b2_fields.png
  p40   comb= 1486336 (g=762,w=72,b=4) loss=2.346186e-06 -> c_test_mse_p40_g762_w72_b4_input.png, c_test_mse_p40_g762_w72_b4_fields.png
  p50   comb=  176935 (g=90,w=239,b=1) loss=1.386153e-06 -> c_test_mse_p50_g90_w239_b1_input.png, c_test_mse_p50_g90_w239_b1_fields.png
  p60   comb=  755083 (g=387,w=72,b=1) loss=8.517028e-07 -> c_test_mse_p60_g387_w72_b1_input.png, c_test_mse_p60_g387_w72_b1_fields.png
  p70   comb= 1697449 (g=870,w=158,b=1) loss=5.437004e-07 -> c_test_mse_p70_g870_w158_b1_input.png, c_test_mse_p70_g870_w158_b1_fields.png
  p75   comb= 1485006 (g=761,w=176,b=0) loss=4.352858e-07 -> c_test_mse_p75_g761_w176_b0_input.png, c_test_mse_p75_g761_w176_b0_fields.png
  p80   comb= 1719603 (g=881,w=275,b=3) loss=3.409035e-07 -> c_test_mse_p80_g881_w275_b3_input.png, c_test_mse_p80_g881_w275_b3_fields.png
  p90   comb=  648678 (g=332,w=213,b=0) loss=1.630173e-07 -> c_test_mse_p90_g332_w213_b0_input.png, c_test_mse_p90_g332_w213_b0_fields.png
  p99   comb= 1112166 (g=570,w=111,b=0) loss=5.202835e-08 -> c_test_mse_p99_g570_w111_b0_input.png, c_test_mse_p99_g570_w111_b0_fields.png
  p100  comb= 1150867 (g=590,w=61,b=1) loss=2.001483e-08 -> c_test_mse_p100_g590_w61_b1_input.png, c_test_mse_p100_g590_w61_b1_fields.png
>> sample_cases_mse_no_deg_pivot_ms_NO_I3O5_BCF16_L1_HC128_LR2e-03_WD0e+00_SS1_G9e-01_ch0u_260401_best_fno2d_compat_c_test DONE 2026-07-13 11:43:39

========== c_test sample_cases rms -> RMS_sample_case_plots_no_degenerate_pivot_manuscript ==========

>> sample_cases_rms_no_deg_pivot_ms_NO_I3O5_BCF16_L1_HC128_LR2e-03_WD0e+00_SS1_G9e-01_ch0u_260401_best_fno2d_compat_c_test START 2026-07-13 11:43:39
python.exe : D:\Research\NO-2D-Metamaterials\NO_utilities.py:489: UserWarning: FigureCanvasAgg is non-interactive, and
thus cannot be shown
At D:\Research\NO-2D-Metamaterials\_run_no_degenerate_pivot_sample_cases_manuscript.ps1:29 char:9
+         & $PY @pyArgs 2>&1 | ForEach-Object { Write-Log $_ }
+         ~~~~~~~~~~~~~~~~~~
    + CategoryInfo          : NotSpecified: (D:\Research\NO-...cannot be shown:String) [], RemoteException
    + FullyQualifiedErrorId : NativeCommandError

  plt.show()
D:\Research\NO-2D-Metamaterials\NO_utilities.py:661: UserWarning: FigureCanvasAgg is non-interactive, and thus cannot
be shown
  plt.show()
Excluding 39 wavevectors: 1716000 / 1716000 samples kept for percentile selection

=== c_test  loss=rms  (1716000 samples) ===
  p0    comb=  927843 (g=475,w=265,b=3) loss=2.600283e-02 -> c_test_rms_p0_g475_w265_b3_input.png, c_test_rms_p0_g475_w265_b3_fields.png
  p01   comb= 1838699 (g=942,w=299,b=5) loss=1.517448e-02 -> c_test_rms_p01_g942_w299_b5_input.png, c_test_rms_p01_g942_w299_b5_fields.png
  p10   comb= 1735777 (g=890,w=46,b=1) loss=6.005315e-03 -> c_test_rms_p10_g890_w46_b1_input.png, c_test_rms_p10_g890_w46_b1_fields.png
  p20   comb= 1254856 (g=643,w=167,b=4) loss=2.874205e-03 -> c_test_rms_p20_g643_w167_b4_input.png, c_test_rms_p20_g643_w167_b4_fields.png
  p25   comb=  525603 (g=269,w=175,b=3) loss=2.234973e-03 -> c_test_rms_p25_g269_w175_b3_input.png, c_test_rms_p25_g269_w175_b3_fields.png
  p30   comb=   13010 (g=6,w=218,b=2) loss=1.832801e-03 -> c_test_rms_p30_g6_w218_b2_input.png, c_test_rms_p30_g6_w218_b2_fields.png
  p40   comb=  206501 (g=105,w=291,b=5) loss=1.350722e-03 -> c_test_rms_p40_g105_w291_b5_input.png, c_test_rms_p40_g105_w291_b5_fields.png
  p50   comb=  481225 (g=246,w=254,b=1) loss=1.049038e-03 -> c_test_rms_p50_g246_w254_b1_input.png, c_test_rms_p50_g246_w254_b1_fields.png
  p60   comb= 1690487 (g=866,w=297,b=5) loss=8.277852e-04 -> c_test_rms_p60_g866_w297_b5_input.png, c_test_rms_p60_g866_w297_b5_fields.png
  p70   comb=  843177 (g=432,w=129,b=3) loss=6.656380e-04 -> c_test_rms_p70_g432_w129_b3_input.png, c_test_rms_p70_g432_w129_b3_fields.png
  p75   comb=  656682 (g=336,w=247,b=0) loss=5.982851e-04 -> c_test_rms_p75_g336_w247_b0_input.png, c_test_rms_p75_g336_w247_b0_fields.png
  p80   comb=  399582 (g=204,w=297,b=0) loss=5.323241e-04 -> c_test_rms_p80_g204_w297_b0_input.png, c_test_rms_p80_g204_w297_b0_fields.png
  p90   comb= 1681466 (g=862,w=94,b=2) loss=3.731930e-04 -> c_test_rms_p90_g862_w94_b2_input.png, c_test_rms_p90_g862_w94_b2_fields.png
  p99   comb=  337579 (g=173,w=38,b=1) loss=2.131916e-04 -> c_test_rms_p99_g173_w38_b1_input.png, c_test_rms_p99_g173_w38_b1_fields.png
  p100  comb= 1825428 (g=936,w=38,b=0) loss=1.270989e-04 -> c_test_rms_p100_g936_w38_b0_input.png, c_test_rms_p100_g936_w38_b0_fields.png
>> sample_cases_rms_no_deg_pivot_ms_NO_I3O5_BCF16_L1_HC128_LR2e-03_WD0e+00_SS1_G9e-01_ch0u_260401_best_fno2d_compat_c_test DONE 2026-07-13 11:44:06

========== c_test sample_cases nmae -> NMAE_sample_case_plots_no_degenerate_pivot_manuscript ==========

>> sample_cases_nmae_no_deg_pivot_ms_NO_I3O5_BCF16_L1_HC128_LR2e-03_WD0e+00_SS1_G9e-01_ch0u_260401_best_fno2d_compat_c_test START 2026-07-13 11:44:06
python.exe : D:\Research\NO-2D-Metamaterials\NO_utilities.py:489: UserWarning: FigureCanvasAgg is non-interactive, and
thus cannot be shown
At D:\Research\NO-2D-Metamaterials\_run_no_degenerate_pivot_sample_cases_manuscript.ps1:29 char:9
+         & $PY @pyArgs 2>&1 | ForEach-Object { Write-Log $_ }
+         ~~~~~~~~~~~~~~~~~~
    + CategoryInfo          : NotSpecified: (D:\Research\NO-...cannot be shown:String) [], RemoteException
    + FullyQualifiedErrorId : NativeCommandError

  plt.show()
D:\Research\NO-2D-Metamaterials\NO_utilities.py:661: UserWarning: FigureCanvasAgg is non-interactive, and thus cannot
be shown
  plt.show()
Excluding 39 wavevectors: 1716000 / 1716000 samples kept for percentile selection

=== c_test  loss=nmae  (1716000 samples) ===
  p0    comb= 1385043 (g=710,w=90,b=3) loss=7.663558e+01 -> c_test_nmae_p0_g710_w90_b3_input.png, c_test_nmae_p0_g710_w90_b3_fields.png
  p01   comb=  534604 (g=274,w=50,b=4) loss=1.495975e+00 -> c_test_nmae_p01_g274_w50_b4_input.png, c_test_nmae_p01_g274_w50_b4_fields.png
  p10   comb=  101137 (g=51,w=281,b=1) loss=5.035787e-01 -> c_test_nmae_p10_g51_w281_b1_input.png, c_test_nmae_p10_g51_w281_b1_fields.png
  p20   comb=  486653 (g=249,w=183,b=5) loss=2.514418e-01 -> c_test_nmae_p20_g249_w183_b5_input.png, c_test_nmae_p20_g249_w183_b5_fields.png
  p25   comb= 1701269 (g=872,w=144,b=5) loss=1.999797e-01 -> c_test_nmae_p25_g872_w144_b5_input.png, c_test_nmae_p25_g872_w144_b5_fields.png
  p30   comb= 1336121 (g=685,w=61,b=5) loss=1.648177e-01 -> c_test_nmae_p30_g685_w61_b5_input.png, c_test_nmae_p30_g685_w61_b5_fields.png
  p40   comb=  152444 (g=78,w=57,b=2) loss=1.182467e-01 -> c_test_nmae_p40_g78_w57_b2_input.png, c_test_nmae_p40_g78_w57_b2_fields.png
  p50   comb= 1907354 (g=978,w=42,b=2) loss=8.899058e-02 -> c_test_nmae_p50_g978_w42_b2_input.png, c_test_nmae_p50_g978_w42_b2_fields.png
  p60   comb= 1379058 (g=707,w=68,b=0) loss=6.860122e-02 -> c_test_nmae_p60_g707_w68_b0_input.png, c_test_nmae_p60_g707_w68_b0_fields.png
  p70   comb= 1056207 (g=541,w=209,b=3) loss=5.266805e-02 -> c_test_nmae_p70_g541_w209_b3_input.png, c_test_nmae_p70_g541_w209_b3_fields.png
  p75   comb=   70564 (g=36,w=60,b=4) loss=4.566421e-02 -> c_test_nmae_p75_g36_w60_b4_input.png, c_test_nmae_p75_g36_w60_b4_fields.png
  p80   comb= 1013668 (g=519,w=269,b=4) loss=3.921147e-02 -> c_test_nmae_p80_g519_w269_b4_input.png, c_test_nmae_p80_g519_w269_b4_fields.png
  p90   comb= 1097352 (g=562,w=242,b=0) loss=2.690570e-02 -> c_test_nmae_p90_g562_w242_b0_input.png, c_test_nmae_p90_g562_w242_b0_fields.png
  p99   comb= 1925287 (g=987,w=106,b=1) loss=1.431451e-02 -> c_test_nmae_p99_g987_w106_b1_input.png, c_test_nmae_p99_g987_w106_b1_fields.png
  p100  comb=  115561 (g=59,w=85,b=1) loss=7.329685e-03 -> c_test_nmae_p100_g59_w85_b1_input.png, c_test_nmae_p100_g59_w85_b1_fields.png
>> sample_cases_nmae_no_deg_pivot_ms_NO_I3O5_BCF16_L1_HC128_LR2e-03_WD0e+00_SS1_G9e-01_ch0u_260401_best_fno2d_compat_c_test DONE 2026-07-13 11:44:34

========== c_test sample_cases nmse -> NMSE_sample_case_plots_no_degenerate_pivot_manuscript ==========

>> sample_cases_nmse_no_deg_pivot_ms_NO_I3O5_BCF16_L1_HC128_LR2e-03_WD0e+00_SS1_G9e-01_ch0u_260401_best_fno2d_compat_c_test START 2026-07-13 11:44:34
python.exe : D:\Research\NO-2D-Metamaterials\NO_utilities.py:489: UserWarning: FigureCanvasAgg is non-interactive, and
thus cannot be shown
At D:\Research\NO-2D-Metamaterials\_run_no_degenerate_pivot_sample_cases_manuscript.ps1:29 char:9
+         & $PY @pyArgs 2>&1 | ForEach-Object { Write-Log $_ }
+         ~~~~~~~~~~~~~~~~~~
    + CategoryInfo          : NotSpecified: (D:\Research\NO-...cannot be shown:String) [], RemoteException
    + FullyQualifiedErrorId : NativeCommandError

  plt.show()
D:\Research\NO-2D-Metamaterials\NO_utilities.py:661: UserWarning: FigureCanvasAgg is non-interactive, and thus cannot
be shown
  plt.show()
Excluding 39 wavevectors: 1716000 / 1716000 samples kept for percentile selection

=== c_test  loss=nmse  (1716000 samples) ===
  p0    comb=  939741 (g=481,w=298,b=3) loss=1.848169e+01 -> c_test_nmse_p0_g481_w298_b3_input.png, c_test_nmse_p0_g481_w298_b3_fields.png
  p01   comb=  155158 (g=79,w=184,b=4) loss=1.635305e+00 -> c_test_nmse_p01_g79_w184_b4_input.png, c_test_nmse_p01_g79_w184_b4_fields.png
  p10   comb=  601395 (g=308,w=132,b=3) loss=2.549384e-01 -> c_test_nmse_p10_g308_w132_b3_input.png, c_test_nmse_p10_g308_w132_b3_fields.png
  p20   comb=  502076 (g=257,w=154,b=2) loss=6.440227e-02 -> c_test_nmse_p20_g257_w154_b2_input.png, c_test_nmse_p20_g257_w154_b2_fields.png
  p25   comb=  615188 (g=315,w=156,b=2) loss=4.005190e-02 -> c_test_nmse_p25_g315_w156_b2_input.png, c_test_nmse_p25_g315_w156_b2_fields.png
  p30   comb= 1427716 (g=732,w=52,b=4) loss=2.691366e-02 -> c_test_nmse_p30_g732_w52_b4_input.png, c_test_nmse_p30_g732_w52_b4_fields.png
  p40   comb=  689206 (g=353,w=142,b=4) loss=1.429993e-02 -> c_test_nmse_p40_g353_w142_b4_input.png, c_test_nmse_p40_g353_w142_b4_fields.png
  p50   comb=  705136 (g=361,w=197,b=4) loss=8.630632e-03 -> c_test_nmse_p50_g361_w197_b4_input.png, c_test_nmse_p50_g361_w197_b4_fields.png
  p60   comb= 1321189 (g=677,w=173,b=1) loss=5.458228e-03 -> c_test_nmse_p60_g677_w173_b1_input.png, c_test_nmse_p60_g677_w173_b1_fields.png
  p70   comb=  264128 (g=135,w=146,b=2) loss=3.465582e-03 -> c_test_nmse_p70_g135_w146_b2_input.png, c_test_nmse_p70_g135_w146_b2_fields.png
  p75   comb= 1362145 (g=698,w=174,b=1) loss=2.747315e-03 -> c_test_nmse_p75_g698_w174_b1_input.png, c_test_nmse_p75_g698_w174_b1_fields.png
  p80   comb= 1814336 (g=930,w=139,b=2) loss=2.150859e-03 -> c_test_nmse_p80_g930_w139_b2_input.png, c_test_nmse_p80_g930_w139_b2_fields.png
  p90   comb=  624723 (g=320,w=120,b=3) loss=1.130959e-03 -> c_test_nmse_p90_g320_w120_b3_input.png, c_test_nmse_p90_g320_w120_b3_fields.png
  p99   comb=  774943 (g=397,w=132,b=1) loss=3.219392e-04 -> c_test_nmse_p99_g397_w132_b1_input.png, c_test_nmse_p99_g397_w132_b1_fields.png
  p100  comb=  115561 (g=59,w=85,b=1) loss=8.690669e-05 -> c_test_nmse_p100_g59_w85_b1_input.png, c_test_nmse_p100_g59_w85_b1_fields.png
>> sample_cases_nmse_no_deg_pivot_ms_NO_I3O5_BCF16_L1_HC128_LR2e-03_WD0e+00_SS1_G9e-01_ch0u_260401_best_fno2d_compat_c_test DONE 2026-07-13 11:45:03

========== c_test sample_cases nrms -> NRMS_sample_case_plots_no_degenerate_pivot_manuscript ==========

>> sample_cases_nrms_no_deg_pivot_ms_NO_I3O5_BCF16_L1_HC128_LR2e-03_WD0e+00_SS1_G9e-01_ch0u_260401_best_fno2d_compat_c_test START 2026-07-13 11:45:03
python.exe : D:\Research\NO-2D-Metamaterials\NO_utilities.py:489: UserWarning: FigureCanvasAgg is non-interactive, and
thus cannot be shown
At D:\Research\NO-2D-Metamaterials\_run_no_degenerate_pivot_sample_cases_manuscript.ps1:29 char:9
+         & $PY @pyArgs 2>&1 | ForEach-Object { Write-Log $_ }
+         ~~~~~~~~~~~~~~~~~~
    + CategoryInfo          : NotSpecified: (D:\Research\NO-...cannot be shown:String) [], RemoteException
    + FullyQualifiedErrorId : NativeCommandError

  plt.show()
D:\Research\NO-2D-Metamaterials\NO_utilities.py:661: UserWarning: FigureCanvasAgg is non-interactive, and thus cannot
be shown
  plt.show()
Excluding 39 wavevectors: 1716000 / 1716000 samples kept for percentile selection

=== c_test  loss=nrms  (1716000 samples) ===
  p0    comb=  939741 (g=481,w=298,b=3) loss=3.091325e+00 -> c_test_nrms_p0_g481_w298_b3_input.png, c_test_nrms_p0_g481_w298_b3_fields.png
  p01   comb= 1513612 (g=776,w=68,b=4) loss=1.090614e+00 -> c_test_nrms_p01_g776_w68_b4_input.png, c_test_nrms_p01_g776_w68_b4_fields.png
  p10   comb=  526271 (g=269,w=286,b=5) loss=4.289341e-01 -> c_test_nrms_p10_g269_w286_b5_input.png, c_test_nrms_p10_g269_w286_b5_fields.png
  p20   comb=  897734 (g=460,w=122,b=2) loss=2.127297e-01 -> c_test_nrms_p20_g460_w122_b2_input.png, c_test_nrms_p20_g460_w122_b2_fields.png
  p25   comb= 1244851 (g=638,w=125,b=1) loss=1.682674e-01 -> c_test_nrms_p25_g638_w125_b1_input.png, c_test_nrms_p25_g638_w125_b1_fields.png
  p30   comb=  729126 (g=373,w=296,b=0) loss=1.384116e-01 -> c_test_nrms_p30_g373_w296_b0_input.png, c_test_nrms_p30_g373_w296_b0_fields.png
  p40   comb=   25328 (g=12,w=321,b=2) loss=1.013381e-01 -> c_test_nrms_p40_g12_w321_b2_input.png, c_test_nrms_p40_g12_w321_b2_fields.png
  p50   comb=  793482 (g=406,w=297,b=0) loss=7.898813e-02 -> c_test_nrms_p50_g406_w297_b0_input.png, c_test_nrms_p50_g406_w297_b0_fields.png
  p60   comb= 1779820 (g=912,w=236,b=4) loss=6.299119e-02 -> c_test_nrms_p60_g912_w236_b4_input.png, c_test_nrms_p60_g912_w236_b4_fields.png
  p70   comb=  453584 (g=232,w=197,b=2) loss=5.036397e-02 -> c_test_nrms_p70_g232_w197_b2_input.png, c_test_nrms_p70_g232_w197_b2_fields.png
  p75   comb=  883183 (g=452,w=297,b=1) loss=4.491428e-02 -> c_test_nrms_p75_g452_w297_b1_input.png, c_test_nrms_p75_g452_w297_b1_fields.png
  p80   comb=   54354 (g=27,w=284,b=0) loss=3.981698e-02 -> c_test_nrms_p80_g27_w284_b0_input.png, c_test_nrms_p80_g27_w284_b0_fields.png
  p90   comb= 1476932 (g=757,w=130,b=2) loss=2.879816e-02 -> c_test_nrms_p90_g757_w130_b2_input.png, c_test_nrms_p90_g757_w130_b2_fields.png
  p99   comb=  721993 (g=370,w=82,b=1) loss=1.564117e-02 -> c_test_nrms_p99_g370_w82_b1_input.png, c_test_nrms_p99_g370_w82_b1_fields.png
  p100  comb=  115561 (g=59,w=85,b=1) loss=8.676594e-03 -> c_test_nrms_p100_g59_w85_b1_input.png, c_test_nrms_p100_g59_w85_b1_fields.png
>> sample_cases_nrms_no_deg_pivot_ms_NO_I3O5_BCF16_L1_HC128_LR2e-03_WD0e+00_SS1_G9e-01_ch0u_260401_best_fno2d_compat_c_test DONE 2026-07-13 11:45:28

========== b_test sample_cases mae -> MAE_sample_case_plots_no_degenerate_pivot_manuscript ==========

>> sample_cases_mae_no_deg_pivot_ms_NO_I3O5_BCF16_L1_HC128_LR2e-03_WD0e+00_SS1_G9e-01_ch0u_260401_best_fno2d_compat_b_test START 2026-07-13 11:45:28
python.exe : D:\Research\NO-2D-Metamaterials\NO_utilities.py:489: UserWarning: FigureCanvasAgg is non-interactive, and
thus cannot be shown
At D:\Research\NO-2D-Metamaterials\_run_no_degenerate_pivot_sample_cases_manuscript.ps1:29 char:9
+         & $PY @pyArgs 2>&1 | ForEach-Object { Write-Log $_ }
+         ~~~~~~~~~~~~~~~~~~
    + CategoryInfo          : NotSpecified: (D:\Research\NO-...cannot be shown:String) [], RemoteException
    + FullyQualifiedErrorId : NativeCommandError

  plt.show()
D:\Research\NO-2D-Metamaterials\NO_utilities.py:661: UserWarning: FigureCanvasAgg is non-interactive, and thus cannot
be shown
  plt.show()
Excluding 39 wavevectors: 1716000 / 1716000 samples kept for percentile selection

=== b_test  loss=mae  (1716000 samples) ===
  p0    comb=  680386 (g=348,w=297,b=4) loss=5.379139e-02 -> b_test_mae_p0_g348_w297_b4_input.png, b_test_mae_p0_g348_w297_b4_fields.png
  p01   comb= 1250465 (g=641,w=85,b=5) loss=1.403645e-02 -> b_test_mae_p01_g641_w85_b5_input.png, b_test_mae_p01_g641_w85_b5_fields.png
  p10   comb=  368446 (g=188,w=307,b=4) loss=6.375211e-03 -> b_test_mae_p10_g188_w307_b4_input.png, b_test_mae_p10_g188_w307_b4_fields.png
  p20   comb= 1936775 (g=993,w=70,b=5) loss=3.992109e-03 -> b_test_mae_p20_g993_w70_b5_input.png, b_test_mae_p20_g993_w70_b5_fields.png
  p25   comb=  941312 (g=482,w=235,b=2) loss=3.222927e-03 -> b_test_mae_p25_g482_w235_b2_input.png, b_test_mae_p25_g482_w235_b2_fields.png
  p30   comb=  716919 (g=367,w=211,b=3) loss=2.591318e-03 -> b_test_mae_p30_g367_w211_b3_input.png, b_test_mae_p30_g367_w211_b3_fields.png
  p40   comb= 1347105 (g=690,w=267,b=3) loss=1.755279e-03 -> b_test_mae_p40_g690_w267_b3_input.png, b_test_mae_p40_g690_w267_b3_fields.png
  p50   comb=  602844 (g=309,w=49,b=0) loss=1.269986e-03 -> b_test_mae_p50_g309_w49_b0_input.png, b_test_mae_p50_g309_w49_b0_fields.png
  p60   comb=  287815 (g=147,w=194,b=1) loss=9.550914e-04 -> b_test_mae_p60_g147_w194_b1_input.png, b_test_mae_p60_g147_w194_b1_fields.png
  p70   comb= 1295079 (g=664,w=46,b=3) loss=7.210082e-04 -> b_test_mae_p70_g664_w46_b3_input.png, b_test_mae_p70_g664_w46_b3_fields.png
  p75   comb=  796676 (g=408,w=179,b=2) loss=6.223952e-04 -> b_test_mae_p75_g408_w179_b2_input.png, b_test_mae_p75_g408_w179_b2_fields.png
  p80   comb=  321355 (g=164,w=259,b=1) loss=5.354465e-04 -> b_test_mae_p80_g164_w259_b1_input.png, b_test_mae_p80_g164_w259_b1_fields.png
  p90   comb=  278370 (g=142,w=245,b=0) loss=3.767700e-04 -> b_test_mae_p90_g142_w245_b0_input.png, b_test_mae_p90_g142_w245_b0_fields.png
  p99   comb= 1631659 (g=836,w=243,b=1) loss=2.121869e-04 -> b_test_mae_p99_g836_w243_b1_input.png, b_test_mae_p99_g836_w243_b1_fields.png
  p100  comb=  248034 (g=127,w=64,b=0) loss=1.218434e-04 -> b_test_mae_p100_g127_w64_b0_input.png, b_test_mae_p100_g127_w64_b0_fields.png
>> sample_cases_mae_no_deg_pivot_ms_NO_I3O5_BCF16_L1_HC128_LR2e-03_WD0e+00_SS1_G9e-01_ch0u_260401_best_fno2d_compat_b_test DONE 2026-07-13 11:45:54

========== b_test sample_cases mse -> MSE_sample_case_plots_no_degenerate_pivot_manuscript ==========

>> sample_cases_mse_no_deg_pivot_ms_NO_I3O5_BCF16_L1_HC128_LR2e-03_WD0e+00_SS1_G9e-01_ch0u_260401_best_fno2d_compat_b_test START 2026-07-13 11:45:54
python.exe : D:\Research\NO-2D-Metamaterials\NO_utilities.py:489: UserWarning: FigureCanvasAgg is non-interactive, and
thus cannot be shown
At D:\Research\NO-2D-Metamaterials\_run_no_degenerate_pivot_sample_cases_manuscript.ps1:29 char:9
+         & $PY @pyArgs 2>&1 | ForEach-Object { Write-Log $_ }
+         ~~~~~~~~~~~~~~~~~~
    + CategoryInfo          : NotSpecified: (D:\Research\NO-...cannot be shown:String) [], RemoteException
    + FullyQualifiedErrorId : NativeCommandError

  plt.show()
D:\Research\NO-2D-Metamaterials\NO_utilities.py:661: UserWarning: FigureCanvasAgg is non-interactive, and thus cannot
be shown
  plt.show()
Excluding 39 wavevectors: 1716000 / 1716000 samples kept for percentile selection

=== b_test  loss=mse  (1716000 samples) ===
  p0    comb=  680386 (g=348,w=297,b=4) loss=9.205719e-03 -> b_test_mse_p0_g348_w297_b4_input.png, b_test_mse_p0_g348_w297_b4_fields.png
  p01   comb=  273575 (g=140,w=95,b=5) loss=5.674520e-04 -> b_test_mse_p01_g140_w95_b5_input.png, b_test_mse_p01_g140_w95_b5_fields.png
  p10   comb=   53595 (g=27,w=157,b=3) loss=2.052380e-04 -> b_test_mse_p10_g27_w157_b3_input.png, b_test_mse_p10_g27_w157_b3_fields.png
  p20   comb= 1179382 (g=604,w=263,b=4) loss=9.173581e-05 -> b_test_mse_p20_g604_w263_b4_input.png, b_test_mse_p20_g604_w263_b4_fields.png
  p25   comb=  444493 (g=227,w=307,b=1) loss=4.737376e-05 -> b_test_mse_p25_g227_w307_b1_input.png, b_test_mse_p25_g227_w307_b1_fields.png
  p30   comb=  244555 (g=125,w=134,b=1) loss=2.484798e-05 -> b_test_mse_p30_g125_w134_b1_input.png, b_test_mse_p30_g125_w134_b1_fields.png
  p40   comb=   95505 (g=48,w=317,b=3) loss=9.371839e-06 -> b_test_mse_p40_g48_w317_b3_input.png, b_test_mse_p40_g48_w317_b3_fields.png
  p50   comb=  284187 (g=145,w=239,b=3) loss=4.620811e-06 -> b_test_mse_p50_g145_w239_b3_input.png, b_test_mse_p50_g145_w239_b3_fields.png
  p60   comb=  217521 (g=111,w=178,b=3) loss=2.595908e-06 -> b_test_mse_p60_g111_w178_b3_input.png, b_test_mse_p60_g111_w178_b3_fields.png
  p70   comb=  249507 (g=127,w=309,b=3) loss=1.452386e-06 -> b_test_mse_p70_g127_w309_b3_input.png, b_test_mse_p70_g127_w309_b3_fields.png
  p75   comb=  660079 (g=338,w=163,b=1) loss=1.079597e-06 -> b_test_mse_p75_g338_w163_b1_input.png, b_test_mse_p75_g338_w163_b1_fields.png
  p80   comb= 1947250 (g=998,w=191,b=4) loss=7.908162e-07 -> b_test_mse_p80_g998_w191_b4_input.png, b_test_mse_p80_g998_w191_b4_fields.png
  p90   comb= 1483782 (g=760,w=297,b=0) loss=3.998235e-07 -> b_test_mse_p90_g760_w297_b0_input.png, b_test_mse_p90_g760_w297_b0_fields.png
  p99   comb= 1601334 (g=821,w=64,b=0) loss=1.135894e-07 -> b_test_mse_p99_g821_w64_b0_input.png, b_test_mse_p99_g821_w64_b0_fields.png
  p100  comb=  248034 (g=127,w=64,b=0) loss=2.837536e-08 -> b_test_mse_p100_g127_w64_b0_input.png, b_test_mse_p100_g127_w64_b0_fields.png
>> sample_cases_mse_no_deg_pivot_ms_NO_I3O5_BCF16_L1_HC128_LR2e-03_WD0e+00_SS1_G9e-01_ch0u_260401_best_fno2d_compat_b_test DONE 2026-07-13 11:46:19

========== b_test sample_cases rms -> RMS_sample_case_plots_no_degenerate_pivot_manuscript ==========

>> sample_cases_rms_no_deg_pivot_ms_NO_I3O5_BCF16_L1_HC128_LR2e-03_WD0e+00_SS1_G9e-01_ch0u_260401_best_fno2d_compat_b_test START 2026-07-13 11:46:19
python.exe : D:\Research\NO-2D-Metamaterials\NO_utilities.py:489: UserWarning: FigureCanvasAgg is non-interactive, and
thus cannot be shown
At D:\Research\NO-2D-Metamaterials\_run_no_degenerate_pivot_sample_cases_manuscript.ps1:29 char:9
+         & $PY @pyArgs 2>&1 | ForEach-Object { Write-Log $_ }
+         ~~~~~~~~~~~~~~~~~~
    + CategoryInfo          : NotSpecified: (D:\Research\NO-...cannot be shown:String) [], RemoteException
    + FullyQualifiedErrorId : NativeCommandError

  plt.show()
D:\Research\NO-2D-Metamaterials\NO_utilities.py:661: UserWarning: FigureCanvasAgg is non-interactive, and thus cannot
be shown
  plt.show()
Excluding 39 wavevectors: 1716000 / 1716000 samples kept for percentile selection

=== b_test  loss=rms  (1716000 samples) ===
  p0    comb=  680386 (g=348,w=297,b=4) loss=5.507167e-02 -> b_test_rms_p0_g348_w297_b4_input.png, b_test_rms_p0_g348_w297_b4_fields.png
  p01   comb=  811757 (g=416,w=92,b=5) loss=1.977157e-02 -> b_test_rms_p01_g416_w92_b5_input.png, b_test_rms_p01_g416_w92_b5_fields.png
  p10   comb=   71644 (g=36,w=240,b=4) loss=1.237098e-02 -> b_test_rms_p10_g36_w240_b4_input.png, b_test_rms_p10_g36_w240_b4_fields.png
  p20   comb=  638206 (g=327,w=92,b=4) loss=8.153940e-03 -> b_test_rms_p20_g327_w92_b4_input.png, b_test_rms_p20_g327_w92_b4_fields.png
  p25   comb= 1013433 (g=519,w=230,b=3) loss=5.939516e-03 -> b_test_rms_p25_g519_w230_b3_input.png, b_test_rms_p25_g519_w230_b3_fields.png
  p30   comb=  507663 (g=260,w=110,b=3) loss=4.359798e-03 -> b_test_rms_p30_g260_w110_b3_input.png, b_test_rms_p30_g260_w110_b3_fields.png
  p40   comb=  719483 (g=368,w=313,b=5) loss=2.723879e-03 -> b_test_rms_p40_g368_w313_b5_input.png, b_test_rms_p40_g368_w313_b5_fields.png
  p50   comb= 1366096 (g=700,w=182,b=4) loss=1.933477e-03 -> b_test_rms_p50_g700_w182_b4_input.png, b_test_rms_p50_g700_w182_b4_fields.png
  p60   comb=  981907 (g=503,w=176,b=1) loss=1.458398e-03 -> b_test_rms_p60_g503_w176_b1_input.png, b_test_rms_p60_g503_w176_b1_fields.png
  p70   comb=    5754 (g=2,w=309,b=0) loss=1.099691e-03 -> b_test_rms_p70_g2_w309_b0_input.png, b_test_rms_p70_g2_w309_b0_fields.png
  p75   comb= 1134283 (g=581,w=222,b=1) loss=9.503019e-04 -> b_test_rms_p75_g581_w222_b1_input.png, b_test_rms_p75_g581_w222_b1_fields.png
  p80   comb=  134966 (g=69,w=69,b=2) loss=8.160332e-04 -> b_test_rms_p80_g69_w69_b2_input.png, b_test_rms_p80_g69_w69_b2_fields.png
  p90   comb=  522252 (g=267,w=267,b=0) loss=5.856250e-04 -> b_test_rms_p90_g267_w267_b0_input.png, b_test_rms_p90_g267_w267_b0_fields.png
  p99   comb= 1166742 (g=598,w=107,b=0) loss=3.197663e-04 -> b_test_rms_p99_g598_w107_b0_input.png, b_test_rms_p99_g598_w107_b0_fields.png
  p100  comb=  248034 (g=127,w=64,b=0) loss=1.536743e-04 -> b_test_rms_p100_g127_w64_b0_input.png, b_test_rms_p100_g127_w64_b0_fields.png
>> sample_cases_rms_no_deg_pivot_ms_NO_I3O5_BCF16_L1_HC128_LR2e-03_WD0e+00_SS1_G9e-01_ch0u_260401_best_fno2d_compat_b_test DONE 2026-07-13 11:46:44

========== b_test sample_cases nmae -> NMAE_sample_case_plots_no_degenerate_pivot_manuscript ==========

>> sample_cases_nmae_no_deg_pivot_ms_NO_I3O5_BCF16_L1_HC128_LR2e-03_WD0e+00_SS1_G9e-01_ch0u_260401_best_fno2d_compat_b_test START 2026-07-13 11:46:44
python.exe : D:\Research\NO-2D-Metamaterials\NO_utilities.py:489: UserWarning: FigureCanvasAgg is non-interactive, and
thus cannot be shown
At D:\Research\NO-2D-Metamaterials\_run_no_degenerate_pivot_sample_cases_manuscript.ps1:29 char:9
+         & $PY @pyArgs 2>&1 | ForEach-Object { Write-Log $_ }
+         ~~~~~~~~~~~~~~~~~~
    + CategoryInfo          : NotSpecified: (D:\Research\NO-...cannot be shown:String) [], RemoteException
    + FullyQualifiedErrorId : NativeCommandError

  plt.show()
D:\Research\NO-2D-Metamaterials\NO_utilities.py:661: UserWarning: FigureCanvasAgg is non-interactive, and thus cannot
be shown
  plt.show()
Excluding 39 wavevectors: 1716000 / 1716000 samples kept for percentile selection

=== b_test  loss=nmae  (1716000 samples) ===
  p0    comb=  703791 (g=360,w=298,b=3) loss=1.238634e+02 -> b_test_nmae_p0_g360_w298_b3_input.png, b_test_nmae_p0_g360_w298_b3_fields.png
  p01   comb=  784908 (g=402,w=168,b=0) loss=2.210846e+00 -> b_test_nmae_p01_g402_w168_b0_input.png, b_test_nmae_p01_g402_w168_b0_fields.png
  p10   comb=  531867 (g=272,w=244,b=3) loss=9.468995e-01 -> b_test_nmae_p10_g272_w244_b3_input.png, b_test_nmae_p10_g272_w244_b3_fields.png
  p20   comb=  747275 (g=383,w=70,b=5) loss=6.433346e-01 -> b_test_nmae_p20_g383_w70_b5_input.png, b_test_nmae_p20_g383_w70_b5_fields.png
  p25   comb=   77049 (g=39,w=166,b=3) loss=4.863113e-01 -> b_test_nmae_p25_g39_w166_b3_input.png, b_test_nmae_p25_g39_w166_b3_fields.png
  p30   comb=  552494 (g=283,w=107,b=2) loss=3.679364e-01 -> b_test_nmae_p30_g283_w107_b2_input.png, b_test_nmae_p30_g283_w107_b2_fields.png
  p40   comb=  282513 (g=144,w=285,b=3) loss=2.331624e-01 -> b_test_nmae_p40_g144_w285_b3_input.png, b_test_nmae_p40_g144_w285_b3_fields.png
  p50   comb=  606009 (g=310,w=251,b=3) loss=1.663940e-01 -> b_test_nmae_p50_g310_w251_b3_input.png, b_test_nmae_p50_g310_w251_b3_fields.png
  p60   comb=  304369 (g=156,w=28,b=1) loss=1.254067e-01 -> b_test_nmae_p60_g156_w28_b1_input.png, b_test_nmae_p60_g156_w28_b1_fields.png
  p70   comb= 1168819 (g=599,w=128,b=1) loss=9.550713e-02 -> b_test_nmae_p70_g599_w128_b1_input.png, b_test_nmae_p70_g599_w128_b1_fields.png
  p75   comb=  991144 (g=508,w=90,b=4) loss=8.252908e-02 -> b_test_nmae_p75_g508_w90_b4_input.png, b_test_nmae_p75_g508_w90_b4_fields.png
  p80   comb=  800341 (g=410,w=140,b=1) loss=7.044103e-02 -> b_test_nmae_p80_g410_w140_b1_input.png, b_test_nmae_p80_g410_w140_b1_fields.png
  p90   comb=  917240 (g=470,w=123,b=2) loss=4.716660e-02 -> b_test_nmae_p90_g470_w123_b2_input.png, b_test_nmae_p90_g470_w123_b2_fields.png
  p99   comb= 1629852 (g=835,w=267,b=0) loss=2.145426e-02 -> b_test_nmae_p99_g835_w267_b0_input.png, b_test_nmae_p99_g835_w267_b0_fields.png
  p100  comb=  454860 (g=233,w=85,b=0) loss=9.508374e-03 -> b_test_nmae_p100_g233_w85_b0_input.png, b_test_nmae_p100_g233_w85_b0_fields.png
>> sample_cases_nmae_no_deg_pivot_ms_NO_I3O5_BCF16_L1_HC128_LR2e-03_WD0e+00_SS1_G9e-01_ch0u_260401_best_fno2d_compat_b_test DONE 2026-07-13 11:47:08

========== b_test sample_cases nmse -> NMSE_sample_case_plots_no_degenerate_pivot_manuscript ==========

>> sample_cases_nmse_no_deg_pivot_ms_NO_I3O5_BCF16_L1_HC128_LR2e-03_WD0e+00_SS1_G9e-01_ch0u_260401_best_fno2d_compat_b_test START 2026-07-13 11:47:08
python.exe : D:\Research\NO-2D-Metamaterials\NO_utilities.py:489: UserWarning: FigureCanvasAgg is non-interactive, and
thus cannot be shown
At D:\Research\NO-2D-Metamaterials\_run_no_degenerate_pivot_sample_cases_manuscript.ps1:29 char:9
+         & $PY @pyArgs 2>&1 | ForEach-Object { Write-Log $_ }
+         ~~~~~~~~~~~~~~~~~~
    + CategoryInfo          : NotSpecified: (D:\Research\NO-...cannot be shown:String) [], RemoteException
    + FullyQualifiedErrorId : NativeCommandError

  plt.show()
D:\Research\NO-2D-Metamaterials\NO_utilities.py:661: UserWarning: FigureCanvasAgg is non-interactive, and thus cannot
be shown
  plt.show()
Excluding 39 wavevectors: 1716000 / 1716000 samples kept for percentile selection

=== b_test  loss=nmse  (1716000 samples) ===
  p0    comb=  626422 (g=321,w=78,b=4) loss=2.216949e+01 -> b_test_nmse_p0_g321_w78_b4_input.png, b_test_nmse_p0_g321_w78_b4_fields.png
  p01   comb= 1356538 (g=695,w=214,b=4) loss=3.302798e+00 -> b_test_nmse_p01_g695_w214_b4_input.png, b_test_nmse_p01_g695_w214_b4_fields.png
  p10   comb=  299714 (g=153,w=227,b=2) loss=8.897766e-01 -> b_test_nmse_p10_g153_w227_b2_input.png, b_test_nmse_p10_g153_w227_b2_fields.png
  p20   comb= 1397883 (g=716,w=280,b=3) loss=4.327428e-01 -> b_test_nmse_p20_g716_w280_b3_input.png, b_test_nmse_p20_g716_w280_b3_fields.png
  p25   comb= 1441982 (g=739,w=155,b=2) loss=2.434735e-01 -> b_test_nmse_p25_g739_w155_b2_input.png, b_test_nmse_p25_g739_w155_b2_fields.png
  p30   comb= 1061963 (g=544,w=193,b=5) loss=1.359742e-01 -> b_test_nmse_p30_g544_w193_b5_input.png, b_test_nmse_p30_g544_w193_b5_fields.png
  p40   comb=  890629 (g=456,w=238,b=1) loss=5.436643e-02 -> b_test_nmse_p40_g456_w238_b1_input.png, b_test_nmse_p40_g456_w238_b1_fields.png
  p50   comb=  463429 (g=237,w=213,b=1) loss=2.773468e-02 -> b_test_nmse_p50_g237_w213_b1_input.png, b_test_nmse_p50_g237_w213_b1_fields.png
  p60   comb= 1919118 (g=984,w=53,b=0) loss=1.586035e-02 -> b_test_nmse_p60_g984_w53_b0_input.png, b_test_nmse_p60_g984_w53_b0_fields.png
  p70   comb= 1195014 (g=612,w=269,b=0) loss=9.302859e-03 -> b_test_nmse_p70_g612_w269_b0_input.png, b_test_nmse_p70_g612_w269_b0_fields.png
  p75   comb= 1076782 (g=552,w=63,b=4) loss=7.037941e-03 -> b_test_nmse_p75_g552_w63_b4_input.png, b_test_nmse_p75_g552_w63_b4_fields.png
  p80   comb=  803083 (g=411,w=272,b=1) loss=5.215936e-03 -> b_test_nmse_p80_g411_w272_b1_input.png, b_test_nmse_p80_g411_w272_b1_fields.png
  p90   comb=   57410 (g=29,w=143,b=2) loss=2.485522e-03 -> b_test_nmse_p90_g29_w143_b2_input.png, b_test_nmse_p90_g29_w143_b2_fields.png
  p99   comb=  621342 (g=318,w=207,b=0) loss=6.615049e-04 -> b_test_nmse_p99_g318_w207_b0_input.png, b_test_nmse_p99_g318_w207_b0_fields.png
  p100  comb=  454860 (g=233,w=85,b=0) loss=1.499321e-04 -> b_test_nmse_p100_g233_w85_b0_input.png, b_test_nmse_p100_g233_w85_b0_fields.png
>> sample_cases_nmse_no_deg_pivot_ms_NO_I3O5_BCF16_L1_HC128_LR2e-03_WD0e+00_SS1_G9e-01_ch0u_260401_best_fno2d_compat_b_test DONE 2026-07-13 11:47:33

========== b_test sample_cases nrms -> NRMS_sample_case_plots_no_degenerate_pivot_manuscript ==========

>> sample_cases_nrms_no_deg_pivot_ms_NO_I3O5_BCF16_L1_HC128_LR2e-03_WD0e+00_SS1_G9e-01_ch0u_260401_best_fno2d_compat_b_test START 2026-07-13 11:47:33
python.exe : D:\Research\NO-2D-Metamaterials\NO_utilities.py:489: UserWarning: FigureCanvasAgg is non-interactive, and
thus cannot be shown
At D:\Research\NO-2D-Metamaterials\_run_no_degenerate_pivot_sample_cases_manuscript.ps1:29 char:9
+         & $PY @pyArgs 2>&1 | ForEach-Object { Write-Log $_ }
+         ~~~~~~~~~~~~~~~~~~
    + CategoryInfo          : NotSpecified: (D:\Research\NO-...cannot be shown:String) [], RemoteException
    + FullyQualifiedErrorId : NativeCommandError

  plt.show()
D:\Research\NO-2D-Metamaterials\NO_utilities.py:661: UserWarning: FigureCanvasAgg is non-interactive, and thus cannot
be shown
  plt.show()
Excluding 39 wavevectors: 1716000 / 1716000 samples kept for percentile selection

=== b_test  loss=nrms  (1716000 samples) ===
  p0    comb=  626422 (g=321,w=78,b=4) loss=3.350780e+00 -> b_test_nrms_p0_g321_w78_b4_input.png, b_test_nrms_p0_g321_w78_b4_fields.png
  p01   comb=  103090 (g=52,w=281,b=4) loss=1.512628e+00 -> b_test_nrms_p01_g52_w281_b4_input.png, b_test_nrms_p01_g52_w281_b4_fields.png
  p10   comb= 1499850 (g=769,w=50,b=0) loss=8.268833e-01 -> b_test_nrms_p10_g769_w50_b0_input.png, b_test_nrms_p10_g769_w50_b0_fields.png
  p20   comb=  173909 (g=89,w=59,b=5) loss=5.675136e-01 -> b_test_nrms_p20_g89_w59_b5_input.png, b_test_nrms_p20_g89_w59_b5_fields.png
  p25   comb= 1227753 (g=629,w=200,b=3) loss=4.230867e-01 -> b_test_nrms_p25_g629_w200_b3_input.png, b_test_nrms_p25_g629_w200_b3_fields.png
  p30   comb=  904455 (g=463,w=267,b=3) loss=3.149585e-01 -> b_test_nrms_p30_g463_w267_b3_input.png, b_test_nrms_p30_g463_w267_b3_fields.png
  p40   comb=  744640 (g=381,w=281,b=4) loss=1.994789e-01 -> b_test_nrms_p40_g381_w281_b4_input.png, b_test_nrms_p40_g381_w281_b4_fields.png
  p50   comb=  675771 (g=346,w=178,b=3) loss=1.427183e-01 -> b_test_nrms_p50_g346_w178_b3_input.png, b_test_nrms_p50_g346_w178_b3_fields.png
  p60   comb=  641087 (g=328,w=247,b=5) loss=1.082099e-01 -> b_test_nrms_p60_g328_w247_b5_input.png, b_test_nrms_p60_g328_w247_b5_fields.png
  p70   comb= 1603304 (g=822,w=67,b=2) loss=8.294235e-02 -> b_test_nrms_p70_g822_w67_b2_input.png, b_test_nrms_p70_g822_w67_b2_fields.png
  p75   comb= 1555093 (g=797,w=157,b=1) loss=7.223550e-02 -> b_test_nrms_p75_g797_w157_b1_input.png, b_test_nrms_p75_g797_w157_b1_fields.png
  p80   comb=  288138 (g=147,w=248,b=0) loss=6.235679e-02 -> b_test_nrms_p80_g147_w248_b0_input.png, b_test_nrms_p80_g147_w248_b0_fields.png
  p90   comb=  484471 (g=248,w=145,b=1) loss=4.357965e-02 -> b_test_nrms_p90_g248_w145_b1_input.png, b_test_nrms_p90_g248_w145_b1_fields.png
  p99   comb=  935124 (g=479,w=179,b=0) loss=2.308156e-02 -> b_test_nrms_p99_g479_w179_b0_input.png, b_test_nrms_p99_g479_w179_b0_fields.png
  p100  comb=  454860 (g=233,w=85,b=0) loss=1.103210e-02 -> b_test_nrms_p100_g233_w85_b0_input.png, b_test_nrms_p100_g233_w85_b0_fields.png
>> sample_cases_nrms_no_deg_pivot_ms_NO_I3O5_BCF16_L1_HC128_LR2e-03_WD0e+00_SS1_G9e-01_ch0u_260401_best_fno2d_compat_b_test DONE 2026-07-13 11:47:57

################ MODEL NO_I3O5_BCF16_L1_HC128_LR2e-03_WD0e+00_SS1_G9e-01_ch0u_260619_E11_best_MAEMSE ################

========== c_test sample_cases mae -> MAE_sample_case_plots_no_degenerate_pivot_manuscript ==========

>> sample_cases_mae_no_deg_pivot_ms_NO_I3O5_BCF16_L1_HC128_LR2e-03_WD0e+00_SS1_G9e-01_ch0u_260619_E11_best_MAEMSE_c_test START 2026-07-13 11:47:57
python.exe : D:\Research\NO-2D-Metamaterials\NO_utilities.py:489: UserWarning: FigureCanvasAgg is non-interactive, and
thus cannot be shown
At D:\Research\NO-2D-Metamaterials\_run_no_degenerate_pivot_sample_cases_manuscript.ps1:29 char:9
+         & $PY @pyArgs 2>&1 | ForEach-Object { Write-Log $_ }
+         ~~~~~~~~~~~~~~~~~~
    + CategoryInfo          : NotSpecified: (D:\Research\NO-...cannot be shown:String) [], RemoteException
    + FullyQualifiedErrorId : NativeCommandError

  plt.show()
D:\Research\NO-2D-Metamaterials\NO_utilities.py:661: UserWarning: FigureCanvasAgg is non-interactive, and thus cannot
be shown
  plt.show()
Excluding 39 wavevectors: 1716000 / 1716000 samples kept for percentile selection

=== c_test  loss=mae  (1716000 samples) ===
  p0    comb=  152456 (g=78,w=59,b=2) loss=2.198791e-02 -> c_test_mae_p0_g78_w59_b2_input.png, c_test_mae_p0_g78_w59_b2_fields.png
  p01   comb=  982060 (g=503,w=201,b=4) loss=9.252416e-03 -> c_test_mae_p01_g503_w201_b4_input.png, c_test_mae_p01_g503_w201_b4_fields.png
  p10   comb= 1635731 (g=838,w=271,b=5) loss=2.491288e-03 -> c_test_mae_p10_g838_w271_b5_input.png, c_test_mae_p10_g838_w271_b5_fields.png
  p20   comb= 1524765 (g=781,w=302,b=3) loss=1.537204e-03 -> c_test_mae_p20_g781_w302_b3_input.png, c_test_mae_p20_g781_w302_b3_fields.png
  p25   comb=   74080 (g=37,w=321,b=4) loss=1.325952e-03 -> c_test_mae_p25_g37_w321_b4_input.png, c_test_mae_p25_g37_w321_b4_fields.png
  p30   comb= 1071267 (g=549,w=119,b=3) loss=1.174295e-03 -> c_test_mae_p30_g549_w119_b3_input.png, c_test_mae_p30_g549_w119_b3_fields.png
  p40   comb= 1345684 (g=690,w=30,b=4) loss=9.531737e-04 -> c_test_mae_p40_g690_w30_b4_input.png, c_test_mae_p40_g690_w30_b4_fields.png
  p50   comb= 1063431 (g=545,w=113,b=3) loss=7.903107e-04 -> c_test_mae_p50_g545_w113_b3_input.png, c_test_mae_p50_g545_w113_b3_fields.png
  p60   comb= 1713573 (g=878,w=245,b=3) loss=6.654338e-04 -> c_test_mae_p60_g878_w245_b3_input.png, c_test_mae_p60_g878_w245_b3_fields.png
  p70   comb= 1363281 (g=699,w=38,b=3) loss=5.550103e-04 -> c_test_mae_p70_g699_w38_b3_input.png, c_test_mae_p70_g699_w38_b3_fields.png
  p75   comb= 1625108 (g=833,w=126,b=2) loss=5.009837e-04 -> c_test_mae_p75_g833_w126_b2_input.png, c_test_mae_p75_g833_w126_b2_fields.png
  p80   comb=  625206 (g=320,w=201,b=0) loss=4.513712e-04 -> c_test_mae_p80_g320_w201_b0_input.png, c_test_mae_p80_g320_w201_b0_fields.png
  p90   comb= 1947932 (g=998,w=305,b=2) loss=3.696527e-04 -> c_test_mae_p90_g998_w305_b2_input.png, c_test_mae_p90_g998_w305_b2_fields.png
  p99   comb=  398748 (g=204,w=158,b=0) loss=2.880849e-04 -> c_test_mae_p99_g204_w158_b0_input.png, c_test_mae_p99_g204_w158_b0_fields.png
  p100  comb=  954219 (g=489,w=111,b=3) loss=2.022520e-04 -> c_test_mae_p100_g489_w111_b3_input.png, c_test_mae_p100_g489_w111_b3_fields.png
>> sample_cases_mae_no_deg_pivot_ms_NO_I3O5_BCF16_L1_HC128_LR2e-03_WD0e+00_SS1_G9e-01_ch0u_260619_E11_best_MAEMSE_c_test DONE 2026-07-13 11:48:22

========== c_test sample_cases mse -> MSE_sample_case_plots_no_degenerate_pivot_manuscript ==========

>> sample_cases_mse_no_deg_pivot_ms_NO_I3O5_BCF16_L1_HC128_LR2e-03_WD0e+00_SS1_G9e-01_ch0u_260619_E11_best_MAEMSE_c_test START 2026-07-13 11:48:22
python.exe : D:\Research\NO-2D-Metamaterials\NO_utilities.py:489: UserWarning: FigureCanvasAgg is non-interactive, and
thus cannot be shown
At D:\Research\NO-2D-Metamaterials\_run_no_degenerate_pivot_sample_cases_manuscript.ps1:29 char:9
+         & $PY @pyArgs 2>&1 | ForEach-Object { Write-Log $_ }
+         ~~~~~~~~~~~~~~~~~~
    + CategoryInfo          : NotSpecified: (D:\Research\NO-...cannot be shown:String) [], RemoteException
    + FullyQualifiedErrorId : NativeCommandError

  plt.show()
D:\Research\NO-2D-Metamaterials\NO_utilities.py:661: UserWarning: FigureCanvasAgg is non-interactive, and thus cannot
be shown
  plt.show()
Excluding 39 wavevectors: 1716000 / 1716000 samples kept for percentile selection

=== c_test  loss=mse  (1716000 samples) ===
  p0    comb= 1729563 (g=886,w=310,b=3) loss=9.187525e-04 -> c_test_mse_p0_g886_w310_b3_input.png, c_test_mse_p0_g886_w310_b3_fields.png
  p01   comb=  728645 (g=373,w=215,b=5) loss=3.241348e-04 -> c_test_mse_p01_g373_w215_b5_input.png, c_test_mse_p01_g373_w215_b5_fields.png
  p10   comb= 1608734 (g=824,w=322,b=2) loss=3.982704e-05 -> c_test_mse_p10_g824_w322_b2_input.png, c_test_mse_p10_g824_w322_b2_fields.png
  p20   comb= 1291973 (g=662,w=178,b=5) loss=9.918590e-06 -> c_test_mse_p20_g662_w178_b5_input.png, c_test_mse_p20_g662_w178_b5_fields.png
  p25   comb=  949498 (g=486,w=299,b=4) loss=6.723969e-06 -> c_test_mse_p25_g486_w299_b4_input.png, c_test_mse_p25_g486_w299_b4_fields.png
  p30   comb=  323639 (g=165,w=314,b=5) loss=4.993495e-06 -> c_test_mse_p30_g165_w314_b5_input.png, c_test_mse_p30_g165_w314_b5_fields.png
  p40   comb=  167677 (g=85,w=321,b=1) loss=3.169016e-06 -> c_test_mse_p40_g85_w321_b1_input.png, c_test_mse_p40_g85_w321_b1_fields.png
  p50   comb=  453149 (g=232,w=124,b=5) loss=2.150108e-06 -> c_test_mse_p50_g232_w124_b5_input.png, c_test_mse_p50_g232_w124_b5_fields.png
  p60   comb=  585780 (g=300,w=130,b=0) loss=1.477682e-06 -> c_test_mse_p60_g300_w130_b0_input.png, c_test_mse_p60_g300_w130_b0_fields.png
  p70   comb= 1025909 (g=526,w=34,b=5) loss=1.031728e-06 -> c_test_mse_p70_g526_w34_b5_input.png, c_test_mse_p70_g526_w34_b5_fields.png
  p75   comb=  330968 (g=169,w=236,b=2) loss=8.606897e-07 -> c_test_mse_p75_g169_w236_b2_input.png, c_test_mse_p75_g169_w236_b2_fields.png
  p80   comb= 1757582 (g=901,w=105,b=2) loss=7.050585e-07 -> c_test_mse_p80_g901_w105_b2_input.png, c_test_mse_p80_g901_w105_b2_fields.png
  p90   comb= 1906105 (g=977,w=159,b=1) loss=3.857660e-07 -> c_test_mse_p90_g977_w159_b1_input.png, c_test_mse_p90_g977_w159_b1_fields.png
  p99   comb= 1480590 (g=759,w=90,b=0) loss=1.687670e-07 -> c_test_mse_p99_g759_w90_b0_input.png, c_test_mse_p99_g759_w90_b0_fields.png
  p100  comb=  262110 (g=134,w=135,b=0) loss=8.964239e-08 -> c_test_mse_p100_g134_w135_b0_input.png, c_test_mse_p100_g134_w135_b0_fields.png
>> sample_cases_mse_no_deg_pivot_ms_NO_I3O5_BCF16_L1_HC128_LR2e-03_WD0e+00_SS1_G9e-01_ch0u_260619_E11_best_MAEMSE_c_test DONE 2026-07-13 11:48:46

========== c_test sample_cases rms -> RMS_sample_case_plots_no_degenerate_pivot_manuscript ==========

>> sample_cases_rms_no_deg_pivot_ms_NO_I3O5_BCF16_L1_HC128_LR2e-03_WD0e+00_SS1_G9e-01_ch0u_260619_E11_best_MAEMSE_c_test START 2026-07-13 11:48:46
python.exe : D:\Research\NO-2D-Metamaterials\NO_utilities.py:489: UserWarning: FigureCanvasAgg is non-interactive, and
thus cannot be shown
At D:\Research\NO-2D-Metamaterials\_run_no_degenerate_pivot_sample_cases_manuscript.ps1:29 char:9
+         & $PY @pyArgs 2>&1 | ForEach-Object { Write-Log $_ }
+         ~~~~~~~~~~~~~~~~~~
    + CategoryInfo          : NotSpecified: (D:\Research\NO-...cannot be shown:String) [], RemoteException
    + FullyQualifiedErrorId : NativeCommandError

  plt.show()
D:\Research\NO-2D-Metamaterials\NO_utilities.py:661: UserWarning: FigureCanvasAgg is non-interactive, and thus cannot
be shown
  plt.show()
Excluding 39 wavevectors: 1716000 / 1716000 samples kept for percentile selection

=== c_test  loss=rms  (1716000 samples) ===
  p0    comb= 1225347 (g=628,w=124,b=3) loss=2.605986e-02 -> c_test_rms_p0_g628_w124_b3_input.png, c_test_rms_p0_g628_w124_b3_fields.png
  p01   comb= 1682269 (g=862,w=228,b=1) loss=1.500247e-02 -> c_test_rms_p01_g862_w228_b1_input.png, c_test_rms_p01_g862_w228_b1_fields.png
  p10   comb= 1092754 (g=560,w=125,b=4) loss=5.324177e-03 -> c_test_rms_p10_g560_w125_b4_input.png, c_test_rms_p10_g560_w125_b4_fields.png
  p20   comb= 1023610 (g=524,w=301,b=4) loss=2.745627e-03 -> c_test_rms_p20_g524_w301_b4_input.png, c_test_rms_p20_g524_w301_b4_fields.png
  p25   comb=  530687 (g=272,w=47,b=5) loss=2.277373e-03 -> c_test_rms_p25_g272_w47_b5_input.png, c_test_rms_p25_g272_w47_b5_fields.png
  p30   comb= 1564504 (g=802,w=100,b=4) loss=1.974656e-03 -> c_test_rms_p30_g802_w100_b4_input.png, c_test_rms_p30_g802_w100_b4_fields.png
  p40   comb= 1810593 (g=928,w=165,b=3) loss=1.587972e-03 -> c_test_rms_p40_g928_w165_b3_input.png, c_test_rms_p40_g928_w165_b3_fields.png
  p50   comb=  378211 (g=193,w=310,b=1) loss=1.319333e-03 -> c_test_rms_p50_g193_w310_b1_input.png, c_test_rms_p50_g193_w310_b1_fields.png
  p60   comb=  465040 (g=238,w=156,b=4) loss=1.104373e-03 -> c_test_rms_p60_g238_w156_b4_input.png, c_test_rms_p60_g238_w156_b4_fields.png
  p70   comb= 1302379 (g=667,w=288,b=1) loss=9.329114e-04 -> c_test_rms_p70_g667_w288_b1_input.png, c_test_rms_p70_g667_w288_b1_fields.png
  p75   comb=  505358 (g=259,w=51,b=2) loss=8.568997e-04 -> c_test_rms_p75_g259_w51_b2_input.png, c_test_rms_p75_g259_w51_b2_fields.png
  p80   comb= 1614342 (g=827,w=282,b=0) loss=7.802435e-04 -> c_test_rms_p80_g827_w282_b0_input.png, c_test_rms_p80_g827_w282_b0_fields.png
  p90   comb= 1843350 (g=945,w=100,b=0) loss=5.832189e-04 -> c_test_rms_p90_g945_w100_b0_input.png, c_test_rms_p90_g945_w100_b0_fields.png
  p99   comb= 1566492 (g=803,w=107,b=0) loss=3.862432e-04 -> c_test_rms_p99_g803_w107_b0_input.png, c_test_rms_p99_g803_w107_b0_fields.png
  p100  comb=  722460 (g=370,w=160,b=0) loss=2.860583e-04 -> c_test_rms_p100_g370_w160_b0_input.png, c_test_rms_p100_g370_w160_b0_fields.png
>> sample_cases_rms_no_deg_pivot_ms_NO_I3O5_BCF16_L1_HC128_LR2e-03_WD0e+00_SS1_G9e-01_ch0u_260619_E11_best_MAEMSE_c_test DONE 2026-07-13 11:49:11

========== c_test sample_cases nmae -> NMAE_sample_case_plots_no_degenerate_pivot_manuscript ==========

>> sample_cases_nmae_no_deg_pivot_ms_NO_I3O5_BCF16_L1_HC128_LR2e-03_WD0e+00_SS1_G9e-01_ch0u_260619_E11_best_MAEMSE_c_test START 2026-07-13 11:49:11
python.exe : D:\Research\NO-2D-Metamaterials\NO_utilities.py:489: UserWarning: FigureCanvasAgg is non-interactive, and
thus cannot be shown
At D:\Research\NO-2D-Metamaterials\_run_no_degenerate_pivot_sample_cases_manuscript.ps1:29 char:9
+         & $PY @pyArgs 2>&1 | ForEach-Object { Write-Log $_ }
+         ~~~~~~~~~~~~~~~~~~
    + CategoryInfo          : NotSpecified: (D:\Research\NO-...cannot be shown:String) [], RemoteException
    + FullyQualifiedErrorId : NativeCommandError

  plt.show()
D:\Research\NO-2D-Metamaterials\NO_utilities.py:661: UserWarning: FigureCanvasAgg is non-interactive, and thus cannot
be shown
  plt.show()
Excluding 39 wavevectors: 1716000 / 1716000 samples kept for percentile selection

=== c_test  loss=nmae  (1716000 samples) ===
  p0    comb=  697005 (g=357,w=142,b=3) loss=7.831367e+01 -> c_test_nmae_p0_g357_w142_b3_input.png, c_test_nmae_p0_g357_w142_b3_fields.png
  p01   comb= 1754864 (g=899,w=302,b=2) loss=1.534915e+00 -> c_test_nmae_p01_g899_w302_b2_input.png, c_test_nmae_p01_g899_w302_b2_fields.png
  p10   comb= 1225186 (g=628,w=97,b=4) loss=5.445318e-01 -> c_test_nmae_p10_g628_w97_b4_input.png, c_test_nmae_p10_g628_w97_b4_fields.png
  p20   comb=  945610 (g=484,w=301,b=4) loss=3.118151e-01 -> c_test_nmae_p20_g484_w301_b4_input.png, c_test_nmae_p20_g484_w301_b4_fields.png
  p25   comb=  789531 (g=404,w=288,b=3) loss=2.559155e-01 -> c_test_nmae_p25_g404_w288_b3_input.png, c_test_nmae_p25_g404_w288_b3_fields.png
  p30   comb=   90759 (g=46,w=176,b=3) loss=2.145054e-01 -> c_test_nmae_p30_g46_w176_b3_input.png, c_test_nmae_p30_g46_w176_b3_fields.png
  p40   comb=  800905 (g=410,w=234,b=1) loss=1.573093e-01 -> c_test_nmae_p40_g410_w234_b1_input.png, c_test_nmae_p40_g410_w234_b1_fields.png
  p50   comb= 1799558 (g=922,w=276,b=2) loss=1.198883e-01 -> c_test_nmae_p50_g922_w276_b2_input.png, c_test_nmae_p50_g922_w276_b2_fields.png
  p60   comb= 1060007 (g=543,w=192,b=5) loss=9.418558e-02 -> c_test_nmae_p60_g543_w192_b5_input.png, c_test_nmae_p60_g543_w192_b5_fields.png
  p70   comb= 1933023 (g=991,w=95,b=3) loss=7.422890e-02 -> c_test_nmae_p70_g991_w95_b3_input.png, c_test_nmae_p70_g991_w95_b3_fields.png
  p75   comb=  210159 (g=107,w=251,b=3) loss=6.570569e-02 -> c_test_nmae_p75_g107_w251_b3_input.png, c_test_nmae_p75_g107_w251_b3_fields.png
  p80   comb=  280075 (g=143,w=204,b=1) loss=5.801802e-02 -> c_test_nmae_p80_g143_w204_b1_input.png, c_test_nmae_p80_g143_w204_b1_fields.png
  p90   comb= 1414434 (g=725,w=114,b=0) loss=4.270077e-02 -> c_test_nmae_p90_g725_w114_b0_input.png, c_test_nmae_p90_g725_w114_b0_fields.png
  p99   comb= 1900014 (g=974,w=119,b=0) loss=2.425924e-02 -> c_test_nmae_p99_g974_w119_b0_input.png, c_test_nmae_p99_g974_w119_b0_fields.png
  p100  comb=  374905 (g=192,w=84,b=1) loss=1.622058e-02 -> c_test_nmae_p100_g192_w84_b1_input.png, c_test_nmae_p100_g192_w84_b1_fields.png
>> sample_cases_nmae_no_deg_pivot_ms_NO_I3O5_BCF16_L1_HC128_LR2e-03_WD0e+00_SS1_G9e-01_ch0u_260619_E11_best_MAEMSE_c_test DONE 2026-07-13 11:49:36

========== c_test sample_cases nmse -> NMSE_sample_case_plots_no_degenerate_pivot_manuscript ==========

>> sample_cases_nmse_no_deg_pivot_ms_NO_I3O5_BCF16_L1_HC128_LR2e-03_WD0e+00_SS1_G9e-01_ch0u_260619_E11_best_MAEMSE_c_test START 2026-07-13 11:49:36
python.exe : D:\Research\NO-2D-Metamaterials\NO_utilities.py:489: UserWarning: FigureCanvasAgg is non-interactive, and
thus cannot be shown
At D:\Research\NO-2D-Metamaterials\_run_no_degenerate_pivot_sample_cases_manuscript.ps1:29 char:9
+         & $PY @pyArgs 2>&1 | ForEach-Object { Write-Log $_ }
+         ~~~~~~~~~~~~~~~~~~
    + CategoryInfo          : NotSpecified: (D:\Research\NO-...cannot be shown:String) [], RemoteException
    + FullyQualifiedErrorId : NativeCommandError

  plt.show()
D:\Research\NO-2D-Metamaterials\NO_utilities.py:661: UserWarning: FigureCanvasAgg is non-interactive, and thus cannot
be shown
  plt.show()
Excluding 39 wavevectors: 1716000 / 1716000 samples kept for percentile selection

=== c_test  loss=nmse  (1716000 samples) ===
  p0    comb=  250053 (g=128,w=75,b=3) loss=1.766204e+01 -> c_test_nmse_p0_g128_w75_b3_input.png, c_test_nmse_p0_g128_w75_b3_fields.png
  p01   comb= 1822114 (g=934,w=135,b=4) loss=1.632210e+00 -> c_test_nmse_p01_g934_w135_b4_input.png, c_test_nmse_p01_g934_w135_b4_fields.png
  p10   comb= 1173518 (g=601,w=261,b=2) loss=2.200135e-01 -> c_test_nmse_p10_g601_w261_b2_input.png, c_test_nmse_p10_g601_w261_b2_fields.png
  p20   comb=  525097 (g=269,w=91,b=1) loss=6.269244e-02 -> c_test_nmse_p20_g269_w91_b1_input.png, c_test_nmse_p20_g269_w91_b1_fields.png
  p25   comb=  248809 (g=127,w=193,b=1) loss=4.305290e-02 -> c_test_nmse_p25_g127_w193_b1_input.png, c_test_nmse_p25_g127_w193_b1_fields.png
  p30   comb=  736505 (g=377,w=225,b=5) loss=3.171424e-02 -> c_test_nmse_p30_g377_w225_b5_input.png, c_test_nmse_p30_g377_w225_b5_fields.png
  p40   comb=  852821 (g=437,w=111,b=5) loss=1.964162e-02 -> c_test_nmse_p40_g437_w111_b5_input.png, c_test_nmse_p40_g437_w111_b5_fields.png
  p50   comb= 1302086 (g=667,w=239,b=2) loss=1.330927e-02 -> c_test_nmse_p50_g667_w239_b2_input.png, c_test_nmse_p50_g667_w239_b2_fields.png
  p60   comb= 1604696 (g=822,w=299,b=2) loss=9.292791e-03 -> c_test_nmse_p60_g822_w299_b2_input.png, c_test_nmse_p60_g822_w299_b2_fields.png
  p70   comb= 1566744 (g=803,w=149,b=0) loss=6.475200e-03 -> c_test_nmse_p70_g803_w149_b0_input.png, c_test_nmse_p70_g803_w149_b0_fields.png
  p75   comb= 1034880 (g=530,w=230,b=0) loss=5.384547e-03 -> c_test_nmse_p75_g530_w230_b0_input.png, c_test_nmse_p75_g530_w230_b0_fields.png
  p80   comb=  676218 (g=346,w=253,b=0) loss=4.442236e-03 -> c_test_nmse_p80_g346_w253_b0_input.png, c_test_nmse_p80_g346_w253_b0_fields.png
  p90   comb= 1850288 (g=948,w=281,b=2) loss=2.702065e-03 -> c_test_nmse_p90_g948_w281_b2_input.png, c_test_nmse_p90_g948_w281_b2_fields.png
  p99   comb= 1219932 (g=625,w=197,b=0) loss=9.322288e-04 -> c_test_nmse_p99_g625_w197_b0_input.png, c_test_nmse_p99_g625_w197_b0_fields.png
  p100  comb= 1312849 (g=673,w=83,b=1) loss=4.339156e-04 -> c_test_nmse_p100_g673_w83_b1_input.png, c_test_nmse_p100_g673_w83_b1_fields.png
>> sample_cases_nmse_no_deg_pivot_ms_NO_I3O5_BCF16_L1_HC128_LR2e-03_WD0e+00_SS1_G9e-01_ch0u_260619_E11_best_MAEMSE_c_test DONE 2026-07-13 11:50:00

========== c_test sample_cases nrms -> NRMS_sample_case_plots_no_degenerate_pivot_manuscript ==========

>> sample_cases_nrms_no_deg_pivot_ms_NO_I3O5_BCF16_L1_HC128_LR2e-03_WD0e+00_SS1_G9e-01_ch0u_260619_E11_best_MAEMSE_c_test START 2026-07-13 11:50:00
python.exe : D:\Research\NO-2D-Metamaterials\NO_utilities.py:489: UserWarning: FigureCanvasAgg is non-interactive, and
thus cannot be shown
At D:\Research\NO-2D-Metamaterials\_run_no_degenerate_pivot_sample_cases_manuscript.ps1:29 char:9
+         & $PY @pyArgs 2>&1 | ForEach-Object { Write-Log $_ }
+         ~~~~~~~~~~~~~~~~~~
    + CategoryInfo          : NotSpecified: (D:\Research\NO-...cannot be shown:String) [], RemoteException
    + FullyQualifiedErrorId : NativeCommandError

  plt.show()
D:\Research\NO-2D-Metamaterials\NO_utilities.py:661: UserWarning: FigureCanvasAgg is non-interactive, and thus cannot
be shown
  plt.show()
Excluding 39 wavevectors: 1716000 / 1716000 samples kept for percentile selection

=== c_test  loss=nrms  (1716000 samples) ===
  p0    comb=  250053 (g=128,w=75,b=3) loss=2.987802e+00 -> c_test_nrms_p0_g128_w75_b3_input.png, c_test_nrms_p0_g128_w75_b3_fields.png
  p01   comb=   86846 (g=44,w=174,b=2) loss=1.084305e+00 -> c_test_nrms_p01_g44_w174_b2_input.png, c_test_nrms_p01_g44_w174_b2_fields.png
  p10   comb=  105879 (g=54,w=96,b=3) loss=3.961900e-01 -> c_test_nrms_p10_g54_w96_b3_input.png, c_test_nrms_p10_g54_w96_b3_fields.png
  p20   comb=  282609 (g=144,w=301,b=3) loss=2.105719e-01 -> c_test_nrms_p20_g144_w301_b3_input.png, c_test_nrms_p20_g144_w301_b3_fields.png
  p25   comb= 1353866 (g=694,w=94,b=2) loss=1.751034e-01 -> c_test_nrms_p25_g694_w94_b2_input.png, c_test_nrms_p25_g694_w94_b2_fields.png
  p30   comb= 1679534 (g=861,w=97,b=2) loss=1.509259e-01 -> c_test_nrms_p30_g861_w97_b2_input.png, c_test_nrms_p30_g861_w97_b2_fields.png
  p40   comb=   26885 (g=13,w=255,b=5) loss=1.195107e-01 -> c_test_nrms_p40_g13_w255_b5_input.png, c_test_nrms_p40_g13_w255_b5_fields.png
  p50   comb=  240050 (g=123,w=33,b=2) loss=9.868050e-02 -> c_test_nrms_p50_g123_w33_b2_input.png, c_test_nrms_p50_g123_w33_b2_fields.png
  p60   comb=   92997 (g=47,w=224,b=3) loss=8.263861e-02 -> c_test_nrms_p60_g47_w224_b3_input.png, c_test_nrms_p60_g47_w224_b3_fields.png
  p70   comb=  921481 (g=472,w=180,b=1) loss=6.913167e-02 -> c_test_nrms_p70_g472_w180_b1_input.png, c_test_nrms_p70_g472_w180_b1_fields.png
  p75   comb=  673089 (g=345,w=56,b=3) loss=6.311467e-02 -> c_test_nrms_p75_g345_w56_b3_input.png, c_test_nrms_p75_g345_w56_b3_fields.png
  p80   comb=  999894 (g=512,w=249,b=0) loss=5.739826e-02 -> c_test_nrms_p80_g512_w249_b0_input.png, c_test_nrms_p80_g512_w249_b0_fields.png
  p90   comb=  343922 (g=176,w=120,b=2) loss=4.461792e-02 -> c_test_nrms_p90_g176_w120_b2_input.png, c_test_nrms_p90_g176_w120_b2_fields.png
  p99   comb= 1500612 (g=769,w=177,b=0) loss=2.685839e-02 -> c_test_nrms_p99_g769_w177_b0_input.png, c_test_nrms_p99_g769_w177_b0_fields.png
  p100  comb= 1312849 (g=673,w=83,b=1) loss=1.866078e-02 -> c_test_nrms_p100_g673_w83_b1_input.png, c_test_nrms_p100_g673_w83_b1_fields.png
>> sample_cases_nrms_no_deg_pivot_ms_NO_I3O5_BCF16_L1_HC128_LR2e-03_WD0e+00_SS1_G9e-01_ch0u_260619_E11_best_MAEMSE_c_test DONE 2026-07-13 11:50:25

========== b_test sample_cases mae -> MAE_sample_case_plots_no_degenerate_pivot_manuscript ==========

>> sample_cases_mae_no_deg_pivot_ms_NO_I3O5_BCF16_L1_HC128_LR2e-03_WD0e+00_SS1_G9e-01_ch0u_260619_E11_best_MAEMSE_b_test START 2026-07-13 11:50:25
python.exe : D:\Research\NO-2D-Metamaterials\NO_utilities.py:489: UserWarning: FigureCanvasAgg is non-interactive, and
thus cannot be shown
At D:\Research\NO-2D-Metamaterials\_run_no_degenerate_pivot_sample_cases_manuscript.ps1:29 char:9
+         & $PY @pyArgs 2>&1 | ForEach-Object { Write-Log $_ }
+         ~~~~~~~~~~~~~~~~~~
    + CategoryInfo          : NotSpecified: (D:\Research\NO-...cannot be shown:String) [], RemoteException
    + FullyQualifiedErrorId : NativeCommandError

  plt.show()
D:\Research\NO-2D-Metamaterials\NO_utilities.py:661: UserWarning: FigureCanvasAgg is non-interactive, and thus cannot
be shown
  plt.show()
Excluding 39 wavevectors: 1716000 / 1716000 samples kept for percentile selection

=== b_test  loss=mae  (1716000 samples) ===
  p0    comb=  679462 (g=348,w=143,b=4) loss=3.624558e-02 -> b_test_mae_p0_g348_w143_b4_input.png, b_test_mae_p0_g348_w143_b4_fields.png
  p01   comb= 1010525 (g=518,w=70,b=5) loss=1.379385e-02 -> b_test_mae_p01_g518_w70_b5_input.png, b_test_mae_p01_g518_w70_b5_fields.png
  p10   comb=  343396 (g=176,w=32,b=4) loss=6.441926e-03 -> b_test_mae_p10_g176_w32_b4_input.png, b_test_mae_p10_g176_w32_b4_fields.png
  p20   comb=  667785 (g=342,w=147,b=3) loss=4.172697e-03 -> b_test_mae_p20_g342_w147_b3_input.png, b_test_mae_p20_g342_w147_b3_fields.png
  p25   comb= 1090771 (g=559,w=120,b=1) loss=3.430392e-03 -> b_test_mae_p25_g559_w120_b1_input.png, b_test_mae_p25_g559_w120_b1_fields.png
  p30   comb= 1091301 (g=559,w=208,b=3) loss=2.847628e-03 -> b_test_mae_p30_g559_w208_b3_input.png, b_test_mae_p30_g559_w208_b3_fields.png
  p40   comb=  460383 (g=236,w=30,b=3) loss=2.038128e-03 -> b_test_mae_p40_g236_w30_b3_input.png, b_test_mae_p40_g236_w30_b3_fields.png
  p50   comb=  727883 (g=373,w=88,b=5) loss=1.555789e-03 -> b_test_mae_p50_g373_w88_b5_input.png, b_test_mae_p50_g373_w88_b5_fields.png
  p60   comb=  724657 (g=371,w=201,b=1) loss=1.235720e-03 -> b_test_mae_p60_g371_w201_b1_input.png, b_test_mae_p60_g371_w201_b1_fields.png
  p70   comb=  224503 (g=115,w=42,b=1) loss=9.954518e-04 -> b_test_mae_p70_g115_w42_b1_input.png, b_test_mae_p70_g115_w42_b1_fields.png
  p75   comb= 1638638 (g=840,w=106,b=2) loss=8.932661e-04 -> b_test_mae_p75_g840_w106_b2_input.png, b_test_mae_p75_g840_w106_b2_fields.png
  p80   comb= 1110811 (g=569,w=210,b=1) loss=7.981277e-04 -> b_test_mae_p80_g569_w210_b1_input.png, b_test_mae_p80_g569_w210_b1_fields.png
  p90   comb=  541374 (g=277,w=204,b=0) loss=6.197945e-04 -> b_test_mae_p90_g277_w204_b0_input.png, b_test_mae_p90_g277_w204_b0_fields.png
  p99   comb= 1654444 (g=848,w=140,b=4) loss=4.186196e-04 -> b_test_mae_p99_g848_w140_b4_input.png, b_test_mae_p99_g848_w140_b4_fields.png
  p100  comb=  557233 (g=285,w=247,b=1) loss=2.512191e-04 -> b_test_mae_p100_g285_w247_b1_input.png, b_test_mae_p100_g285_w247_b1_fields.png
>> sample_cases_mae_no_deg_pivot_ms_NO_I3O5_BCF16_L1_HC128_LR2e-03_WD0e+00_SS1_G9e-01_ch0u_260619_E11_best_MAEMSE_b_test DONE 2026-07-13 11:50:51

========== b_test sample_cases mse -> MSE_sample_case_plots_no_degenerate_pivot_manuscript ==========

>> sample_cases_mse_no_deg_pivot_ms_NO_I3O5_BCF16_L1_HC128_LR2e-03_WD0e+00_SS1_G9e-01_ch0u_260619_E11_best_MAEMSE_b_test START 2026-07-13 11:50:51
python.exe : D:\Research\NO-2D-Metamaterials\NO_utilities.py:489: UserWarning: FigureCanvasAgg is non-interactive, and
thus cannot be shown
At D:\Research\NO-2D-Metamaterials\_run_no_degenerate_pivot_sample_cases_manuscript.ps1:29 char:9
+         & $PY @pyArgs 2>&1 | ForEach-Object { Write-Log $_ }
+         ~~~~~~~~~~~~~~~~~~
    + CategoryInfo          : NotSpecified: (D:\Research\NO-...cannot be shown:String) [], RemoteException
    + FullyQualifiedErrorId : NativeCommandError

  plt.show()
D:\Research\NO-2D-Metamaterials\NO_utilities.py:661: UserWarning: FigureCanvasAgg is non-interactive, and thus cannot
be shown
  plt.show()
Excluding 39 wavevectors: 1716000 / 1716000 samples kept for percentile selection

=== b_test  loss=mse  (1716000 samples) ===
  p0    comb=  679894 (g=348,w=215,b=4) loss=3.338996e-03 -> b_test_mse_p0_g348_w215_b4_input.png, b_test_mse_p0_g348_w215_b4_fields.png
  p01   comb=  947945 (g=486,w=40,b=5) loss=5.223387e-04 -> b_test_mse_p01_g486_w40_b5_input.png, b_test_mse_p01_g486_w40_b5_fields.png
  p10   comb= 1580546 (g=810,w=174,b=2) loss=2.088533e-04 -> b_test_mse_p10_g810_w174_b2_input.png, b_test_mse_p10_g810_w174_b2_fields.png
  p20   comb=  349941 (g=179,w=148,b=3) loss=9.315883e-05 -> b_test_mse_p20_g179_w148_b3_input.png, b_test_mse_p20_g179_w148_b3_fields.png
  p25   comb=   13496 (g=6,w=299,b=2) loss=5.252090e-05 -> b_test_mse_p25_g6_w299_b2_input.png, b_test_mse_p25_g6_w299_b2_fields.png
  p30   comb= 1333647 (g=683,w=299,b=3) loss=3.002748e-05 -> b_test_mse_p30_g683_w299_b3_input.png, b_test_mse_p30_g683_w299_b3_fields.png
  p40   comb= 1282207 (g=657,w=176,b=1) loss=1.274873e-05 -> b_test_mse_p40_g657_w176_b1_input.png, b_test_mse_p40_g657_w176_b1_fields.png
  p50   comb= 1314094 (g=673,w=290,b=4) loss=6.963465e-06 -> b_test_mse_p50_g673_w290_b4_input.png, b_test_mse_p50_g673_w290_b4_fields.png
  p60   comb= 1949641 (g=999,w=265,b=1) loss=4.264946e-06 -> b_test_mse_p60_g999_w265_b1_input.png, b_test_mse_p60_g999_w265_b1_fields.png
  p70   comb=  140733 (g=72,w=55,b=3) loss=2.711801e-06 -> b_test_mse_p70_g72_w55_b3_input.png, b_test_mse_p70_g72_w55_b3_fields.png
  p75   comb=  192230 (g=98,w=188,b=2) loss=2.155314e-06 -> b_test_mse_p75_g98_w188_b2_input.png, b_test_mse_p75_g98_w188_b2_fields.png
  p80   comb=  146124 (g=74,w=304,b=0) loss=1.701314e-06 -> b_test_mse_p80_g74_w304_b0_input.png, b_test_mse_p80_g74_w304_b0_fields.png
  p90   comb= 1145544 (g=587,w=149,b=0) loss=9.819689e-07 -> b_test_mse_p90_g587_w149_b0_input.png, b_test_mse_p90_g587_w149_b0_fields.png
  p99   comb= 1614954 (g=828,w=59,b=0) loss=3.810743e-07 -> b_test_mse_p99_g828_w59_b0_input.png, b_test_mse_p99_g828_w59_b0_fields.png
  p100  comb= 1925454 (g=987,w=134,b=0) loss=1.479031e-07 -> b_test_mse_p100_g987_w134_b0_input.png, b_test_mse_p100_g987_w134_b0_fields.png
>> sample_cases_mse_no_deg_pivot_ms_NO_I3O5_BCF16_L1_HC128_LR2e-03_WD0e+00_SS1_G9e-01_ch0u_260619_E11_best_MAEMSE_b_test DONE 2026-07-13 11:51:16

========== b_test sample_cases rms -> RMS_sample_case_plots_no_degenerate_pivot_manuscript ==========

>> sample_cases_rms_no_deg_pivot_ms_NO_I3O5_BCF16_L1_HC128_LR2e-03_WD0e+00_SS1_G9e-01_ch0u_260619_E11_best_MAEMSE_b_test START 2026-07-13 11:51:16
python.exe : D:\Research\NO-2D-Metamaterials\NO_utilities.py:489: UserWarning: FigureCanvasAgg is non-interactive, and
thus cannot be shown
At D:\Research\NO-2D-Metamaterials\_run_no_degenerate_pivot_sample_cases_manuscript.ps1:29 char:9
+         & $PY @pyArgs 2>&1 | ForEach-Object { Write-Log $_ }
+         ~~~~~~~~~~~~~~~~~~
    + CategoryInfo          : NotSpecified: (D:\Research\NO-...cannot be shown:String) [], RemoteException
    + FullyQualifiedErrorId : NativeCommandError

  plt.show()
D:\Research\NO-2D-Metamaterials\NO_utilities.py:661: UserWarning: FigureCanvasAgg is non-interactive, and thus cannot
be shown
  plt.show()
Excluding 39 wavevectors: 1716000 / 1716000 samples kept for percentile selection

=== b_test  loss=rms  (1716000 samples) ===
  p0    comb=  679924 (g=348,w=220,b=4) loss=3.752513e-02 -> b_test_rms_p0_g348_w220_b4_input.png, b_test_rms_p0_g348_w220_b4_fields.png
  p01   comb=  905416 (g=464,w=102,b=4) loss=1.928747e-02 -> b_test_rms_p01_g464_w102_b4_input.png, b_test_rms_p01_g464_w102_b4_fields.png
  p10   comb=  677033 (g=347,w=63,b=5) loss=1.239708e-02 -> b_test_rms_p10_g347_w63_b5_input.png, b_test_rms_p10_g347_w63_b5_fields.png
  p20   comb= 1068791 (g=548,w=31,b=5) loss=8.261275e-03 -> b_test_rms_p20_g548_w31_b5_input.png, b_test_rms_p20_g548_w31_b5_fields.png
  p25   comb=  261685 (g=134,w=64,b=1) loss=6.267610e-03 -> b_test_rms_p25_g134_w64_b1_input.png, b_test_rms_p25_g134_w64_b1_fields.png
  p30   comb=  362056 (g=185,w=217,b=4) loss=4.797775e-03 -> b_test_rms_p30_g185_w217_b4_input.png, b_test_rms_p30_g185_w217_b4_fields.png
  p40   comb= 1379957 (g=707,w=217,b=5) loss=3.178502e-03 -> b_test_rms_p40_g707_w217_b5_input.png, b_test_rms_p40_g707_w217_b5_fields.png
  p50   comb= 1825511 (g=936,w=51,b=5) loss=2.373051e-03 -> b_test_rms_p50_g936_w51_b5_input.png, b_test_rms_p50_g936_w51_b5_fields.png
  p60   comb= 1886157 (g=967,w=84,b=3) loss=1.874407e-03 -> b_test_rms_p60_g967_w84_b3_input.png, b_test_rms_p60_g967_w84_b3_fields.png
  p70   comb= 1619014 (g=830,w=85,b=4) loss=1.505691e-03 -> b_test_rms_p70_g830_w85_b4_input.png, b_test_rms_p70_g830_w85_b4_fields.png
  p75   comb= 1236872 (g=634,w=95,b=2) loss=1.346907e-03 -> b_test_rms_p75_g634_w95_b2_input.png, b_test_rms_p75_g634_w95_b2_fields.png
  p80   comb=  251790 (g=129,w=40,b=0) loss=1.202249e-03 -> b_test_rms_p80_g129_w40_b0_input.png, b_test_rms_p80_g129_w40_b0_fields.png
  p90   comb=  220680 (g=113,w=55,b=0) loss=9.234690e-04 -> b_test_rms_p90_g113_w55_b0_input.png, b_test_rms_p90_g113_w55_b0_fields.png
  p99   comb= 1185240 (g=607,w=265,b=0) loss=5.895414e-04 -> b_test_rms_p99_g607_w265_b0_input.png, b_test_rms_p99_g607_w265_b0_fields.png
  p100  comb= 1925454 (g=987,w=134,b=0) loss=3.578502e-04 -> b_test_rms_p100_g987_w134_b0_input.png, b_test_rms_p100_g987_w134_b0_fields.png
>> sample_cases_rms_no_deg_pivot_ms_NO_I3O5_BCF16_L1_HC128_LR2e-03_WD0e+00_SS1_G9e-01_ch0u_260619_E11_best_MAEMSE_b_test DONE 2026-07-13 11:51:41

========== b_test sample_cases nmae -> NMAE_sample_case_plots_no_degenerate_pivot_manuscript ==========

>> sample_cases_nmae_no_deg_pivot_ms_NO_I3O5_BCF16_L1_HC128_LR2e-03_WD0e+00_SS1_G9e-01_ch0u_260619_E11_best_MAEMSE_b_test START 2026-07-13 11:51:41
python.exe : D:\Research\NO-2D-Metamaterials\NO_utilities.py:489: UserWarning: FigureCanvasAgg is non-interactive, and
thus cannot be shown
At D:\Research\NO-2D-Metamaterials\_run_no_degenerate_pivot_sample_cases_manuscript.ps1:29 char:9
+         & $PY @pyArgs 2>&1 | ForEach-Object { Write-Log $_ }
+         ~~~~~~~~~~~~~~~~~~
    + CategoryInfo          : NotSpecified: (D:\Research\NO-...cannot be shown:String) [], RemoteException
    + FullyQualifiedErrorId : NativeCommandError

  plt.show()
D:\Research\NO-2D-Metamaterials\NO_utilities.py:661: UserWarning: FigureCanvasAgg is non-interactive, and thus cannot
be shown
  plt.show()
Excluding 39 wavevectors: 1716000 / 1716000 samples kept for percentile selection

=== b_test  loss=nmae  (1716000 samples) ===
  p0    comb=  844191 (g=432,w=298,b=3) loss=1.237348e+02 -> b_test_nmae_p0_g432_w298_b3_input.png, b_test_nmae_p0_g432_w298_b3_fields.png
  p01   comb=   81106 (g=41,w=192,b=4) loss=2.312142e+00 -> b_test_nmae_p01_g41_w192_b4_input.png, b_test_nmae_p01_g41_w192_b4_fields.png
  p10   comb=  735068 (g=376,w=311,b=2) loss=9.896702e-01 -> b_test_nmae_p10_g376_w311_b2_input.png, b_test_nmae_p10_g376_w311_b2_fields.png
  p20   comb= 1101484 (g=564,w=280,b=4) loss=6.743298e-01 -> b_test_nmae_p20_g564_w280_b4_input.png, b_test_nmae_p20_g564_w280_b4_fields.png
  p25   comb= 1058252 (g=542,w=225,b=2) loss=5.303496e-01 -> b_test_nmae_p25_g542_w225_b2_input.png, b_test_nmae_p25_g542_w225_b2_fields.png
  p30   comb=  490527 (g=251,w=179,b=3) loss=4.190193e-01 -> b_test_nmae_p30_g251_w179_b3_input.png, b_test_nmae_p30_g251_w179_b3_fields.png
  p40   comb= 1193603 (g=612,w=33,b=5) loss=2.828359e-01 -> b_test_nmae_p40_g612_w33_b5_input.png, b_test_nmae_p40_g612_w33_b5_fields.png
  p50   comb=  301197 (g=154,w=149,b=3) loss=2.109523e-01 -> b_test_nmae_p50_g154_w149_b3_input.png, b_test_nmae_p50_g154_w149_b3_fields.png
  p60   comb= 1835779 (g=941,w=138,b=1) loss=1.656230e-01 -> b_test_nmae_p60_g941_w138_b1_input.png, b_test_nmae_p60_g941_w138_b1_fields.png
  p70   comb= 1712952 (g=878,w=142,b=0) loss=1.309545e-01 -> b_test_nmae_p70_g878_w142_b0_input.png, b_test_nmae_p70_g878_w142_b0_fields.png
  p75   comb= 1351089 (g=692,w=281,b=3) loss=1.156056e-01 -> b_test_nmae_p75_g692_w281_b3_input.png, b_test_nmae_p75_g692_w281_b3_fields.png
  p80   comb=  941277 (g=482,w=229,b=3) loss=1.010203e-01 -> b_test_nmae_p80_g482_w229_b3_input.png, b_test_nmae_p80_g482_w229_b3_fields.png
  p90   comb=  541902 (g=277,w=292,b=0) loss=7.131554e-02 -> b_test_nmae_p90_g277_w292_b0_input.png, b_test_nmae_p90_g277_w292_b0_fields.png
  p99   comb=  276042 (g=141,w=182,b=0) loss=3.743115e-02 -> b_test_nmae_p99_g141_w182_b0_input.png, b_test_nmae_p99_g141_w182_b0_fields.png
  p100  comb= 1925154 (g=987,w=84,b=0) loss=2.045057e-02 -> b_test_nmae_p100_g987_w84_b0_input.png, b_test_nmae_p100_g987_w84_b0_fields.png
>> sample_cases_nmae_no_deg_pivot_ms_NO_I3O5_BCF16_L1_HC128_LR2e-03_WD0e+00_SS1_G9e-01_ch0u_260619_E11_best_MAEMSE_b_test DONE 2026-07-13 11:52:06

========== b_test sample_cases nmse -> NMSE_sample_case_plots_no_degenerate_pivot_manuscript ==========

>> sample_cases_nmse_no_deg_pivot_ms_NO_I3O5_BCF16_L1_HC128_LR2e-03_WD0e+00_SS1_G9e-01_ch0u_260619_E11_best_MAEMSE_b_test START 2026-07-13 11:52:06
python.exe : D:\Research\NO-2D-Metamaterials\NO_utilities.py:489: UserWarning: FigureCanvasAgg is non-interactive, and
thus cannot be shown
At D:\Research\NO-2D-Metamaterials\_run_no_degenerate_pivot_sample_cases_manuscript.ps1:29 char:9
+         & $PY @pyArgs 2>&1 | ForEach-Object { Write-Log $_ }
+         ~~~~~~~~~~~~~~~~~~
    + CategoryInfo          : NotSpecified: (D:\Research\NO-...cannot be shown:String) [], RemoteException
    + FullyQualifiedErrorId : NativeCommandError

  plt.show()
D:\Research\NO-2D-Metamaterials\NO_utilities.py:661: UserWarning: FigureCanvasAgg is non-interactive, and thus cannot
be shown
  plt.show()
Excluding 39 wavevectors: 1716000 / 1716000 samples kept for percentile selection

=== b_test  loss=nmse  (1716000 samples) ===
  p0    comb= 1317728 (g=675,w=246,b=2) loss=2.527949e+01 -> b_test_nmse_p0_g675_w246_b2_input.png, b_test_nmse_p0_g675_w246_b2_fields.png
  p01   comb=   73181 (g=37,w=171,b=5) loss=2.955527e+00 -> b_test_nmse_p01_g37_w171_b5_input.png, b_test_nmse_p01_g37_w171_b5_fields.png
  p10   comb= 1886758 (g=967,w=184,b=4) loss=9.189857e-01 -> b_test_nmse_p10_g967_w184_b4_input.png, b_test_nmse_p10_g967_w184_b4_fields.png
  p20   comb=  526408 (g=269,w=309,b=4) loss=4.473352e-01 -> b_test_nmse_p20_g269_w309_b4_input.png, b_test_nmse_p20_g269_w309_b4_fields.png
  p25   comb=  377068 (g=193,w=119,b=4) loss=2.692542e-01 -> b_test_nmse_p25_g193_w119_b4_input.png, b_test_nmse_p25_g193_w119_b4_fields.png
  p30   comb=  321191 (g=164,w=231,b=5) loss=1.632840e-01 -> b_test_nmse_p30_g164_w231_b5_input.png, b_test_nmse_p30_g164_w231_b5_fields.png
  p40   comb=  393817 (g=201,w=311,b=1) loss=7.296512e-02 -> b_test_nmse_p40_g201_w311_b1_input.png, b_test_nmse_p40_g201_w311_b1_fields.png
  p50   comb= 1855091 (g=951,w=106,b=5) loss=4.125555e-02 -> b_test_nmse_p50_g951_w106_b5_input.png, b_test_nmse_p50_g951_w106_b5_fields.png
  p60   comb= 1222346 (g=626,w=274,b=2) loss=2.588106e-02 -> b_test_nmse_p60_g626_w274_b2_input.png, b_test_nmse_p60_g626_w274_b2_fields.png
  p70   comb=  430252 (g=220,w=208,b=4) loss=1.677902e-02 -> b_test_nmse_p70_g220_w208_b4_input.png, b_test_nmse_p70_g220_w208_b4_fields.png
  p75   comb=  844640 (g=433,w=48,b=2) loss=1.343306e-02 -> b_test_nmse_p75_g433_w48_b2_input.png, b_test_nmse_p75_g433_w48_b2_fields.png
  p80   comb= 1268109 (g=650,w=101,b=3) loss=1.057688e-02 -> b_test_nmse_p80_g650_w101_b3_input.png, b_test_nmse_p80_g650_w101_b3_fields.png
  p90   comb= 1504100 (g=771,w=108,b=2) loss=5.908391e-03 -> b_test_nmse_p90_g771_w108_b2_input.png, b_test_nmse_p90_g771_w108_b2_fields.png
  p99   comb= 1650360 (g=846,w=110,b=0) loss=1.994035e-03 -> b_test_nmse_p99_g846_w110_b0_input.png, b_test_nmse_p99_g846_w110_b0_fields.png
  p100  comb= 1925154 (g=987,w=84,b=0) loss=6.824498e-04 -> b_test_nmse_p100_g987_w84_b0_input.png, b_test_nmse_p100_g987_w84_b0_fields.png
>> sample_cases_nmse_no_deg_pivot_ms_NO_I3O5_BCF16_L1_HC128_LR2e-03_WD0e+00_SS1_G9e-01_ch0u_260619_E11_best_MAEMSE_b_test DONE 2026-07-13 11:52:30

========== b_test sample_cases nrms -> NRMS_sample_case_plots_no_degenerate_pivot_manuscript ==========

>> sample_cases_nrms_no_deg_pivot_ms_NO_I3O5_BCF16_L1_HC128_LR2e-03_WD0e+00_SS1_G9e-01_ch0u_260619_E11_best_MAEMSE_b_test START 2026-07-13 11:52:30
python.exe : D:\Research\NO-2D-Metamaterials\NO_utilities.py:489: UserWarning: FigureCanvasAgg is non-interactive, and
thus cannot be shown
At D:\Research\NO-2D-Metamaterials\_run_no_degenerate_pivot_sample_cases_manuscript.ps1:29 char:9
+         & $PY @pyArgs 2>&1 | ForEach-Object { Write-Log $_ }
+         ~~~~~~~~~~~~~~~~~~
    + CategoryInfo          : NotSpecified: (D:\Research\NO-...cannot be shown:String) [], RemoteException
    + FullyQualifiedErrorId : NativeCommandError

  plt.show()
D:\Research\NO-2D-Metamaterials\NO_utilities.py:661: UserWarning: FigureCanvasAgg is non-interactive, and thus cannot
be shown
  plt.show()
Excluding 39 wavevectors: 1716000 / 1716000 samples kept for percentile selection

=== b_test  loss=nrms  (1716000 samples) ===
  p0    comb= 1317728 (g=675,w=246,b=2) loss=3.540765e+00 -> b_test_nrms_p0_g675_w246_b2_input.png, b_test_nrms_p0_g675_w246_b2_fields.png
  p01   comb=   59429 (g=30,w=154,b=5) loss=1.454245e+00 -> b_test_nrms_p01_g30_w154_b5_input.png, b_test_nrms_p01_g30_w154_b5_fields.png
  p10   comb= 1565717 (g=802,w=302,b=5) loss=8.418735e-01 -> b_test_nrms_p10_g802_w302_b5_input.png, b_test_nrms_p10_g802_w302_b5_fields.png
  p20   comb= 1377569 (g=706,w=144,b=5) loss=5.785632e-01 -> b_test_nrms_p20_g706_w144_b5_input.png, b_test_nrms_p20_g706_w144_b5_fields.png
  p25   comb= 1800639 (g=923,w=131,b=3) loss=4.466993e-01 -> b_test_nrms_p25_g923_w131_b3_input.png, b_test_nrms_p25_g923_w131_b3_fields.png
  p30   comb=  156963 (g=80,w=160,b=3) loss=3.464325e-01 -> b_test_nrms_p30_g80_w160_b3_input.png, b_test_nrms_p30_g80_w160_b3_fields.png
  p40   comb= 1055699 (g=541,w=124,b=5) loss=2.316625e-01 -> b_test_nrms_p40_g541_w124_b5_input.png, b_test_nrms_p40_g541_w124_b5_fields.png
  p50   comb=  865670 (g=443,w=303,b=2) loss=1.743467e-01 -> b_test_nrms_p50_g443_w303_b2_input.png, b_test_nrms_p50_g443_w303_b2_fields.png
  p60   comb=  755560 (g=387,w=151,b=4) loss=1.384348e-01 -> b_test_nrms_p60_g387_w151_b4_input.png, b_test_nrms_p60_g387_w151_b4_fields.png
  p70   comb= 1475976 (g=756,w=296,b=0) loss=1.119273e-01 -> b_test_nrms_p70_g756_w296_b0_input.png, b_test_nrms_p70_g756_w296_b0_fields.png
  p75   comb= 1065968 (g=546,w=211,b=2) loss=1.003876e-01 -> b_test_nrms_p75_g546_w211_b2_input.png, b_test_nrms_p75_g546_w211_b2_fields.png
  p80   comb= 1266040 (g=649,w=81,b=4) loss=8.927947e-02 -> b_test_nrms_p80_g649_w81_b4_input.png, b_test_nrms_p80_g649_w81_b4_fields.png
  p90   comb=  247405 (g=126,w=284,b=1) loss=6.741498e-02 -> b_test_nrms_p90_g126_w284_b1_input.png, b_test_nrms_p90_g126_w284_b1_fields.png
  p99   comb=  170305 (g=87,w=109,b=1) loss=4.036001e-02 -> b_test_nrms_p99_g87_w109_b1_input.png, b_test_nrms_p99_g87_w109_b1_fields.png
  p100  comb= 1925454 (g=987,w=134,b=0) loss=2.408628e-02 -> b_test_nrms_p100_g987_w134_b0_input.png, b_test_nrms_p100_g987_w134_b0_fields.png
>> sample_cases_nrms_no_deg_pivot_ms_NO_I3O5_BCF16_L1_HC128_LR2e-03_WD0e+00_SS1_G9e-01_ch0u_260619_E11_best_MAEMSE_b_test DONE 2026-07-13 11:52:55

################ MODEL NO_I3O5_BCF16_SL1_HC128_LR2e-03_WD0e+00_SS1_G9e-01_ch0u_260626_E11 ################

========== c_test sample_cases mae -> MAE_sample_case_plots_no_degenerate_pivot_manuscript ==========

>> sample_cases_mae_no_deg_pivot_ms_NO_I3O5_BCF16_SL1_HC128_LR2e-03_WD0e+00_SS1_G9e-01_ch0u_260626_E11_c_test START 2026-07-13 11:52:55
python.exe : D:\Research\NO-2D-Metamaterials\NO_utilities.py:489: UserWarning: FigureCanvasAgg is non-interactive, and
thus cannot be shown
At D:\Research\NO-2D-Metamaterials\_run_no_degenerate_pivot_sample_cases_manuscript.ps1:29 char:9
+         & $PY @pyArgs 2>&1 | ForEach-Object { Write-Log $_ }
+         ~~~~~~~~~~~~~~~~~~
    + CategoryInfo          : NotSpecified: (D:\Research\NO-...cannot be shown:String) [], RemoteException
    + FullyQualifiedErrorId : NativeCommandError

  plt.show()
D:\Research\NO-2D-Metamaterials\NO_utilities.py:661: UserWarning: FigureCanvasAgg is non-interactive, and thus cannot
be shown
  plt.show()
Excluding 39 wavevectors: 1716000 / 1716000 samples kept for percentile selection

=== c_test  loss=mae  (1716000 samples) ===
  p0    comb= 1892291 (g=970,w=131,b=5) loss=2.230432e-02 -> c_test_mae_p0_g970_w131_b5_input.png, c_test_mae_p0_g970_w131_b5_fields.png
  p01   comb= 1829068 (g=937,w=319,b=4) loss=1.018832e-02 -> c_test_mae_p01_g937_w319_b4_input.png, c_test_mae_p01_g937_w319_b4_fields.png
  p10   comb=  168599 (g=86,w=149,b=5) loss=2.435612e-03 -> c_test_mae_p10_g86_w149_b5_input.png, c_test_mae_p10_g86_w149_b5_fields.png
  p20   comb=  704890 (g=361,w=156,b=4) loss=1.397088e-03 -> c_test_mae_p20_g361_w156_b4_input.png, c_test_mae_p20_g361_w156_b4_fields.png
  p25   comb=  111352 (g=57,w=33,b=4) loss=1.168872e-03 -> c_test_mae_p25_g57_w33_b4_input.png, c_test_mae_p25_g57_w33_b4_fields.png
  p30   comb=  198619 (g=101,w=278,b=1) loss=1.009483e-03 -> c_test_mae_p30_g101_w278_b1_input.png, c_test_mae_p30_g101_w278_b1_fields.png
  p40   comb=   24778 (g=12,w=229,b=4) loss=7.854093e-04 -> c_test_mae_p40_g12_w229_b4_input.png, c_test_mae_p40_g12_w229_b4_fields.png
  p50   comb= 1124451 (g=576,w=208,b=3) loss=6.255287e-04 -> c_test_mae_p50_g576_w208_b3_input.png, c_test_mae_p50_g576_w208_b3_fields.png
  p60   comb=  719977 (g=369,w=71,b=1) loss=5.048667e-04 -> c_test_mae_p60_g369_w71_b1_input.png, c_test_mae_p60_g369_w71_b1_fields.png
  p70   comb= 1191966 (g=611,w=86,b=0) loss=4.087544e-04 -> c_test_mae_p70_g611_w86_b0_input.png, c_test_mae_p70_g611_w86_b0_fields.png
  p75   comb=  124230 (g=63,w=230,b=0) loss=3.667181e-04 -> c_test_mae_p75_g63_w230_b0_input.png, c_test_mae_p75_g63_w230_b0_fields.png
  p80   comb= 1002190 (g=513,w=306,b=4) loss=3.273264e-04 -> c_test_mae_p80_g513_w306_b4_input.png, c_test_mae_p80_g513_w306_b4_fields.png
  p90   comb=  295062 (g=151,w=102,b=0) loss=2.540009e-04 -> c_test_mae_p90_g151_w102_b0_input.png, c_test_mae_p90_g151_w102_b0_fields.png
  p99   comb=  718668 (g=368,w=178,b=0) loss=1.713005e-04 -> c_test_mae_p99_g368_w178_b0_input.png, c_test_mae_p99_g368_w178_b0_fields.png
  p100  comb=  123358 (g=63,w=84,b=4) loss=9.012224e-05 -> c_test_mae_p100_g63_w84_b4_input.png, c_test_mae_p100_g63_w84_b4_fields.png
>> sample_cases_mae_no_deg_pivot_ms_NO_I3O5_BCF16_SL1_HC128_LR2e-03_WD0e+00_SS1_G9e-01_ch0u_260626_E11_c_test DONE 2026-07-13 11:53:19

========== c_test sample_cases mse -> MSE_sample_case_plots_no_degenerate_pivot_manuscript ==========

>> sample_cases_mse_no_deg_pivot_ms_NO_I3O5_BCF16_SL1_HC128_LR2e-03_WD0e+00_SS1_G9e-01_ch0u_260626_E11_c_test START 2026-07-13 11:53:19
python.exe : D:\Research\NO-2D-Metamaterials\NO_utilities.py:489: UserWarning: FigureCanvasAgg is non-interactive, and
thus cannot be shown
At D:\Research\NO-2D-Metamaterials\_run_no_degenerate_pivot_sample_cases_manuscript.ps1:29 char:9
+         & $PY @pyArgs 2>&1 | ForEach-Object { Write-Log $_ }
+         ~~~~~~~~~~~~~~~~~~
    + CategoryInfo          : NotSpecified: (D:\Research\NO-...cannot be shown:String) [], RemoteException
    + FullyQualifiedErrorId : NativeCommandError

  plt.show()
D:\Research\NO-2D-Metamaterials\NO_utilities.py:661: UserWarning: FigureCanvasAgg is non-interactive, and thus cannot
be shown
  plt.show()
Excluding 39 wavevectors: 1716000 / 1716000 samples kept for percentile selection

=== c_test  loss=mse  (1716000 samples) ===
  p0    comb=  570538 (g=292,w=189,b=4) loss=9.434879e-04 -> c_test_mse_p0_g292_w189_b4_input.png, c_test_mse_p0_g292_w189_b4_fields.png
  p01   comb=  384964 (g=197,w=135,b=4) loss=3.642151e-04 -> c_test_mse_p01_g197_w135_b4_input.png, c_test_mse_p01_g197_w135_b4_fields.png
  p10   comb=  153908 (g=78,w=301,b=2) loss=4.634880e-05 -> c_test_mse_p10_g78_w301_b2_input.png, c_test_mse_p10_g78_w301_b2_fields.png
  p20   comb=  668315 (g=342,w=235,b=5) loss=9.370500e-06 -> c_test_mse_p20_g342_w235_b5_input.png, c_test_mse_p20_g342_w235_b5_fields.png
  p25   comb= 1382704 (g=709,w=25,b=4) loss=5.889044e-06 -> c_test_mse_p25_g709_w25_b4_input.png, c_test_mse_p25_g709_w25_b4_fields.png
  p30   comb=  669093 (g=343,w=40,b=3) loss=4.096253e-06 -> c_test_mse_p30_g343_w40_b3_input.png, c_test_mse_p30_g343_w40_b3_fields.png
  p40   comb= 1559301 (g=799,w=208,b=3) loss=2.339127e-06 -> c_test_mse_p40_g799_w208_b3_input.png, c_test_mse_p40_g799_w208_b3_fields.png
  p50   comb= 1461063 (g=749,w=85,b=3) loss=1.462141e-06 -> c_test_mse_p50_g749_w85_b3_input.png, c_test_mse_p50_g749_w85_b3_fields.png
  p60   comb= 1459364 (g=748,w=127,b=2) loss=9.376434e-07 -> c_test_mse_p60_g748_w127_b2_input.png, c_test_mse_p60_g748_w127_b2_fields.png
  p70   comb=  810771 (g=415,w=253,b=3) loss=6.189939e-07 -> c_test_mse_p70_g415_w253_b3_input.png, c_test_mse_p70_g415_w253_b3_fields.png
  p75   comb=  462630 (g=237,w=80,b=0) loss=5.022133e-07 -> c_test_mse_p75_g237_w80_b0_input.png, c_test_mse_p75_g237_w80_b0_fields.png
  p80   comb= 1478822 (g=758,w=120,b=2) loss=4.010559e-07 -> c_test_mse_p80_g758_w120_b2_input.png, c_test_mse_p80_g758_w120_b2_fields.png
  p90   comb= 1930932 (g=990,w=72,b=0) loss=2.172644e-07 -> c_test_mse_p90_g990_w72_b0_input.png, c_test_mse_p90_g990_w72_b0_fields.png
  p99   comb=  645684 (g=331,w=39,b=0) loss=7.500480e-08 -> c_test_mse_p99_g331_w39_b0_input.png, c_test_mse_p99_g331_w39_b0_fields.png
  p100  comb=  221046 (g=113,w=116,b=0) loss=2.453408e-08 -> c_test_mse_p100_g113_w116_b0_input.png, c_test_mse_p100_g113_w116_b0_fields.png
>> sample_cases_mse_no_deg_pivot_ms_NO_I3O5_BCF16_SL1_HC128_LR2e-03_WD0e+00_SS1_G9e-01_ch0u_260626_E11_c_test DONE 2026-07-13 11:53:44

========== c_test sample_cases rms -> RMS_sample_case_plots_no_degenerate_pivot_manuscript ==========

>> sample_cases_rms_no_deg_pivot_ms_NO_I3O5_BCF16_SL1_HC128_LR2e-03_WD0e+00_SS1_G9e-01_ch0u_260626_E11_c_test START 2026-07-13 11:53:44
python.exe : D:\Research\NO-2D-Metamaterials\NO_utilities.py:489: UserWarning: FigureCanvasAgg is non-interactive, and
thus cannot be shown
At D:\Research\NO-2D-Metamaterials\_run_no_degenerate_pivot_sample_cases_manuscript.ps1:29 char:9
+         & $PY @pyArgs 2>&1 | ForEach-Object { Write-Log $_ }
+         ~~~~~~~~~~~~~~~~~~
    + CategoryInfo          : NotSpecified: (D:\Research\NO-...cannot be shown:String) [], RemoteException
    + FullyQualifiedErrorId : NativeCommandError

  plt.show()
D:\Research\NO-2D-Metamaterials\NO_utilities.py:661: UserWarning: FigureCanvasAgg is non-interactive, and thus cannot
be shown
  plt.show()
Excluding 39 wavevectors: 1716000 / 1716000 samples kept for percentile selection

=== c_test  loss=rms  (1716000 samples) ===
  p0    comb=  570538 (g=292,w=189,b=4) loss=2.738089e-02 -> c_test_rms_p0_g292_w189_b4_input.png, c_test_rms_p0_g292_w189_b4_fields.png
  p01   comb=  990545 (g=507,w=315,b=5) loss=1.595589e-02 -> c_test_rms_p01_g507_w315_b5_input.png, c_test_rms_p01_g507_w315_b5_fields.png
  p10   comb=  595145 (g=305,w=65,b=5) loss=5.642656e-03 -> c_test_rms_p10_g305_w65_b5_input.png, c_test_rms_p10_g305_w65_b5_fields.png
  p20   comb=  892805 (g=457,w=275,b=5) loss=2.637934e-03 -> c_test_rms_p20_g457_w275_b5_input.png, c_test_rms_p20_g457_w275_b5_fields.png
  p25   comb=  756269 (g=387,w=269,b=5) loss=2.114448e-03 -> c_test_rms_p25_g387_w269_b5_input.png, c_test_rms_p25_g387_w269_b5_fields.png
  p30   comb= 1196081 (g=613,w=121,b=5) loss=1.777920e-03 -> c_test_rms_p30_g613_w121_b5_input.png, c_test_rms_p30_g613_w121_b5_fields.png
  p40   comb= 1287755 (g=660,w=125,b=5) loss=1.358512e-03 -> c_test_rms_p40_g660_w125_b5_input.png, c_test_rms_p40_g660_w125_b5_fields.png
  p50   comb=   50669 (g=25,w=319,b=5) loss=1.081374e-03 -> c_test_rms_p50_g25_w319_b5_input.png, c_test_rms_p50_g25_w319_b5_fields.png
  p60   comb= 1249203 (g=640,w=200,b=3) loss=8.722139e-04 -> c_test_rms_p60_g640_w200_b3_input.png, c_test_rms_p60_g640_w200_b3_fields.png
  p70   comb= 1794931 (g=920,w=155,b=1) loss=7.140827e-04 -> c_test_rms_p70_g920_w155_b1_input.png, c_test_rms_p70_g920_w155_b1_fields.png
  p75   comb= 1588695 (g=814,w=232,b=3) loss=6.460525e-04 -> c_test_rms_p75_g814_w232_b3_input.png, c_test_rms_p75_g814_w232_b3_fields.png
  p80   comb=  207039 (g=106,w=56,b=3) loss=5.803058e-04 -> c_test_rms_p80_g106_w56_b3_input.png, c_test_rms_p80_g106_w56_b3_fields.png
  p90   comb=  238459 (g=122,w=93,b=1) loss=4.333194e-04 -> c_test_rms_p90_g122_w93_b1_input.png, c_test_rms_p90_g122_w93_b1_fields.png
  p99   comb=  506370 (g=259,w=220,b=0) loss=2.605323e-04 -> c_test_rms_p99_g259_w220_b0_input.png, c_test_rms_p99_g259_w220_b0_fields.png
  p100  comb=  221046 (g=113,w=116,b=0) loss=1.503309e-04 -> c_test_rms_p100_g113_w116_b0_input.png, c_test_rms_p100_g113_w116_b0_fields.png
>> sample_cases_rms_no_deg_pivot_ms_NO_I3O5_BCF16_SL1_HC128_LR2e-03_WD0e+00_SS1_G9e-01_ch0u_260626_E11_c_test DONE 2026-07-13 11:54:09

========== c_test sample_cases nmae -> NMAE_sample_case_plots_no_degenerate_pivot_manuscript ==========

>> sample_cases_nmae_no_deg_pivot_ms_NO_I3O5_BCF16_SL1_HC128_LR2e-03_WD0e+00_SS1_G9e-01_ch0u_260626_E11_c_test START 2026-07-13 11:54:09
python.exe : D:\Research\NO-2D-Metamaterials\NO_utilities.py:489: UserWarning: FigureCanvasAgg is non-interactive, and
thus cannot be shown
At D:\Research\NO-2D-Metamaterials\_run_no_degenerate_pivot_sample_cases_manuscript.ps1:29 char:9
+         & $PY @pyArgs 2>&1 | ForEach-Object { Write-Log $_ }
+         ~~~~~~~~~~~~~~~~~~
    + CategoryInfo          : NotSpecified: (D:\Research\NO-...cannot be shown:String) [], RemoteException
    + FullyQualifiedErrorId : NativeCommandError

  plt.show()
D:\Research\NO-2D-Metamaterials\NO_utilities.py:661: UserWarning: FigureCanvasAgg is non-interactive, and thus cannot
be shown
  plt.show()
Excluding 39 wavevectors: 1716000 / 1716000 samples kept for percentile selection

=== c_test  loss=nmae  (1716000 samples) ===
  p0    comb= 1385043 (g=710,w=90,b=3) loss=8.276894e+01 -> c_test_nmae_p0_g710_w90_b3_input.png, c_test_nmae_p0_g710_w90_b3_fields.png
  p01   comb= 1327604 (g=680,w=267,b=2) loss=1.512614e+00 -> c_test_nmae_p01_g680_w267_b2_input.png, c_test_nmae_p01_g680_w267_b2_fields.png
  p10   comb= 1000637 (g=513,w=47,b=5) loss=5.100662e-01 -> c_test_nmae_p10_g513_w47_b5_input.png, c_test_nmae_p10_g513_w47_b5_fields.png
  p20   comb= 1921016 (g=985,w=44,b=2) loss=2.584290e-01 -> c_test_nmae_p20_g985_w44_b2_input.png, c_test_nmae_p20_g985_w44_b2_fields.png
  p25   comb=  493541 (g=253,w=31,b=5) loss=2.088028e-01 -> c_test_nmae_p25_g253_w31_b5_input.png, c_test_nmae_p25_g253_w31_b5_fields.png
  p30   comb= 1356794 (g=695,w=257,b=2) loss=1.741101e-01 -> c_test_nmae_p30_g695_w257_b2_input.png, c_test_nmae_p30_g695_w257_b2_fields.png
  p40   comb= 1604717 (g=822,w=302,b=5) loss=1.270529e-01 -> c_test_nmae_p40_g822_w302_b5_input.png, c_test_nmae_p40_g822_w302_b5_fields.png
  p50   comb= 1749045 (g=896,w=307,b=3) loss=9.739461e-02 -> c_test_nmae_p50_g896_w307_b3_input.png, c_test_nmae_p50_g896_w307_b3_fields.png
  p60   comb= 1064098 (g=545,w=224,b=4) loss=7.645397e-02 -> c_test_nmae_p60_g545_w224_b4_input.png, c_test_nmae_p60_g545_w224_b4_fields.png
  p70   comb= 1600340 (g=820,w=223,b=2) loss=5.946708e-02 -> c_test_nmae_p70_g820_w223_b2_input.png, c_test_nmae_p70_g820_w223_b2_fields.png
  p75   comb= 1203744 (g=617,w=99,b=0) loss=5.177225e-02 -> c_test_nmae_p75_g617_w99_b0_input.png, c_test_nmae_p75_g617_w99_b0_fields.png
  p80   comb= 1601955 (g=821,w=167,b=3) loss=4.466809e-02 -> c_test_nmae_p80_g821_w167_b3_input.png, c_test_nmae_p80_g821_w167_b3_fields.png
  p90   comb= 1065942 (g=546,w=207,b=0) loss=3.179521e-02 -> c_test_nmae_p90_g546_w207_b0_input.png, c_test_nmae_p90_g546_w207_b0_fields.png
  p99   comb= 1268790 (g=650,w=215,b=0) loss=1.719142e-02 -> c_test_nmae_p99_g650_w215_b0_input.png, c_test_nmae_p99_g650_w215_b0_fields.png
  p100  comb= 1052058 (g=539,w=168,b=0) loss=8.996607e-03 -> c_test_nmae_p100_g539_w168_b0_input.png, c_test_nmae_p100_g539_w168_b0_fields.png
>> sample_cases_nmae_no_deg_pivot_ms_NO_I3O5_BCF16_SL1_HC128_LR2e-03_WD0e+00_SS1_G9e-01_ch0u_260626_E11_c_test DONE 2026-07-13 11:54:33

========== c_test sample_cases nmse -> NMSE_sample_case_plots_no_degenerate_pivot_manuscript ==========

>> sample_cases_nmse_no_deg_pivot_ms_NO_I3O5_BCF16_SL1_HC128_LR2e-03_WD0e+00_SS1_G9e-01_ch0u_260626_E11_c_test START 2026-07-13 11:54:33
python.exe : D:\Research\NO-2D-Metamaterials\NO_utilities.py:489: UserWarning: FigureCanvasAgg is non-interactive, and
thus cannot be shown
At D:\Research\NO-2D-Metamaterials\_run_no_degenerate_pivot_sample_cases_manuscript.ps1:29 char:9
+         & $PY @pyArgs 2>&1 | ForEach-Object { Write-Log $_ }
+         ~~~~~~~~~~~~~~~~~~
    + CategoryInfo          : NotSpecified: (D:\Research\NO-...cannot be shown:String) [], RemoteException
    + FullyQualifiedErrorId : NativeCommandError

  plt.show()
D:\Research\NO-2D-Metamaterials\NO_utilities.py:661: UserWarning: FigureCanvasAgg is non-interactive, and thus cannot
be shown
  plt.show()
Excluding 39 wavevectors: 1716000 / 1716000 samples kept for percentile selection

=== c_test  loss=nmse  (1716000 samples) ===
  p0    comb=  561753 (g=288,w=25,b=3) loss=1.720591e+01 -> c_test_nmse_p0_g288_w25_b3_input.png, c_test_nmse_p0_g288_w25_b3_fields.png
  p01   comb= 1051517 (g=539,w=77,b=5) loss=1.817376e+00 -> c_test_nmse_p01_g539_w77_b5_input.png, c_test_nmse_p01_g539_w77_b5_fields.png
  p10   comb=   71102 (g=36,w=150,b=2) loss=2.405173e-01 -> c_test_nmse_p10_g36_w150_b2_input.png, c_test_nmse_p10_g36_w150_b2_fields.png
  p20   comb=  749129 (g=384,w=54,b=5) loss=5.691757e-02 -> c_test_nmse_p20_g384_w54_b5_input.png, c_test_nmse_p20_g384_w54_b5_fields.png
  p25   comb= 1022272 (g=524,w=78,b=4) loss=3.661633e-02 -> c_test_nmse_p25_g524_w78_b4_input.png, c_test_nmse_p25_g524_w78_b4_fields.png
  p30   comb= 1815149 (g=930,w=274,b=5) loss=2.569538e-02 -> c_test_nmse_p30_g930_w274_b5_input.png, c_test_nmse_p30_g930_w274_b5_fields.png
  p40   comb= 1744985 (g=894,w=280,b=5) loss=1.474301e-02 -> c_test_nmse_p40_g894_w280_b5_input.png, c_test_nmse_p40_g894_w280_b5_fields.png
  p50   comb= 1892243 (g=970,w=123,b=5) loss=9.429221e-03 -> c_test_nmse_p50_g970_w123_b5_input.png, c_test_nmse_p50_g970_w123_b5_fields.png
  p60   comb= 1503904 (g=771,w=75,b=4) loss=6.256513e-03 -> c_test_nmse_p60_g771_w75_b4_input.png, c_test_nmse_p60_g771_w75_b4_fields.png
  p70   comb=   65611 (g=33,w=210,b=1) loss=4.127821e-03 -> c_test_nmse_p70_g33_w210_b1_input.png, c_test_nmse_p70_g33_w210_b1_fields.png
  p75   comb=  734348 (g=376,w=191,b=2) loss=3.331849e-03 -> c_test_nmse_p75_g376_w191_b2_input.png, c_test_nmse_p75_g376_w191_b2_fields.png
  p80   comb= 1155117 (g=592,w=119,b=3) loss=2.655741e-03 -> c_test_nmse_p80_g592_w119_b3_input.png, c_test_nmse_p80_g592_w119_b3_fields.png
  p90   comb= 1266230 (g=649,w=113,b=2) loss=1.520011e-03 -> c_test_nmse_p90_g649_w113_b2_input.png, c_test_nmse_p90_g649_w113_b2_fields.png
  p99   comb=  261654 (g=134,w=59,b=0) loss=4.705892e-04 -> c_test_nmse_p99_g134_w59_b0_input.png, c_test_nmse_p99_g134_w59_b0_fields.png
  p100  comb= 1052058 (g=539,w=168,b=0) loss=1.306742e-04 -> c_test_nmse_p100_g539_w168_b0_input.png, c_test_nmse_p100_g539_w168_b0_fields.png
>> sample_cases_nmse_no_deg_pivot_ms_NO_I3O5_BCF16_SL1_HC128_LR2e-03_WD0e+00_SS1_G9e-01_ch0u_260626_E11_c_test DONE 2026-07-13 11:54:58

========== c_test sample_cases nrms -> NRMS_sample_case_plots_no_degenerate_pivot_manuscript ==========

>> sample_cases_nrms_no_deg_pivot_ms_NO_I3O5_BCF16_SL1_HC128_LR2e-03_WD0e+00_SS1_G9e-01_ch0u_260626_E11_c_test START 2026-07-13 11:54:58
python.exe : D:\Research\NO-2D-Metamaterials\NO_utilities.py:489: UserWarning: FigureCanvasAgg is non-interactive, and
thus cannot be shown
At D:\Research\NO-2D-Metamaterials\_run_no_degenerate_pivot_sample_cases_manuscript.ps1:29 char:9
+         & $PY @pyArgs 2>&1 | ForEach-Object { Write-Log $_ }
+         ~~~~~~~~~~~~~~~~~~
    + CategoryInfo          : NotSpecified: (D:\Research\NO-...cannot be shown:String) [], RemoteException
    + FullyQualifiedErrorId : NativeCommandError

  plt.show()
D:\Research\NO-2D-Metamaterials\NO_utilities.py:661: UserWarning: FigureCanvasAgg is non-interactive, and thus cannot
be shown
  plt.show()
Excluding 39 wavevectors: 1716000 / 1716000 samples kept for percentile selection

=== c_test  loss=nrms  (1716000 samples) ===
  p0    comb=   98284 (g=50,w=130,b=4) loss=3.011899e+00 -> c_test_nrms_p0_g50_w130_b4_input.png, c_test_nrms_p0_g50_w130_b4_fields.png
  p01   comb=  180173 (g=92,w=128,b=5) loss=1.148883e+00 -> c_test_nrms_p01_g92_w128_b5_input.png, c_test_nrms_p01_g92_w128_b5_fields.png
  p10   comb=  562694 (g=288,w=182,b=2) loss=4.130465e-01 -> c_test_nrms_p10_g288_w182_b2_input.png, c_test_nrms_p10_g288_w182_b2_fields.png
  p20   comb=  329308 (g=168,w=284,b=4) loss=1.996259e-01 -> c_test_nrms_p20_g168_w284_b4_input.png, c_test_nrms_p20_g168_w284_b4_fields.png
  p25   comb= 1539150 (g=789,w=100,b=0) loss=1.605535e-01 -> c_test_nrms_p25_g789_w100_b0_input.png, c_test_nrms_p25_g789_w100_b0_fields.png
  p30   comb=  376853 (g=193,w=83,b=5) loss=1.348311e-01 -> c_test_nrms_p30_g193_w83_b5_input.png, c_test_nrms_p30_g193_w83_b5_fields.png
  p40   comb=  473141 (g=242,w=206,b=5) loss=1.026191e-01 -> c_test_nrms_p40_g242_w206_b5_input.png, c_test_nrms_p40_g242_w206_b5_fields.png
  p50   comb= 1839502 (g=943,w=108,b=4) loss=8.222813e-02 -> c_test_nrms_p50_g943_w108_b4_input.png, c_test_nrms_p50_g943_w108_b4_fields.png
  p60   comb= 1154282 (g=591,w=305,b=2) loss=6.705278e-02 -> c_test_nrms_p60_g591_w305_b2_input.png, c_test_nrms_p60_g591_w305_b2_fields.png
  p70   comb=   34706 (g=17,w=259,b=2) loss=5.463143e-02 -> c_test_nrms_p70_g17_w259_b2_input.png, c_test_nrms_p70_g17_w259_b2_fields.png
  p75   comb= 1801710 (g=923,w=310,b=0) loss=4.918799e-02 -> c_test_nrms_p75_g923_w310_b0_input.png, c_test_nrms_p75_g923_w310_b0_fields.png
  p80   comb=  192769 (g=98,w=278,b=1) loss=4.401142e-02 -> c_test_nrms_p80_g98_w278_b1_input.png, c_test_nrms_p80_g98_w278_b1_fields.png
  p90   comb= 1483620 (g=760,w=270,b=0) loss=3.334197e-02 -> c_test_nrms_p90_g760_w270_b0_input.png, c_test_nrms_p90_g760_w270_b0_fields.png
  p99   comb= 1160658 (g=595,w=68,b=0) loss=1.884701e-02 -> c_test_nrms_p99_g595_w68_b0_input.png, c_test_nrms_p99_g595_w68_b0_fields.png
  p100  comb=  455352 (g=233,w=167,b=0) loss=1.004230e-02 -> c_test_nrms_p100_g233_w167_b0_input.png, c_test_nrms_p100_g233_w167_b0_fields.png
>> sample_cases_nrms_no_deg_pivot_ms_NO_I3O5_BCF16_SL1_HC128_LR2e-03_WD0e+00_SS1_G9e-01_ch0u_260626_E11_c_test DONE 2026-07-13 11:55:22

========== b_test sample_cases mae -> MAE_sample_case_plots_no_degenerate_pivot_manuscript ==========

>> sample_cases_mae_no_deg_pivot_ms_NO_I3O5_BCF16_SL1_HC128_LR2e-03_WD0e+00_SS1_G9e-01_ch0u_260626_E11_b_test START 2026-07-13 11:55:22
python.exe : D:\Research\NO-2D-Metamaterials\NO_utilities.py:489: UserWarning: FigureCanvasAgg is non-interactive, and
thus cannot be shown
At D:\Research\NO-2D-Metamaterials\_run_no_degenerate_pivot_sample_cases_manuscript.ps1:29 char:9
+         & $PY @pyArgs 2>&1 | ForEach-Object { Write-Log $_ }
+         ~~~~~~~~~~~~~~~~~~
    + CategoryInfo          : NotSpecified: (D:\Research\NO-...cannot be shown:String) [], RemoteException
    + FullyQualifiedErrorId : NativeCommandError

  plt.show()
D:\Research\NO-2D-Metamaterials\NO_utilities.py:661: UserWarning: FigureCanvasAgg is non-interactive, and thus cannot
be shown
  plt.show()
Excluding 39 wavevectors: 1716000 / 1716000 samples kept for percentile selection

=== b_test  loss=mae  (1716000 samples) ===
  p0    comb=  680425 (g=348,w=304,b=1) loss=3.146596e-02 -> b_test_mae_p0_g348_w304_b1_input.png, b_test_mae_p0_g348_w304_b1_fields.png
  p01   comb=   55589 (g=28,w=164,b=5) loss=1.377061e-02 -> b_test_mae_p01_g28_w164_b5_input.png, b_test_mae_p01_g28_w164_b5_fields.png
  p10   comb=  528441 (g=270,w=323,b=3) loss=6.585609e-03 -> b_test_mae_p10_g270_w323_b3_input.png, b_test_mae_p10_g270_w323_b3_fields.png
  p20   comb=  859613 (g=440,w=268,b=5) loss=4.102890e-03 -> b_test_mae_p20_g440_w268_b5_input.png, b_test_mae_p20_g440_w268_b5_fields.png
  p25   comb=  488656 (g=250,w=192,b=4) loss=3.322386e-03 -> b_test_mae_p25_g250_w192_b4_input.png, b_test_mae_p25_g250_w192_b4_fields.png
  p30   comb= 1264626 (g=648,w=171,b=0) loss=2.704968e-03 -> b_test_mae_p30_g648_w171_b0_input.png, b_test_mae_p30_g648_w171_b0_fields.png
  p40   comb=  264482 (g=135,w=205,b=2) loss=1.862894e-03 -> b_test_mae_p40_g135_w205_b2_input.png, b_test_mae_p40_g135_w205_b2_fields.png
  p50   comb= 1417203 (g=726,w=250,b=3) loss=1.360113e-03 -> b_test_mae_p50_g726_w250_b3_input.png, b_test_mae_p50_g726_w250_b3_fields.png
  p60   comb= 1769457 (g=907,w=134,b=3) loss=1.031468e-03 -> b_test_mae_p60_g907_w134_b3_input.png, b_test_mae_p60_g907_w134_b3_fields.png
  p70   comb= 1410878 (g=723,w=171,b=2) loss=7.861046e-04 -> b_test_mae_p70_g723_w171_b2_input.png, b_test_mae_p70_g723_w171_b2_fields.png
  p75   comb= 1606075 (g=823,w=204,b=1) loss=6.867652e-04 -> b_test_mae_p75_g823_w204_b1_input.png, b_test_mae_p75_g823_w204_b1_fields.png
  p80   comb=  327558 (g=167,w=318,b=0) loss=5.979107e-04 -> b_test_mae_p80_g167_w318_b0_input.png, b_test_mae_p80_g167_w318_b0_fields.png
  p90   comb= 1894614 (g=971,w=194,b=0) loss=4.295945e-04 -> b_test_mae_p90_g971_w194_b0_input.png, b_test_mae_p90_g971_w194_b0_fields.png
  p99   comb=  847002 (g=434,w=117,b=0) loss=2.573628e-04 -> b_test_mae_p99_g434_w117_b0_input.png, b_test_mae_p99_g434_w117_b0_fields.png
  p100  comb= 1925346 (g=987,w=116,b=0) loss=1.534945e-04 -> b_test_mae_p100_g987_w116_b0_input.png, b_test_mae_p100_g987_w116_b0_fields.png
>> sample_cases_mae_no_deg_pivot_ms_NO_I3O5_BCF16_SL1_HC128_LR2e-03_WD0e+00_SS1_G9e-01_ch0u_260626_E11_b_test DONE 2026-07-13 11:55:47

========== b_test sample_cases mse -> MSE_sample_case_plots_no_degenerate_pivot_manuscript ==========

>> sample_cases_mse_no_deg_pivot_ms_NO_I3O5_BCF16_SL1_HC128_LR2e-03_WD0e+00_SS1_G9e-01_ch0u_260626_E11_b_test START 2026-07-13 11:55:47
python.exe : D:\Research\NO-2D-Metamaterials\NO_utilities.py:489: UserWarning: FigureCanvasAgg is non-interactive, and
thus cannot be shown
At D:\Research\NO-2D-Metamaterials\_run_no_degenerate_pivot_sample_cases_manuscript.ps1:29 char:9
+         & $PY @pyArgs 2>&1 | ForEach-Object { Write-Log $_ }
+         ~~~~~~~~~~~~~~~~~~
    + CategoryInfo          : NotSpecified: (D:\Research\NO-...cannot be shown:String) [], RemoteException
    + FullyQualifiedErrorId : NativeCommandError

  plt.show()
D:\Research\NO-2D-Metamaterials\NO_utilities.py:661: UserWarning: FigureCanvasAgg is non-interactive, and thus cannot
be shown
  plt.show()
Excluding 39 wavevectors: 1716000 / 1716000 samples kept for percentile selection

=== b_test  loss=mse  (1716000 samples) ===
  p0    comb=  680425 (g=348,w=304,b=1) loss=2.291179e-03 -> b_test_mse_p0_g348_w304_b1_input.png, b_test_mse_p0_g348_w304_b1_fields.png
  p01   comb=  157762 (g=80,w=293,b=4) loss=5.394408e-04 -> b_test_mse_p01_g80_w293_b4_input.png, b_test_mse_p01_g80_w293_b4_fields.png
  p10   comb=  958251 (g=491,w=133,b=3) loss=2.068724e-04 -> b_test_mse_p10_g491_w133_b3_input.png, b_test_mse_p10_g491_w133_b3_fields.png
  p20   comb=  378562 (g=194,w=43,b=4) loss=9.734012e-05 -> b_test_mse_p20_g194_w43_b4_input.png, b_test_mse_p20_g194_w43_b4_fields.png
  p25   comb=  469343 (g=240,w=223,b=5) loss=5.046361e-05 -> b_test_mse_p25_g240_w223_b5_input.png, b_test_mse_p25_g240_w223_b5_fields.png
  p30   comb= 1633342 (g=837,w=198,b=4) loss=2.712901e-05 -> b_test_mse_p30_g837_w198_b4_input.png, b_test_mse_p30_g837_w198_b4_fields.png
  p40   comb=  170907 (g=87,w=209,b=3) loss=1.046716e-05 -> b_test_mse_p40_g87_w209_b3_input.png, b_test_mse_p40_g87_w209_b3_fields.png
  p50   comb=   21181 (g=10,w=280,b=1) loss=5.190954e-06 -> b_test_mse_p50_g10_w280_b1_input.png, b_test_mse_p50_g10_w280_b1_fields.png
  p60   comb=   54894 (g=28,w=49,b=0) loss=2.930997e-06 -> b_test_mse_p60_g28_w49_b0_input.png, b_test_mse_p60_g28_w49_b0_fields.png
  p70   comb=  480149 (g=246,w=74,b=5) loss=1.678244e-06 -> b_test_mse_p70_g246_w74_b5_input.png, b_test_mse_p70_g246_w74_b5_fields.png
  p75   comb= 1192663 (g=611,w=202,b=1) loss=1.254566e-06 -> b_test_mse_p75_g611_w202_b1_input.png, b_test_mse_p75_g611_w202_b1_fields.png
  p80   comb=   39562 (g=20,w=93,b=4) loss=9.353187e-07 -> b_test_mse_p80_g20_w93_b4_input.png, b_test_mse_p80_g20_w93_b4_fields.png
  p90   comb= 1430640 (g=733,w=215,b=0) loss=4.972704e-07 -> b_test_mse_p90_g733_w215_b0_input.png, b_test_mse_p90_g733_w215_b0_fields.png
  p99   comb=  541440 (g=277,w=215,b=0) loss=1.742362e-07 -> b_test_mse_p99_g277_w215_b0_input.png, b_test_mse_p99_g277_w215_b0_fields.png
  p100  comb= 1539084 (g=789,w=89,b=0) loss=4.467249e-08 -> b_test_mse_p100_g789_w89_b0_input.png, b_test_mse_p100_g789_w89_b0_fields.png
>> sample_cases_mse_no_deg_pivot_ms_NO_I3O5_BCF16_SL1_HC128_LR2e-03_WD0e+00_SS1_G9e-01_ch0u_260626_E11_b_test DONE 2026-07-13 11:56:11

========== b_test sample_cases rms -> RMS_sample_case_plots_no_degenerate_pivot_manuscript ==========

>> sample_cases_rms_no_deg_pivot_ms_NO_I3O5_BCF16_SL1_HC128_LR2e-03_WD0e+00_SS1_G9e-01_ch0u_260626_E11_b_test START 2026-07-13 11:56:11
python.exe : D:\Research\NO-2D-Metamaterials\NO_utilities.py:489: UserWarning: FigureCanvasAgg is non-interactive, and
thus cannot be shown
At D:\Research\NO-2D-Metamaterials\_run_no_degenerate_pivot_sample_cases_manuscript.ps1:29 char:9
+         & $PY @pyArgs 2>&1 | ForEach-Object { Write-Log $_ }
+         ~~~~~~~~~~~~~~~~~~
    + CategoryInfo          : NotSpecified: (D:\Research\NO-...cannot be shown:String) [], RemoteException
    + FullyQualifiedErrorId : NativeCommandError

  plt.show()
D:\Research\NO-2D-Metamaterials\NO_utilities.py:661: UserWarning: FigureCanvasAgg is non-interactive, and thus cannot
be shown
  plt.show()
Excluding 39 wavevectors: 1716000 / 1716000 samples kept for percentile selection

=== b_test  loss=rms  (1716000 samples) ===
  p0    comb=  680425 (g=348,w=304,b=1) loss=3.268396e-02 -> b_test_rms_p0_g348_w304_b1_input.png, b_test_rms_p0_g348_w304_b1_fields.png
  p01   comb= 1711394 (g=877,w=207,b=2) loss=1.940619e-02 -> b_test_rms_p01_g877_w207_b2_input.png, b_test_rms_p01_g877_w207_b2_fields.png
  p10   comb= 1316806 (g=675,w=92,b=4) loss=1.249349e-02 -> b_test_rms_p10_g675_w92_b4_input.png, b_test_rms_p10_g675_w92_b4_fields.png
  p20   comb=  201305 (g=103,w=75,b=5) loss=8.390932e-03 -> b_test_rms_p20_g103_w75_b5_input.png, b_test_rms_p20_g103_w75_b5_fields.png
  p25   comb= 1631104 (g=836,w=150,b=4) loss=6.135583e-03 -> b_test_rms_p25_g836_w150_b4_input.png, b_test_rms_p25_g836_w150_b4_fields.png
  p30   comb=  551226 (g=282,w=221,b=0) loss=4.564212e-03 -> b_test_rms_p30_g282_w221_b0_input.png, b_test_rms_p30_g282_w221_b0_fields.png
  p40   comb=  431791 (g=221,w=140,b=1) loss=2.886046e-03 -> b_test_rms_p40_g221_w140_b1_input.png, b_test_rms_p40_g221_w140_b1_fields.png
  p50   comb=  433744 (g=222,w=140,b=4) loss=2.056088e-03 -> b_test_rms_p50_g222_w140_b4_input.png, b_test_rms_p50_g222_w140_b4_fields.png
  p60   comb=  315578 (g=161,w=271,b=2) loss=1.558251e-03 -> b_test_rms_p60_g161_w271_b2_input.png, b_test_rms_p60_g161_w271_b2_fields.png
  p70   comb= 1470131 (g=753,w=296,b=5) loss=1.189888e-03 -> b_test_rms_p70_g753_w296_b5_input.png, b_test_rms_p70_g753_w296_b5_fields.png
  p75   comb=  783697 (g=401,w=291,b=1) loss=1.032623e-03 -> b_test_rms_p75_g401_w291_b1_input.png, b_test_rms_p75_g401_w291_b1_fields.png
  p80   comb=  643106 (g=329,w=259,b=2) loss=8.946921e-04 -> b_test_rms_p80_g329_w259_b2_input.png, b_test_rms_p80_g329_w259_b2_fields.png
  p90   comb= 1332025 (g=683,w=29,b=1) loss=6.593452e-04 -> b_test_rms_p90_g683_w29_b1_input.png, b_test_rms_p90_g683_w29_b1_fields.png
  p99   comb=  482940 (g=247,w=215,b=0) loss=3.991833e-04 -> b_test_rms_p99_g247_w215_b0_input.png, b_test_rms_p99_g247_w215_b0_fields.png
  p100  comb= 1509828 (g=774,w=88,b=0) loss=2.072157e-04 -> b_test_rms_p100_g774_w88_b0_input.png, b_test_rms_p100_g774_w88_b0_fields.png
>> sample_cases_rms_no_deg_pivot_ms_NO_I3O5_BCF16_SL1_HC128_LR2e-03_WD0e+00_SS1_G9e-01_ch0u_260626_E11_b_test DONE 2026-07-13 11:56:36

========== b_test sample_cases nmae -> NMAE_sample_case_plots_no_degenerate_pivot_manuscript ==========

>> sample_cases_nmae_no_deg_pivot_ms_NO_I3O5_BCF16_SL1_HC128_LR2e-03_WD0e+00_SS1_G9e-01_ch0u_260626_E11_b_test START 2026-07-13 11:56:36
python.exe : D:\Research\NO-2D-Metamaterials\NO_utilities.py:489: UserWarning: FigureCanvasAgg is non-interactive, and
thus cannot be shown
At D:\Research\NO-2D-Metamaterials\_run_no_degenerate_pivot_sample_cases_manuscript.ps1:29 char:9
+         & $PY @pyArgs 2>&1 | ForEach-Object { Write-Log $_ }
+         ~~~~~~~~~~~~~~~~~~
    + CategoryInfo          : NotSpecified: (D:\Research\NO-...cannot be shown:String) [], RemoteException
    + FullyQualifiedErrorId : NativeCommandError

  plt.show()
D:\Research\NO-2D-Metamaterials\NO_utilities.py:661: UserWarning: FigureCanvasAgg is non-interactive, and thus cannot
be shown
  plt.show()
Excluding 39 wavevectors: 1716000 / 1716000 samples kept for percentile selection

=== b_test  loss=nmae  (1716000 samples) ===
  p0    comb=  627742 (g=321,w=298,b=4) loss=1.290387e+02 -> b_test_nmae_p0_g321_w298_b4_input.png, b_test_nmae_p0_g321_w298_b4_fields.png
  p01   comb= 1126861 (g=577,w=285,b=1) loss=2.205346e+00 -> b_test_nmae_p01_g577_w285_b1_input.png, b_test_nmae_p01_g577_w285_b1_fields.png
  p10   comb=  200111 (g=102,w=201,b=5) loss=9.403100e-01 -> b_test_nmae_p10_g102_w201_b5_input.png, b_test_nmae_p10_g102_w201_b5_fields.png
  p20   comb=  813657 (g=417,w=84,b=3) loss=6.603261e-01 -> b_test_nmae_p20_g417_w84_b3_input.png, b_test_nmae_p20_g417_w84_b3_fields.png
  p25   comb=  458532 (g=235,w=47,b=0) loss=5.003102e-01 -> b_test_nmae_p25_g235_w47_b0_input.png, b_test_nmae_p25_g235_w47_b0_fields.png
  p30   comb=  887829 (g=455,w=96,b=3) loss=3.822126e-01 -> b_test_nmae_p30_g455_w96_b3_input.png, b_test_nmae_p30_g455_w96_b3_fields.png
  p40   comb= 1358464 (g=696,w=210,b=4) loss=2.471315e-01 -> b_test_nmae_p40_g696_w210_b4_input.png, b_test_nmae_p40_g696_w210_b4_fields.png
  p50   comb=  659597 (g=338,w=82,b=5) loss=1.784984e-01 -> b_test_nmae_p50_g338_w82_b5_input.png, b_test_nmae_p50_g338_w82_b5_fields.png
  p60   comb= 1130976 (g=579,w=321,b=0) loss=1.358231e-01 -> b_test_nmae_p60_g579_w321_b0_input.png, b_test_nmae_p60_g579_w321_b0_fields.png
  p70   comb= 1756465 (g=900,w=244,b=1) loss=1.048010e-01 -> b_test_nmae_p70_g900_w244_b1_input.png, b_test_nmae_p70_g900_w244_b1_fields.png
  p75   comb= 1516421 (g=777,w=211,b=5) loss=9.113165e-02 -> b_test_nmae_p75_g777_w211_b5_input.png, b_test_nmae_p75_g777_w211_b5_fields.png
  p80   comb= 1267105 (g=649,w=259,b=1) loss=7.843514e-02 -> b_test_nmae_p80_g649_w259_b1_input.png, b_test_nmae_p80_g649_w259_b1_fields.png
  p90   comb= 1877101 (g=962,w=200,b=1) loss=5.433235e-02 -> b_test_nmae_p90_g962_w200_b1_input.png, b_test_nmae_p90_g962_w200_b1_fields.png
  p99   comb=  484128 (g=248,w=88,b=0) loss=2.705028e-02 -> b_test_nmae_p99_g248_w88_b0_input.png, b_test_nmae_p99_g248_w88_b0_fields.png
  p100  comb=  845502 (g=433,w=192,b=0) loss=1.392707e-02 -> b_test_nmae_p100_g433_w192_b0_input.png, b_test_nmae_p100_g433_w192_b0_fields.png
>> sample_cases_nmae_no_deg_pivot_ms_NO_I3O5_BCF16_SL1_HC128_LR2e-03_WD0e+00_SS1_G9e-01_ch0u_260626_E11_b_test DONE 2026-07-13 11:57:01

========== b_test sample_cases nmse -> NMSE_sample_case_plots_no_degenerate_pivot_manuscript ==========

>> sample_cases_nmse_no_deg_pivot_ms_NO_I3O5_BCF16_SL1_HC128_LR2e-03_WD0e+00_SS1_G9e-01_ch0u_260626_E11_b_test START 2026-07-13 11:57:01
python.exe : D:\Research\NO-2D-Metamaterials\NO_utilities.py:489: UserWarning: FigureCanvasAgg is non-interactive, and
thus cannot be shown
At D:\Research\NO-2D-Metamaterials\_run_no_degenerate_pivot_sample_cases_manuscript.ps1:29 char:9
+         & $PY @pyArgs 2>&1 | ForEach-Object { Write-Log $_ }
+         ~~~~~~~~~~~~~~~~~~
    + CategoryInfo          : NotSpecified: (D:\Research\NO-...cannot be shown:String) [], RemoteException
    + FullyQualifiedErrorId : NativeCommandError

  plt.show()
D:\Research\NO-2D-Metamaterials\NO_utilities.py:661: UserWarning: FigureCanvasAgg is non-interactive, and thus cannot
be shown
  plt.show()
Excluding 39 wavevectors: 1716000 / 1716000 samples kept for percentile selection

=== b_test  loss=nmse  (1716000 samples) ===
  p0    comb=  553258 (g=283,w=234,b=4) loss=2.365142e+01 -> b_test_nmse_p0_g283_w234_b4_input.png, b_test_nmse_p0_g283_w234_b4_fields.png
  p01   comb= 1030207 (g=528,w=101,b=1) loss=3.100819e+00 -> b_test_nmse_p01_g528_w101_b1_input.png, b_test_nmse_p01_g528_w101_b1_fields.png
  p10   comb=  417905 (g=214,w=100,b=5) loss=8.919115e-01 -> b_test_nmse_p10_g214_w100_b5_input.png, b_test_nmse_p10_g214_w100_b5_fields.png
  p20   comb=   29864 (g=15,w=102,b=2) loss=4.535446e-01 -> b_test_nmse_p20_g15_w102_b2_input.png, b_test_nmse_p20_g15_w102_b2_fields.png
  p25   comb=  328355 (g=168,w=125,b=5) loss=2.566413e-01 -> b_test_nmse_p25_g168_w125_b5_input.png, b_test_nmse_p25_g168_w125_b5_fields.png
  p30   comb=  649805 (g=333,w=75,b=5) loss=1.466255e-01 -> b_test_nmse_p30_g333_w75_b5_input.png, b_test_nmse_p30_g333_w75_b5_fields.png
  p40   comb= 1489512 (g=763,w=277,b=0) loss=6.050313e-02 -> b_test_nmse_p40_g763_w277_b0_input.png, b_test_nmse_p40_g763_w277_b0_fields.png
  p50   comb= 1783196 (g=914,w=149,b=2) loss=3.136173e-02 -> b_test_nmse_p50_g914_w149_b2_input.png, b_test_nmse_p50_g914_w149_b2_fields.png
  p60   comb=  651468 (g=334,w=28,b=0) loss=1.809694e-02 -> b_test_nmse_p60_g334_w28_b0_input.png, b_test_nmse_p60_g334_w28_b0_fields.png
  p70   comb= 1145071 (g=587,w=70,b=1) loss=1.084505e-02 -> b_test_nmse_p70_g587_w70_b1_input.png, b_test_nmse_p70_g587_w70_b1_fields.png
  p75   comb=  504875 (g=258,w=295,b=5) loss=8.323543e-03 -> b_test_nmse_p75_g258_w295_b5_input.png, b_test_nmse_p75_g258_w295_b5_fields.png
  p80   comb=  104672 (g=53,w=220,b=2) loss=6.264292e-03 -> b_test_nmse_p80_g53_w220_b2_input.png, b_test_nmse_p80_g53_w220_b2_fields.png
  p90   comb= 1855440 (g=951,w=165,b=0) loss=3.187465e-03 -> b_test_nmse_p90_g951_w165_b0_input.png, b_test_nmse_p90_g951_w165_b0_fields.png
  p99   comb=  443017 (g=227,w=61,b=1) loss=1.044025e-03 -> b_test_nmse_p99_g227_w61_b1_input.png, b_test_nmse_p99_g227_w61_b1_fields.png
  p100  comb=  845502 (g=433,w=192,b=0) loss=2.814778e-04 -> b_test_nmse_p100_g433_w192_b0_input.png, b_test_nmse_p100_g433_w192_b0_fields.png
>> sample_cases_nmse_no_deg_pivot_ms_NO_I3O5_BCF16_SL1_HC128_LR2e-03_WD0e+00_SS1_G9e-01_ch0u_260626_E11_b_test DONE 2026-07-13 11:57:26

========== b_test sample_cases nrms -> NRMS_sample_case_plots_no_degenerate_pivot_manuscript ==========

>> sample_cases_nrms_no_deg_pivot_ms_NO_I3O5_BCF16_SL1_HC128_LR2e-03_WD0e+00_SS1_G9e-01_ch0u_260626_E11_b_test START 2026-07-13 11:57:26
python.exe : D:\Research\NO-2D-Metamaterials\NO_utilities.py:489: UserWarning: FigureCanvasAgg is non-interactive, and
thus cannot be shown
At D:\Research\NO-2D-Metamaterials\_run_no_degenerate_pivot_sample_cases_manuscript.ps1:29 char:9
+         & $PY @pyArgs 2>&1 | ForEach-Object { Write-Log $_ }
+         ~~~~~~~~~~~~~~~~~~
    + CategoryInfo          : NotSpecified: (D:\Research\NO-...cannot be shown:String) [], RemoteException
    + FullyQualifiedErrorId : NativeCommandError

  plt.show()
D:\Research\NO-2D-Metamaterials\NO_utilities.py:661: UserWarning: FigureCanvasAgg is non-interactive, and thus cannot
be shown
  plt.show()
Excluding 39 wavevectors: 1716000 / 1716000 samples kept for percentile selection

=== b_test  loss=nrms  (1716000 samples) ===
  p0    comb=  553258 (g=283,w=234,b=4) loss=3.446865e+00 -> b_test_nrms_p0_g283_w234_b4_input.png, b_test_nrms_p0_g283_w234_b4_fields.png
  p01   comb=  695390 (g=356,w=198,b=2) loss=1.491212e+00 -> b_test_nrms_p01_g356_w198_b2_input.png, b_test_nrms_p01_g356_w198_b2_fields.png
  p10   comb=  785689 (g=402,w=298,b=1) loss=8.300743e-01 -> b_test_nrms_p10_g402_w298_b1_input.png, b_test_nrms_p10_g402_w298_b1_fields.png
  p20   comb= 1746547 (g=895,w=216,b=1) loss=5.822101e-01 -> b_test_nrms_p20_g895_w216_b1_input.png, b_test_nrms_p20_g895_w216_b1_fields.png
  p25   comb=  649815 (g=333,w=77,b=3) loss=4.347795e-01 -> b_test_nrms_p25_g333_w77_b3_input.png, b_test_nrms_p25_g333_w77_b3_fields.png
  p30   comb=  783557 (g=401,w=267,b=5) loss=3.277566e-01 -> b_test_nrms_p30_g401_w267_b5_input.png, b_test_nrms_p30_g401_w267_b5_fields.png
  p40   comb= 1041874 (g=534,w=95,b=4) loss=2.106086e-01 -> b_test_nrms_p40_g534_w95_b4_input.png, b_test_nrms_p40_g534_w95_b4_fields.png
  p50   comb= 1851872 (g=949,w=220,b=2) loss=1.517405e-01 -> b_test_nrms_p50_g949_w220_b2_input.png, b_test_nrms_p50_g949_w220_b2_fields.png
  p60   comb=  598976 (g=307,w=54,b=2) loss=1.155491e-01 -> b_test_nrms_p60_g307_w54_b2_input.png, b_test_nrms_p60_g307_w54_b2_fields.png
  p70   comb=  851238 (g=436,w=173,b=0) loss=8.955540e-02 -> b_test_nrms_p70_g436_w173_b0_input.png, b_test_nrms_p70_g436_w173_b0_fields.png
  p75   comb=  303320 (g=155,w=178,b=2) loss=7.849117e-02 -> b_test_nrms_p75_g155_w178_b2_input.png, b_test_nrms_p75_g155_w178_b2_fields.png
  p80   comb= 1148719 (g=589,w=28,b=1) loss=6.820007e-02 -> b_test_nrms_p80_g589_w28_b1_input.png, b_test_nrms_p80_g589_w28_b1_fields.png
  p90   comb= 1870923 (g=959,w=145,b=3) loss=4.922050e-02 -> b_test_nrms_p90_g959_w145_b3_input.png, b_test_nrms_p90_g959_w145_b3_fields.png
  p99   comb= 1326355 (g=680,w=59,b=1) loss=2.877888e-02 -> b_test_nrms_p99_g680_w59_b1_input.png, b_test_nrms_p99_g680_w59_b1_fields.png
  p100  comb=  845502 (g=433,w=192,b=0) loss=1.532312e-02 -> b_test_nrms_p100_g433_w192_b0_input.png, b_test_nrms_p100_g433_w192_b0_fields.png
>> sample_cases_nrms_no_deg_pivot_ms_NO_I3O5_BCF16_SL1_HC128_LR2e-03_WD0e+00_SS1_G9e-01_ch0u_260626_E11_b_test DONE 2026-07-13 11:57:51

################ MODEL NO_I3O5_BCF16_NMAE_HC128_LR2e-03_WD0e+00_SS1_G9e-01_ch0u_260705_E12_best ################

========== c_test sample_cases mae -> MAE_sample_case_plots_no_degenerate_pivot_manuscript ==========

>> sample_cases_mae_no_deg_pivot_ms_NO_I3O5_BCF16_NMAE_HC128_LR2e-03_WD0e+00_SS1_G9e-01_ch0u_260705_E12_best_c_test START 2026-07-13 11:57:51
python.exe : D:\Research\NO-2D-Metamaterials\NO_utilities.py:489: UserWarning: FigureCanvasAgg is non-interactive, and
thus cannot be shown
At D:\Research\NO-2D-Metamaterials\_run_no_degenerate_pivot_sample_cases_manuscript.ps1:29 char:9
+         & $PY @pyArgs 2>&1 | ForEach-Object { Write-Log $_ }
+         ~~~~~~~~~~~~~~~~~~
    + CategoryInfo          : NotSpecified: (D:\Research\NO-...cannot be shown:String) [], RemoteException
    + FullyQualifiedErrorId : NativeCommandError

  plt.show()
D:\Research\NO-2D-Metamaterials\NO_utilities.py:661: UserWarning: FigureCanvasAgg is non-interactive, and thus cannot
be shown
  plt.show()
Excluding 39 wavevectors: 1716000 / 1716000 samples kept for percentile selection

=== c_test  loss=mae  (1716000 samples) ===
  p0    comb=  797048 (g=408,w=241,b=2) loss=2.246292e-02 -> c_test_mae_p0_g408_w241_b2_input.png, c_test_mae_p0_g408_w241_b2_fields.png
  p01   comb= 1887218 (g=967,w=261,b=2) loss=9.371624e-03 -> c_test_mae_p01_g967_w261_b2_input.png, c_test_mae_p01_g967_w261_b2_fields.png
  p10   comb= 1170560 (g=600,w=93,b=2) loss=2.156587e-03 -> c_test_mae_p10_g600_w93_b2_input.png, c_test_mae_p10_g600_w93_b2_fields.png
  p20   comb=  534959 (g=274,w=109,b=5) loss=1.198294e-03 -> c_test_mae_p20_g274_w109_b5_input.png, c_test_mae_p20_g274_w109_b5_fields.png
  p25   comb=  987748 (g=506,w=174,b=4) loss=9.927588e-04 -> c_test_mae_p25_g506_w174_b4_input.png, c_test_mae_p25_g506_w174_b4_fields.png
  p30   comb= 1019087 (g=522,w=197,b=5) loss=8.519380e-04 -> c_test_mae_p30_g522_w197_b5_input.png, c_test_mae_p30_g522_w197_b5_fields.png
  p40   comb= 1473938 (g=755,w=281,b=2) loss=6.590593e-04 -> c_test_mae_p40_g755_w281_b2_input.png, c_test_mae_p40_g755_w281_b2_fields.png
  p50   comb= 1257708 (g=644,w=318,b=0) loss=5.207993e-04 -> c_test_mae_p50_g644_w318_b0_input.png, c_test_mae_p50_g644_w318_b0_fields.png
  p60   comb=  491012 (g=251,w=260,b=2) loss=4.147393e-04 -> c_test_mae_p60_g251_w260_b2_input.png, c_test_mae_p60_g251_w260_b2_fields.png
  p70   comb=   65670 (g=33,w=220,b=0) loss=3.298738e-04 -> c_test_mae_p70_g33_w220_b0_input.png, c_test_mae_p70_g33_w220_b0_fields.png
  p75   comb= 1803658 (g=924,w=309,b=4) loss=2.914826e-04 -> c_test_mae_p75_g924_w309_b4_input.png, c_test_mae_p75_g924_w309_b4_fields.png
  p80   comb= 1736007 (g=890,w=84,b=3) loss=2.557567e-04 -> c_test_mae_p80_g890_w84_b3_input.png, c_test_mae_p80_g890_w84_b3_fields.png
  p90   comb=  997135 (g=511,w=114,b=1) loss=1.940857e-04 -> c_test_mae_p90_g511_w114_b1_input.png, c_test_mae_p90_g511_w114_b1_fields.png
  p99   comb= 1322640 (g=678,w=90,b=0) loss=1.307790e-04 -> c_test_mae_p99_g678_w90_b0_input.png, c_test_mae_p99_g678_w90_b0_fields.png
  p100  comb= 1284050 (g=658,w=158,b=2) loss=8.215173e-05 -> c_test_mae_p100_g658_w158_b2_input.png, c_test_mae_p100_g658_w158_b2_fields.png
>> sample_cases_mae_no_deg_pivot_ms_NO_I3O5_BCF16_NMAE_HC128_LR2e-03_WD0e+00_SS1_G9e-01_ch0u_260705_E12_best_c_test DONE 2026-07-13 11:58:16

========== c_test sample_cases mse -> MSE_sample_case_plots_no_degenerate_pivot_manuscript ==========

>> sample_cases_mse_no_deg_pivot_ms_NO_I3O5_BCF16_NMAE_HC128_LR2e-03_WD0e+00_SS1_G9e-01_ch0u_260705_E12_best_c_test START 2026-07-13 11:58:16
python.exe : D:\Research\NO-2D-Metamaterials\NO_utilities.py:489: UserWarning: FigureCanvasAgg is non-interactive, and
thus cannot be shown
At D:\Research\NO-2D-Metamaterials\_run_no_degenerate_pivot_sample_cases_manuscript.ps1:29 char:9
+         & $PY @pyArgs 2>&1 | ForEach-Object { Write-Log $_ }
+         ~~~~~~~~~~~~~~~~~~
    + CategoryInfo          : NotSpecified: (D:\Research\NO-...cannot be shown:String) [], RemoteException
    + FullyQualifiedErrorId : NativeCommandError

  plt.show()
D:\Research\NO-2D-Metamaterials\NO_utilities.py:661: UserWarning: FigureCanvasAgg is non-interactive, and thus cannot
be shown
  plt.show()
Excluding 39 wavevectors: 1716000 / 1716000 samples kept for percentile selection

=== c_test  loss=mse  (1716000 samples) ===
  p0    comb= 1862108 (g=954,w=301,b=2) loss=8.855538e-04 -> c_test_mse_p0_g954_w301_b2_input.png, c_test_mse_p0_g954_w301_b2_fields.png
  p01   comb=  266619 (g=136,w=236,b=3) loss=3.413786e-04 -> c_test_mse_p01_g136_w236_b3_input.png, c_test_mse_p01_g136_w236_b3_fields.png
  p10   comb= 1549151 (g=794,w=141,b=5) loss=3.902298e-05 -> c_test_mse_p10_g794_w141_b5_input.png, c_test_mse_p10_g794_w141_b5_fields.png
  p20   comb=  376864 (g=193,w=85,b=4) loss=7.516654e-06 -> c_test_mse_p20_g193_w85_b4_input.png, c_test_mse_p20_g193_w85_b4_fields.png
  p25   comb= 1845868 (g=946,w=194,b=4) loss=4.553750e-06 -> c_test_mse_p25_g946_w194_b4_input.png, c_test_mse_p25_g946_w194_b4_fields.png
  p30   comb=  835852 (g=428,w=208,b=4) loss=3.091979e-06 -> c_test_mse_p30_g428_w208_b4_input.png, c_test_mse_p30_g428_w208_b4_fields.png
  p40   comb= 1539097 (g=789,w=91,b=1) loss=1.716756e-06 -> c_test_mse_p40_g789_w91_b1_input.png, c_test_mse_p40_g789_w91_b1_fields.png
  p50   comb= 1350732 (g=692,w=222,b=0) loss=1.049155e-06 -> c_test_mse_p50_g692_w222_b0_input.png, c_test_mse_p50_g692_w222_b0_fields.png
  p60   comb=   30622 (g=15,w=228,b=4) loss=6.641097e-07 -> c_test_mse_p60_g15_w228_b4_input.png, c_test_mse_p60_g15_w228_b4_fields.png
  p70   comb= 1564998 (g=802,w=183,b=0) loss=4.310374e-07 -> c_test_mse_p70_g802_w183_b0_input.png, c_test_mse_p70_g802_w183_b0_fields.png
  p75   comb= 1266110 (g=649,w=93,b=2) loss=3.443364e-07 -> c_test_mse_p75_g649_w93_b2_input.png, c_test_mse_p75_g649_w93_b2_fields.png
  p80   comb= 1122405 (g=575,w=192,b=3) loss=2.662524e-07 -> c_test_mse_p80_g575_w192_b3_input.png, c_test_mse_p80_g575_w192_b3_fields.png
  p90   comb= 1594345 (g=817,w=199,b=1) loss=1.220251e-07 -> c_test_mse_p90_g817_w199_b1_input.png, c_test_mse_p90_g817_w199_b1_fields.png
  p99   comb=  355153 (g=182,w=42,b=1) loss=3.545775e-08 -> c_test_mse_p99_g182_w42_b1_input.png, c_test_mse_p99_g182_w42_b1_fields.png
  p100  comb=  721890 (g=370,w=65,b=0) loss=1.243842e-08 -> c_test_mse_p100_g370_w65_b0_input.png, c_test_mse_p100_g370_w65_b0_fields.png
>> sample_cases_mse_no_deg_pivot_ms_NO_I3O5_BCF16_NMAE_HC128_LR2e-03_WD0e+00_SS1_G9e-01_ch0u_260705_E12_best_c_test DONE 2026-07-13 11:58:40

========== c_test sample_cases rms -> RMS_sample_case_plots_no_degenerate_pivot_manuscript ==========

>> sample_cases_rms_no_deg_pivot_ms_NO_I3O5_BCF16_NMAE_HC128_LR2e-03_WD0e+00_SS1_G9e-01_ch0u_260705_E12_best_c_test START 2026-07-13 11:58:40
python.exe : D:\Research\NO-2D-Metamaterials\NO_utilities.py:489: UserWarning: FigureCanvasAgg is non-interactive, and
thus cannot be shown
At D:\Research\NO-2D-Metamaterials\_run_no_degenerate_pivot_sample_cases_manuscript.ps1:29 char:9
+         & $PY @pyArgs 2>&1 | ForEach-Object { Write-Log $_ }
+         ~~~~~~~~~~~~~~~~~~
    + CategoryInfo          : NotSpecified: (D:\Research\NO-...cannot be shown:String) [], RemoteException
    + FullyQualifiedErrorId : NativeCommandError

  plt.show()
D:\Research\NO-2D-Metamaterials\NO_utilities.py:661: UserWarning: FigureCanvasAgg is non-interactive, and thus cannot
be shown
  plt.show()
Excluding 39 wavevectors: 1716000 / 1716000 samples kept for percentile selection

=== c_test  loss=rms  (1716000 samples) ===
  p0    comb=  104800 (g=53,w=241,b=4) loss=2.660106e-02 -> c_test_rms_p0_g53_w241_b4_input.png, c_test_rms_p0_g53_w241_b4_fields.png
  p01   comb= 1005406 (g=515,w=192,b=4) loss=1.540454e-02 -> c_test_rms_p01_g515_w192_b4_input.png, c_test_rms_p01_g515_w192_b4_fields.png
  p10   comb= 1583819 (g=812,w=69,b=5) loss=5.163841e-03 -> c_test_rms_p10_g812_w69_b5_input.png, c_test_rms_p10_g812_w69_b5_fields.png
  p20   comb= 1527761 (g=783,w=151,b=5) loss=2.353894e-03 -> c_test_rms_p20_g783_w151_b5_input.png, c_test_rms_p20_g783_w151_b5_fields.png
  p25   comb=  412815 (g=211,w=227,b=3) loss=1.858329e-03 -> c_test_rms_p25_g211_w227_b3_input.png, c_test_rms_p25_g211_w227_b3_fields.png
  p30   comb= 1704201 (g=873,w=308,b=3) loss=1.547673e-03 -> c_test_rms_p30_g873_w308_b3_input.png, c_test_rms_p30_g873_w308_b3_fields.png
  p40   comb= 1275597 (g=654,w=49,b=3) loss=1.166215e-03 -> c_test_rms_p40_g654_w49_b3_input.png, c_test_rms_p40_g654_w49_b3_fields.png
  p50   comb=  246170 (g=126,w=78,b=2) loss=9.184650e-04 -> c_test_rms_p50_g126_w78_b2_input.png, c_test_rms_p50_g126_w78_b2_fields.png
  p60   comb= 1554345 (g=797,w=32,b=3) loss=7.361642e-04 -> c_test_rms_p60_g797_w32_b3_input.png, c_test_rms_p60_g797_w32_b3_fields.png
  p70   comb=  970580 (g=497,w=238,b=2) loss=5.975291e-04 -> c_test_rms_p70_g497_w238_b2_input.png, c_test_rms_p70_g497_w238_b2_fields.png
  p75   comb=  151783 (g=77,w=272,b=1) loss=5.364937e-04 -> c_test_rms_p75_g77_w272_b1_input.png, c_test_rms_p75_g77_w272_b1_fields.png
  p80   comb=  468195 (g=240,w=32,b=3) loss=4.745493e-04 -> c_test_rms_p80_g240_w32_b3_input.png, c_test_rms_p80_g240_w32_b3_fields.png
  p90   comb= 1547280 (g=793,w=155,b=0) loss=3.263268e-04 -> c_test_rms_p90_g793_w155_b0_input.png, c_test_rms_p90_g793_w155_b0_fields.png
  p99   comb=  677053 (g=347,w=67,b=1) loss=1.776940e-04 -> c_test_rms_p99_g347_w67_b1_input.png, c_test_rms_p99_g347_w67_b1_fields.png
  p100  comb=  721890 (g=370,w=65,b=0) loss=1.067940e-04 -> c_test_rms_p100_g370_w65_b0_input.png, c_test_rms_p100_g370_w65_b0_fields.png
>> sample_cases_rms_no_deg_pivot_ms_NO_I3O5_BCF16_NMAE_HC128_LR2e-03_WD0e+00_SS1_G9e-01_ch0u_260705_E12_best_c_test DONE 2026-07-13 11:59:05

========== c_test sample_cases nmae -> NMAE_sample_case_plots_no_degenerate_pivot_manuscript ==========

>> sample_cases_nmae_no_deg_pivot_ms_NO_I3O5_BCF16_NMAE_HC128_LR2e-03_WD0e+00_SS1_G9e-01_ch0u_260705_E12_best_c_test START 2026-07-13 11:59:05
python.exe : D:\Research\NO-2D-Metamaterials\NO_utilities.py:489: UserWarning: FigureCanvasAgg is non-interactive, and
thus cannot be shown
At D:\Research\NO-2D-Metamaterials\_run_no_degenerate_pivot_sample_cases_manuscript.ps1:29 char:9
+         & $PY @pyArgs 2>&1 | ForEach-Object { Write-Log $_ }
+         ~~~~~~~~~~~~~~~~~~
    + CategoryInfo          : NotSpecified: (D:\Research\NO-...cannot be shown:String) [], RemoteException
    + FullyQualifiedErrorId : NativeCommandError

  plt.show()
D:\Research\NO-2D-Metamaterials\NO_utilities.py:661: UserWarning: FigureCanvasAgg is non-interactive, and thus cannot
be shown
  plt.show()
Excluding 39 wavevectors: 1716000 / 1716000 samples kept for percentile selection

=== c_test  loss=nmae  (1716000 samples) ===
  p0    comb=  601456 (g=308,w=142,b=4) loss=6.417811e+01 -> c_test_nmae_p0_g308_w142_b4_input.png, c_test_nmae_p0_g308_w142_b4_fields.png
  p01   comb=  561925 (g=288,w=54,b=1) loss=1.433261e+00 -> c_test_nmae_p01_g288_w54_b1_input.png, c_test_nmae_p01_g288_w54_b1_fields.png
  p10   comb= 1848190 (g=947,w=256,b=4) loss=4.499483e-01 -> c_test_nmae_p10_g947_w256_b4_input.png, c_test_nmae_p10_g947_w256_b4_fields.png
  p20   comb= 1539458 (g=789,w=151,b=2) loss=2.180794e-01 -> c_test_nmae_p20_g789_w151_b2_input.png, c_test_nmae_p20_g789_w151_b2_fields.png
  p25   comb=  882745 (g=452,w=224,b=1) loss=1.739181e-01 -> c_test_nmae_p25_g452_w224_b1_input.png, c_test_nmae_p25_g452_w224_b1_fields.png
  p30   comb=   16413 (g=8,w=135,b=3) loss=1.436519e-01 -> c_test_nmae_p30_g8_w135_b3_input.png, c_test_nmae_p30_g8_w135_b3_fields.png
  p40   comb=  648361 (g=332,w=160,b=1) loss=1.035658e-01 -> c_test_nmae_p40_g332_w160_b1_input.png, c_test_nmae_p40_g332_w160_b1_fields.png
  p50   comb=  357099 (g=183,w=41,b=3) loss=7.864158e-02 -> c_test_nmae_p50_g183_w41_b3_input.png, c_test_nmae_p50_g183_w41_b3_fields.png
  p60   comb= 1933012 (g=991,w=93,b=4) loss=6.129584e-02 -> c_test_nmae_p60_g991_w93_b4_input.png, c_test_nmae_p60_g991_w93_b4_fields.png
  p70   comb= 1646977 (g=844,w=196,b=1) loss=4.709555e-02 -> c_test_nmae_p70_g844_w196_b1_input.png, c_test_nmae_p70_g844_w196_b1_fields.png
  p75   comb=  545427 (g=279,w=229,b=3) loss=4.053454e-02 -> c_test_nmae_p75_g279_w229_b3_input.png, c_test_nmae_p75_g279_w229_b3_fields.png
  p80   comb=  220959 (g=113,w=101,b=3) loss=3.456236e-02 -> c_test_nmae_p80_g113_w101_b3_input.png, c_test_nmae_p80_g113_w101_b3_fields.png
  p90   comb=  384750 (g=197,w=100,b=0) loss=2.329674e-02 -> c_test_nmae_p90_g197_w100_b0_input.png, c_test_nmae_p90_g197_w100_b0_fields.png
  p99   comb=  374749 (g=192,w=58,b=1) loss=1.146136e-02 -> c_test_nmae_p99_g192_w58_b1_input.png, c_test_nmae_p99_g192_w58_b1_fields.png
  p100  comb=  374904 (g=192,w=84,b=0) loss=6.253070e-03 -> c_test_nmae_p100_g192_w84_b0_input.png, c_test_nmae_p100_g192_w84_b0_fields.png
>> sample_cases_nmae_no_deg_pivot_ms_NO_I3O5_BCF16_NMAE_HC128_LR2e-03_WD0e+00_SS1_G9e-01_ch0u_260705_E12_best_c_test DONE 2026-07-13 11:59:30

========== c_test sample_cases nmse -> NMSE_sample_case_plots_no_degenerate_pivot_manuscript ==========

>> sample_cases_nmse_no_deg_pivot_ms_NO_I3O5_BCF16_NMAE_HC128_LR2e-03_WD0e+00_SS1_G9e-01_ch0u_260705_E12_best_c_test START 2026-07-13 11:59:30
python.exe : D:\Research\NO-2D-Metamaterials\NO_utilities.py:489: UserWarning: FigureCanvasAgg is non-interactive, and
thus cannot be shown
At D:\Research\NO-2D-Metamaterials\_run_no_degenerate_pivot_sample_cases_manuscript.ps1:29 char:9
+         & $PY @pyArgs 2>&1 | ForEach-Object { Write-Log $_ }
+         ~~~~~~~~~~~~~~~~~~
    + CategoryInfo          : NotSpecified: (D:\Research\NO-...cannot be shown:String) [], RemoteException
    + FullyQualifiedErrorId : NativeCommandError

  plt.show()
D:\Research\NO-2D-Metamaterials\NO_utilities.py:661: UserWarning: FigureCanvasAgg is non-interactive, and thus cannot
be shown
  plt.show()
Excluding 39 wavevectors: 1716000 / 1716000 samples kept for percentile selection

=== c_test  loss=nmse  (1716000 samples) ===
  p0    comb= 1874182 (g=961,w=38,b=4) loss=1.692222e+01 -> c_test_nmse_p0_g961_w38_b4_input.png, c_test_nmse_p0_g961_w38_b4_fields.png
  p01   comb= 1901853 (g=975,w=100,b=3) loss=1.665822e+00 -> c_test_nmse_p01_g975_w100_b3_input.png, c_test_nmse_p01_g975_w100_b3_fields.png
  p10   comb=  613840 (g=314,w=256,b=4) loss=1.966047e-01 -> c_test_nmse_p10_g314_w256_b4_input.png, c_test_nmse_p10_g314_w256_b4_fields.png
  p20   comb=  798511 (g=409,w=160,b=1) loss=4.448297e-02 -> c_test_nmse_p20_g409_w160_b1_input.png, c_test_nmse_p20_g409_w160_b1_fields.png
  p25   comb= 1561373 (g=800,w=228,b=5) loss=2.775804e-02 -> c_test_nmse_p25_g800_w228_b5_input.png, c_test_nmse_p25_g800_w228_b5_fields.png
  p30   comb=   76437 (g=39,w=64,b=3) loss=1.904599e-02 -> c_test_nmse_p30_g39_w64_b3_input.png, c_test_nmse_p30_g39_w64_b3_fields.png
  p40   comb= 1065783 (g=546,w=180,b=3) loss=1.053138e-02 -> c_test_nmse_p40_g546_w180_b3_input.png, c_test_nmse_p40_g546_w180_b3_fields.png
  p50   comb=  217777 (g=111,w=221,b=1) loss=6.525053e-03 -> c_test_nmse_p50_g111_w221_b1_input.png, c_test_nmse_p50_g111_w221_b1_fields.png
  p60   comb=  768551 (g=394,w=41,b=5) loss=4.191104e-03 -> c_test_nmse_p60_g394_w41_b5_input.png, c_test_nmse_p60_g394_w41_b5_fields.png
  p70   comb= 1515487 (g=777,w=56,b=1) loss=2.690543e-03 -> c_test_nmse_p70_g777_w56_b1_input.png, c_test_nmse_p70_g777_w56_b1_fields.png
  p75   comb= 1006737 (g=516,w=89,b=3) loss=2.133905e-03 -> c_test_nmse_p75_g516_w89_b3_input.png, c_test_nmse_p75_g516_w89_b3_fields.png
  p80   comb= 1382064 (g=708,w=244,b=0) loss=1.664329e-03 -> c_test_nmse_p80_g708_w244_b0_input.png, c_test_nmse_p80_g708_w244_b0_fields.png
  p90   comb=  746803 (g=382,w=317,b=1) loss=8.577857e-04 -> c_test_nmse_p90_g382_w317_b1_input.png, c_test_nmse_p90_g382_w317_b1_fields.png
  p99   comb=   28464 (g=14,w=194,b=0) loss=2.127429e-04 -> c_test_nmse_p99_g14_w194_b0_input.png, c_test_nmse_p99_g14_w194_b0_fields.png
  p100  comb= 1441560 (g=739,w=85,b=0) loss=5.748218e-05 -> c_test_nmse_p100_g739_w85_b0_input.png, c_test_nmse_p100_g739_w85_b0_fields.png
>> sample_cases_nmse_no_deg_pivot_ms_NO_I3O5_BCF16_NMAE_HC128_LR2e-03_WD0e+00_SS1_G9e-01_ch0u_260705_E12_best_c_test DONE 2026-07-13 11:59:55

========== c_test sample_cases nrms -> NRMS_sample_case_plots_no_degenerate_pivot_manuscript ==========

>> sample_cases_nrms_no_deg_pivot_ms_NO_I3O5_BCF16_NMAE_HC128_LR2e-03_WD0e+00_SS1_G9e-01_ch0u_260705_E12_best_c_test START 2026-07-13 11:59:55
python.exe : D:\Research\NO-2D-Metamaterials\NO_utilities.py:489: UserWarning: FigureCanvasAgg is non-interactive, and
thus cannot be shown
At D:\Research\NO-2D-Metamaterials\_run_no_degenerate_pivot_sample_cases_manuscript.ps1:29 char:9
+         & $PY @pyArgs 2>&1 | ForEach-Object { Write-Log $_ }
+         ~~~~~~~~~~~~~~~~~~
    + CategoryInfo          : NotSpecified: (D:\Research\NO-...cannot be shown:String) [], RemoteException
    + FullyQualifiedErrorId : NativeCommandError

  plt.show()
D:\Research\NO-2D-Metamaterials\NO_utilities.py:661: UserWarning: FigureCanvasAgg is non-interactive, and thus cannot
be shown
  plt.show()
Excluding 39 wavevectors: 1716000 / 1716000 samples kept for percentile selection

=== c_test  loss=nrms  (1716000 samples) ===
  p0    comb= 1874182 (g=961,w=38,b=4) loss=2.951256e+00 -> c_test_nrms_p0_g961_w38_b4_input.png, c_test_nrms_p0_g961_w38_b4_fields.png
  p01   comb=  154227 (g=79,w=29,b=3) loss=1.100191e+00 -> c_test_nrms_p01_g79_w29_b3_input.png, c_test_nrms_p01_g79_w29_b3_fields.png
  p10   comb=  791393 (g=405,w=273,b=5) loss=3.750240e-01 -> c_test_nrms_p10_g405_w273_b5_input.png, c_test_nrms_p10_g405_w273_b5_fields.png
  p20   comb=  570535 (g=292,w=189,b=1) loss=1.769733e-01 -> c_test_nrms_p20_g292_w189_b1_input.png, c_test_nrms_p20_g292_w189_b1_fields.png
  p25   comb=  103161 (g=52,w=293,b=3) loss=1.401784e-01 -> c_test_nrms_p25_g52_w293_b3_input.png, c_test_nrms_p25_g52_w293_b3_fields.png
  p30   comb=  571612 (g=293,w=43,b=4) loss=1.164958e-01 -> c_test_nrms_p30_g293_w43_b4_input.png, c_test_nrms_p30_g293_w43_b4_fields.png
  p40   comb=  949611 (g=486,w=318,b=3) loss=8.721521e-02 -> c_test_nrms_p40_g486_w318_b3_input.png, c_test_nrms_p40_g486_w318_b3_fields.png
  p50   comb=  997953 (g=511,w=250,b=3) loss=6.886506e-02 -> c_test_nrms_p50_g511_w250_b3_input.png, c_test_nrms_p50_g511_w250_b3_fields.png
  p60   comb= 1033340 (g=529,w=298,b=2) loss=5.536857e-02 -> c_test_nrms_p60_g529_w298_b2_input.png, c_test_nrms_p60_g529_w298_b2_fields.png
  p70   comb=  925586 (g=474,w=214,b=2) loss=4.449644e-02 -> c_test_nrms_p70_g474_w214_b2_input.png, c_test_nrms_p70_g474_w214_b2_fields.png
  p75   comb=  229263 (g=117,w=185,b=3) loss=3.970169e-02 -> c_test_nrms_p75_g117_w185_b3_input.png, c_test_nrms_p75_g117_w185_b3_fields.png
  p80   comb= 1026290 (g=526,w=98,b=2) loss=3.511070e-02 -> c_test_nrms_p80_g526_w98_b2_input.png, c_test_nrms_p80_g526_w98_b2_fields.png
  p90   comb=  260407 (g=133,w=176,b=1) loss=2.504083e-02 -> c_test_nrms_p90_g133_w176_b1_input.png, c_test_nrms_p90_g133_w176_b1_fields.png
  p99   comb=  933282 (g=478,w=197,b=0) loss=1.276447e-02 -> c_test_nrms_p99_g478_w197_b0_input.png, c_test_nrms_p99_g478_w197_b0_fields.png
  p100  comb= 1441404 (g=739,w=59,b=0) loss=7.262208e-03 -> c_test_nrms_p100_g739_w59_b0_input.png, c_test_nrms_p100_g739_w59_b0_fields.png
>> sample_cases_nrms_no_deg_pivot_ms_NO_I3O5_BCF16_NMAE_HC128_LR2e-03_WD0e+00_SS1_G9e-01_ch0u_260705_E12_best_c_test DONE 2026-07-13 12:00:20

========== b_test sample_cases mae -> MAE_sample_case_plots_no_degenerate_pivot_manuscript ==========

>> sample_cases_mae_no_deg_pivot_ms_NO_I3O5_BCF16_NMAE_HC128_LR2e-03_WD0e+00_SS1_G9e-01_ch0u_260705_E12_best_b_test START 2026-07-13 12:00:20
python.exe : D:\Research\NO-2D-Metamaterials\NO_utilities.py:489: UserWarning: FigureCanvasAgg is non-interactive, and
thus cannot be shown
At D:\Research\NO-2D-Metamaterials\_run_no_degenerate_pivot_sample_cases_manuscript.ps1:29 char:9
+         & $PY @pyArgs 2>&1 | ForEach-Object { Write-Log $_ }
+         ~~~~~~~~~~~~~~~~~~
    + CategoryInfo          : NotSpecified: (D:\Research\NO-...cannot be shown:String) [], RemoteException
    + FullyQualifiedErrorId : NativeCommandError

  plt.show()
D:\Research\NO-2D-Metamaterials\NO_utilities.py:661: UserWarning: FigureCanvasAgg is non-interactive, and thus cannot
be shown
  plt.show()
Excluding 39 wavevectors: 1716000 / 1716000 samples kept for percentile selection

=== b_test  loss=mae  (1716000 samples) ===
  p0    comb=  864356 (g=443,w=84,b=2) loss=2.259396e-02 -> b_test_mae_p0_g443_w84_b2_input.png, b_test_mae_p0_g443_w84_b2_fields.png
  p01   comb= 1869802 (g=958,w=283,b=4) loss=1.326381e-02 -> b_test_mae_p01_g958_w283_b4_input.png, b_test_mae_p01_g958_w283_b4_fields.png
  p10   comb= 1747541 (g=896,w=56,b=5) loss=6.354651e-03 -> b_test_mae_p10_g896_w56_b5_input.png, b_test_mae_p10_g896_w56_b5_fields.png
  p20   comb=  507894 (g=260,w=149,b=0) loss=3.910703e-03 -> b_test_mae_p20_g260_w149_b0_input.png, b_test_mae_p20_g260_w149_b0_fields.png
  p25   comb=  929250 (g=476,w=175,b=0) loss=3.132579e-03 -> b_test_mae_p25_g476_w175_b0_input.png, b_test_mae_p25_g476_w175_b0_fields.png
  p30   comb=  478193 (g=245,w=73,b=5) loss=2.525199e-03 -> b_test_mae_p30_g245_w73_b5_input.png, b_test_mae_p30_g245_w73_b5_fields.png
  p40   comb= 1434743 (g=735,w=248,b=5) loss=1.697713e-03 -> b_test_mae_p40_g735_w248_b5_input.png, b_test_mae_p40_g735_w248_b5_fields.png
  p50   comb= 1545615 (g=792,w=202,b=3) loss=1.217910e-03 -> b_test_mae_p50_g792_w202_b3_input.png, b_test_mae_p50_g792_w202_b3_fields.png
  p60   comb= 1576243 (g=808,w=107,b=1) loss=8.998800e-04 -> b_test_mae_p60_g808_w107_b1_input.png, b_test_mae_p60_g808_w107_b1_fields.png
  p70   comb= 1391982 (g=713,w=272,b=0) loss=6.746263e-04 -> b_test_mae_p70_g713_w272_b0_input.png, b_test_mae_p70_g713_w272_b0_fields.png
  p75   comb= 1158571 (g=594,w=45,b=1) loss=5.816745e-04 -> b_test_mae_p75_g594_w45_b1_input.png, b_test_mae_p75_g594_w45_b1_fields.png
  p80   comb=   59949 (g=30,w=241,b=3) loss=4.994328e-04 -> b_test_mae_p80_g30_w241_b3_input.png, b_test_mae_p80_g30_w241_b3_fields.png
  p90   comb= 1844298 (g=945,w=258,b=0) loss=3.541909e-04 -> b_test_mae_p90_g945_w258_b0_input.png, b_test_mae_p90_g945_w258_b0_fields.png
  p99   comb= 1813417 (g=929,w=311,b=1) loss=1.962500e-04 -> b_test_mae_p99_g929_w311_b1_input.png, b_test_mae_p99_g929_w311_b1_fields.png
  p100  comb=  454590 (g=233,w=40,b=0) loss=9.932548e-05 -> b_test_mae_p100_g233_w40_b0_input.png, b_test_mae_p100_g233_w40_b0_fields.png
>> sample_cases_mae_no_deg_pivot_ms_NO_I3O5_BCF16_NMAE_HC128_LR2e-03_WD0e+00_SS1_G9e-01_ch0u_260705_E12_best_b_test DONE 2026-07-13 12:00:46

========== b_test sample_cases mse -> MSE_sample_case_plots_no_degenerate_pivot_manuscript ==========

>> sample_cases_mse_no_deg_pivot_ms_NO_I3O5_BCF16_NMAE_HC128_LR2e-03_WD0e+00_SS1_G9e-01_ch0u_260705_E12_best_b_test START 2026-07-13 12:00:46
python.exe : D:\Research\NO-2D-Metamaterials\NO_utilities.py:489: UserWarning: FigureCanvasAgg is non-interactive, and
thus cannot be shown
At D:\Research\NO-2D-Metamaterials\_run_no_degenerate_pivot_sample_cases_manuscript.ps1:29 char:9
+         & $PY @pyArgs 2>&1 | ForEach-Object { Write-Log $_ }
+         ~~~~~~~~~~~~~~~~~~
    + CategoryInfo          : NotSpecified: (D:\Research\NO-...cannot be shown:String) [], RemoteException
    + FullyQualifiedErrorId : NativeCommandError

  plt.show()
D:\Research\NO-2D-Metamaterials\NO_utilities.py:661: UserWarning: FigureCanvasAgg is non-interactive, and thus cannot
be shown
  plt.show()
Excluding 39 wavevectors: 1716000 / 1716000 samples kept for percentile selection

=== b_test  loss=mse  (1716000 samples) ===
  p0    comb=  805669 (g=413,w=53,b=1) loss=9.927420e-04 -> b_test_mse_p0_g413_w53_b1_input.png, b_test_mse_p0_g413_w53_b1_fields.png
  p01   comb= 1030318 (g=528,w=119,b=4) loss=5.233137e-04 -> b_test_mse_p01_g528_w119_b4_input.png, b_test_mse_p01_g528_w119_b4_fields.png
  p10   comb=  428957 (g=219,w=317,b=5) loss=2.021559e-04 -> b_test_mse_p10_g219_w317_b5_input.png, b_test_mse_p10_g219_w317_b5_fields.png
  p20   comb= 1055248 (g=541,w=49,b=4) loss=9.024881e-05 -> b_test_mse_p20_g541_w49_b4_input.png, b_test_mse_p20_g541_w49_b4_fields.png
  p25   comb= 1868489 (g=958,w=64,b=5) loss=4.520124e-05 -> b_test_mse_p25_g958_w64_b5_input.png, b_test_mse_p25_g958_w64_b5_fields.png
  p30   comb= 1510051 (g=774,w=125,b=1) loss=2.334490e-05 -> b_test_mse_p30_g774_w125_b1_input.png, b_test_mse_p30_g774_w125_b1_fields.png
  p40   comb=  724659 (g=371,w=201,b=3) loss=8.492071e-06 -> b_test_mse_p40_g371_w201_b3_input.png, b_test_mse_p40_g371_w201_b3_fields.png
  p50   comb=  150722 (g=77,w=95,b=2) loss=4.070288e-06 -> b_test_mse_p50_g77_w95_b2_input.png, b_test_mse_p50_g77_w95_b2_fields.png
  p60   comb= 1328489 (g=681,w=89,b=5) loss=2.242747e-06 -> b_test_mse_p60_g681_w89_b5_input.png, b_test_mse_p60_g681_w89_b5_fields.png
  p70   comb= 1061366 (g=544,w=94,b=2) loss=1.256992e-06 -> b_test_mse_p70_g544_w94_b2_input.png, b_test_mse_p70_g544_w94_b2_fields.png
  p75   comb= 1227488 (g=629,w=156,b=2) loss=9.420566e-07 -> b_test_mse_p75_g629_w156_b2_input.png, b_test_mse_p75_g629_w156_b2_fields.png
  p80   comb= 1093314 (g=560,w=219,b=0) loss=6.937091e-07 -> b_test_mse_p80_g560_w219_b0_input.png, b_test_mse_p80_g560_w219_b0_fields.png
  p90   comb= 1756172 (g=900,w=195,b=2) loss=3.538358e-07 -> b_test_mse_p90_g900_w195_b2_input.png, b_test_mse_p90_g900_w195_b2_fields.png
  p99   comb= 1570584 (g=805,w=139,b=0) loss=1.025903e-07 -> b_test_mse_p99_g805_w139_b0_input.png, b_test_mse_p99_g805_w139_b0_fields.png
  p100  comb=  454590 (g=233,w=40,b=0) loss=1.908326e-08 -> b_test_mse_p100_g233_w40_b0_input.png, b_test_mse_p100_g233_w40_b0_fields.png
>> sample_cases_mse_no_deg_pivot_ms_NO_I3O5_BCF16_NMAE_HC128_LR2e-03_WD0e+00_SS1_G9e-01_ch0u_260705_E12_best_b_test DONE 2026-07-13 12:01:11

========== b_test sample_cases rms -> RMS_sample_case_plots_no_degenerate_pivot_manuscript ==========

>> sample_cases_rms_no_deg_pivot_ms_NO_I3O5_BCF16_NMAE_HC128_LR2e-03_WD0e+00_SS1_G9e-01_ch0u_260705_E12_best_b_test START 2026-07-13 12:01:11
python.exe : D:\Research\NO-2D-Metamaterials\NO_utilities.py:489: UserWarning: FigureCanvasAgg is non-interactive, and
thus cannot be shown
At D:\Research\NO-2D-Metamaterials\_run_no_degenerate_pivot_sample_cases_manuscript.ps1:29 char:9
+         & $PY @pyArgs 2>&1 | ForEach-Object { Write-Log $_ }
+         ~~~~~~~~~~~~~~~~~~
    + CategoryInfo          : NotSpecified: (D:\Research\NO-...cannot be shown:String) [], RemoteException
    + FullyQualifiedErrorId : NativeCommandError

  plt.show()
D:\Research\NO-2D-Metamaterials\NO_utilities.py:661: UserWarning: FigureCanvasAgg is non-interactive, and thus cannot
be shown
  plt.show()
Excluding 39 wavevectors: 1716000 / 1716000 samples kept for percentile selection

=== b_test  loss=rms  (1716000 samples) ===
  p0    comb= 1599206 (g=820,w=34,b=2) loss=2.637484e-02 -> b_test_rms_p0_g820_w34_b2_input.png, b_test_rms_p0_g820_w34_b2_fields.png
  p01   comb=  892467 (g=457,w=219,b=3) loss=1.912857e-02 -> b_test_rms_p01_g457_w219_b3_input.png, b_test_rms_p01_g457_w219_b3_fields.png
  p10   comb=  662938 (g=339,w=314,b=4) loss=1.233171e-02 -> b_test_rms_p10_g339_w314_b4_input.png, b_test_rms_p10_g339_w314_b4_fields.png
  p20   comb= 1784090 (g=914,w=298,b=2) loss=8.064236e-03 -> b_test_rms_p20_g914_w298_b2_input.png, b_test_rms_p20_g914_w298_b2_fields.png
  p25   comb=  126641 (g=64,w=306,b=5) loss=5.808965e-03 -> b_test_rms_p25_g64_w306_b5_input.png, b_test_rms_p25_g64_w306_b5_fields.png
  p30   comb=  957430 (g=490,w=321,b=4) loss=4.234674e-03 -> b_test_rms_p30_g490_w321_b4_input.png, b_test_rms_p30_g490_w321_b4_fields.png
  p40   comb=  289396 (g=148,w=132,b=4) loss=2.602478e-03 -> b_test_rms_p40_g148_w132_b4_input.png, b_test_rms_p40_g148_w132_b4_fields.png
  p50   comb= 1688032 (g=865,w=213,b=4) loss=1.824282e-03 -> b_test_rms_p50_g865_w213_b4_input.png, b_test_rms_p50_g865_w213_b4_fields.png
  p60   comb= 1056573 (g=541,w=270,b=3) loss=1.363993e-03 -> b_test_rms_p60_g541_w270_b3_input.png, b_test_rms_p60_g541_w270_b3_fields.png
  p70   comb= 1142389 (g=585,w=273,b=1) loss=1.029550e-03 -> b_test_rms_p70_g585_w273_b1_input.png, b_test_rms_p70_g585_w273_b1_fields.png
  p75   comb= 1412768 (g=724,w=161,b=2) loss=8.920372e-04 -> b_test_rms_p75_g724_w161_b2_input.png, b_test_rms_p75_g724_w161_b2_fields.png
  p80   comb=  863611 (g=442,w=285,b=1) loss=7.677021e-04 -> b_test_rms_p80_g442_w285_b1_input.png, b_test_rms_p80_g442_w285_b1_fields.png
  p90   comb= 1533086 (g=786,w=64,b=2) loss=5.527472e-04 -> b_test_rms_p90_g786_w64_b2_input.png, b_test_rms_p90_g786_w64_b2_fields.png
  p99   comb=  258090 (g=132,w=115,b=0) loss=3.033286e-04 -> b_test_rms_p99_g132_w115_b0_input.png, b_test_rms_p99_g132_w115_b0_fields.png
  p100  comb=  454590 (g=233,w=40,b=0) loss=1.282938e-04 -> b_test_rms_p100_g233_w40_b0_input.png, b_test_rms_p100_g233_w40_b0_fields.png
>> sample_cases_rms_no_deg_pivot_ms_NO_I3O5_BCF16_NMAE_HC128_LR2e-03_WD0e+00_SS1_G9e-01_ch0u_260705_E12_best_b_test DONE 2026-07-13 12:01:36

========== b_test sample_cases nmae -> NMAE_sample_case_plots_no_degenerate_pivot_manuscript ==========

>> sample_cases_nmae_no_deg_pivot_ms_NO_I3O5_BCF16_NMAE_HC128_LR2e-03_WD0e+00_SS1_G9e-01_ch0u_260705_E12_best_b_test START 2026-07-13 12:01:36
python.exe : D:\Research\NO-2D-Metamaterials\NO_utilities.py:489: UserWarning: FigureCanvasAgg is non-interactive, and
thus cannot be shown
At D:\Research\NO-2D-Metamaterials\_run_no_degenerate_pivot_sample_cases_manuscript.ps1:29 char:9
+         & $PY @pyArgs 2>&1 | ForEach-Object { Write-Log $_ }
+         ~~~~~~~~~~~~~~~~~~
    + CategoryInfo          : NotSpecified: (D:\Research\NO-...cannot be shown:String) [], RemoteException
    + FullyQualifiedErrorId : NativeCommandError

  plt.show()
D:\Research\NO-2D-Metamaterials\NO_utilities.py:661: UserWarning: FigureCanvasAgg is non-interactive, and thus cannot
be shown
  plt.show()
Excluding 39 wavevectors: 1716000 / 1716000 samples kept for percentile selection

=== b_test  loss=nmae  (1716000 samples) ===
  p0    comb=  703791 (g=360,w=298,b=3) loss=1.310848e+02 -> b_test_nmae_p0_g360_w298_b3_input.png, b_test_nmae_p0_g360_w298_b3_fields.png
  p01   comb= 1862493 (g=955,w=40,b=3) loss=2.170422e+00 -> b_test_nmae_p01_g955_w40_b3_input.png, b_test_nmae_p01_g955_w40_b3_fields.png
  p10   comb=  387647 (g=198,w=257,b=5) loss=9.181158e-01 -> b_test_nmae_p10_g198_w257_b5_input.png, b_test_nmae_p10_g198_w257_b5_fields.png
  p20   comb=  238843 (g=122,w=157,b=1) loss=6.304886e-01 -> b_test_nmae_p20_g122_w157_b1_input.png, b_test_nmae_p20_g122_w157_b1_fields.png
  p25   comb=  553255 (g=283,w=234,b=1) loss=4.679255e-01 -> b_test_nmae_p25_g283_w234_b1_input.png, b_test_nmae_p25_g283_w234_b1_fields.png
  p30   comb=  743864 (g=381,w=152,b=2) loss=3.498134e-01 -> b_test_nmae_p30_g381_w152_b2_input.png, b_test_nmae_p30_g381_w152_b2_fields.png
  p40   comb=  887974 (g=455,w=120,b=4) loss=2.178036e-01 -> b_test_nmae_p40_g455_w120_b4_input.png, b_test_nmae_p40_g455_w120_b4_fields.png
  p50   comb= 1074046 (g=550,w=257,b=4) loss=1.536538e-01 -> b_test_nmae_p50_g550_w257_b4_input.png, b_test_nmae_p50_g550_w257_b4_fields.png
  p60   comb=  767488 (g=393,w=189,b=4) loss=1.150874e-01 -> b_test_nmae_p60_g393_w189_b4_input.png, b_test_nmae_p60_g393_w189_b4_fields.png
  p70   comb=  236563 (g=121,w=102,b=1) loss=8.771815e-02 -> b_test_nmae_p70_g121_w102_b1_input.png, b_test_nmae_p70_g121_w102_b1_fields.png
  p75   comb=  457171 (g=234,w=145,b=1) loss=7.604836e-02 -> b_test_nmae_p75_g234_w145_b1_input.png, b_test_nmae_p75_g234_w145_b1_fields.png
  p80   comb=  997813 (g=511,w=227,b=1) loss=6.526277e-02 -> b_test_nmae_p80_g511_w227_b1_input.png, b_test_nmae_p80_g511_w227_b1_fields.png
  p90   comb=  273505 (g=140,w=84,b=1) loss=4.406938e-02 -> b_test_nmae_p90_g140_w84_b1_input.png, b_test_nmae_p90_g140_w84_b1_fields.png
  p99   comb= 1815996 (g=931,w=91,b=0) loss=2.050993e-02 -> b_test_nmae_p99_g931_w91_b0_input.png, b_test_nmae_p99_g931_w91_b0_fields.png
  p100  comb= 1310904 (g=672,w=84,b=0) loss=7.720086e-03 -> b_test_nmae_p100_g672_w84_b0_input.png, b_test_nmae_p100_g672_w84_b0_fields.png
>> sample_cases_nmae_no_deg_pivot_ms_NO_I3O5_BCF16_NMAE_HC128_LR2e-03_WD0e+00_SS1_G9e-01_ch0u_260705_E12_best_b_test DONE 2026-07-13 12:02:01

========== b_test sample_cases nmse -> NMSE_sample_case_plots_no_degenerate_pivot_manuscript ==========

>> sample_cases_nmse_no_deg_pivot_ms_NO_I3O5_BCF16_NMAE_HC128_LR2e-03_WD0e+00_SS1_G9e-01_ch0u_260705_E12_best_b_test START 2026-07-13 12:02:01
python.exe : D:\Research\NO-2D-Metamaterials\NO_utilities.py:489: UserWarning: FigureCanvasAgg is non-interactive, and
thus cannot be shown
At D:\Research\NO-2D-Metamaterials\_run_no_degenerate_pivot_sample_cases_manuscript.ps1:29 char:9
+         & $PY @pyArgs 2>&1 | ForEach-Object { Write-Log $_ }
+         ~~~~~~~~~~~~~~~~~~
    + CategoryInfo          : NotSpecified: (D:\Research\NO-...cannot be shown:String) [], RemoteException
    + FullyQualifiedErrorId : NativeCommandError

  plt.show()
D:\Research\NO-2D-Metamaterials\NO_utilities.py:661: UserWarning: FigureCanvasAgg is non-interactive, and thus cannot
be shown
  plt.show()
Excluding 39 wavevectors: 1716000 / 1716000 samples kept for percentile selection

=== b_test  loss=nmse  (1716000 samples) ===
  p0    comb=  551793 (g=282,w=315,b=3) loss=2.620754e+01 -> b_test_nmse_p0_g282_w315_b3_input.png, b_test_nmse_p0_g282_w315_b3_fields.png
  p01   comb= 1031360 (g=528,w=293,b=2) loss=3.139562e+00 -> b_test_nmse_p01_g528_w293_b2_input.png, b_test_nmse_p01_g528_w293_b2_fields.png
  p10   comb=   71857 (g=36,w=276,b=1) loss=8.597782e-01 -> b_test_nmse_p10_g36_w276_b1_input.png, b_test_nmse_p10_g36_w276_b1_fields.png
  p20   comb= 1769019 (g=907,w=61,b=3) loss=4.206456e-01 -> b_test_nmse_p20_g907_w61_b3_input.png, b_test_nmse_p20_g907_w61_b3_fields.png
  p25   comb= 1837950 (g=942,w=175,b=0) loss=2.287827e-01 -> b_test_nmse_p25_g942_w175_b0_input.png, b_test_nmse_p25_g942_w175_b0_fields.png
  p30   comb= 1200683 (g=615,w=238,b=5) loss=1.251705e-01 -> b_test_nmse_p30_g615_w238_b5_input.png, b_test_nmse_p30_g615_w238_b5_fields.png
  p40   comb=  177617 (g=91,w=27,b=5) loss=4.835400e-02 -> b_test_nmse_p40_g91_w27_b5_input.png, b_test_nmse_p40_g91_w27_b5_fields.png
  p50   comb= 1417444 (g=726,w=290,b=4) loss=2.393640e-02 -> b_test_nmse_p50_g726_w290_b4_input.png, b_test_nmse_p50_g726_w290_b4_fields.png
  p60   comb= 1453068 (g=745,w=53,b=0) loss=1.343013e-02 -> b_test_nmse_p60_g745_w53_b0_input.png, b_test_nmse_p60_g745_w53_b0_fields.png
  p70   comb=  409939 (g=210,w=73,b=1) loss=7.810252e-03 -> b_test_nmse_p70_g210_w73_b1_input.png, b_test_nmse_p70_g210_w73_b1_fields.png
  p75   comb= 1043439 (g=535,w=31,b=3) loss=5.908505e-03 -> b_test_nmse_p75_g535_w31_b3_input.png, b_test_nmse_p75_g535_w31_b3_fields.png
  p80   comb= 1853372 (g=950,w=145,b=2) loss=4.407356e-03 -> b_test_nmse_p80_g950_w145_b2_input.png, b_test_nmse_p80_g950_w145_b2_fields.png
  p90   comb= 1692120 (g=867,w=245,b=0) loss=2.141818e-03 -> b_test_nmse_p90_g867_w245_b0_input.png, b_test_nmse_p90_g867_w245_b0_fields.png
  p99   comb= 1416708 (g=726,w=168,b=0) loss=5.991128e-04 -> b_test_nmse_p99_g726_w168_b0_input.png, b_test_nmse_p99_g726_w168_b0_fields.png
  p100  comb= 1539054 (g=789,w=84,b=0) loss=1.023428e-04 -> b_test_nmse_p100_g789_w84_b0_input.png, b_test_nmse_p100_g789_w84_b0_fields.png
>> sample_cases_nmse_no_deg_pivot_ms_NO_I3O5_BCF16_NMAE_HC128_LR2e-03_WD0e+00_SS1_G9e-01_ch0u_260705_E12_best_b_test DONE 2026-07-13 12:02:25

========== b_test sample_cases nrms -> NRMS_sample_case_plots_no_degenerate_pivot_manuscript ==========

>> sample_cases_nrms_no_deg_pivot_ms_NO_I3O5_BCF16_NMAE_HC128_LR2e-03_WD0e+00_SS1_G9e-01_ch0u_260705_E12_best_b_test START 2026-07-13 12:02:25
python.exe : D:\Research\NO-2D-Metamaterials\NO_utilities.py:489: UserWarning: FigureCanvasAgg is non-interactive, and
thus cannot be shown
At D:\Research\NO-2D-Metamaterials\_run_no_degenerate_pivot_sample_cases_manuscript.ps1:29 char:9
+         & $PY @pyArgs 2>&1 | ForEach-Object { Write-Log $_ }
+         ~~~~~~~~~~~~~~~~~~
    + CategoryInfo          : NotSpecified: (D:\Research\NO-...cannot be shown:String) [], RemoteException
    + FullyQualifiedErrorId : NativeCommandError

  plt.show()
D:\Research\NO-2D-Metamaterials\NO_utilities.py:661: UserWarning: FigureCanvasAgg is non-interactive, and thus cannot
be shown
  plt.show()
Excluding 39 wavevectors: 1716000 / 1716000 samples kept for percentile selection

=== b_test  loss=nrms  (1716000 samples) ===
  p0    comb=  551793 (g=282,w=315,b=3) loss=3.483976e+00 -> b_test_nrms_p0_g282_w315_b3_input.png, b_test_nrms_p0_g282_w315_b3_fields.png
  p01   comb= 1340638 (g=687,w=164,b=4) loss=1.506094e+00 -> b_test_nrms_p01_g687_w164_b4_input.png, b_test_nrms_p01_g687_w164_b4_fields.png
  p10   comb= 1940807 (g=995,w=92,b=5) loss=8.145319e-01 -> b_test_nrms_p10_g995_w92_b5_input.png, b_test_nrms_p10_g995_w92_b5_fields.png
  p20   comb=  514089 (g=263,w=206,b=3) loss=5.598339e-01 -> b_test_nrms_p20_g263_w206_b3_input.png, b_test_nrms_p20_g263_w206_b3_fields.png
  p25   comb=   13628 (g=6,w=321,b=2) loss=4.106072e-01 -> b_test_nrms_p25_g6_w321_b2_input.png, b_test_nrms_p25_g6_w321_b2_fields.png
  p30   comb= 1459900 (g=748,w=216,b=4) loss=3.024738e-01 -> b_test_nrms_p30_g748_w216_b4_input.png, b_test_nrms_p30_g748_w216_b4_fields.png
  p40   comb=  855405 (g=438,w=217,b=3) loss=1.884148e-01 -> b_test_nrms_p40_g438_w217_b3_input.png, b_test_nrms_p40_g438_w217_b3_fields.png
  p50   comb=  726087 (g=372,w=114,b=3) loss=1.328184e-01 -> b_test_nrms_p50_g372_w114_b3_input.png, b_test_nrms_p50_g372_w114_b3_fields.png
  p60   comb= 1127786 (g=578,w=114,b=2) loss=9.988318e-02 -> b_test_nrms_p60_g578_w114_b2_input.png, b_test_nrms_p60_g578_w114_b2_fields.png
  p70   comb= 1872860 (g=960,w=143,b=2) loss=7.625905e-02 -> b_test_nrms_p70_g960_w143_b2_input.png, b_test_nrms_p70_g960_w143_b2_fields.png
  p75   comb= 1736765 (g=890,w=210,b=5) loss=6.649385e-02 -> b_test_nrms_p75_g890_w210_b5_input.png, b_test_nrms_p75_g890_w210_b5_fields.png
  p80   comb= 1171462 (g=600,w=243,b=4) loss=5.757336e-02 -> b_test_nrms_p80_g600_w243_b4_input.png, b_test_nrms_p80_g600_w243_b4_fields.png
  p90   comb= 1351683 (g=693,w=55,b=3) loss=4.056458e-02 -> b_test_nrms_p90_g693_w55_b3_input.png, b_test_nrms_p90_g693_w55_b3_fields.png
  p99   comb=  359130 (g=184,w=55,b=0) loss=2.186471e-02 -> b_test_nrms_p99_g184_w55_b0_input.png, b_test_nrms_p99_g184_w55_b0_fields.png
  p100  comb= 1310904 (g=672,w=84,b=0) loss=9.244061e-03 -> b_test_nrms_p100_g672_w84_b0_input.png, b_test_nrms_p100_g672_w84_b0_fields.png
>> sample_cases_nrms_no_deg_pivot_ms_NO_I3O5_BCF16_NMAE_HC128_LR2e-03_WD0e+00_SS1_G9e-01_ch0u_260705_E12_best_b_test DONE 2026-07-13 12:02:50

ALL_NO_DEGENERATE_PIVOT_SAMPLE_CASES_MANUSCRIPT_DONE 2026-07-13 12:02:50
**********************
Windows PowerShell transcript end
End time: 20260713120250
**********************
