=== 0711 E12 loss-only pipeline ===
Checkpoint: d:\Research\NO-2D-Metamaterials\MODELS\training_runs\NO_I3O5_BCF16_NMAE_HC128_LR2e-03_WD0e+00_L1P1e-08_SS1_G9e-01_ch0u_260711\NO_I3O5_BCF16_NMAE_HC128_LR2e-03_WD0e+00_L1P1e-08_SS1_G9e-01_ch0u_260711_E12.pth
Model: NO_I3O5_BCF16_NMAE_HC128_LR2e-03_WD0e+00_L1P1e-08_SS1_G9e-01_ch0u_260711_E12

>> infer_gpu_c_test START 2026-08-03 16:49:15
Using device: cuda:0
Found 1 dataset(s)
Input encoding: wavelet (in_channels=3)
Inferred 1000 geometries per dataset from d:\Research\NO-2D-Metamaterials\DATASETS\c_test\continuous_2026-03-05_20-07-34_pt
Loading input data...
Input encoding: wavelet (in_channels=3)
  waveforms file: waveforms_full.pt
  bands file    : band_fft_full.pt
Loading waveforms and bands (same across all datasets)...
Waveforms - dtype: torch.float16, shape: torch.Size([325, 32, 32])
Bands     - dtype: torch.float16, shape: torch.Size([6, 32, 32])
Loading geometries from dataset 1/1: d:\Research\NO-2D-Metamaterials\DATASETS\c_test\continuous_2026-03-05_20-07-34_pt
Final dataset shapes:
  - Geometries: torch.Size([1000, 32, 32])
  - Waveforms: torch.Size([325, 32, 32])
  - Bands: torch.Size([6, 32, 32])
Geometry selection: mode=all, 1000 geometries
Building model...
Loading checkpoint from d:\Research\NO-2D-Metamaterials\MODELS\training_runs\NO_I3O5_BCF16_NMAE_HC128_LR2e-03_WD0e+00_L1P1e-08_SS1_G9e-01_ch0u_260711\NO_I3O5_BCF16_NMAE_HC128_LR2e-03_WD0e+00_L1P1e-08_SS1_G9e-01_ch0u_260711_E12.pth...
Model loaded successfully!
Running GPU inference on 1950000 samples...
  - 1000 geometries, 325 waveforms, 6 bands
  - in_channels=3, batch_size=256, pin_memory=True
System.Management.Automation.RemoteException
Geometries:   0%|          | 0/1000 [00:00<?, ?geom/s]
Geometries:   0%|          | 1/1000 [00:00<11:04,  1.50geom/s]
Geometries:   0%|          | 2/1000 [00:01<10:23,  1.60geom/s]
Geometries:   0%|          | 3/1000 [00:01<09:41,  1.71geom/s]
Geometries:   0%|          | 4/1000 [00:02<09:34,  1.73geom/s]
Geometries:   0%|          | 5/1000 [00:02<09:31,  1.74geom/s]
Geometries:   1%|          | 6/1000 [00:03<09:16,  1.79geom/s]
Geometries:   1%|          | 7/1000 [00:04<09:27,  1.75geom/s]
Geometries:   1%|          | 8/1000 [00:04<09:03,  1.82geom/s]
Geometries:   1%|          | 9/1000 [00:05<09:10,  1.80geom/s]
Geometries:   1%|1         | 10/1000 [00:05<09:18,  1.77geom/s]
Geometries:   1%|1         | 11/1000 [00:06<09:06,  1.81geom/s]
Geometries:   1%|1         | 12/1000 [00:06<09:18,  1.77geom/s]
Geometries:   1%|1         | 13/1000 [00:07<09:17,  1.77geom/s]
Geometries:   1%|1         | 14/1000 [00:07<09:04,  1.81geom/s]
Geometries:   2%|1         | 15/1000 [00:08<09:16,  1.77geom/s]
Geometries:   2%|1         | 16/1000 [00:09<09:05,  1.80geom/s]
Geometries:   2%|1         | 17/1000 [00:09<09:08,  1.79geom/s]
Geometries:   2%|1         | 18/1000 [00:10<09:23,  1.74geom/s]
Geometries:   2%|1         | 19/1000 [00:10<09:06,  1.80geom/s]
Geometries:   2%|2         | 20/1000 [00:11<09:15,  1.76geom/s]
Geometries:   2%|2         | 21/1000 [00:11<08:55,  1.83geom/s]
Geometries:   2%|2         | 22/1000 [00:12<09:07,  1.79geom/s]
Geometries:   2%|2         | 23/1000 [00:12<09:12,  1.77geom/s]
Geometries:   2%|2         | 24/1000 [00:13<09:00,  1.81geom/s]
Geometries:   2%|2         | 25/1000 [00:14<09:02,  1.80geom/s]
Geometries:   3%|2         | 26/1000 [00:14<09:02,  1.79geom/s]
Geometries:   3%|2         | 27/1000 [00:15<08:51,  1.83geom/s]
Geometries:   3%|2         | 28/1000 [00:15<09:03,  1.79geom/s]
Geometries:   3%|2         | 29/1000 [00:16<08:44,  1.85geom/s]
Geometries:   3%|3         | 30/1000 [00:16<08:48,  1.83geom/s]
Geometries:   3%|3         | 31/1000 [00:17<09:00,  1.79geom/s]
Geometries:   3%|3         | 32/1000 [00:17<08:51,  1.82geom/s]
Geometries:   3%|3         | 33/1000 [00:18<08:58,  1.79geom/s]
Geometries:   3%|3         | 34/1000 [00:18<08:42,  1.85geom/s]
Geometries:   4%|3         | 35/1000 [00:19<08:53,  1.81geom/s]
Geometries:   4%|3         | 36/1000 [00:20<09:03,  1.78geom/s]
Geometries:   4%|3         | 37/1000 [00:20<08:51,  1.81geom/s]
Geometries:   4%|3         | 38/1000 [00:21<08:54,  1.80geom/s]
Geometries:   4%|3         | 39/1000 [00:21<09:02,  1.77geom/s]
Geometries:   4%|4         | 40/1000 [00:22<08:49,  1.81geom/s]
Geometries:   4%|4         | 41/1000 [00:22<08:59,  1.78geom/s]
Geometries:   4%|4         | 42/1000 [00:23<08:38,  1.85geom/s]
Geometries:   4%|4         | 43/1000 [00:24<08:51,  1.80geom/s]
Geometries:   4%|4         | 44/1000 [00:24<09:01,  1.77geom/s]
Geometries:   4%|4         | 45/1000 [00:25<08:49,  1.81geom/s]
Geometries:   5%|4         | 46/1000 [00:25<08:48,  1.80geom/s]
Geometries:   5%|4         | 47/1000 [00:26<08:50,  1.80geom/s]
Geometries:   5%|4         | 48/1000 [00:26<08:39,  1.83geom/s]
Geometries:   5%|4         | 49/1000 [00:27<08:51,  1.79geom/s]
Geometries:   5%|5         | 50/1000 [00:27<08:33,  1.85geom/s]
Geometries:   5%|5         | 51/1000 [00:28<08:40,  1.82geom/s]
Geometries:   5%|5         | 52/1000 [00:29<08:51,  1.79geom/s]
Geometries:   5%|5         | 53/1000 [00:29<08:39,  1.82geom/s]
Geometries:   5%|5         | 54/1000 [00:30<08:51,  1.78geom/s]
Geometries:   6%|5         | 55/1000 [00:30<08:32,  1.84geom/s]
Geometries:   6%|5         | 56/1000 [00:31<08:44,  1.80geom/s]
Geometries:   6%|5         | 57/1000 [00:31<08:51,  1.77geom/s]
Geometries:   6%|5         | 58/1000 [00:32<08:40,  1.81geom/s]
Geometries:   6%|5         | 59/1000 [00:32<08:39,  1.81geom/s]
Geometries:   6%|6         | 60/1000 [00:33<08:48,  1.78geom/s]
Geometries:   6%|6         | 61/1000 [00:34<08:37,  1.82geom/s]
Geometries:   6%|6         | 62/1000 [00:34<08:44,  1.79geom/s]
Geometries:   6%|6         | 63/1000 [00:35<08:27,  1.85geom/s]
Geometries:   6%|6         | 64/1000 [00:35<08:37,  1.81geom/s]
Geometries:   6%|6         | 65/1000 [00:36<08:47,  1.77geom/s]
Geometries:   7%|6         | 66/1000 [00:36<08:34,  1.82geom/s]
Geometries:   7%|6         | 67/1000 [00:37<08:37,  1.80geom/s]
Geometries:   7%|6         | 68/1000 [00:37<08:20,  1.86geom/s]
Geometries:   7%|6         | 69/1000 [00:38<08:37,  1.80geom/s]
Geometries:   7%|7         | 70/1000 [00:39<08:52,  1.75geom/s]
Geometries:   7%|7         | 71/1000 [00:39<08:33,  1.81geom/s]
Geometries:   7%|7         | 72/1000 [00:40<08:33,  1.81geom/s]
Geometries:   7%|7         | 73/1000 [00:40<08:42,  1.77geom/s]
Geometries:   7%|7         | 74/1000 [00:41<08:31,  1.81geom/s]
Geometries:   8%|7         | 75/1000 [00:41<08:38,  1.78geom/s]
Geometries:   8%|7         | 76/1000 [00:42<08:20,  1.85geom/s]
Geometries:   8%|7         | 77/1000 [00:42<08:32,  1.80geom/s]
Geometries:   8%|7         | 78/1000 [00:43<08:41,  1.77geom/s]
Geometries:   8%|7         | 79/1000 [00:43<08:29,  1.81geom/s]
Geometries:   8%|8         | 80/1000 [00:44<08:30,  1.80geom/s]
Geometries:   8%|8         | 81/1000 [00:45<08:21,  1.83geom/s]
Geometries:   8%|8         | 82/1000 [00:45<08:32,  1.79geom/s]
Geometries:   8%|8         | 83/1000 [00:46<08:39,  1.76geom/s]
Geometries:   8%|8         | 84/1000 [00:46<08:18,  1.84geom/s]
Geometries:   8%|8         | 85/1000 [00:47<08:30,  1.79geom/s]
Geometries:   9%|8         | 86/1000 [00:47<08:36,  1.77geom/s]
Geometries:   9%|8         | 87/1000 [00:48<08:25,  1.81geom/s]
Geometries:   9%|8         | 88/1000 [00:49<08:26,  1.80geom/s]
Geometries:   9%|8         | 89/1000 [00:49<08:09,  1.86geom/s]
Geometries:   9%|9         | 90/1000 [00:50<08:19,  1.82geom/s]
Geometries:   9%|9         | 91/1000 [00:50<08:29,  1.78geom/s]
Geometries:   9%|9         | 92/1000 [00:51<08:12,  1.84geom/s]
Geometries:   9%|9         | 93/1000 [00:51<08:14,  1.83geom/s]
Geometries:   9%|9         | 94/1000 [00:52<08:25,  1.79geom/s]
Geometries:  10%|9         | 95/1000 [00:52<08:15,  1.83geom/s]
Geometries:  10%|9         | 96/1000 [00:53<08:23,  1.80geom/s]
Geometries:  10%|9         | 97/1000 [00:53<08:06,  1.85geom/s]
Geometries:  10%|9         | 98/1000 [00:54<08:19,  1.81geom/s]
Geometries:  10%|9         | 99/1000 [00:55<08:27,  1.78geom/s]
Geometries:  10%|#         | 100/1000 [00:55<08:15,  1.81geom/s]
Geometries:  10%|#         | 101/1000 [00:56<08:17,  1.81geom/s]
Geometries:  10%|#         | 102/1000 [00:56<08:09,  1.84geom/s]
Geometries:  10%|#         | 103/1000 [00:57<08:20,  1.79geom/s]
Geometries:  10%|#         | 104/1000 [00:57<08:27,  1.76geom/s]
Geometries:  10%|#         | 105/1000 [00:58<08:07,  1.83geom/s]
Geometries:  11%|#         | 106/1000 [00:58<08:18,  1.79geom/s]
Geometries:  11%|#         | 107/1000 [00:59<08:25,  1.77geom/s]
Geometries:  11%|#         | 108/1000 [01:00<08:13,  1.81geom/s]
Geometries:  11%|#         | 109/1000 [01:00<08:13,  1.80geom/s]
Geometries:  11%|#1        | 110/1000 [01:01<07:59,  1.86geom/s]
Geometries:  11%|#1        | 111/1000 [01:01<08:12,  1.81geom/s]
Geometries:  11%|#1        | 112/1000 [01:02<08:18,  1.78geom/s]
Geometries:  11%|#1        | 113/1000 [01:02<08:01,  1.84geom/s]
Geometries:  11%|#1        | 114/1000 [01:03<08:07,  1.82geom/s]
Geometries:  12%|#1        | 115/1000 [01:03<07:58,  1.85geom/s]
Geometries:  12%|#1        | 116/1000 [01:04<08:11,  1.80geom/s]
Geometries:  12%|#1        | 117/1000 [01:05<08:21,  1.76geom/s]
Geometries:  12%|#1        | 118/1000 [01:05<08:01,  1.83geom/s]
Geometries:  12%|#1        | 119/1000 [01:06<08:12,  1.79geom/s]
Geometries:  12%|#2        | 120/1000 [01:06<08:19,  1.76geom/s]
Geometries:  12%|#2        | 121/1000 [01:07<08:07,  1.80geom/s]
Geometries:  12%|#2        | 122/1000 [01:07<08:08,  1.80geom/s]
Geometries:  12%|#2        | 123/1000 [01:08<08:00,  1.83geom/s]
Geometries:  12%|#2        | 124/1000 [01:08<08:08,  1.79geom/s]
Geometries:  12%|#2        | 125/1000 [01:09<08:16,  1.76geom/s]
Geometries:  13%|#2        | 126/1000 [01:10<07:58,  1.83geom/s]
Geometries:  13%|#2        | 127/1000 [01:10<08:07,  1.79geom/s]
Geometries:  13%|#2        | 128/1000 [01:11<08:16,  1.76geom/s]
Geometries:  13%|#2        | 129/1000 [01:11<08:04,  1.80geom/s]
Geometries:  13%|#3        | 130/1000 [01:12<08:05,  1.79geom/s]
Geometries:  13%|#3        | 131/1000 [01:12<07:47,  1.86geom/s]
Geometries:  13%|#3        | 132/1000 [01:13<08:00,  1.81geom/s]
Geometries:  13%|#3        | 133/1000 [01:13<08:08,  1.78geom/s]
Geometries:  13%|#3        | 134/1000 [01:14<07:48,  1.85geom/s]
Geometries:  14%|#3        | 135/1000 [01:14<07:52,  1.83geom/s]
Geometries:  14%|#3        | 136/1000 [01:15<07:46,  1.85geom/s]
Geometries:  14%|#3        | 137/1000 [01:16<07:57,  1.81geom/s]
Geometries:  14%|#3        | 138/1000 [01:16<08:05,  1.78geom/s]
Geometries:  14%|#3        | 139/1000 [01:17<07:48,  1.84geom/s]
Geometries:  14%|#4        | 140/1000 [01:17<07:58,  1.80geom/s]
Geometries:  14%|#4        | 141/1000 [01:18<08:04,  1.77geom/s]
Geometries:  14%|#4        | 142/1000 [01:18<07:53,  1.81geom/s]
Geometries:  14%|#4        | 143/1000 [01:19<07:55,  1.80geom/s]
Geometries:  14%|#4        | 144/1000 [01:19<07:45,  1.84geom/s]
Geometries:  14%|#4        | 145/1000 [01:20<07:56,  1.80geom/s]
Geometries:  15%|#4        | 146/1000 [01:21<08:02,  1.77geom/s]
Geometries:  15%|#4        | 147/1000 [01:21<07:45,  1.83geom/s]
Geometries:  15%|#4        | 148/1000 [01:22<07:55,  1.79geom/s]
Geometries:  15%|#4        | 149/1000 [01:22<07:45,  1.83geom/s]
Geometries:  15%|#5        | 150/1000 [01:23<07:54,  1.79geom/s]
Geometries:  15%|#5        | 151/1000 [01:23<07:54,  1.79geom/s]
Geometries:  15%|#5        | 152/1000 [01:24<07:37,  1.85geom/s]
Geometries:  15%|#5        | 153/1000 [01:24<07:48,  1.81geom/s]
Geometries:  15%|#5        | 154/1000 [01:25<07:56,  1.78geom/s]
Geometries:  16%|#5        | 155/1000 [01:26<07:40,  1.84geom/s]
Geometries:  16%|#5        | 156/1000 [01:26<07:44,  1.82geom/s]
Geometries:  16%|#5        | 157/1000 [01:27<07:37,  1.84geom/s]
Geometries:  16%|#5        | 158/1000 [01:27<07:48,  1.80geom/s]
Geometries:  16%|#5        | 159/1000 [01:28<07:55,  1.77geom/s]
Geometries:  16%|#6        | 160/1000 [01:28<07:37,  1.84geom/s]
Geometries:  16%|#6        | 161/1000 [01:29<07:45,  1.80geom/s]
Geometries:  16%|#6        | 162/1000 [01:29<07:38,  1.83geom/s]
Geometries:  16%|#6        | 163/1000 [01:30<07:47,  1.79geom/s]
Geometries:  16%|#6        | 164/1000 [01:31<07:47,  1.79geom/s]
Geometries:  16%|#6        | 165/1000 [01:31<07:38,  1.82geom/s]
Geometries:  17%|#6        | 166/1000 [01:32<07:46,  1.79geom/s]
Geometries:  17%|#6        | 167/1000 [01:32<07:51,  1.77geom/s]
Geometries:  17%|#6        | 168/1000 [01:33<07:35,  1.83geom/s]
Geometries:  17%|#6        | 169/1000 [01:33<07:45,  1.78geom/s]
Geometries:  17%|#7        | 170/1000 [01:34<07:35,  1.82geom/s]
Geometries:  17%|#7        | 171/1000 [01:34<07:44,  1.78geom/s]
Geometries:  17%|#7        | 172/1000 [01:35<07:44,  1.78geom/s]
Geometries:  17%|#7        | 173/1000 [01:36<07:28,  1.84geom/s]
Geometries:  17%|#7        | 174/1000 [01:36<07:37,  1.80geom/s]
Geometries:  18%|#7        | 175/1000 [01:37<07:45,  1.77geom/s]
Geometries:  18%|#7        | 176/1000 [01:37<07:26,  1.84geom/s]
Geometries:  18%|#7        | 177/1000 [01:38<07:30,  1.83geom/s]
Geometries:  18%|#7        | 178/1000 [01:38<07:28,  1.83geom/s]
Geometries:  18%|#7        | 179/1000 [01:39<07:38,  1.79geom/s]
Geometries:  18%|#8        | 180/1000 [01:39<07:46,  1.76geom/s]
Geometries:  18%|#8        | 181/1000 [01:40<07:30,  1.82geom/s]
Geometries:  18%|#8        | 182/1000 [01:41<07:42,  1.77geom/s]
Geometries:  18%|#8        | 183/1000 [01:41<07:34,  1.80geom/s]
Geometries:  18%|#8        | 184/1000 [01:42<07:42,  1.76geom/s]
Geometries:  18%|#8        | 185/1000 [01:42<07:41,  1.77geom/s]
Geometries:  19%|#8        | 186/1000 [01:43<07:31,  1.80geom/s]
Geometries:  19%|#8        | 187/1000 [01:43<07:38,  1.77geom/s]
Geometries:  19%|#8        | 188/1000 [01:44<07:44,  1.75geom/s]
Geometries:  19%|#8        | 189/1000 [01:44<07:29,  1.81geom/s]
Geometries:  19%|#9        | 190/1000 [01:45<07:36,  1.78geom/s]
Geometries:  19%|#9        | 191/1000 [01:46<07:27,  1.81geom/s]
Geometries:  19%|#9        | 192/1000 [01:46<07:36,  1.77geom/s]
Geometries:  19%|#9        | 193/1000 [01:47<07:35,  1.77geom/s]
Geometries:  19%|#9        | 194/1000 [01:47<07:19,  1.83geom/s]
Geometries:  20%|#9        | 195/1000 [01:48<07:28,  1.80geom/s]
Geometries:  20%|#9        | 196/1000 [01:48<07:19,  1.83geom/s]
Geometries:  20%|#9        | 197/1000 [01:49<07:23,  1.81geom/s]
Geometries:  20%|#9        | 198/1000 [01:49<07:26,  1.80geom/s]
Geometries:  20%|#9        | 199/1000 [01:50<07:18,  1.83geom/s]
Geometries:  20%|##        | 200/1000 [01:51<07:27,  1.79geom/s]
Geometries:  20%|##        | 201/1000 [01:51<07:35,  1.75geom/s]
Geometries:  20%|##        | 202/1000 [01:52<07:17,  1.82geom/s]
Geometries:  20%|##        | 203/1000 [01:52<07:26,  1.78geom/s]
Geometries:  20%|##        | 204/1000 [01:53<07:18,  1.82geom/s]
Geometries:  20%|##        | 205/1000 [01:53<07:26,  1.78geom/s]
Geometries:  21%|##        | 206/1000 [01:54<07:27,  1.77geom/s]
Geometries:  21%|##        | 207/1000 [01:55<07:25,  1.78geom/s]
Geometries:  21%|##        | 208/1000 [01:55<07:32,  1.75geom/s]
Geometries:  21%|##        | 209/1000 [01:56<07:20,  1.79geom/s]
Geometries:  21%|##1       | 210/1000 [01:56<07:21,  1.79geom/s]
Geometries:  21%|##1       | 211/1000 [01:57<07:29,  1.76geom/s]
Geometries:  21%|##1       | 212/1000 [01:57<07:19,  1.79geom/s]
Geometries:  21%|##1       | 213/1000 [01:58<07:26,  1.76geom/s]
Geometries:  21%|##1       | 214/1000 [01:58<07:24,  1.77geom/s]
Geometries:  22%|##1       | 215/1000 [01:59<07:09,  1.83geom/s]
Geometries:  22%|##1       | 216/1000 [02:00<07:18,  1.79geom/s]
Geometries:  22%|##1       | 217/1000 [02:00<07:09,  1.82geom/s]
Geometries:  22%|##1       | 218/1000 [02:01<07:11,  1.81geom/s]
Geometries:  22%|##1       | 219/1000 [02:01<07:14,  1.80geom/s]
Geometries:  22%|##2       | 220/1000 [02:02<07:07,  1.83geom/s]
Geometries:  22%|##2       | 221/1000 [02:02<07:16,  1.78geom/s]
Geometries:  22%|##2       | 222/1000 [02:03<07:23,  1.75geom/s]
Geometries:  22%|##2       | 223/1000 [02:03<07:06,  1.82geom/s]
Geometries:  22%|##2       | 224/1000 [02:04<07:12,  1.79geom/s]
Geometries:  22%|##2       | 225/1000 [02:05<07:05,  1.82geom/s]
Geometries:  23%|##2       | 226/1000 [02:05<07:15,  1.78geom/s]
Geometries:  23%|##2       | 227/1000 [02:06<07:15,  1.77geom/s]
Geometries:  23%|##2       | 228/1000 [02:06<07:06,  1.81geom/s]
Geometries:  23%|##2       | 229/1000 [02:07<07:13,  1.78geom/s]
Geometries:  23%|##3       | 230/1000 [02:07<07:04,  1.82geom/s]
Geometries:  23%|##3       | 231/1000 [02:08<07:05,  1.81geom/s]
Geometries:  23%|##3       | 232/1000 [02:08<07:13,  1.77geom/s]
Geometries:  23%|##3       | 233/1000 [02:09<07:02,  1.82geom/s]
Geometries:  23%|##3       | 234/1000 [02:10<07:10,  1.78geom/s]
Geometries:  24%|##3       | 235/1000 [02:10<07:10,  1.78geom/s]
Geometries:  24%|##3       | 236/1000 [02:11<06:54,  1.84geom/s]
Geometries:  24%|##3       | 237/1000 [02:11<07:04,  1.80geom/s]
Geometries:  24%|##3       | 238/1000 [02:12<06:57,  1.83geom/s]
Geometries:  24%|##3       | 239/1000 [02:12<07:00,  1.81geom/s]
Geometries:  24%|##4       | 240/1000 [02:13<06:59,  1.81geom/s]
Geometries:  24%|##4       | 241/1000 [02:13<06:53,  1.84geom/s]
Geometries:  24%|##4       | 242/1000 [02:14<07:01,  1.80geom/s]
Geometries:  24%|##4       | 243/1000 [02:14<06:49,  1.85geom/s]
Geometries:  24%|##4       | 244/1000 [02:15<06:52,  1.83geom/s]
Geometries:  24%|##4       | 245/1000 [02:16<07:02,  1.79geom/s]
Geometries:  25%|##4       | 246/1000 [02:16<06:52,  1.83geom/s]
Geometries:  25%|##4       | 247/1000 [02:17<07:02,  1.78geom/s]
Geometries:  25%|##4       | 248/1000 [02:17<07:02,  1.78geom/s]
Geometries:  25%|##4       | 249/1000 [02:18<06:52,  1.82geom/s]
Geometries:  25%|##5       | 250/1000 [02:18<07:01,  1.78geom/s]
Geometries:  25%|##5       | 251/1000 [02:19<06:53,  1.81geom/s]
Geometries:  25%|##5       | 252/1000 [02:20<06:55,  1.80geom/s]
Geometries:  25%|##5       | 253/1000 [02:20<07:02,  1.77geom/s]
Geometries:  25%|##5       | 254/1000 [02:21<06:52,  1.81geom/s]
Geometries:  26%|##5       | 255/1000 [02:21<07:00,  1.77geom/s]
Geometries:  26%|##5       | 256/1000 [02:22<06:59,  1.77geom/s]
Geometries:  26%|##5       | 257/1000 [02:22<06:44,  1.84geom/s]
Geometries:  26%|##5       | 258/1000 [02:23<06:54,  1.79geom/s]
Geometries:  26%|##5       | 259/1000 [02:23<06:44,  1.83geom/s]
Geometries:  26%|##6       | 260/1000 [02:24<06:48,  1.81geom/s]
Geometries:  26%|##6       | 261/1000 [02:25<06:50,  1.80geom/s]
Geometries:  26%|##6       | 262/1000 [02:25<06:42,  1.84geom/s]
Geometries:  26%|##6       | 263/1000 [02:26<06:51,  1.79geom/s]
Geometries:  26%|##6       | 264/1000 [02:26<06:38,  1.85geom/s]
Geometries:  26%|##6       | 265/1000 [02:27<06:42,  1.83geom/s]
Geometries:  27%|##6       | 266/1000 [02:27<06:49,  1.79geom/s]
Geometries:  27%|##6       | 267/1000 [02:28<06:43,  1.81geom/s]
Geometries:  27%|##6       | 268/1000 [02:28<06:52,  1.78geom/s]
Geometries:  27%|##6       | 269/1000 [02:29<06:51,  1.78geom/s]
Geometries:  27%|##7       | 270/1000 [02:29<06:43,  1.81geom/s]
Geometries:  27%|##7       | 271/1000 [02:30<06:50,  1.78geom/s]
Geometries:  27%|##7       | 272/1000 [02:31<06:42,  1.81geom/s]
Geometries:  27%|##7       | 273/1000 [02:31<06:44,  1.80geom/s]
Geometries:  27%|##7       | 274/1000 [02:32<06:51,  1.76geom/s]
Geometries:  28%|##7       | 275/1000 [02:32<06:41,  1.80geom/s]
Geometries:  28%|##7       | 276/1000 [02:33<06:47,  1.78geom/s]
Geometries:  28%|##7       | 277/1000 [02:33<06:33,  1.84geom/s]
Geometries:  28%|##7       | 278/1000 [02:34<06:43,  1.79geom/s]
Geometries:  28%|##7       | 279/1000 [02:35<06:49,  1.76geom/s]
Geometries:  28%|##8       | 280/1000 [02:35<06:37,  1.81geom/s]
Geometries:  28%|##8       | 281/1000 [02:36<06:39,  1.80geom/s]
Geometries:  28%|##8       | 282/1000 [02:36<06:39,  1.80geom/s]
Geometries:  28%|##8       | 283/1000 [02:37<06:33,  1.82geom/s]
Geometries:  28%|##8       | 284/1000 [02:37<06:40,  1.79geom/s]
Geometries:  28%|##8       | 285/1000 [02:38<06:26,  1.85geom/s]
Geometries:  29%|##8       | 286/1000 [02:38<06:29,  1.83geom/s]
Geometries:  29%|##8       | 287/1000 [02:39<06:39,  1.79geom/s]
Geometries:  29%|##8       | 288/1000 [02:39<06:33,  1.81geom/s]
Geometries:  29%|##8       | 289/1000 [02:40<06:41,  1.77geom/s]
Geometries:  29%|##9       | 290/1000 [02:41<06:28,  1.83geom/s]
Geometries:  29%|##9       | 291/1000 [02:41<06:36,  1.79geom/s]
Geometries:  29%|##9       | 292/1000 [02:42<06:41,  1.76geom/s]
Geometries:  29%|##9       | 293/1000 [02:42<06:31,  1.80geom/s]
Geometries:  29%|##9       | 294/1000 [02:43<06:32,  1.80geom/s]
Geometries:  30%|##9       | 295/1000 [02:43<06:39,  1.77geom/s]
Geometries:  30%|##9       | 296/1000 [02:44<06:29,  1.81geom/s]
Geometries:  30%|##9       | 297/1000 [02:45<06:37,  1.77geom/s]
Geometries:  30%|##9       | 298/1000 [02:45<06:22,  1.83geom/s]
Geometries:  30%|##9       | 299/1000 [02:46<06:31,  1.79geom/s]
Geometries:  30%|###       | 300/1000 [02:46<06:35,  1.77geom/s]
Geometries:  30%|###       | 301/1000 [02:47<06:27,  1.81geom/s]
Geometries:  30%|###       | 302/1000 [02:47<06:28,  1.80geom/s]
Geometries:  30%|###       | 303/1000 [02:48<06:30,  1.79geom/s]
Geometries:  30%|###       | 304/1000 [02:48<06:22,  1.82geom/s]
Geometries:  30%|###       | 305/1000 [02:49<06:30,  1.78geom/s]
Geometries:  31%|###       | 306/1000 [02:49<06:15,  1.85geom/s]
Geometries:  31%|###       | 307/1000 [02:50<06:19,  1.83geom/s]
Geometries:  31%|###       | 308/1000 [02:51<06:25,  1.79geom/s]
Geometries:  31%|###       | 309/1000 [02:51<06:18,  1.83geom/s]
Geometries:  31%|###1      | 310/1000 [02:52<06:26,  1.79geom/s]
Geometries:  31%|###1      | 311/1000 [02:52<06:11,  1.86geom/s]
Geometries:  31%|###1      | 312/1000 [02:53<06:20,  1.81geom/s]
Geometries:  31%|###1      | 313/1000 [02:53<06:27,  1.77geom/s]
Geometries:  31%|###1      | 314/1000 [02:54<06:20,  1.80geom/s]
Geometries:  32%|###1      | 315/1000 [02:54<06:20,  1.80geom/s]
Geometries:  32%|###1      | 316/1000 [02:55<06:27,  1.76geom/s]
Geometries:  32%|###1      | 317/1000 [02:56<06:18,  1.80geom/s]
Geometries:  32%|###1      | 318/1000 [02:56<06:22,  1.78geom/s]
Geometries:  32%|###1      | 319/1000 [02:57<06:10,  1.84geom/s]
Geometries:  32%|###2      | 320/1000 [02:57<06:18,  1.80geom/s]
Geometries:  32%|###2      | 321/1000 [02:58<06:23,  1.77geom/s]
Geometries:  32%|###2      | 322/1000 [02:58<06:15,  1.80geom/s]
Geometries:  32%|###2      | 323/1000 [02:59<06:16,  1.80geom/s]
Geometries:  32%|###2      | 324/1000 [02:59<06:04,  1.85geom/s]
Geometries:  32%|###2      | 325/1000 [03:00<06:13,  1.81geom/s]
Geometries:  33%|###2      | 326/1000 [03:01<06:19,  1.78geom/s]
Geometries:  33%|###2      | 327/1000 [03:01<06:05,  1.84geom/s]
Geometries:  33%|###2      | 328/1000 [03:02<06:09,  1.82geom/s]
Geometries:  33%|###2      | 329/1000 [03:02<06:17,  1.78geom/s]
Geometries:  33%|###3      | 330/1000 [03:03<06:09,  1.81geom/s]
Geometries:  33%|###3      | 331/1000 [03:03<06:15,  1.78geom/s]
Geometries:  33%|###3      | 332/1000 [03:04<06:02,  1.84geom/s]
Geometries:  33%|###3      | 333/1000 [03:04<06:11,  1.80geom/s]
Geometries:  33%|###3      | 334/1000 [03:05<06:15,  1.77geom/s]
Geometries:  34%|###3      | 335/1000 [03:06<06:08,  1.80geom/s]
Geometries:  34%|###3      | 336/1000 [03:06<06:09,  1.80geom/s]
Geometries:  34%|###3      | 337/1000 [03:07<06:03,  1.83geom/s]
Geometries:  34%|###3      | 338/1000 [03:07<06:09,  1.79geom/s]
Geometries:  34%|###3      | 339/1000 [03:08<06:15,  1.76geom/s]
Geometries:  34%|###4      | 340/1000 [03:08<06:01,  1.83geom/s]
Geometries:  34%|###4      | 341/1000 [03:09<06:08,  1.79geom/s]
Geometries:  34%|###4      | 342/1000 [03:10<06:13,  1.76geom/s]
Geometries:  34%|###4      | 343/1000 [03:10<06:05,  1.80geom/s]
Geometries:  34%|###4      | 344/1000 [03:11<06:07,  1.78geom/s]
Geometries:  34%|###4      | 345/1000 [03:11<05:54,  1.85geom/s]
Geometries:  35%|###4      | 346/1000 [03:12<06:02,  1.81geom/s]
Geometries:  35%|###4      | 347/1000 [03:12<06:08,  1.77geom/s]
Geometries:  35%|###4      | 348/1000 [03:13<05:55,  1.84geom/s]
Geometries:  35%|###4      | 349/1000 [03:13<05:58,  1.82geom/s]
Geometries:  35%|###5      | 350/1000 [03:14<06:07,  1.77geom/s]
Geometries:  35%|###5      | 351/1000 [03:14<05:59,  1.81geom/s]
Geometries:  35%|###5      | 352/1000 [03:15<06:05,  1.77geom/s]
Geometries:  35%|###5      | 353/1000 [03:16<05:50,  1.84geom/s]
Geometries:  35%|###5      | 354/1000 [03:16<05:59,  1.80geom/s]
Geometries:  36%|###5      | 355/1000 [03:17<06:04,  1.77geom/s]
Geometries:  36%|###5      | 356/1000 [03:17<05:56,  1.80geom/s]
Geometries:  36%|###5      | 357/1000 [03:18<05:58,  1.79geom/s]
Geometries:  36%|###5      | 358/1000 [03:18<05:50,  1.83geom/s]
Geometries:  36%|###5      | 359/1000 [03:19<05:58,  1.79geom/s]
Geometries:  36%|###6      | 360/1000 [03:20<06:04,  1.76geom/s]
Geometries:  36%|###6      | 361/1000 [03:20<05:50,  1.82geom/s]
Geometries:  36%|###6      | 362/1000 [03:21<05:57,  1.79geom/s]
Geometries:  36%|###6      | 363/1000 [03:21<06:02,  1.76geom/s]
Geometries:  36%|###6      | 364/1000 [03:22<05:53,  1.80geom/s]
Geometries:  36%|###6      | 365/1000 [03:22<05:54,  1.79geom/s]
Geometries:  37%|###6      | 366/1000 [03:23<05:42,  1.85geom/s]
Geometries:  37%|###6      | 367/1000 [03:23<05:52,  1.80geom/s]
Geometries:  37%|###6      | 368/1000 [03:24<05:57,  1.77geom/s]
Geometries:  37%|###6      | 369/1000 [03:24<05:44,  1.83geom/s]
Geometries:  37%|###7      | 370/1000 [03:25<05:47,  1.81geom/s]
Geometries:  37%|###7      | 371/1000 [03:26<05:42,  1.84geom/s]
Geometries:  37%|###7      | 372/1000 [03:26<05:48,  1.80geom/s]
Geometries:  37%|###7      | 373/1000 [03:27<05:54,  1.77geom/s]
Geometries:  37%|###7      | 374/1000 [03:27<05:41,  1.83geom/s]
Geometries:  38%|###7      | 375/1000 [03:28<05:49,  1.79geom/s]
Geometries:  38%|###7      | 376/1000 [03:28<05:53,  1.77geom/s]
Geometries:  38%|###7      | 377/1000 [03:29<05:44,  1.81geom/s]
Geometries:  38%|###7      | 378/1000 [03:29<05:43,  1.81geom/s]
Geometries:  38%|###7      | 379/1000 [03:30<05:38,  1.83geom/s]
Geometries:  38%|###8      | 380/1000 [03:31<05:46,  1.79geom/s]
Geometries:  38%|###8      | 381/1000 [03:31<05:50,  1.76geom/s]
Geometries:  38%|###8      | 382/1000 [03:32<05:37,  1.83geom/s]
Geometries:  38%|###8      | 383/1000 [03:32<05:44,  1.79geom/s]
Geometries:  38%|###8      | 384/1000 [03:33<05:48,  1.77geom/s]
Geometries:  38%|###8      | 385/1000 [03:33<05:40,  1.81geom/s]
Geometries:  39%|###8      | 386/1000 [03:34<05:40,  1.80geom/s]
Geometries:  39%|###8      | 387/1000 [03:34<05:30,  1.85geom/s]
Geometries:  39%|###8      | 388/1000 [03:35<05:38,  1.81geom/s]
Geometries:  39%|###8      | 389/1000 [03:36<05:44,  1.77geom/s]
Geometries:  39%|###9      | 390/1000 [03:36<05:30,  1.85geom/s]
Geometries:  39%|###9      | 391/1000 [03:37<05:32,  1.83geom/s]
Geometries:  39%|###9      | 392/1000 [03:37<05:29,  1.85geom/s]
Geometries:  39%|###9      | 393/1000 [03:38<05:37,  1.80geom/s]
Geometries:  39%|###9      | 394/1000 [03:38<05:45,  1.75geom/s]
Geometries:  40%|###9      | 395/1000 [03:39<05:32,  1.82geom/s]
Geometries:  40%|###9      | 396/1000 [03:39<05:38,  1.78geom/s]
Geometries:  40%|###9      | 397/1000 [03:40<05:42,  1.76geom/s]
Geometries:  40%|###9      | 398/1000 [03:41<05:36,  1.79geom/s]
Geometries:  40%|###9      | 399/1000 [03:41<05:37,  1.78geom/s]
Geometries:  40%|####      | 400/1000 [03:42<05:30,  1.81geom/s]
Geometries:  40%|####      | 401/1000 [03:42<05:37,  1.78geom/s]
Geometries:  40%|####      | 402/1000 [03:43<05:42,  1.75geom/s]
Geometries:  40%|####      | 403/1000 [03:43<05:28,  1.82geom/s]
Geometries:  40%|####      | 404/1000 [03:44<05:34,  1.78geom/s]
Geometries:  40%|####      | 405/1000 [03:44<05:27,  1.82geom/s]
Geometries:  41%|####      | 406/1000 [03:45<05:32,  1.79geom/s]
Geometries:  41%|####      | 407/1000 [03:46<05:32,  1.78geom/s]
Geometries:  41%|####      | 408/1000 [03:46<05:20,  1.85geom/s]
Geometries:  41%|####      | 409/1000 [03:47<05:27,  1.80geom/s]
Geometries:  41%|####1     | 410/1000 [03:47<05:33,  1.77geom/s]
Geometries:  41%|####1     | 411/1000 [03:48<05:21,  1.83geom/s]
Geometries:  41%|####1     | 412/1000 [03:48<05:23,  1.82geom/s]
Geometries:  41%|####1     | 413/1000 [03:49<05:18,  1.85geom/s]
Geometries:  41%|####1     | 414/1000 [03:49<05:26,  1.80geom/s]
Geometries:  42%|####1     | 415/1000 [03:50<05:31,  1.77geom/s]
Geometries:  42%|####1     | 416/1000 [03:51<05:18,  1.83geom/s]
Geometries:  42%|####1     | 417/1000 [03:51<05:24,  1.80geom/s]
Geometries:  42%|####1     | 418/1000 [03:52<05:19,  1.82geom/s]
Geometries:  42%|####1     | 419/1000 [03:52<05:25,  1.78geom/s]
Geometries:  42%|####2     | 420/1000 [03:53<05:24,  1.79geom/s]
Geometries:  42%|####2     | 421/1000 [03:53<05:17,  1.82geom/s]
Geometries:  42%|####2     | 422/1000 [03:54<05:24,  1.78geom/s]
Geometries:  42%|####2     | 423/1000 [03:55<05:28,  1.76geom/s]
Geometries:  42%|####2     | 424/1000 [03:55<05:15,  1.82geom/s]
Geometries:  42%|####2     | 425/1000 [03:56<05:22,  1.78geom/s]
Geometries:  43%|####2     | 426/1000 [03:56<05:15,  1.82geom/s]
Geometries:  43%|####2     | 427/1000 [03:57<05:20,  1.79geom/s]
Geometries:  43%|####2     | 428/1000 [03:57<05:19,  1.79geom/s]
Geometries:  43%|####2     | 429/1000 [03:58<05:10,  1.84geom/s]
Geometries:  43%|####3     | 430/1000 [03:58<05:17,  1.80geom/s]
Geometries:  43%|####3     | 431/1000 [03:59<05:22,  1.77geom/s]
Geometries:  43%|####3     | 432/1000 [03:59<05:09,  1.84geom/s]
Geometries:  43%|####3     | 433/1000 [04:00<05:12,  1.82geom/s]
Geometries:  43%|####3     | 434/1000 [04:01<05:07,  1.84geom/s]
Geometries:  44%|####3     | 435/1000 [04:01<05:14,  1.80geom/s]
Geometries:  44%|####3     | 436/1000 [04:02<05:17,  1.78geom/s]
Geometries:  44%|####3     | 437/1000 [04:02<05:06,  1.84geom/s]
Geometries:  44%|####3     | 438/1000 [04:03<05:13,  1.79geom/s]
Geometries:  44%|####3     | 439/1000 [04:03<05:06,  1.83geom/s]
Geometries:  44%|####4     | 440/1000 [04:04<05:13,  1.79geom/s]
Geometries:  44%|####4     | 441/1000 [04:04<05:13,  1.78geom/s]
Geometries:  44%|####4     | 442/1000 [04:05<05:06,  1.82geom/s]
Geometries:  44%|####4     | 443/1000 [04:06<05:11,  1.79geom/s]
Geometries:  44%|####4     | 444/1000 [04:06<05:16,  1.76geom/s]
Geometries:  44%|####4     | 445/1000 [04:07<05:03,  1.83geom/s]
Geometries:  45%|####4     | 446/1000 [04:07<05:09,  1.79geom/s]
Geometries:  45%|####4     | 447/1000 [04:08<05:03,  1.82geom/s]
Geometries:  45%|####4     | 448/1000 [04:08<05:09,  1.78geom/s]
Geometries:  45%|####4     | 449/1000 [04:09<05:08,  1.78geom/s]
Geometries:  45%|####5     | 450/1000 [04:09<04:57,  1.85geom/s]
Geometries:  45%|####5     | 451/1000 [04:10<05:04,  1.80geom/s]
Geometries:  45%|####5     | 452/1000 [04:11<04:59,  1.83geom/s]
Geometries:  45%|####5     | 453/1000 [04:11<04:59,  1.83geom/s]
Geometries:  45%|####5     | 454/1000 [04:12<05:02,  1.81geom/s]
Geometries:  46%|####5     | 455/1000 [04:12<04:57,  1.83geom/s]
Geometries:  46%|####5     | 456/1000 [04:13<05:02,  1.80geom/s]
Geometries:  46%|####5     | 457/1000 [04:13<05:06,  1.77geom/s]
Geometries:  46%|####5     | 458/1000 [04:14<04:56,  1.83geom/s]
Geometries:  46%|####5     | 459/1000 [04:14<05:01,  1.80geom/s]
Geometries:  46%|####6     | 460/1000 [04:15<04:55,  1.83geom/s]
Geometries:  46%|####6     | 461/1000 [04:16<05:01,  1.79geom/s]
Geometries:  46%|####6     | 462/1000 [04:16<05:01,  1.79geom/s]
Geometries:  46%|####6     | 463/1000 [04:17<04:55,  1.82geom/s]
Geometries:  46%|####6     | 464/1000 [04:17<05:00,  1.79geom/s]
Geometries:  46%|####6     | 465/1000 [04:18<04:54,  1.82geom/s]
Geometries:  47%|####6     | 466/1000 [04:18<04:56,  1.80geom/s]
Geometries:  47%|####6     | 467/1000 [04:19<04:59,  1.78geom/s]
Geometries:  47%|####6     | 468/1000 [04:19<04:53,  1.82geom/s]
Geometries:  47%|####6     | 469/1000 [04:20<04:58,  1.78geom/s]
Geometries:  47%|####6     | 470/1000 [04:21<04:57,  1.78geom/s]
Geometries:  47%|####7     | 471/1000 [04:21<04:46,  1.85geom/s]
Geometries:  47%|####7     | 472/1000 [04:22<04:53,  1.80geom/s]
Geometries:  47%|####7     | 473/1000 [04:22<04:47,  1.83geom/s]
Geometries:  47%|####7     | 474/1000 [04:23<04:47,  1.83geom/s]
Geometries:  48%|####7     | 475/1000 [04:23<04:49,  1.81geom/s]
Geometries:  48%|####7     | 476/1000 [04:24<04:44,  1.84geom/s]
Geometries:  48%|####7     | 477/1000 [04:24<04:50,  1.80geom/s]
Geometries:  48%|####7     | 478/1000 [04:25<04:54,  1.77geom/s]
Geometries:  48%|####7     | 479/1000 [04:25<04:43,  1.84geom/s]
Geometries:  48%|####8     | 480/1000 [04:26<04:48,  1.80geom/s]
Geometries:  48%|####8     | 481/1000 [04:27<04:43,  1.83geom/s]
Geometries:  48%|####8     | 482/1000 [04:27<04:49,  1.79geom/s]
Geometries:  48%|####8     | 483/1000 [04:28<04:47,  1.80geom/s]
Geometries:  48%|####8     | 484/1000 [04:28<04:42,  1.83geom/s]
Geometries:  48%|####8     | 485/1000 [04:29<04:48,  1.79geom/s]
Geometries:  49%|####8     | 486/1000 [04:29<04:41,  1.83geom/s]
Geometries:  49%|####8     | 487/1000 [04:30<04:42,  1.81geom/s]
Geometries:  49%|####8     | 488/1000 [04:31<04:47,  1.78geom/s]
Geometries:  49%|####8     | 489/1000 [04:31<04:40,  1.82geom/s]
Geometries:  49%|####9     | 490/1000 [04:32<04:45,  1.78geom/s]
Geometries:  49%|####9     | 491/1000 [04:32<04:44,  1.79geom/s]
Geometries:  49%|####9     | 492/1000 [04:33<04:34,  1.85geom/s]
Geometries:  49%|####9     | 493/1000 [04:33<04:40,  1.81geom/s]
Geometries:  49%|####9     | 494/1000 [04:34<04:35,  1.84geom/s]
Geometries:  50%|####9     | 495/1000 [04:34<04:37,  1.82geom/s]
Geometries:  50%|####9     | 496/1000 [04:35<04:38,  1.81geom/s]
Geometries:  50%|####9     | 497/1000 [04:35<04:33,  1.84geom/s]
Geometries:  50%|####9     | 498/1000 [04:36<04:39,  1.80geom/s]
Geometries:  50%|####9     | 499/1000 [04:37<04:29,  1.86geom/s]
Geometries:  50%|#####     | 500/1000 [04:37<04:32,  1.83geom/s]
Geometries:  50%|#####     | 501/1000 [04:38<04:38,  1.79geom/s]
Geometries:  50%|#####     | 502/1000 [04:38<04:34,  1.82geom/s]
Geometries:  50%|#####     | 503/1000 [04:39<04:38,  1.78geom/s]
Geometries:  50%|#####     | 504/1000 [04:39<04:38,  1.78geom/s]
Geometries:  50%|#####     | 505/1000 [04:40<04:32,  1.81geom/s]
Geometries:  51%|#####     | 506/1000 [04:40<04:37,  1.78geom/s]
Geometries:  51%|#####     | 507/1000 [04:41<04:30,  1.82geom/s]
Geometries:  51%|#####     | 508/1000 [04:42<04:32,  1.81geom/s]
Geometries:  51%|#####     | 509/1000 [04:42<04:36,  1.78geom/s]
Geometries:  51%|#####1    | 510/1000 [04:43<04:30,  1.81geom/s]
Geometries:  51%|#####1    | 511/1000 [04:43<04:34,  1.78geom/s]
Geometries:  51%|#####1    | 512/1000 [04:44<04:34,  1.78geom/s]
Geometries:  51%|#####1    | 513/1000 [04:44<04:23,  1.85geom/s]
Geometries:  51%|#####1    | 514/1000 [04:45<04:29,  1.80geom/s]
Geometries:  52%|#####1    | 515/1000 [04:45<04:25,  1.83geom/s]
Geometries:  52%|#####1    | 516/1000 [04:46<04:25,  1.82geom/s]
Geometries:  52%|#####1    | 517/1000 [04:47<04:26,  1.81geom/s]
Geometries:  52%|#####1    | 518/1000 [04:47<04:22,  1.84geom/s]
Geometries:  52%|#####1    | 519/1000 [04:48<04:26,  1.80geom/s]
Geometries:  52%|#####2    | 520/1000 [04:48<04:18,  1.86geom/s]
Geometries:  52%|#####2    | 521/1000 [04:49<04:21,  1.83geom/s]
Geometries:  52%|#####2    | 522/1000 [04:49<04:26,  1.79geom/s]
Geometries:  52%|#####2    | 523/1000 [04:50<04:20,  1.83geom/s]
Geometries:  52%|#####2    | 524/1000 [04:50<04:26,  1.79geom/s]
Geometries:  52%|#####2    | 525/1000 [04:51<04:24,  1.80geom/s]
Geometries:  53%|#####2    | 526/1000 [04:51<04:19,  1.83geom/s]
Geometries:  53%|#####2    | 527/1000 [04:52<04:24,  1.79geom/s]
Geometries:  53%|#####2    | 528/1000 [04:53<04:19,  1.82geom/s]
Geometries:  53%|#####2    | 529/1000 [04:53<04:18,  1.82geom/s]
Geometries:  53%|#####3    | 530/1000 [04:54<04:24,  1.78geom/s]
Geometries:  53%|#####3    | 531/1000 [04:54<04:18,  1.81geom/s]
Geometries:  53%|#####3    | 532/1000 [04:55<04:22,  1.79geom/s]
Geometries:  53%|#####3    | 533/1000 [04:55<04:12,  1.85geom/s]
Geometries:  53%|#####3    | 534/1000 [04:56<04:19,  1.80geom/s]
Geometries:  54%|#####3    | 535/1000 [04:56<04:22,  1.77geom/s]
Geometries:  54%|#####3    | 536/1000 [04:57<04:16,  1.81geom/s]
Geometries:  54%|#####3    | 537/1000 [04:58<04:17,  1.80geom/s]
Geometries:  54%|#####3    | 538/1000 [04:58<04:16,  1.80geom/s]
Geometries:  54%|#####3    | 539/1000 [04:59<04:12,  1.83geom/s]
Geometries:  54%|#####4    | 540/1000 [04:59<04:18,  1.78geom/s]
Geometries:  54%|#####4    | 541/1000 [05:00<04:08,  1.85geom/s]
Geometries:  54%|#####4    | 542/1000 [05:00<04:09,  1.83geom/s]
Geometries:  54%|#####4    | 543/1000 [05:01<04:15,  1.79geom/s]
Geometries:  54%|#####4    | 544/1000 [05:01<04:10,  1.82geom/s]
Geometries:  55%|#####4    | 545/1000 [05:02<04:14,  1.79geom/s]
Geometries:  55%|#####4    | 546/1000 [05:02<04:05,  1.85geom/s]
Geometries:  55%|#####4    | 547/1000 [05:03<04:11,  1.80geom/s]
Geometries:  55%|#####4    | 548/1000 [05:04<04:15,  1.77geom/s]
Geometries:  55%|#####4    | 549/1000 [05:04<04:09,  1.81geom/s]
Geometries:  55%|#####5    | 550/1000 [05:05<04:10,  1.80geom/s]
Geometries:  55%|#####5    | 551/1000 [05:05<04:14,  1.77geom/s]
Geometries:  55%|#####5    | 552/1000 [05:06<04:08,  1.80geom/s]
Geometries:  55%|#####5    | 553/1000 [05:06<04:11,  1.77geom/s]
Geometries:  55%|#####5    | 554/1000 [05:07<04:02,  1.84geom/s]
Geometries:  56%|#####5    | 555/1000 [05:08<04:07,  1.80geom/s]
Geometries:  56%|#####5    | 556/1000 [05:08<04:10,  1.77geom/s]
Geometries:  56%|#####5    | 557/1000 [05:09<04:04,  1.81geom/s]
Geometries:  56%|#####5    | 558/1000 [05:09<04:04,  1.81geom/s]
Geometries:  56%|#####5    | 559/1000 [05:10<04:05,  1.80geom/s]
Geometries:  56%|#####6    | 560/1000 [05:10<04:00,  1.83geom/s]
Geometries:  56%|#####6    | 561/1000 [05:11<04:05,  1.79geom/s]
Geometries:  56%|#####6    | 562/1000 [05:11<03:57,  1.85geom/s]
Geometries:  56%|#####6    | 563/1000 [05:12<03:59,  1.83geom/s]
Geometries:  56%|#####6    | 564/1000 [05:13<04:04,  1.79geom/s]
Geometries:  56%|#####6    | 565/1000 [05:13<03:59,  1.82geom/s]
Geometries:  57%|#####6    | 566/1000 [05:14<04:03,  1.78geom/s]
Geometries:  57%|#####6    | 567/1000 [05:14<03:54,  1.85geom/s]
Geometries:  57%|#####6    | 568/1000 [05:15<04:00,  1.80geom/s]
Geometries:  57%|#####6    | 569/1000 [05:15<04:03,  1.77geom/s]
Geometries:  57%|#####6    | 570/1000 [05:16<03:57,  1.81geom/s]
Geometries:  57%|#####7    | 571/1000 [05:16<03:58,  1.80geom/s]
Geometries:  57%|#####7    | 572/1000 [05:17<04:02,  1.76geom/s]
Geometries:  57%|#####7    | 573/1000 [05:18<03:56,  1.80geom/s]
Geometries:  57%|#####7    | 574/1000 [05:18<04:00,  1.77geom/s]
Geometries:  57%|#####7    | 575/1000 [05:19<03:51,  1.83geom/s]
Geometries:  58%|#####7    | 576/1000 [05:19<03:57,  1.79geom/s]
Geometries:  58%|#####7    | 577/1000 [05:20<04:00,  1.76geom/s]
Geometries:  58%|#####7    | 578/1000 [05:20<03:54,  1.80geom/s]
Geometries:  58%|#####7    | 579/1000 [05:21<03:54,  1.80geom/s]
Geometries:  58%|#####8    | 580/1000 [05:21<03:46,  1.85geom/s]
Geometries:  58%|#####8    | 581/1000 [05:22<03:52,  1.80geom/s]
Geometries:  58%|#####8    | 582/1000 [05:23<03:59,  1.74geom/s]
Geometries:  58%|#####8    | 583/1000 [05:23<03:50,  1.81geom/s]
Geometries:  58%|#####8    | 584/1000 [05:24<03:50,  1.80geom/s]
Geometries:  58%|#####8    | 585/1000 [05:24<03:53,  1.77geom/s]
Geometries:  59%|#####8    | 586/1000 [05:25<03:48,  1.81geom/s]
Geometries:  59%|#####8    | 587/1000 [05:25<03:52,  1.77geom/s]
Geometries:  59%|#####8    | 588/1000 [05:26<03:43,  1.84geom/s]
Geometries:  59%|#####8    | 589/1000 [05:26<03:48,  1.80geom/s]
Geometries:  59%|#####8    | 590/1000 [05:27<03:51,  1.77geom/s]
Geometries:  59%|#####9    | 591/1000 [05:28<03:45,  1.81geom/s]
Geometries:  59%|#####9    | 592/1000 [05:28<03:46,  1.80geom/s]
Geometries:  59%|#####9    | 593/1000 [05:29<03:42,  1.83geom/s]
Geometries:  59%|#####9    | 594/1000 [05:29<03:46,  1.79geom/s]
Geometries:  60%|#####9    | 595/1000 [05:30<03:49,  1.77geom/s]
Geometries:  60%|#####9    | 596/1000 [05:30<03:40,  1.83geom/s]
Geometries:  60%|#####9    | 597/1000 [05:31<03:44,  1.79geom/s]
Geometries:  60%|#####9    | 598/1000 [05:31<03:47,  1.77geom/s]
Geometries:  60%|#####9    | 599/1000 [05:32<03:41,  1.81geom/s]
Geometries:  60%|######    | 600/1000 [05:33<03:41,  1.80geom/s]
Geometries:  60%|######    | 601/1000 [05:33<03:33,  1.87geom/s]
Geometries:  60%|######    | 602/1000 [05:34<03:40,  1.81geom/s]
Geometries:  60%|######    | 603/1000 [05:34<03:43,  1.77geom/s]
Geometries:  60%|######    | 604/1000 [05:35<03:35,  1.84geom/s]
Geometries:  60%|######    | 605/1000 [05:35<03:35,  1.83geom/s]
Geometries:  61%|######    | 606/1000 [05:36<03:40,  1.79geom/s]
Geometries:  61%|######    | 607/1000 [05:36<03:35,  1.83geom/s]
Geometries:  61%|######    | 608/1000 [05:37<03:39,  1.79geom/s]
Geometries:  61%|######    | 609/1000 [05:37<03:31,  1.85geom/s]
Geometries:  61%|######1   | 610/1000 [05:38<03:37,  1.79geom/s]
Geometries:  61%|######1   | 611/1000 [05:39<03:41,  1.76geom/s]
Geometries:  61%|######1   | 612/1000 [05:39<03:36,  1.80geom/s]
Geometries:  61%|######1   | 613/1000 [05:40<03:35,  1.79geom/s]
Geometries:  61%|######1   | 614/1000 [05:40<03:31,  1.83geom/s]
Geometries:  62%|######1   | 615/1000 [05:41<03:35,  1.79geom/s]
Geometries:  62%|######1   | 616/1000 [05:41<03:38,  1.76geom/s]
Geometries:  62%|######1   | 617/1000 [05:42<03:29,  1.83geom/s]
Geometries:  62%|######1   | 618/1000 [05:43<03:33,  1.79geom/s]
Geometries:  62%|######1   | 619/1000 [05:43<03:35,  1.77geom/s]
Geometries:  62%|######2   | 620/1000 [05:44<03:30,  1.81geom/s]
Geometries:  62%|######2   | 621/1000 [05:44<03:29,  1.81geom/s]
Geometries:  62%|######2   | 622/1000 [05:45<03:23,  1.86geom/s]
Geometries:  62%|######2   | 623/1000 [05:45<03:28,  1.81geom/s]
Geometries:  62%|######2   | 624/1000 [05:46<03:31,  1.78geom/s]
Geometries:  62%|######2   | 625/1000 [05:46<03:23,  1.85geom/s]
Geometries:  63%|######2   | 626/1000 [05:47<03:25,  1.82geom/s]
Geometries:  63%|######2   | 627/1000 [05:47<03:22,  1.84geom/s]
Geometries:  63%|######2   | 628/1000 [05:48<03:26,  1.80geom/s]
Geometries:  63%|######2   | 629/1000 [05:49<03:30,  1.77geom/s]
Geometries:  63%|######3   | 630/1000 [05:49<03:21,  1.83geom/s]
Geometries:  63%|######3   | 631/1000 [05:50<03:25,  1.80geom/s]
Geometries:  63%|######3   | 632/1000 [05:50<03:28,  1.77geom/s]
Geometries:  63%|######3   | 633/1000 [05:51<03:23,  1.81geom/s]
Geometries:  63%|######3   | 634/1000 [05:51<03:22,  1.81geom/s]
Geometries:  64%|######3   | 635/1000 [05:52<03:19,  1.83geom/s]
Geometries:  64%|######3   | 636/1000 [05:52<03:23,  1.79geom/s]
Geometries:  64%|######3   | 637/1000 [05:53<03:26,  1.76geom/s]
Geometries:  64%|######3   | 638/1000 [05:54<03:17,  1.83geom/s]
Geometries:  64%|######3   | 639/1000 [05:54<03:21,  1.79geom/s]
Geometries:  64%|######4   | 640/1000 [05:55<03:24,  1.76geom/s]
Geometries:  64%|######4   | 641/1000 [05:55<03:19,  1.80geom/s]
Geometries:  64%|######4   | 642/1000 [05:56<03:19,  1.79geom/s]
Geometries:  64%|######4   | 643/1000 [05:56<03:11,  1.86geom/s]
Geometries:  64%|######4   | 644/1000 [05:57<03:16,  1.81geom/s]
Geometries:  64%|######4   | 645/1000 [05:58<03:20,  1.77geom/s]
Geometries:  65%|######4   | 646/1000 [05:58<03:12,  1.84geom/s]
Geometries:  65%|######4   | 647/1000 [05:59<03:13,  1.83geom/s]
Geometries:  65%|######4   | 648/1000 [05:59<03:10,  1.85geom/s]
Geometries:  65%|######4   | 649/1000 [06:00<03:14,  1.81geom/s]
Geometries:  65%|######5   | 650/1000 [06:00<03:17,  1.77geom/s]
Geometries:  65%|######5   | 651/1000 [06:01<03:09,  1.84geom/s]
Geometries:  65%|######5   | 652/1000 [06:01<03:13,  1.80geom/s]
Geometries:  65%|######5   | 653/1000 [06:02<03:16,  1.77geom/s]
Geometries:  65%|######5   | 654/1000 [06:02<03:11,  1.80geom/s]
Geometries:  66%|######5   | 655/1000 [06:03<03:11,  1.80geom/s]
Geometries:  66%|######5   | 656/1000 [06:04<03:07,  1.83geom/s]
Geometries:  66%|######5   | 657/1000 [06:04<03:11,  1.79geom/s]
Geometries:  66%|######5   | 658/1000 [06:05<03:14,  1.76geom/s]
Geometries:  66%|######5   | 659/1000 [06:05<03:05,  1.84geom/s]
Geometries:  66%|######6   | 660/1000 [06:06<03:09,  1.80geom/s]
Geometries:  66%|######6   | 661/1000 [06:06<03:06,  1.82geom/s]
Geometries:  66%|######6   | 662/1000 [06:07<03:08,  1.79geom/s]
Geometries:  66%|######6   | 663/1000 [06:07<03:08,  1.79geom/s]
Geometries:  66%|######6   | 664/1000 [06:08<03:01,  1.86geom/s]
Geometries:  66%|######6   | 665/1000 [06:09<03:04,  1.81geom/s]
Geometries:  67%|######6   | 666/1000 [06:09<03:07,  1.78geom/s]
Geometries:  67%|######6   | 667/1000 [06:10<03:01,  1.84geom/s]
Geometries:  67%|######6   | 668/1000 [06:10<03:02,  1.82geom/s]
Geometries:  67%|######6   | 669/1000 [06:11<02:59,  1.85geom/s]
Geometries:  67%|######7   | 670/1000 [06:11<03:03,  1.80geom/s]
Geometries:  67%|######7   | 671/1000 [06:12<03:06,  1.77geom/s]
Geometries:  67%|######7   | 672/1000 [06:12<02:59,  1.83geom/s]
Geometries:  67%|######7   | 673/1000 [06:13<03:03,  1.78geom/s]
Geometries:  67%|######7   | 674/1000 [06:14<02:59,  1.82geom/s]
Geometries:  68%|######7   | 675/1000 [06:14<03:02,  1.78geom/s]
Geometries:  68%|######7   | 676/1000 [06:15<03:01,  1.78geom/s]
Geometries:  68%|######7   | 677/1000 [06:15<02:57,  1.82geom/s]
Geometries:  68%|######7   | 678/1000 [06:16<03:00,  1.78geom/s]
Geometries:  68%|######7   | 679/1000 [06:16<03:03,  1.75geom/s]
Geometries:  68%|######8   | 680/1000 [06:17<02:55,  1.82geom/s]
Geometries:  68%|######8   | 681/1000 [06:17<02:58,  1.79geom/s]
Geometries:  68%|######8   | 682/1000 [06:18<02:54,  1.82geom/s]
Geometries:  68%|######8   | 683/1000 [06:19<02:57,  1.78geom/s]
Geometries:  68%|######8   | 684/1000 [06:19<02:57,  1.78geom/s]
Geometries:  68%|######8   | 685/1000 [06:20<02:51,  1.84geom/s]
Geometries:  69%|######8   | 686/1000 [06:20<02:54,  1.80geom/s]
Geometries:  69%|######8   | 687/1000 [06:21<02:57,  1.76geom/s]
Geometries:  69%|######8   | 688/1000 [06:21<02:50,  1.83geom/s]
Geometries:  69%|######8   | 689/1000 [06:22<02:50,  1.82geom/s]
Geometries:  69%|######9   | 690/1000 [06:22<02:48,  1.84geom/s]
Geometries:  69%|######9   | 691/1000 [06:23<02:52,  1.79geom/s]
Geometries:  69%|######9   | 692/1000 [06:24<02:54,  1.76geom/s]
Geometries:  69%|######9   | 693/1000 [06:24<02:48,  1.83geom/s]
Geometries:  69%|######9   | 694/1000 [06:25<02:51,  1.78geom/s]
Geometries:  70%|######9   | 695/1000 [06:25<02:47,  1.82geom/s]
Geometries:  70%|######9   | 696/1000 [06:26<02:49,  1.79geom/s]
Geometries:  70%|######9   | 697/1000 [06:26<02:49,  1.78geom/s]
Geometries:  70%|######9   | 698/1000 [06:27<02:46,  1.82geom/s]
Geometries:  70%|######9   | 699/1000 [06:27<02:48,  1.79geom/s]
Geometries:  70%|#######   | 700/1000 [06:28<02:50,  1.76geom/s]
Geometries:  70%|#######   | 701/1000 [06:29<02:44,  1.82geom/s]
Geometries:  70%|#######   | 702/1000 [06:29<02:47,  1.78geom/s]
Geometries:  70%|#######   | 703/1000 [06:30<02:43,  1.81geom/s]
Geometries:  70%|#######   | 704/1000 [06:30<02:45,  1.78geom/s]
Geometries:  70%|#######   | 705/1000 [06:31<02:45,  1.78geom/s]
Geometries:  71%|#######   | 706/1000 [06:31<02:39,  1.84geom/s]
Geometries:  71%|#######   | 707/1000 [06:32<02:43,  1.79geom/s]
Geometries:  71%|#######   | 708/1000 [06:32<02:39,  1.83geom/s]
Geometries:  71%|#######   | 709/1000 [06:33<02:40,  1.82geom/s]
Geometries:  71%|#######1  | 710/1000 [06:34<02:40,  1.80geom/s]
Geometries:  71%|#######1  | 711/1000 [06:34<02:37,  1.83geom/s]
Geometries:  71%|#######1  | 712/1000 [06:35<02:40,  1.79geom/s]
Geometries:  71%|#######1  | 713/1000 [06:35<02:42,  1.76geom/s]
Geometries:  71%|#######1  | 714/1000 [06:36<02:36,  1.83geom/s]
Geometries:  72%|#######1  | 715/1000 [06:36<02:39,  1.79geom/s]
Geometries:  72%|#######1  | 716/1000 [06:37<02:35,  1.82geom/s]
Geometries:  72%|#######1  | 717/1000 [06:37<02:38,  1.78geom/s]
Geometries:  72%|#######1  | 718/1000 [06:38<02:39,  1.77geom/s]
Geometries:  72%|#######1  | 719/1000 [06:39<02:37,  1.79geom/s]
Geometries:  72%|#######2  | 720/1000 [06:39<02:38,  1.77geom/s]
Geometries:  72%|#######2  | 721/1000 [06:40<02:35,  1.80geom/s]
Geometries:  72%|#######2  | 722/1000 [06:40<02:34,  1.80geom/s]
Geometries:  72%|#######2  | 723/1000 [06:41<02:36,  1.77geom/s]
Geometries:  72%|#######2  | 724/1000 [06:41<02:32,  1.81geom/s]
Geometries:  72%|#######2  | 725/1000 [06:42<02:35,  1.77geom/s]
Geometries:  73%|#######2  | 726/1000 [06:42<02:33,  1.79geom/s]
Geometries:  73%|#######2  | 727/1000 [06:43<02:27,  1.85geom/s]
Geometries:  73%|#######2  | 728/1000 [06:44<02:30,  1.81geom/s]
Geometries:  73%|#######2  | 729/1000 [06:44<02:27,  1.83geom/s]
Geometries:  73%|#######3  | 730/1000 [06:45<02:29,  1.81geom/s]
Geometries:  73%|#######3  | 731/1000 [06:45<02:29,  1.80geom/s]
Geometries:  73%|#######3  | 732/1000 [06:46<02:26,  1.83geom/s]
Geometries:  73%|#######3  | 733/1000 [06:46<02:28,  1.80geom/s]
Geometries:  73%|#######3  | 734/1000 [06:47<02:30,  1.77geom/s]
Geometries:  74%|#######3  | 735/1000 [06:47<02:24,  1.84geom/s]
Geometries:  74%|#######3  | 736/1000 [06:48<02:27,  1.79geom/s]
Geometries:  74%|#######3  | 737/1000 [06:48<02:24,  1.82geom/s]
Geometries:  74%|#######3  | 738/1000 [06:49<02:26,  1.78geom/s]
Geometries:  74%|#######3  | 739/1000 [06:50<02:26,  1.78geom/s]
Geometries:  74%|#######4  | 740/1000 [06:50<02:23,  1.82geom/s]
Geometries:  74%|#######4  | 741/1000 [06:51<02:25,  1.78geom/s]
Geometries:  74%|#######4  | 742/1000 [06:51<02:22,  1.81geom/s]
Geometries:  74%|#######4  | 743/1000 [06:52<02:22,  1.81geom/s]
Geometries:  74%|#######4  | 744/1000 [06:52<02:23,  1.78geom/s]
Geometries:  74%|#######4  | 745/1000 [06:53<02:20,  1.81geom/s]
Geometries:  75%|#######4  | 746/1000 [06:54<02:23,  1.77geom/s]
Geometries:  75%|#######4  | 747/1000 [06:54<02:26,  1.73geom/s]
Geometries:  75%|#######4  | 748/1000 [06:55<02:21,  1.78geom/s]
Geometries:  75%|#######4  | 749/1000 [06:55<02:22,  1.76geom/s]
Geometries:  75%|#######5  | 750/1000 [06:56<02:19,  1.80geom/s]
Geometries:  75%|#######5  | 751/1000 [06:56<02:19,  1.79geom/s]
Geometries:  75%|#######5  | 752/1000 [06:57<02:18,  1.78geom/s]
Geometries:  75%|#######5  | 753/1000 [06:57<02:15,  1.82geom/s]
Geometries:  75%|#######5  | 754/1000 [06:58<02:18,  1.78geom/s]
Geometries:  76%|#######5  | 755/1000 [06:59<02:14,  1.82geom/s]
Geometries:  76%|#######5  | 756/1000 [06:59<02:14,  1.81geom/s]
Geometries:  76%|#######5  | 757/1000 [07:00<02:16,  1.78geom/s]
Geometries:  76%|#######5  | 758/1000 [07:00<02:13,  1.81geom/s]
Geometries:  76%|#######5  | 759/1000 [07:01<02:15,  1.77geom/s]
Geometries:  76%|#######6  | 760/1000 [07:01<02:14,  1.78geom/s]
Geometries:  76%|#######6  | 761/1000 [07:02<02:11,  1.82geom/s]
Geometries:  76%|#######6  | 762/1000 [07:02<02:13,  1.78geom/s]
Geometries:  76%|#######6  | 763/1000 [07:03<02:10,  1.82geom/s]
Geometries:  76%|#######6  | 764/1000 [07:04<02:10,  1.81geom/s]
Geometries:  76%|#######6  | 765/1000 [07:04<02:11,  1.78geom/s]
Geometries:  77%|#######6  | 766/1000 [07:05<02:08,  1.82geom/s]
Geometries:  77%|#######6  | 767/1000 [07:05<02:10,  1.79geom/s]
Geometries:  77%|#######6  | 768/1000 [07:06<02:09,  1.79geom/s]
Geometries:  77%|#######6  | 769/1000 [07:06<02:05,  1.85geom/s]
Geometries:  77%|#######7  | 770/1000 [07:07<02:07,  1.80geom/s]
Geometries:  77%|#######7  | 771/1000 [07:07<02:04,  1.83geom/s]
Geometries:  77%|#######7  | 772/1000 [07:08<02:05,  1.82geom/s]
Geometries:  77%|#######7  | 773/1000 [07:09<02:05,  1.81geom/s]
Geometries:  77%|#######7  | 774/1000 [07:09<02:03,  1.83geom/s]
Geometries:  78%|#######7  | 775/1000 [07:10<02:05,  1.79geom/s]
Geometries:  78%|#######7  | 776/1000 [07:10<02:00,  1.86geom/s]
Geometries:  78%|#######7  | 777/1000 [07:11<02:01,  1.83geom/s]
Geometries:  78%|#######7  | 778/1000 [07:11<02:03,  1.79geom/s]
Geometries:  78%|#######7  | 779/1000 [07:12<02:01,  1.82geom/s]
Geometries:  78%|#######8  | 780/1000 [07:12<02:03,  1.78geom/s]
Geometries:  78%|#######8  | 781/1000 [07:13<02:03,  1.78geom/s]
Geometries:  78%|#######8  | 782/1000 [07:14<02:00,  1.82geom/s]
Geometries:  78%|#######8  | 783/1000 [07:14<02:02,  1.77geom/s]
Geometries:  78%|#######8  | 784/1000 [07:15<02:01,  1.78geom/s]
Geometries:  78%|#######8  | 785/1000 [07:15<02:05,  1.72geom/s]
Geometries:  79%|#######8  | 786/1000 [07:16<02:06,  1.69geom/s]
Geometries:  79%|#######8  | 787/1000 [07:16<02:03,  1.72geom/s]
Geometries:  79%|#######8  | 788/1000 [07:17<02:04,  1.70geom/s]
Geometries:  79%|#######8  | 789/1000 [07:18<02:00,  1.75geom/s]
Geometries:  79%|#######9  | 790/1000 [07:18<02:05,  1.68geom/s]
Geometries:  79%|#######9  | 791/1000 [07:19<02:07,  1.64geom/s]
Geometries:  79%|#######9  | 792/1000 [07:19<02:02,  1.70geom/s]
Geometries:  79%|#######9  | 793/1000 [07:20<02:00,  1.72geom/s]
Geometries:  79%|#######9  | 794/1000 [07:21<01:58,  1.73geom/s]
Geometries:  80%|#######9  | 795/1000 [07:21<01:55,  1.78geom/s]
Geometries:  80%|#######9  | 796/1000 [07:22<01:56,  1.75geom/s]
Geometries:  80%|#######9  | 797/1000 [07:22<01:51,  1.82geom/s]
Geometries:  80%|#######9  | 798/1000 [07:23<01:51,  1.81geom/s]
Geometries:  80%|#######9  | 799/1000 [07:23<01:53,  1.77geom/s]
Geometries:  80%|########  | 800/1000 [07:24<01:50,  1.81geom/s]
Geometries:  80%|########  | 801/1000 [07:24<01:51,  1.78geom/s]
Geometries:  80%|########  | 802/1000 [07:25<01:47,  1.84geom/s]
Geometries:  80%|########  | 803/1000 [07:26<01:50,  1.79geom/s]
Geometries:  80%|########  | 804/1000 [07:26<01:50,  1.77geom/s]
Geometries:  80%|########  | 805/1000 [07:27<01:48,  1.80geom/s]
Geometries:  81%|########  | 806/1000 [07:27<01:48,  1.79geom/s]
Geometries:  81%|########  | 807/1000 [07:28<01:49,  1.76geom/s]
Geometries:  81%|########  | 808/1000 [07:28<01:46,  1.80geom/s]
Geometries:  81%|########  | 809/1000 [07:29<01:48,  1.77geom/s]
Geometries:  81%|########1 | 810/1000 [07:29<01:43,  1.84geom/s]
Geometries:  81%|########1 | 811/1000 [07:30<01:45,  1.79geom/s]
Geometries:  81%|########1 | 812/1000 [07:31<01:46,  1.76geom/s]
Geometries:  81%|########1 | 813/1000 [07:31<01:43,  1.80geom/s]
Geometries:  81%|########1 | 814/1000 [07:32<01:43,  1.80geom/s]
Geometries:  82%|########1 | 815/1000 [07:32<01:43,  1.79geom/s]
Geometries:  82%|########1 | 816/1000 [07:33<01:41,  1.82geom/s]
Geometries:  82%|########1 | 817/1000 [07:33<01:42,  1.78geom/s]
Geometries:  82%|########1 | 818/1000 [07:34<01:38,  1.84geom/s]
Geometries:  82%|########1 | 819/1000 [07:34<01:38,  1.83geom/s]
Geometries:  82%|########2 | 820/1000 [07:35<01:40,  1.79geom/s]
Geometries:  82%|########2 | 821/1000 [07:36<01:38,  1.82geom/s]
Geometries:  82%|########2 | 822/1000 [07:36<01:39,  1.78geom/s]
Geometries:  82%|########2 | 823/1000 [07:37<01:35,  1.85geom/s]
Geometries:  82%|########2 | 824/1000 [07:37<01:37,  1.81geom/s]
Geometries:  82%|########2 | 825/1000 [07:38<01:38,  1.77geom/s]
Geometries:  83%|########2 | 826/1000 [07:38<01:37,  1.79geom/s]
Geometries:  83%|########2 | 827/1000 [07:39<01:36,  1.79geom/s]
Geometries:  83%|########2 | 828/1000 [07:39<01:37,  1.76geom/s]
Geometries:  83%|########2 | 829/1000 [07:40<01:34,  1.80geom/s]
Geometries:  83%|########2 | 830/1000 [07:41<01:36,  1.76geom/s]
Geometries:  83%|########3 | 831/1000 [07:41<01:32,  1.82geom/s]
Geometries:  83%|########3 | 832/1000 [07:42<01:34,  1.78geom/s]
Geometries:  83%|########3 | 833/1000 [07:42<01:35,  1.75geom/s]
Geometries:  83%|########3 | 834/1000 [07:43<01:32,  1.79geom/s]
Geometries:  84%|########3 | 835/1000 [07:43<01:32,  1.79geom/s]
Geometries:  84%|########3 | 836/1000 [07:44<01:28,  1.85geom/s]
Geometries:  84%|########3 | 837/1000 [07:44<01:30,  1.80geom/s]
Geometries:  84%|########3 | 838/1000 [07:45<01:31,  1.76geom/s]
Geometries:  84%|########3 | 839/1000 [07:46<01:28,  1.81geom/s]
Geometries:  84%|########4 | 840/1000 [07:46<01:28,  1.80geom/s]
Geometries:  84%|########4 | 841/1000 [07:47<01:30,  1.76geom/s]
Geometries:  84%|########4 | 842/1000 [07:47<01:27,  1.80geom/s]
Geometries:  84%|########4 | 843/1000 [07:48<01:28,  1.77geom/s]
Geometries:  84%|########4 | 844/1000 [07:48<01:25,  1.83geom/s]
Geometries:  84%|########4 | 845/1000 [07:49<01:26,  1.79geom/s]
Geometries:  85%|########4 | 846/1000 [07:50<01:27,  1.76geom/s]
Geometries:  85%|########4 | 847/1000 [07:50<01:25,  1.79geom/s]
Geometries:  85%|########4 | 848/1000 [07:51<01:24,  1.79geom/s]
Geometries:  85%|########4 | 849/1000 [07:51<01:22,  1.82geom/s]
Geometries:  85%|########5 | 850/1000 [07:52<01:24,  1.78geom/s]
Geometries:  85%|########5 | 851/1000 [07:52<01:25,  1.75geom/s]
Geometries:  85%|########5 | 852/1000 [07:53<01:21,  1.81geom/s]
Geometries:  85%|########5 | 853/1000 [07:53<01:23,  1.77geom/s]
Geometries:  85%|########5 | 854/1000 [07:54<01:23,  1.75geom/s]
Geometries:  86%|########5 | 855/1000 [07:55<01:21,  1.79geom/s]
Geometries:  86%|########5 | 856/1000 [07:55<01:20,  1.78geom/s]
Geometries:  86%|########5 | 857/1000 [07:56<01:17,  1.84geom/s]
Geometries:  86%|########5 | 858/1000 [07:56<01:19,  1.79geom/s]
Geometries:  86%|########5 | 859/1000 [07:57<01:20,  1.75geom/s]
Geometries:  86%|########6 | 860/1000 [07:57<01:17,  1.82geom/s]
Geometries:  86%|########6 | 861/1000 [07:58<01:17,  1.81geom/s]
Geometries:  86%|########6 | 862/1000 [07:59<01:18,  1.76geom/s]
Geometries:  86%|########6 | 863/1000 [07:59<01:16,  1.80geom/s]
Geometries:  86%|########6 | 864/1000 [08:00<01:17,  1.77geom/s]
Geometries:  86%|########6 | 865/1000 [08:00<01:13,  1.83geom/s]
Geometries:  87%|########6 | 866/1000 [08:01<01:15,  1.78geom/s]
Geometries:  87%|########6 | 867/1000 [08:01<01:15,  1.76geom/s]
Geometries:  87%|########6 | 868/1000 [08:02<01:13,  1.80geom/s]
Geometries:  87%|########6 | 869/1000 [08:02<01:13,  1.79geom/s]
Geometries:  87%|########7 | 870/1000 [08:03<01:11,  1.82geom/s]
Geometries:  87%|########7 | 871/1000 [08:04<01:12,  1.79geom/s]
Geometries:  87%|########7 | 872/1000 [08:04<01:12,  1.76geom/s]
Geometries:  87%|########7 | 873/1000 [08:05<01:09,  1.82geom/s]
Geometries:  87%|########7 | 874/1000 [08:05<01:10,  1.78geom/s]
Geometries:  88%|########7 | 875/1000 [08:06<01:11,  1.75geom/s]
Geometries:  88%|########7 | 876/1000 [08:06<01:08,  1.80geom/s]
Geometries:  88%|########7 | 877/1000 [08:07<01:08,  1.79geom/s]
Geometries:  88%|########7 | 878/1000 [08:07<01:05,  1.86geom/s]
Geometries:  88%|########7 | 879/1000 [08:08<01:07,  1.80geom/s]
Geometries:  88%|########8 | 880/1000 [08:09<01:07,  1.77geom/s]
Geometries:  88%|########8 | 881/1000 [08:09<01:04,  1.84geom/s]
Geometries:  88%|########8 | 882/1000 [08:10<01:04,  1.82geom/s]
Geometries:  88%|########8 | 883/1000 [08:10<01:03,  1.84geom/s]
Geometries:  88%|########8 | 884/1000 [08:11<01:04,  1.79geom/s]
Geometries:  88%|########8 | 885/1000 [08:11<01:05,  1.76geom/s]
Geometries:  89%|########8 | 886/1000 [08:12<01:02,  1.83geom/s]
Geometries:  89%|########8 | 887/1000 [08:12<01:03,  1.79geom/s]
Geometries:  89%|########8 | 888/1000 [08:13<01:03,  1.76geom/s]
Geometries:  89%|########8 | 889/1000 [08:14<01:01,  1.80geom/s]
Geometries:  89%|########9 | 890/1000 [08:14<01:01,  1.80geom/s]
Geometries:  89%|########9 | 891/1000 [08:15<00:59,  1.82geom/s]
Geometries:  89%|########9 | 892/1000 [08:15<01:00,  1.78geom/s]
Geometries:  89%|########9 | 893/1000 [08:16<01:01,  1.75geom/s]
Geometries:  89%|########9 | 894/1000 [08:16<00:58,  1.82geom/s]
Geometries:  90%|########9 | 895/1000 [08:17<00:59,  1.78geom/s]
Geometries:  90%|########9 | 896/1000 [08:17<00:59,  1.75geom/s]
Geometries:  90%|########9 | 897/1000 [08:18<00:57,  1.79geom/s]
Geometries:  90%|########9 | 898/1000 [08:19<00:56,  1.79geom/s]
Geometries:  90%|########9 | 899/1000 [08:19<00:54,  1.85geom/s]
Geometries:  90%|######### | 900/1000 [08:20<00:55,  1.80geom/s]
Geometries:  90%|######### | 901/1000 [08:20<00:55,  1.77geom/s]
Geometries:  90%|######### | 902/1000 [08:21<00:53,  1.84geom/s]
Geometries:  90%|######### | 903/1000 [08:21<00:53,  1.83geom/s]
Geometries:  90%|######### | 904/1000 [08:22<00:52,  1.85geom/s]
Geometries:  90%|######### | 905/1000 [08:22<00:52,  1.80geom/s]
Geometries:  91%|######### | 906/1000 [08:23<00:53,  1.77geom/s]
Geometries:  91%|######### | 907/1000 [08:23<00:50,  1.83geom/s]
Geometries:  91%|######### | 908/1000 [08:24<00:51,  1.79geom/s]
Geometries:  91%|######### | 909/1000 [08:25<00:51,  1.76geom/s]
Geometries:  91%|#########1| 910/1000 [08:25<00:50,  1.80geom/s]
Geometries:  91%|#########1| 911/1000 [08:26<00:49,  1.79geom/s]
Geometries:  91%|#########1| 912/1000 [08:26<00:48,  1.82geom/s]
Geometries:  91%|#########1| 913/1000 [08:27<00:48,  1.78geom/s]
Geometries:  91%|#########1| 914/1000 [08:27<00:49,  1.75geom/s]
Geometries:  92%|#########1| 915/1000 [08:28<00:46,  1.81geom/s]
Geometries:  92%|#########1| 916/1000 [08:29<00:47,  1.78geom/s]
Geometries:  92%|#########1| 917/1000 [08:29<00:46,  1.80geom/s]
Geometries:  92%|#########1| 918/1000 [08:30<00:46,  1.77geom/s]
Geometries:  92%|#########1| 919/1000 [08:30<00:45,  1.77geom/s]
Geometries:  92%|#########2| 920/1000 [08:31<00:43,  1.84geom/s]
Geometries:  92%|#########2| 921/1000 [08:31<00:44,  1.79geom/s]
Geometries:  92%|#########2| 922/1000 [08:32<00:44,  1.76geom/s]
Geometries:  92%|#########2| 923/1000 [08:32<00:42,  1.82geom/s]
Geometries:  92%|#########2| 924/1000 [08:33<00:42,  1.80geom/s]
Geometries:  92%|#########2| 925/1000 [08:34<00:40,  1.84geom/s]
Geometries:  93%|#########2| 926/1000 [08:34<00:41,  1.80geom/s]
Geometries:  93%|#########2| 927/1000 [08:35<00:41,  1.77geom/s]
Geometries:  93%|#########2| 928/1000 [08:35<00:39,  1.84geom/s]
Geometries:  93%|#########2| 929/1000 [08:36<00:39,  1.79geom/s]
Geometries:  93%|#########3| 930/1000 [08:36<00:38,  1.82geom/s]
Geometries:  93%|#########3| 931/1000 [08:37<00:38,  1.78geom/s]
Geometries:  93%|#########3| 932/1000 [08:37<00:38,  1.77geom/s]
Geometries:  93%|#########3| 933/1000 [08:38<00:37,  1.80geom/s]
Geometries:  93%|#########3| 934/1000 [08:39<00:37,  1.75geom/s]
Geometries:  94%|#########3| 935/1000 [08:39<00:37,  1.72geom/s]
Geometries:  94%|#########3| 936/1000 [08:40<00:35,  1.79geom/s]
Geometries:  94%|#########3| 937/1000 [08:40<00:35,  1.75geom/s]
Geometries:  94%|#########3| 938/1000 [08:41<00:34,  1.80geom/s]
Geometries:  94%|#########3| 939/1000 [08:41<00:34,  1.77geom/s]
Geometries:  94%|#########3| 940/1000 [08:42<00:33,  1.77geom/s]
Geometries:  94%|#########4| 941/1000 [08:43<00:32,  1.83geom/s]
Geometries:  94%|#########4| 942/1000 [08:43<00:32,  1.80geom/s]
Geometries:  94%|#########4| 943/1000 [08:44<00:32,  1.76geom/s]
Geometries:  94%|#########4| 944/1000 [08:44<00:30,  1.83geom/s]
Geometries:  94%|#########4| 945/1000 [08:45<00:30,  1.82geom/s]
Geometries:  95%|#########4| 946/1000 [08:45<00:29,  1.85geom/s]
Geometries:  95%|#########4| 947/1000 [08:46<00:29,  1.79geom/s]
Geometries:  95%|#########4| 948/1000 [08:46<00:29,  1.76geom/s]
Geometries:  95%|#########4| 949/1000 [08:47<00:27,  1.82geom/s]
Geometries:  95%|#########5| 950/1000 [08:48<00:28,  1.78geom/s]
Geometries:  95%|#########5| 951/1000 [08:48<00:26,  1.82geom/s]
Geometries:  95%|#########5| 952/1000 [08:49<00:26,  1.78geom/s]
Geometries:  95%|#########5| 953/1000 [08:49<00:26,  1.78geom/s]
Geometries:  95%|#########5| 954/1000 [08:50<00:25,  1.81geom/s]
Geometries:  96%|#########5| 955/1000 [08:50<00:25,  1.78geom/s]
Geometries:  96%|#########5| 956/1000 [08:51<00:25,  1.76geom/s]
Geometries:  96%|#########5| 957/1000 [08:51<00:23,  1.83geom/s]
Geometries:  96%|#########5| 958/1000 [08:52<00:23,  1.79geom/s]
Geometries:  96%|#########5| 959/1000 [08:53<00:22,  1.82geom/s]
Geometries:  96%|#########6| 960/1000 [08:53<00:22,  1.78geom/s]
Geometries:  96%|#########6| 961/1000 [08:54<00:21,  1.78geom/s]
Geometries:  96%|#########6| 962/1000 [08:54<00:20,  1.84geom/s]
Geometries:  96%|#########6| 963/1000 [08:55<00:20,  1.80geom/s]
Geometries:  96%|#########6| 964/1000 [08:55<00:19,  1.83geom/s]
Geometries:  96%|#########6| 965/1000 [08:56<00:19,  1.82geom/s]
Geometries:  97%|#########6| 966/1000 [08:56<00:18,  1.80geom/s]
Geometries:  97%|#########6| 967/1000 [08:57<00:18,  1.83geom/s]
Geometries:  97%|#########6| 968/1000 [08:58<00:17,  1.79geom/s]
Geometries:  97%|#########6| 969/1000 [08:58<00:17,  1.77geom/s]
Geometries:  97%|#########7| 970/1000 [08:59<00:16,  1.83geom/s]
Geometries:  97%|#########7| 971/1000 [08:59<00:16,  1.79geom/s]
Geometries:  97%|#########7| 972/1000 [09:00<00:15,  1.82geom/s]
Geometries:  97%|#########7| 973/1000 [09:00<00:15,  1.78geom/s]
Geometries:  97%|#########7| 974/1000 [09:01<00:14,  1.78geom/s]
Geometries:  98%|#########7| 975/1000 [09:01<00:13,  1.81geom/s]
Geometries:  98%|#########7| 976/1000 [09:02<00:13,  1.78geom/s]
Geometries:  98%|#########7| 977/1000 [09:03<00:12,  1.81geom/s]
Geometries:  98%|#########7| 978/1000 [09:03<00:12,  1.81geom/s]
Geometries:  98%|#########7| 979/1000 [09:04<00:11,  1.77geom/s]
Geometries:  98%|#########8| 980/1000 [09:04<00:11,  1.81geom/s]
Geometries:  98%|#########8| 981/1000 [09:05<00:10,  1.77geom/s]
Geometries:  98%|#########8| 982/1000 [09:05<00:10,  1.78geom/s]
Geometries:  98%|#########8| 983/1000 [09:06<00:09,  1.85geom/s]
Geometries:  98%|#########8| 984/1000 [09:06<00:08,  1.80geom/s]
Geometries:  98%|#########8| 985/1000 [09:07<00:08,  1.82geom/s]
Geometries:  99%|#########8| 986/1000 [09:08<00:07,  1.81geom/s]
Geometries:  99%|#########8| 987/1000 [09:08<00:07,  1.81geom/s]
Geometries:  99%|#########8| 988/1000 [09:09<00:06,  1.84geom/s]
Geometries:  99%|#########8| 989/1000 [09:09<00:06,  1.79geom/s]
Geometries:  99%|#########9| 990/1000 [09:10<00:05,  1.76geom/s]
Geometries:  99%|#########9| 991/1000 [09:10<00:04,  1.83geom/s]
Geometries:  99%|#########9| 992/1000 [09:11<00:04,  1.79geom/s]
Geometries:  99%|#########9| 993/1000 [09:11<00:03,  1.82geom/s]
Geometries:  99%|#########9| 994/1000 [09:12<00:03,  1.79geom/s]
Geometries: 100%|#########9| 995/1000 [09:13<00:02,  1.79geom/s]
Geometries: 100%|#########9| 996/1000 [09:13<00:02,  1.82geom/s]
Geometries: 100%|#########9| 997/1000 [09:14<00:01,  1.78geom/s]
Geometries: 100%|#########9| 998/1000 [09:14<00:01,  1.82geom/s]
Geometries: 100%|#########9| 999/1000 [09:15<00:00,  1.81geom/s]
Geometries: 100%|##########| 1000/1000 [09:15<00:00,  1.77geom/s]
Geometries: 100%|##########| 1000/1000 [09:15<00:00,  1.80geom/s]
Saving outputs to d:\Research\NO-2D-Metamaterials\INFERENCE\NO_I3O5_BCF16_NMAE_HC128_LR2e-03_WD0e+00_L1P1e-08_SS1_G9e-01_ch0u_260711_E12\c_test\predictions_I3O5_NO_I3O5_BCF16_NMAE_HC128_LR2e-03_WD0e+00_L1P1e-08_SS1_G9e-01_ch0u_260711_E12.pt...
Outputs saved successfully!
  - Format: single stacked tensor (n_samples, 5, 32, 32)
  - Channels: ['eigenfrequency', 'disp_x_real', 'disp_x_imag', 'disp_y_real', 'disp_y_imag']
  - Shape: (1950000, 5, 32, 32)  dtype: torch.float16
  - Total size: 18.60 GB
  - Metadata: 325 waveforms, 6 bands, 1000 geometries
  - Index map: idx = geom*(325*6) + wave*6 + band
Wrote inference documentation: d:\Research\NO-2D-Metamaterials\INFERENCE\NO_I3O5_BCF16_NMAE_HC128_LR2e-03_WD0e+00_L1P1e-08_SS1_G9e-01_ch0u_260711_E12\c_test\inference_info_NO_I3O5_BCF16_NMAE_HC128_LR2e-03_WD0e+00_L1P1e-08_SS1_G9e-01_ch0u_260711_E12_260803-164920.txt
Done. Predictions: d:\Research\NO-2D-Metamaterials\INFERENCE\NO_I3O5_BCF16_NMAE_HC128_LR2e-03_WD0e+00_L1P1e-08_SS1_G9e-01_ch0u_260711_E12\c_test\predictions_I3O5_NO_I3O5_BCF16_NMAE_HC128_LR2e-03_WD0e+00_L1P1e-08_SS1_G9e-01_ch0u_260711_E12.pt
>> infer_gpu_c_test DONE 2026-08-03 16:58:56

>> compare_c_test START 2026-08-03 16:58:56
Using device: cpu
Predictions: d:\Research\NO-2D-Metamaterials\INFERENCE\NO_I3O5_BCF16_NMAE_HC128_LR2e-03_WD0e+00_L1P1e-08_SS1_G9e-01_ch0u_260711_E12\c_test\predictions_I3O5_NO_I3O5_BCF16_NMAE_HC128_LR2e-03_WD0e+00_L1P1e-08_SS1_G9e-01_ch0u_260711_E12.pt
Loading tensors (memory-mapped where possible)...
  predictions     : (1950000, 5, 32, 32) dtype=torch.float16
  eigen_ch0       : (1000, 325, 6, 32, 32) dtype=torch.float16 (uniform)
  displacements   : 4 x (1950000, 32, 32)
  index_source    : indices_full (dense flat, M=1950000)
  out_channels=5  n_geom=1000  n_waveforms=325  n_bands=6
System.Management.Automation.RemoteException
Scoring:   0%|          | 0/239 [00:00<?, ?batch/s]
Scoring:   0%|          | 1/239 [00:00<01:17,  3.07batch/s]
Scoring:   1%|          | 2/239 [00:00<00:53,  4.41batch/s]
Scoring:   1%|1         | 3/239 [00:00<00:49,  4.80batch/s]
Scoring:   2%|1         | 4/239 [00:00<00:42,  5.56batch/s]
Scoring:   2%|2         | 5/239 [00:00<00:41,  5.69batch/s]
Scoring:   3%|2         | 6/239 [00:01<00:41,  5.58batch/s]
Scoring:   3%|2         | 7/239 [00:01<00:38,  6.04batch/s]
Scoring:   3%|3         | 8/239 [00:01<00:38,  5.93batch/s]
Scoring:   4%|3         | 9/239 [00:01<00:36,  6.25batch/s]
Scoring:   4%|4         | 10/239 [00:01<00:37,  6.06batch/s]
Scoring:   5%|4         | 11/239 [00:01<00:38,  5.99batch/s]
Scoring:   5%|5         | 12/239 [00:02<00:37,  6.03batch/s]
Scoring:   5%|5         | 13/239 [00:02<00:38,  5.92batch/s]
Scoring:   6%|5         | 14/239 [00:02<00:37,  6.05batch/s]
Scoring:   6%|6         | 15/239 [00:02<00:36,  6.08batch/s]
Scoring:   7%|6         | 16/239 [00:02<00:37,  5.94batch/s]
Scoring:   7%|7         | 17/239 [00:02<00:35,  6.22batch/s]
Scoring:   8%|7         | 18/239 [00:03<00:36,  6.13batch/s]
Scoring:   8%|7         | 19/239 [00:03<00:34,  6.45batch/s]
Scoring:   8%|8         | 20/239 [00:03<00:35,  6.23batch/s]
Scoring:   9%|8         | 21/239 [00:03<00:35,  6.09batch/s]
Scoring:   9%|9         | 22/239 [00:03<00:34,  6.29batch/s]
Scoring:  10%|9         | 23/239 [00:03<00:35,  6.01batch/s]
Scoring:  10%|#         | 24/239 [00:04<00:35,  6.13batch/s]
Scoring:  10%|#         | 25/239 [00:04<00:35,  6.09batch/s]
Scoring:  11%|#         | 26/239 [00:04<00:35,  6.06batch/s]
Scoring:  11%|#1        | 27/239 [00:04<00:33,  6.38batch/s]
Scoring:  12%|#1        | 28/239 [00:04<00:34,  6.18batch/s]
Scoring:  12%|#2        | 29/239 [00:04<00:32,  6.38batch/s]
Scoring:  13%|#2        | 30/239 [00:05<00:33,  6.21batch/s]
Scoring:  13%|#2        | 31/239 [00:05<00:33,  6.12batch/s]
Scoring:  13%|#3        | 32/239 [00:05<00:33,  6.21batch/s]
Scoring:  14%|#3        | 33/239 [00:05<00:33,  6.07batch/s]
Scoring:  14%|#4        | 34/239 [00:05<00:32,  6.36batch/s]
Scoring:  15%|#4        | 35/239 [00:05<00:32,  6.22batch/s]
Scoring:  15%|#5        | 36/239 [00:06<00:33,  6.08batch/s]
Scoring:  15%|#5        | 37/239 [00:06<00:32,  6.29batch/s]
Scoring:  16%|#5        | 38/239 [00:06<00:32,  6.20batch/s]
Scoring:  16%|#6        | 39/239 [00:06<00:30,  6.50batch/s]
Scoring:  17%|#6        | 40/239 [00:06<00:31,  6.31batch/s]
Scoring:  17%|#7        | 41/239 [00:06<00:32,  6.11batch/s]
Scoring:  18%|#7        | 42/239 [00:06<00:31,  6.31batch/s]
Scoring:  18%|#7        | 43/239 [00:07<00:32,  5.99batch/s]
Scoring:  18%|#8        | 44/239 [00:07<00:30,  6.31batch/s]
Scoring:  19%|#8        | 45/239 [00:07<00:31,  6.14batch/s]
Scoring:  19%|#9        | 46/239 [00:07<00:31,  6.12batch/s]
Scoring:  20%|#9        | 47/239 [00:07<00:29,  6.43batch/s]
Scoring:  20%|##        | 48/239 [00:07<00:30,  6.28batch/s]
Scoring:  21%|##        | 49/239 [00:08<00:28,  6.56batch/s]
Scoring:  21%|##        | 50/239 [00:08<00:29,  6.33batch/s]
Scoring:  21%|##1       | 51/239 [00:08<00:28,  6.62batch/s]
Scoring:  22%|##1       | 52/239 [00:08<00:30,  6.19batch/s]
Scoring:  22%|##2       | 53/239 [00:08<00:30,  6.12batch/s]
Scoring:  23%|##2       | 54/239 [00:08<00:28,  6.40batch/s]
Scoring:  23%|##3       | 55/239 [00:09<00:29,  6.27batch/s]
Scoring:  23%|##3       | 56/239 [00:09<00:29,  6.18batch/s]
Scoring:  24%|##3       | 57/239 [00:09<00:28,  6.45batch/s]
Scoring:  24%|##4       | 58/239 [00:09<00:28,  6.28batch/s]
Scoring:  25%|##4       | 59/239 [00:09<00:27,  6.57batch/s]
Scoring:  25%|##5       | 60/239 [00:09<00:28,  6.29batch/s]
Scoring:  26%|##5       | 61/239 [00:09<00:28,  6.16batch/s]
Scoring:  26%|##5       | 62/239 [00:10<00:28,  6.29batch/s]
Scoring:  26%|##6       | 63/239 [00:10<00:29,  6.02batch/s]
Scoring:  27%|##6       | 64/239 [00:10<00:28,  6.15batch/s]
Scoring:  27%|##7       | 65/239 [00:10<00:28,  6.05batch/s]
Scoring:  28%|##7       | 66/239 [00:10<00:28,  6.02batch/s]
Scoring:  28%|##8       | 67/239 [00:10<00:26,  6.37batch/s]
Scoring:  28%|##8       | 68/239 [00:11<00:27,  6.25batch/s]
Scoring:  29%|##8       | 69/239 [00:11<00:27,  6.08batch/s]
Scoring:  29%|##9       | 70/239 [00:11<00:26,  6.38batch/s]
Scoring:  30%|##9       | 71/239 [00:11<00:27,  6.14batch/s]
Scoring:  30%|###       | 72/239 [00:11<00:26,  6.22batch/s]
Scoring:  31%|###       | 73/239 [00:11<00:26,  6.18batch/s]
Scoring:  31%|###       | 74/239 [00:12<00:25,  6.47batch/s]
Scoring:  31%|###1      | 75/239 [00:12<00:25,  6.33batch/s]
Scoring:  32%|###1      | 76/239 [00:12<00:26,  6.25batch/s]
Scoring:  32%|###2      | 77/239 [00:12<00:24,  6.54batch/s]
Scoring:  33%|###2      | 78/239 [00:12<00:25,  6.38batch/s]
Scoring:  33%|###3      | 79/239 [00:12<00:23,  6.67batch/s]
Scoring:  33%|###3      | 80/239 [00:12<00:24,  6.44batch/s]
Scoring:  34%|###3      | 81/239 [00:13<00:25,  6.25batch/s]
Scoring:  34%|###4      | 82/239 [00:13<00:24,  6.44batch/s]
Scoring:  35%|###4      | 83/239 [00:13<00:25,  6.19batch/s]
Scoring:  35%|###5      | 84/239 [00:13<00:24,  6.28batch/s]
Scoring:  36%|###5      | 85/239 [00:13<00:24,  6.23batch/s]
Scoring:  36%|###5      | 86/239 [00:13<00:24,  6.20batch/s]
Scoring:  36%|###6      | 87/239 [00:14<00:23,  6.50batch/s]
Scoring:  37%|###6      | 88/239 [00:14<00:23,  6.31batch/s]
Scoring:  37%|###7      | 89/239 [00:14<00:23,  6.50batch/s]
Scoring:  38%|###7      | 90/239 [00:14<00:23,  6.35batch/s]
Scoring:  38%|###8      | 91/239 [00:14<00:23,  6.25batch/s]
Scoring:  38%|###8      | 92/239 [00:14<00:22,  6.51batch/s]
Scoring:  39%|###8      | 93/239 [00:15<00:23,  6.21batch/s]
Scoring:  39%|###9      | 94/239 [00:15<00:22,  6.50batch/s]
Scoring:  40%|###9      | 95/239 [00:15<00:23,  6.20batch/s]
Scoring:  40%|####      | 96/239 [00:15<00:22,  6.30batch/s]
Scoring:  41%|####      | 97/239 [00:15<00:22,  6.23batch/s]
Scoring:  41%|####1     | 98/239 [00:15<00:22,  6.19batch/s]
Scoring:  41%|####1     | 99/239 [00:16<00:21,  6.49batch/s]
Scoring:  42%|####1     | 100/239 [00:16<00:21,  6.35batch/s]
Scoring:  42%|####2     | 101/239 [00:16<00:20,  6.58batch/s]
Scoring:  43%|####2     | 102/239 [00:16<00:21,  6.40batch/s]
Scoring:  43%|####3     | 103/239 [00:16<00:20,  6.65batch/s]
Scoring:  44%|####3     | 104/239 [00:16<00:21,  6.38batch/s]
Scoring:  44%|####3     | 105/239 [00:16<00:21,  6.20batch/s]
Scoring:  44%|####4     | 106/239 [00:17<00:20,  6.45batch/s]
Scoring:  45%|####4     | 107/239 [00:17<00:21,  6.20batch/s]
Scoring:  45%|####5     | 108/239 [00:17<00:20,  6.27batch/s]
Scoring:  46%|####5     | 109/239 [00:17<00:20,  6.19batch/s]
Scoring:  46%|####6     | 110/239 [00:17<00:20,  6.45batch/s]
Scoring:  46%|####6     | 111/239 [00:17<00:20,  6.33batch/s]
Scoring:  47%|####6     | 112/239 [00:18<00:20,  6.22batch/s]
Scoring:  47%|####7     | 113/239 [00:18<00:19,  6.47batch/s]
Scoring:  48%|####7     | 114/239 [00:18<00:19,  6.33batch/s]
Scoring:  48%|####8     | 115/239 [00:18<00:18,  6.62batch/s]
Scoring:  49%|####8     | 116/239 [00:18<00:19,  6.44batch/s]
Scoring:  49%|####8     | 117/239 [00:18<00:18,  6.62batch/s]
Scoring:  49%|####9     | 118/239 [00:18<00:19,  6.34batch/s]
Scoring:  50%|####9     | 119/239 [00:19<00:19,  6.28batch/s]
Scoring:  50%|#####     | 120/239 [00:19<00:18,  6.30batch/s]
Scoring:  51%|#####     | 121/239 [00:19<00:19,  6.16batch/s]
Scoring:  51%|#####1    | 122/239 [00:19<00:18,  6.46batch/s]
Scoring:  51%|#####1    | 123/239 [00:19<00:18,  6.25batch/s]
Scoring:  52%|#####1    | 124/239 [00:19<00:18,  6.19batch/s]
Scoring:  52%|#####2    | 125/239 [00:20<00:17,  6.42batch/s]
Scoring:  53%|#####2    | 126/239 [00:20<00:17,  6.32batch/s]
Scoring:  53%|#####3    | 127/239 [00:20<00:17,  6.56batch/s]
Scoring:  54%|#####3    | 128/239 [00:20<00:17,  6.32batch/s]
Scoring:  54%|#####3    | 129/239 [00:20<00:17,  6.20batch/s]
Scoring:  54%|#####4    | 130/239 [00:20<00:17,  6.36batch/s]
Scoring:  55%|#####4    | 131/239 [00:21<00:17,  6.12batch/s]
Scoring:  55%|#####5    | 132/239 [00:21<00:17,  6.24batch/s]
Scoring:  56%|#####5    | 133/239 [00:21<00:17,  6.20batch/s]
Scoring:  56%|#####6    | 134/239 [00:21<00:17,  6.10batch/s]
Scoring:  56%|#####6    | 135/239 [00:21<00:16,  6.46batch/s]
Scoring:  57%|#####6    | 136/239 [00:21<00:16,  6.32batch/s]
Scoring:  57%|#####7    | 137/239 [00:21<00:15,  6.59batch/s]
Scoring:  58%|#####7    | 138/239 [00:22<00:15,  6.36batch/s]
Scoring:  58%|#####8    | 139/239 [00:22<00:15,  6.65batch/s]
Scoring:  59%|#####8    | 140/239 [00:22<00:15,  6.44batch/s]
Scoring:  59%|#####8    | 141/239 [00:22<00:14,  6.63batch/s]
Scoring:  59%|#####9    | 142/239 [00:22<00:15,  6.40batch/s]
Scoring:  60%|#####9    | 143/239 [00:22<00:14,  6.69batch/s]
Scoring:  60%|######    | 144/239 [00:23<00:14,  6.38batch/s]
Scoring:  61%|######    | 145/239 [00:23<00:15,  6.08batch/s]
Scoring:  61%|######1   | 146/239 [00:23<00:14,  6.42batch/s]
Scoring:  62%|######1   | 147/239 [00:23<00:14,  6.28batch/s]
Scoring:  62%|######1   | 148/239 [00:23<00:14,  6.16batch/s]
Scoring:  62%|######2   | 149/239 [00:23<00:13,  6.46batch/s]
Scoring:  63%|######2   | 150/239 [00:24<00:14,  6.30batch/s]
Scoring:  63%|######3   | 151/239 [00:24<00:13,  6.60batch/s]
Scoring:  64%|######3   | 152/239 [00:24<00:13,  6.36batch/s]
Scoring:  64%|######4   | 153/239 [00:24<00:14,  6.13batch/s]
Scoring:  64%|######4   | 154/239 [00:24<00:13,  6.29batch/s]
Scoring:  65%|######4   | 155/239 [00:24<00:14,  5.97batch/s]
Scoring:  65%|######5   | 156/239 [00:25<00:13,  6.10batch/s]
Scoring:  66%|######5   | 157/239 [00:25<00:13,  5.94batch/s]
Scoring:  66%|######6   | 158/239 [00:25<00:13,  5.89batch/s]
Scoring:  67%|######6   | 159/239 [00:25<00:14,  5.59batch/s]
Scoring:  67%|######6   | 160/239 [00:25<00:13,  5.74batch/s]
Scoring:  67%|######7   | 161/239 [00:25<00:13,  5.78batch/s]
Scoring:  68%|######7   | 162/239 [00:26<00:12,  6.23batch/s]
Scoring:  68%|######8   | 163/239 [00:26<00:12,  6.11batch/s]
Scoring:  69%|######8   | 164/239 [00:26<00:12,  6.06batch/s]
Scoring:  69%|######9   | 165/239 [00:26<00:11,  6.38batch/s]
Scoring:  69%|######9   | 166/239 [00:26<00:11,  6.22batch/s]
Scoring:  70%|######9   | 167/239 [00:26<00:11,  6.48batch/s]
Scoring:  70%|#######   | 168/239 [00:26<00:11,  6.23batch/s]
Scoring:  71%|#######   | 169/239 [00:27<00:10,  6.53batch/s]
Scoring:  71%|#######1  | 170/239 [00:27<00:10,  6.34batch/s]
Scoring:  72%|#######1  | 171/239 [00:27<00:11,  6.09batch/s]
Scoring:  72%|#######1  | 172/239 [00:27<00:10,  6.43batch/s]
Scoring:  72%|#######2  | 173/239 [00:27<00:10,  6.25batch/s]
Scoring:  73%|#######2  | 174/239 [00:27<00:10,  6.20batch/s]
Scoring:  73%|#######3  | 175/239 [00:28<00:09,  6.55batch/s]
Scoring:  74%|#######3  | 176/239 [00:28<00:09,  6.32batch/s]
Scoring:  74%|#######4  | 177/239 [00:28<00:09,  6.59batch/s]
Scoring:  74%|#######4  | 178/239 [00:28<00:09,  6.31batch/s]
Scoring:  75%|#######4  | 179/239 [00:28<00:09,  6.49batch/s]
Scoring:  75%|#######5  | 180/239 [00:28<00:09,  6.24batch/s]
Scoring:  76%|#######5  | 181/239 [00:29<00:09,  6.44batch/s]
Scoring:  76%|#######6  | 182/239 [00:29<00:09,  6.22batch/s]
Scoring:  77%|#######6  | 183/239 [00:29<00:09,  6.02batch/s]
Scoring:  77%|#######6  | 184/239 [00:29<00:08,  6.13batch/s]
Scoring:  77%|#######7  | 185/239 [00:29<00:08,  6.03batch/s]
Scoring:  78%|#######7  | 186/239 [00:29<00:09,  5.86batch/s]
Scoring:  78%|#######8  | 187/239 [00:30<00:08,  6.18batch/s]
Scoring:  79%|#######8  | 188/239 [00:30<00:08,  5.77batch/s]
Scoring:  79%|#######9  | 189/239 [00:30<00:08,  5.69batch/s]
Scoring:  79%|#######9  | 190/239 [00:30<00:08,  6.02batch/s]
Scoring:  80%|#######9  | 191/239 [00:30<00:08,  5.85batch/s]
Scoring:  80%|########  | 192/239 [00:30<00:08,  5.79batch/s]
Scoring:  81%|########  | 193/239 [00:31<00:07,  6.12batch/s]
Scoring:  81%|########1 | 194/239 [00:31<00:07,  6.08batch/s]
Scoring:  82%|########1 | 195/239 [00:31<00:06,  6.41batch/s]
Scoring:  82%|########2 | 196/239 [00:31<00:07,  6.12batch/s]
Scoring:  82%|########2 | 197/239 [00:31<00:07,  5.97batch/s]
Scoring:  83%|########2 | 198/239 [00:31<00:06,  6.22batch/s]
Scoring:  83%|########3 | 199/239 [00:32<00:06,  5.97batch/s]
Scoring:  84%|########3 | 200/239 [00:32<00:06,  6.07batch/s]
Scoring:  84%|########4 | 201/239 [00:32<00:06,  5.99batch/s]
Scoring:  85%|########4 | 202/239 [00:32<00:06,  5.90batch/s]
Scoring:  85%|########4 | 203/239 [00:32<00:05,  6.26batch/s]
Scoring:  85%|########5 | 204/239 [00:32<00:05,  6.10batch/s]
Scoring:  86%|########5 | 205/239 [00:33<00:05,  5.99batch/s]
Scoring:  86%|########6 | 206/239 [00:33<00:05,  6.22batch/s]
Scoring:  87%|########6 | 207/239 [00:33<00:05,  5.91batch/s]
Scoring:  87%|########7 | 208/239 [00:33<00:05,  6.02batch/s]
Scoring:  87%|########7 | 209/239 [00:33<00:05,  5.94batch/s]
Scoring:  88%|########7 | 210/239 [00:33<00:04,  5.89batch/s]
Scoring:  88%|########8 | 211/239 [00:34<00:04,  6.19batch/s]
Scoring:  89%|########8 | 212/239 [00:34<00:04,  5.98batch/s]
Scoring:  89%|########9 | 213/239 [00:34<00:04,  5.89batch/s]
Scoring:  90%|########9 | 214/239 [00:34<00:04,  6.16batch/s]
Scoring:  90%|########9 | 215/239 [00:34<00:04,  5.92batch/s]
Scoring:  90%|######### | 216/239 [00:34<00:03,  5.86batch/s]
Scoring:  91%|######### | 217/239 [00:35<00:03,  6.12batch/s]
Scoring:  91%|#########1| 218/239 [00:35<00:03,  6.00batch/s]
Scoring:  92%|#########1| 219/239 [00:35<00:03,  6.27batch/s]
Scoring:  92%|#########2| 220/239 [00:35<00:03,  6.09batch/s]
Scoring:  92%|#########2| 221/239 [00:35<00:03,  5.98batch/s]
Scoring:  93%|#########2| 222/239 [00:35<00:02,  6.20batch/s]
Scoring:  93%|#########3| 223/239 [00:36<00:02,  5.92batch/s]
Scoring:  94%|#########3| 224/239 [00:36<00:02,  6.03batch/s]
Scoring:  94%|#########4| 225/239 [00:36<00:02,  5.92batch/s]
Scoring:  95%|#########4| 226/239 [00:36<00:02,  5.81batch/s]
Scoring:  95%|#########4| 227/239 [00:36<00:01,  6.17batch/s]
Scoring:  95%|#########5| 228/239 [00:36<00:01,  6.06batch/s]
Scoring:  96%|#########5| 229/239 [00:37<00:01,  5.88batch/s]
Scoring:  96%|#########6| 230/239 [00:37<00:01,  6.11batch/s]
Scoring:  97%|#########6| 231/239 [00:37<00:01,  5.93batch/s]
Scoring:  97%|#########7| 232/239 [00:37<00:01,  5.61batch/s]
Scoring:  97%|#########7| 233/239 [00:37<00:01,  5.46batch/s]
Scoring:  98%|#########7| 234/239 [00:37<00:00,  5.77batch/s]
Scoring:  98%|#########8| 235/239 [00:38<00:00,  5.66batch/s]
Scoring:  99%|#########8| 236/239 [00:38<00:00,  5.87batch/s]
Scoring:  99%|#########9| 237/239 [00:38<00:00,  5.80batch/s]
Scoring: 100%|#########9| 238/239 [00:38<00:00,  5.80batch/s]
Scoring: 100%|##########| 239/239 [00:38<00:00,  6.19batch/s]

Loss comparison (rows = metric/statistic, columns = channels + overall):
metric  statistic   ch0_eigenfrequency   ch1_disp_x_real   ch2_disp_x_imag   ch3_disp_y_real   ch4_disp_y_imag    overall_sample
MAE     average        5.262509e-04      1.463532e-03      1.400957e-03      2.083571e-03      1.899493e-03      1.474761e-03
MAE     best           1.543760e-05      5.026133e-05      4.796614e-05      3.927614e-05      1.793954e-05      9.268327e-05
MAE     p25            3.324151e-04      3.361737e-04      3.168168e-04      3.632732e-04      3.096115e-04      3.767731e-04
MAE     median         4.633665e-04      6.346517e-04      6.109957e-04      6.608574e-04      6.208894e-04      6.276423e-04
MAE     p75            6.260276e-04      1.283483e-03      1.243334e-03      1.386756e-03      1.342824e-03      1.227149e-03
MAE     worst          1.515414e-01      5.176441e-02      5.096729e-02      6.260511e-02      5.379695e-02      3.995516e-02
MSE     average        2.138615e-06      2.929569e-05      2.836172e-05      5.576764e-05      4.743138e-05      3.259901e-05
MSE     best           7.466952e-10      3.740706e-09      5.167382e-09      3.599670e-09      6.017019e-10      1.626970e-08
MSE     p25            1.213448e-07      4.200408e-07      3.611364e-07      4.374930e-07      3.607150e-07      4.511093e-07
MSE     median         2.260795e-07      1.388189e-06      1.197351e-06      1.417947e-06      1.227983e-06      1.360855e-06
MSE     p75            4.072426e-07      6.379979e-06      5.327007e-06      7.622607e-06      6.543564e-06      7.611791e-06
MSE     worst          2.296511e-02      3.539659e-03      4.056166e-03      3.921884e-03      3.751607e-03      4.631935e-03

Wrote: D:\Research\NO-2D-Metamaterials\INFERENCE\NO_I3O5_BCF16_NMAE_HC128_LR2e-03_WD0e+00_L1P1e-08_SS1_G9e-01_ch0u_260711_E12\c_test\loss_comparison_c_test.csv
Scored 1950000 full-grid samples across 5 channels.
>> compare_c_test DONE 2026-08-03 16:59:52

>> per_sample_loss_mae_c_test START 2026-08-03 16:59:52
CPU threads: capped at 4 (torch.get_num_threads()=4)
Dataset   : d:\Research\NO-2D-Metamaterials\DATASETS\c_test\continuous_2026-03-05_20-07-34_pt
Eigen enc : uniform (eigenfrequency_uniform_full.pt)
Inference : d:\Research\NO-2D-Metamaterials\INFERENCE\NO_I3O5_BCF16_NMAE_HC128_LR2e-03_WD0e+00_L1P1e-08_SS1_G9e-01_ch0u_260711_E12\c_test\predictions_I3O5_NO_I3O5_BCF16_NMAE_HC128_LR2e-03_WD0e+00_L1P1e-08_SS1_G9e-01_ch0u_260711_E12.pt  shape=(1950000, 5, 32, 32) dtype=torch.float16
Losses    : mae
Supported : mae, mse, rms, nmae, nmse, nrms (aliases l1->mae, l2->mse, rmse->rms, nl1->nmae, nl2->nmse, nrmse->nrms)
Field     : 32x32   Device: cpu
Samples   : 1950000  (n_geom=1000, n_waveforms=325, n_bands=6)
Output dir: D:\Research\NO-2D-Metamaterials\PLOTS\NO_I3O5_BCF16_NMAE_HC128_LR2e-03_WD0e+00_L1P1e-08_SS1_G9e-01_ch0u_260711_E12\c_test\MAE_sample_case_plots
Truth mode: batched mmap/slice  (eigen mmap; displacements=loaded)

--- channel group: [0, 1, 2, 3, 4] ---
System.Management.Automation.RemoteException
Scoring:   0%|          | 0/239 [00:00<?, ?batch/s]
Scoring:   0%|          | 1/239 [00:00<00:29,  8.07batch/s]
Scoring:   1%|          | 2/239 [00:00<00:33,  7.16batch/s]
Scoring:   1%|1         | 3/239 [00:00<00:28,  8.18batch/s]
Scoring:   2%|1         | 4/239 [00:00<00:29,  7.97batch/s]
Scoring:   2%|2         | 5/239 [00:00<00:28,  8.28batch/s]
Scoring:   3%|2         | 7/239 [00:00<00:24,  9.28batch/s]
Scoring:   3%|3         | 8/239 [00:00<00:24,  9.36batch/s]
Scoring:   4%|4         | 10/239 [00:01<00:23,  9.64batch/s]
Scoring:   5%|4         | 11/239 [00:01<00:23,  9.59batch/s]
Scoring:   5%|5         | 13/239 [00:01<00:22, 10.13batch/s]
Scoring:   6%|5         | 14/239 [00:01<00:22,  9.95batch/s]
Scoring:   6%|6         | 15/239 [00:01<00:23,  9.67batch/s]
Scoring:   7%|7         | 17/239 [00:01<00:21, 10.12batch/s]
Scoring:   8%|7         | 18/239 [00:01<00:21, 10.06batch/s]
Scoring:   8%|8         | 20/239 [00:02<00:21, 10.38batch/s]
Scoring:   9%|9         | 22/239 [00:02<00:21, 10.28batch/s]
Scoring:  10%|#         | 24/239 [00:02<00:21,  9.84batch/s]
Scoring:  11%|#         | 26/239 [00:02<00:21, 10.10batch/s]
Scoring:  12%|#1        | 28/239 [00:02<00:20, 10.17batch/s]
Scoring:  13%|#2        | 30/239 [00:03<00:21,  9.69batch/s]
Scoring:  13%|#2        | 31/239 [00:03<00:21,  9.73batch/s]
Scoring:  13%|#3        | 32/239 [00:03<00:21,  9.46batch/s]
Scoring:  14%|#3        | 33/239 [00:03<00:22,  9.30batch/s]
Scoring:  14%|#4        | 34/239 [00:03<00:21,  9.43batch/s]
Scoring:  15%|#4        | 35/239 [00:03<00:22,  9.22batch/s]
Scoring:  15%|#5        | 36/239 [00:03<00:22,  9.08batch/s]
Scoring:  16%|#5        | 38/239 [00:03<00:22,  9.12batch/s]
Scoring:  16%|#6        | 39/239 [00:04<00:23,  8.52batch/s]
Scoring:  17%|#6        | 40/239 [00:04<00:24,  8.22batch/s]
Scoring:  17%|#7        | 41/239 [00:04<00:23,  8.33batch/s]
Scoring:  18%|#7        | 43/239 [00:04<00:22,  8.66batch/s]
Scoring:  18%|#8        | 44/239 [00:04<00:22,  8.69batch/s]
Scoring:  19%|#9        | 46/239 [00:04<00:21,  9.03batch/s]
Scoring:  20%|#9        | 47/239 [00:05<00:21,  8.86batch/s]
Scoring:  21%|##        | 49/239 [00:05<00:20,  9.06batch/s]
Scoring:  21%|##        | 50/239 [00:05<00:21,  8.93batch/s]
Scoring:  21%|##1       | 51/239 [00:05<00:20,  9.14batch/s]
Scoring:  22%|##1       | 52/239 [00:05<00:21,  8.74batch/s]
Scoring:  22%|##2       | 53/239 [00:05<00:20,  8.88batch/s]
Scoring:  23%|##3       | 55/239 [00:05<00:19,  9.35batch/s]
Scoring:  23%|##3       | 56/239 [00:06<00:19,  9.44batch/s]
Scoring:  24%|##3       | 57/239 [00:06<00:19,  9.29batch/s]
Scoring:  24%|##4       | 58/239 [00:06<00:19,  9.11batch/s]
Scoring:  25%|##5       | 60/239 [00:06<00:18,  9.61batch/s]
Scoring:  26%|##5       | 61/239 [00:06<00:18,  9.52batch/s]
Scoring:  26%|##6       | 63/239 [00:06<00:18,  9.34batch/s]
Scoring:  27%|##6       | 64/239 [00:06<00:18,  9.45batch/s]
Scoring:  28%|##7       | 66/239 [00:07<00:18,  9.37batch/s]
Scoring:  28%|##8       | 67/239 [00:07<00:18,  9.47batch/s]
Scoring:  29%|##8       | 69/239 [00:07<00:17,  9.47batch/s]
Scoring:  30%|##9       | 71/239 [00:07<00:17,  9.80batch/s]
Scoring:  30%|###       | 72/239 [00:07<00:17,  9.72batch/s]
Scoring:  31%|###       | 73/239 [00:07<00:17,  9.54batch/s]
Scoring:  31%|###1      | 75/239 [00:07<00:16, 10.02batch/s]
Scoring:  32%|###2      | 77/239 [00:08<00:15, 10.16batch/s]
Scoring:  33%|###3      | 79/239 [00:08<00:16,  9.92batch/s]
Scoring:  34%|###3      | 81/239 [00:08<00:15, 10.11batch/s]
Scoring:  35%|###4      | 83/239 [00:08<00:15, 10.29batch/s]
Scoring:  36%|###5      | 85/239 [00:08<00:14, 10.38batch/s]
Scoring:  36%|###6      | 87/239 [00:09<00:14, 10.24batch/s]
Scoring:  37%|###7      | 89/239 [00:09<00:14, 10.13batch/s]
Scoring:  38%|###8      | 91/239 [00:09<00:14, 10.19batch/s]
Scoring:  39%|###8      | 93/239 [00:09<00:13, 10.47batch/s]
Scoring:  40%|###9      | 95/239 [00:09<00:13, 10.59batch/s]
Scoring:  41%|####      | 97/239 [00:10<00:13, 10.44batch/s]
Scoring:  41%|####1     | 99/239 [00:10<00:13, 10.33batch/s]
Scoring:  42%|####2     | 101/239 [00:10<00:13, 10.29batch/s]
Scoring:  43%|####3     | 103/239 [00:10<00:13, 10.30batch/s]
Scoring:  44%|####3     | 105/239 [00:10<00:12, 10.37batch/s]
Scoring:  45%|####4     | 107/239 [00:11<00:12, 10.36batch/s]
Scoring:  46%|####5     | 109/239 [00:11<00:12, 10.41batch/s]
Scoring:  46%|####6     | 111/239 [00:11<00:12, 10.58batch/s]
Scoring:  47%|####7     | 113/239 [00:11<00:12, 10.40batch/s]
Scoring:  48%|####8     | 115/239 [00:11<00:12, 10.03batch/s]
Scoring:  49%|####8     | 117/239 [00:12<00:11, 10.28batch/s]
Scoring:  50%|####9     | 119/239 [00:12<00:11, 10.19batch/s]
Scoring:  51%|#####     | 121/239 [00:12<00:11,  9.88batch/s]
Scoring:  51%|#####1    | 123/239 [00:12<00:11, 10.13batch/s]
Scoring:  52%|#####2    | 125/239 [00:12<00:11, 10.26batch/s]
Scoring:  53%|#####3    | 127/239 [00:13<00:10, 10.34batch/s]
Scoring:  54%|#####3    | 129/239 [00:13<00:10, 10.11batch/s]
Scoring:  55%|#####4    | 131/239 [00:13<00:10,  9.97batch/s]
Scoring:  56%|#####5    | 133/239 [00:13<00:10, 10.13batch/s]
Scoring:  56%|#####6    | 135/239 [00:13<00:10, 10.31batch/s]
Scoring:  57%|#####7    | 137/239 [00:14<00:09, 10.35batch/s]
Scoring:  58%|#####8    | 139/239 [00:14<00:09, 10.38batch/s]
Scoring:  59%|#####8    | 141/239 [00:14<00:09, 10.52batch/s]
Scoring:  60%|#####9    | 143/239 [00:14<00:09, 10.42batch/s]
Scoring:  61%|######    | 145/239 [00:14<00:09,  9.95batch/s]
Scoring:  62%|######1   | 147/239 [00:15<00:09, 10.20batch/s]
Scoring:  62%|######2   | 149/239 [00:15<00:08, 10.31batch/s]
Scoring:  63%|######3   | 151/239 [00:15<00:08, 10.26batch/s]
Scoring:  64%|######4   | 153/239 [00:15<00:08, 10.17batch/s]
Scoring:  65%|######4   | 155/239 [00:15<00:08, 10.04batch/s]
Scoring:  66%|######5   | 157/239 [00:15<00:08, 10.15batch/s]
Scoring:  67%|######6   | 159/239 [00:16<00:07, 10.12batch/s]
Scoring:  67%|######7   | 161/239 [00:16<00:07, 10.13batch/s]
Scoring:  68%|######8   | 163/239 [00:16<00:07, 10.07batch/s]
Scoring:  69%|######9   | 165/239 [00:16<00:07, 10.00batch/s]
Scoring:  70%|######9   | 167/239 [00:16<00:07,  9.91batch/s]
Scoring:  71%|#######   | 169/239 [00:17<00:06, 10.04batch/s]
Scoring:  72%|#######1  | 171/239 [00:17<00:06, 10.31batch/s]
Scoring:  72%|#######2  | 173/239 [00:17<00:06, 10.31batch/s]
Scoring:  73%|#######3  | 175/239 [00:17<00:06,  9.97batch/s]
Scoring:  74%|#######4  | 177/239 [00:17<00:06, 10.21batch/s]
Scoring:  75%|#######4  | 179/239 [00:18<00:05, 10.29batch/s]
Scoring:  76%|#######5  | 181/239 [00:18<00:05, 10.34batch/s]
Scoring:  77%|#######6  | 183/239 [00:18<00:05, 10.17batch/s]
Scoring:  77%|#######7  | 185/239 [00:18<00:05, 10.20batch/s]
Scoring:  78%|#######8  | 187/239 [00:18<00:05, 10.23batch/s]
Scoring:  79%|#######9  | 189/239 [00:19<00:04, 10.34batch/s]
Scoring:  80%|#######9  | 191/239 [00:19<00:04, 10.21batch/s]
Scoring:  81%|########  | 193/239 [00:19<00:04,  9.82batch/s]
Scoring:  82%|########1 | 195/239 [00:19<00:04, 10.11batch/s]
Scoring:  82%|########2 | 197/239 [00:19<00:04, 10.21batch/s]
Scoring:  83%|########3 | 199/239 [00:20<00:03, 10.23batch/s]
Scoring:  84%|########4 | 201/239 [00:20<00:03, 10.15batch/s]
Scoring:  85%|########4 | 203/239 [00:20<00:03,  9.89batch/s]
Scoring:  85%|########5 | 204/239 [00:20<00:03,  9.71batch/s]
Scoring:  86%|########5 | 205/239 [00:20<00:03,  9.53batch/s]
Scoring:  87%|########6 | 207/239 [00:20<00:03, 10.05batch/s]
Scoring:  87%|########7 | 209/239 [00:21<00:02, 10.20batch/s]
Scoring:  88%|########8 | 211/239 [00:21<00:02, 10.34batch/s]
Scoring:  89%|########9 | 213/239 [00:21<00:02, 10.63batch/s]
Scoring:  90%|########9 | 215/239 [00:21<00:02, 10.60batch/s]
Scoring:  91%|######### | 217/239 [00:21<00:02, 10.59batch/s]
Scoring:  92%|#########1| 219/239 [00:22<00:01, 10.84batch/s]
Scoring:  92%|#########2| 221/239 [00:22<00:01, 10.74batch/s]
Scoring:  93%|#########3| 223/239 [00:22<00:01, 10.75batch/s]
Scoring:  94%|#########4| 225/239 [00:22<00:01, 10.86batch/s]
Scoring:  95%|#########4| 227/239 [00:22<00:01, 10.83batch/s]
Scoring:  96%|#########5| 229/239 [00:22<00:00, 10.76batch/s]
Scoring:  97%|#########6| 231/239 [00:23<00:00, 10.69batch/s]
Scoring:  97%|#########7| 233/239 [00:23<00:00, 10.62batch/s]
Scoring:  98%|#########8| 235/239 [00:23<00:00, 10.38batch/s]
Scoring:  99%|#########9| 237/239 [00:23<00:00, 10.41batch/s]
Scoring: 100%|##########| 239/239 [00:23<00:00, 12.04batch/s]
Scoring: 100%|##########| 239/239 [00:23<00:00, 10.02batch/s]

=== loss = MAE (channels 0,1,2,3,4; mean over channels of mean(|p-t|) over 32x32) ===
saved array : D:\Research\NO-2D-Metamaterials\PLOTS\NO_I3O5_BCF16_NMAE_HC128_LR2e-03_WD0e+00_L1P1e-08_SS1_G9e-01_ch0u_260711_E12\c_test\MAE_sample_case_plots\per_sample_loss_mae_c_test.npy  shape=(1950000, 5)  (cols: combined_idx, geom_idx, wave_idx, band_idx, mae)
mean=1.474761e-03
scenario          combined    geom    wave  band            loss
p0                 1452823     745      12     1    3.995516e-02
p01                 575262     295       2     0    1.135141e-02
p10                1535183     787      88     5    3.430156e-03
p20                 696208     357       9     4    1.541866e-03
p25                 730748     374     241     2    1.227149e-03
p30                1618654     830      25     4    1.029049e-03
p40                 867476     444     279     2    7.865213e-04
p50                 177216      90     286     0    6.276426e-04
p60                1401475     718     229     1    5.099907e-04
p70                1728109     886      68     1    4.173234e-04
p75                1547892     793     257     0    3.767732e-04
p80                1249153     640     192     1    3.405716e-04
p90                1644763     843     152     1    2.809579e-04
p99                 750234     384     239     0    2.053051e-04
p100                236328     121      63     0    9.268327e-05
>> per_sample_loss_mae_c_test DONE 2026-08-03 17:00:28

>> per_sample_loss_mse_c_test START 2026-08-03 17:00:28
CPU threads: capped at 4 (torch.get_num_threads()=4)
Dataset   : d:\Research\NO-2D-Metamaterials\DATASETS\c_test\continuous_2026-03-05_20-07-34_pt
Eigen enc : uniform (eigenfrequency_uniform_full.pt)
Inference : d:\Research\NO-2D-Metamaterials\INFERENCE\NO_I3O5_BCF16_NMAE_HC128_LR2e-03_WD0e+00_L1P1e-08_SS1_G9e-01_ch0u_260711_E12\c_test\predictions_I3O5_NO_I3O5_BCF16_NMAE_HC128_LR2e-03_WD0e+00_L1P1e-08_SS1_G9e-01_ch0u_260711_E12.pt  shape=(1950000, 5, 32, 32) dtype=torch.float16
Losses    : mse
Supported : mae, mse, rms, nmae, nmse, nrms (aliases l1->mae, l2->mse, rmse->rms, nl1->nmae, nl2->nmse, nrmse->nrms)
Field     : 32x32   Device: cpu
Samples   : 1950000  (n_geom=1000, n_waveforms=325, n_bands=6)
Output dir: D:\Research\NO-2D-Metamaterials\PLOTS\NO_I3O5_BCF16_NMAE_HC128_LR2e-03_WD0e+00_L1P1e-08_SS1_G9e-01_ch0u_260711_E12\c_test\MSE_sample_case_plots
Truth mode: batched mmap/slice  (eigen mmap; displacements=loaded)

--- channel group: [0, 1, 2, 3, 4] ---
System.Management.Automation.RemoteException
Scoring:   0%|          | 0/239 [00:00<?, ?batch/s]
Scoring:   0%|          | 1/239 [00:00<00:35,  6.75batch/s]
Scoring:   1%|          | 2/239 [00:00<00:33,  7.02batch/s]
Scoring:   1%|1         | 3/239 [00:00<00:34,  6.92batch/s]
Scoring:   2%|1         | 4/239 [00:00<00:30,  7.81batch/s]
Scoring:   3%|2         | 6/239 [00:00<00:25,  9.03batch/s]
Scoring:   3%|2         | 7/239 [00:00<00:25,  9.21batch/s]
Scoring:   4%|3         | 9/239 [00:01<00:23,  9.93batch/s]
Scoring:   4%|4         | 10/239 [00:01<00:23,  9.84batch/s]
Scoring:   5%|5         | 12/239 [00:01<00:23,  9.73batch/s]
Scoring:   5%|5         | 13/239 [00:01<00:23,  9.61batch/s]
Scoring:   6%|6         | 15/239 [00:01<00:22, 10.10batch/s]
Scoring:   7%|7         | 17/239 [00:01<00:21, 10.10batch/s]
Scoring:   8%|7         | 19/239 [00:02<00:22,  9.69batch/s]
Scoring:   9%|8         | 21/239 [00:02<00:21, 10.05batch/s]
Scoring:  10%|9         | 23/239 [00:02<00:21, 10.08batch/s]
Scoring:  10%|#         | 25/239 [00:02<00:21, 10.18batch/s]
Scoring:  11%|#1        | 27/239 [00:02<00:20, 10.35batch/s]
Scoring:  12%|#2        | 29/239 [00:02<00:20, 10.32batch/s]
Scoring:  13%|#2        | 31/239 [00:03<00:20,  9.99batch/s]
Scoring:  14%|#3        | 33/239 [00:03<00:21,  9.65batch/s]
Scoring:  14%|#4        | 34/239 [00:03<00:21,  9.33batch/s]
Scoring:  15%|#4        | 35/239 [00:03<00:21,  9.45batch/s]
Scoring:  15%|#5        | 36/239 [00:03<00:21,  9.33batch/s]
Scoring:  15%|#5        | 37/239 [00:03<00:21,  9.35batch/s]
Scoring:  16%|#5        | 38/239 [00:03<00:22,  8.99batch/s]
Scoring:  17%|#6        | 40/239 [00:04<00:20,  9.60batch/s]
Scoring:  17%|#7        | 41/239 [00:04<00:20,  9.44batch/s]
Scoring:  18%|#7        | 42/239 [00:04<00:20,  9.41batch/s]
Scoring:  18%|#8        | 44/239 [00:04<00:19,  9.92batch/s]
Scoring:  19%|#8        | 45/239 [00:04<00:19,  9.79batch/s]
Scoring:  20%|#9        | 47/239 [00:04<00:19,  9.80batch/s]
Scoring:  20%|##        | 48/239 [00:05<00:19,  9.72batch/s]
Scoring:  21%|##        | 50/239 [00:05<00:18, 10.10batch/s]
Scoring:  21%|##1       | 51/239 [00:05<00:18,  9.98batch/s]
Scoring:  22%|##2       | 53/239 [00:05<00:18,  9.91batch/s]
Scoring:  23%|##2       | 54/239 [00:05<00:19,  9.55batch/s]
Scoring:  23%|##3       | 55/239 [00:05<00:19,  9.55batch/s]
Scoring:  23%|##3       | 56/239 [00:05<00:19,  9.28batch/s]
Scoring:  24%|##3       | 57/239 [00:05<00:20,  9.04batch/s]
Scoring:  25%|##4       | 59/239 [00:06<00:18,  9.62batch/s]
Scoring:  26%|##5       | 61/239 [00:06<00:17, 10.14batch/s]
Scoring:  26%|##6       | 63/239 [00:06<00:17, 10.34batch/s]
Scoring:  27%|##7       | 65/239 [00:06<00:16, 10.47batch/s]
Scoring:  28%|##8       | 67/239 [00:06<00:15, 10.82batch/s]
Scoring:  29%|##8       | 69/239 [00:07<00:15, 10.96batch/s]
Scoring:  30%|##9       | 71/239 [00:07<00:15, 10.91batch/s]
Scoring:  31%|###       | 73/239 [00:07<00:15, 10.77batch/s]
Scoring:  31%|###1      | 75/239 [00:07<00:14, 11.08batch/s]
Scoring:  32%|###2      | 77/239 [00:07<00:14, 11.20batch/s]
Scoring:  33%|###3      | 79/239 [00:07<00:14, 10.99batch/s]
Scoring:  34%|###3      | 81/239 [00:08<00:14, 10.84batch/s]
Scoring:  35%|###4      | 83/239 [00:08<00:15, 10.15batch/s]
Scoring:  36%|###5      | 85/239 [00:08<00:15, 10.13batch/s]
Scoring:  36%|###6      | 87/239 [00:08<00:14, 10.41batch/s]
Scoring:  37%|###7      | 89/239 [00:08<00:14, 10.64batch/s]
Scoring:  38%|###8      | 91/239 [00:09<00:13, 10.82batch/s]
Scoring:  39%|###8      | 93/239 [00:09<00:13, 10.49batch/s]
Scoring:  40%|###9      | 95/239 [00:09<00:13, 10.81batch/s]
Scoring:  41%|####      | 97/239 [00:09<00:12, 10.93batch/s]
Scoring:  41%|####1     | 99/239 [00:09<00:12, 11.15batch/s]
Scoring:  42%|####2     | 101/239 [00:10<00:12, 10.67batch/s]
Scoring:  43%|####3     | 103/239 [00:10<00:12, 10.97batch/s]
Scoring:  44%|####3     | 105/239 [00:10<00:12, 10.66batch/s]
Scoring:  45%|####4     | 107/239 [00:10<00:12, 10.65batch/s]
Scoring:  46%|####5     | 109/239 [00:10<00:12, 10.59batch/s]
Scoring:  46%|####6     | 111/239 [00:10<00:12, 10.33batch/s]
Scoring:  47%|####7     | 113/239 [00:11<00:12, 10.29batch/s]
Scoring:  48%|####8     | 115/239 [00:11<00:12,  9.59batch/s]
Scoring:  49%|####8     | 116/239 [00:11<00:13,  9.39batch/s]
Scoring:  49%|####9     | 118/239 [00:11<00:11, 10.15batch/s]
Scoring:  50%|#####     | 120/239 [00:11<00:11, 10.41batch/s]
Scoring:  51%|#####1    | 122/239 [00:12<00:11, 10.56batch/s]
Scoring:  52%|#####1    | 124/239 [00:12<00:10, 10.73batch/s]
Scoring:  53%|#####2    | 126/239 [00:12<00:10, 10.95batch/s]
Scoring:  54%|#####3    | 128/239 [00:12<00:10, 11.04batch/s]
Scoring:  54%|#####4    | 130/239 [00:12<00:10, 10.90batch/s]
Scoring:  55%|#####5    | 132/239 [00:12<00:09, 10.92batch/s]
Scoring:  56%|#####6    | 134/239 [00:13<00:09, 11.16batch/s]
Scoring:  57%|#####6    | 136/239 [00:13<00:09, 11.09batch/s]
Scoring:  58%|#####7    | 138/239 [00:13<00:09, 11.07batch/s]
Scoring:  59%|#####8    | 140/239 [00:13<00:09, 10.97batch/s]
Scoring:  59%|#####9    | 142/239 [00:13<00:08, 11.25batch/s]
Scoring:  60%|######    | 144/239 [00:14<00:08, 11.26batch/s]
Scoring:  61%|######1   | 146/239 [00:14<00:08, 11.16batch/s]
Scoring:  62%|######1   | 148/239 [00:14<00:08, 11.04batch/s]
Scoring:  63%|######2   | 150/239 [00:14<00:07, 11.17batch/s]
Scoring:  64%|######3   | 152/239 [00:14<00:07, 11.10batch/s]
Scoring:  64%|######4   | 154/239 [00:14<00:07, 10.90batch/s]
Scoring:  65%|######5   | 156/239 [00:15<00:07, 10.94batch/s]
Scoring:  66%|######6   | 158/239 [00:15<00:07, 10.81batch/s]
Scoring:  67%|######6   | 160/239 [00:15<00:07, 10.89batch/s]
Scoring:  68%|######7   | 162/239 [00:15<00:06, 11.12batch/s]
Scoring:  69%|######8   | 164/239 [00:15<00:07, 10.60batch/s]
Scoring:  69%|######9   | 166/239 [00:16<00:06, 10.78batch/s]
Scoring:  70%|#######   | 168/239 [00:16<00:06, 10.50batch/s]
Scoring:  71%|#######1  | 170/239 [00:16<00:06, 10.73batch/s]
Scoring:  72%|#######1  | 172/239 [00:16<00:06, 10.30batch/s]
Scoring:  73%|#######2  | 174/239 [00:16<00:06, 10.51batch/s]
Scoring:  74%|#######3  | 176/239 [00:17<00:06, 10.27batch/s]
Scoring:  74%|#######4  | 178/239 [00:17<00:05, 10.52batch/s]
Scoring:  75%|#######5  | 180/239 [00:17<00:05, 10.10batch/s]
Scoring:  76%|#######6  | 182/239 [00:17<00:05, 10.45batch/s]
Scoring:  77%|#######6  | 184/239 [00:17<00:05, 10.22batch/s]
Scoring:  78%|#######7  | 186/239 [00:18<00:05, 10.48batch/s]
Scoring:  79%|#######8  | 188/239 [00:18<00:05, 10.04batch/s]
Scoring:  79%|#######9  | 190/239 [00:18<00:04, 10.26batch/s]
Scoring:  80%|########  | 192/239 [00:18<00:04, 10.33batch/s]
Scoring:  81%|########1 | 194/239 [00:18<00:04, 10.42batch/s]
Scoring:  82%|########2 | 196/239 [00:18<00:04, 10.62batch/s]
Scoring:  83%|########2 | 198/239 [00:19<00:03, 10.69batch/s]
Scoring:  84%|########3 | 200/239 [00:19<00:03, 10.74batch/s]
Scoring:  85%|########4 | 202/239 [00:19<00:03, 10.72batch/s]
Scoring:  85%|########5 | 204/239 [00:19<00:03, 10.68batch/s]
Scoring:  86%|########6 | 206/239 [00:19<00:03, 10.66batch/s]
Scoring:  87%|########7 | 208/239 [00:20<00:02, 10.81batch/s]
Scoring:  88%|########7 | 210/239 [00:20<00:02, 10.74batch/s]
Scoring:  89%|########8 | 212/239 [00:20<00:02, 10.76batch/s]
Scoring:  90%|########9 | 214/239 [00:20<00:02, 10.86batch/s]
Scoring:  90%|######### | 216/239 [00:20<00:02, 10.31batch/s]
Scoring:  91%|#########1| 218/239 [00:21<00:02, 10.48batch/s]
Scoring:  92%|#########2| 220/239 [00:21<00:01, 10.54batch/s]
Scoring:  93%|#########2| 222/239 [00:21<00:01, 10.60batch/s]
Scoring:  94%|#########3| 224/239 [00:21<00:01, 10.75batch/s]
Scoring:  95%|#########4| 226/239 [00:21<00:01, 10.54batch/s]
Scoring:  95%|#########5| 228/239 [00:22<00:01,  8.71batch/s]
Scoring:  96%|#########5| 229/239 [00:22<00:01,  8.46batch/s]
Scoring:  96%|#########6| 230/239 [00:22<00:01,  8.40batch/s]
Scoring:  97%|#########7| 232/239 [00:22<00:00,  8.58batch/s]
Scoring:  97%|#########7| 233/239 [00:22<00:00,  8.68batch/s]
Scoring:  98%|#########7| 234/239 [00:22<00:00,  8.92batch/s]
Scoring:  98%|#########8| 235/239 [00:22<00:00,  8.42batch/s]
Scoring:  99%|#########8| 236/239 [00:23<00:00,  8.71batch/s]
Scoring:  99%|#########9| 237/239 [00:23<00:00,  8.97batch/s]
Scoring: 100%|#########9| 238/239 [00:23<00:00,  9.20batch/s]
Scoring: 100%|##########| 239/239 [00:23<00:00, 10.28batch/s]

=== loss = MSE (channels 0,1,2,3,4; mean over channels of mean((p-t)^2) over 32x32) ===
saved array : D:\Research\NO-2D-Metamaterials\PLOTS\NO_I3O5_BCF16_NMAE_HC128_LR2e-03_WD0e+00_L1P1e-08_SS1_G9e-01_ch0u_260711_E12\c_test\MSE_sample_case_plots\per_sample_loss_mse_c_test.npy  shape=(1950000, 5)  (cols: combined_idx, geom_idx, wave_idx, band_idx, mse)
mean=3.259901e-05
scenario          combined    geom    wave  band            loss
p0                 1708272     876      12     0    4.631935e-03
p01                 818347     419     216     1    3.994477e-04
p10                 421733     216      88     5    1.411567e-04
p20                1537847     788     207     5    1.533585e-05
p25                1053215     540      35     5    7.611789e-06
p30                1803989     925      39     5    4.582419e-06
p40                1513768     776      94     4    2.283566e-06
p50                 329115     168     252     3    1.360857e-06
p60                 765840     392     240     0    8.558764e-07
p70                1943701     996     250     1    5.599303e-07
p75                1500927     769     229     3    4.511100e-07
p80                1434451     735     200     1    3.517844e-07
p90                 496561     254     210     1    1.728749e-07
p99                1937172     993     137     0    6.709689e-08
p100                 80178      41      38     0    1.626970e-08
>> per_sample_loss_mse_c_test DONE 2026-08-03 17:01:03

>> per_sample_loss_nmae_c_test START 2026-08-03 17:01:03
CPU threads: capped at 4 (torch.get_num_threads()=4)
Dataset   : d:\Research\NO-2D-Metamaterials\DATASETS\c_test\continuous_2026-03-05_20-07-34_pt
Eigen enc : uniform (eigenfrequency_uniform_full.pt)
Inference : d:\Research\NO-2D-Metamaterials\INFERENCE\NO_I3O5_BCF16_NMAE_HC128_LR2e-03_WD0e+00_L1P1e-08_SS1_G9e-01_ch0u_260711_E12\c_test\predictions_I3O5_NO_I3O5_BCF16_NMAE_HC128_LR2e-03_WD0e+00_L1P1e-08_SS1_G9e-01_ch0u_260711_E12.pt  shape=(1950000, 5, 32, 32) dtype=torch.float16
Losses    : nmae
Supported : mae, mse, rms, nmae, nmse, nrms (aliases l1->mae, l2->mse, rmse->rms, nl1->nmae, nl2->nmse, nrmse->nrms)
Field     : 32x32   Device: cpu
Samples   : 1950000  (n_geom=1000, n_waveforms=325, n_bands=6)
Output dir: D:\Research\NO-2D-Metamaterials\PLOTS\NO_I3O5_BCF16_NMAE_HC128_LR2e-03_WD0e+00_L1P1e-08_SS1_G9e-01_ch0u_260711_E12\c_test\NMAE_sample_case_plots
Truth mode: batched mmap/slice  (eigen mmap; displacements=loaded)

--- channel group: [0, 1, 2, 3, 4] ---
System.Management.Automation.RemoteException
Scoring:   0%|          | 0/239 [00:00<?, ?batch/s]
Scoring:   0%|          | 1/239 [00:00<00:54,  4.40batch/s]
Scoring:   1%|          | 2/239 [00:00<00:43,  5.43batch/s]
Scoring:   1%|1         | 3/239 [00:00<00:41,  5.71batch/s]
Scoring:   2%|1         | 4/239 [00:00<00:40,  5.86batch/s]
Scoring:   2%|2         | 5/239 [00:00<00:38,  6.12batch/s]
Scoring:   3%|2         | 6/239 [00:01<00:36,  6.35batch/s]
Scoring:   3%|2         | 7/239 [00:01<00:35,  6.57batch/s]
Scoring:   3%|3         | 8/239 [00:01<00:33,  7.00batch/s]
Scoring:   4%|3         | 9/239 [00:01<00:32,  7.07batch/s]
Scoring:   4%|4         | 10/239 [00:01<00:33,  6.86batch/s]
Scoring:   5%|4         | 11/239 [00:01<00:32,  7.08batch/s]
Scoring:   5%|5         | 12/239 [00:01<00:32,  7.09batch/s]
Scoring:   5%|5         | 13/239 [00:01<00:31,  7.14batch/s]
Scoring:   6%|5         | 14/239 [00:02<00:30,  7.43batch/s]
Scoring:   6%|6         | 15/239 [00:02<00:30,  7.35batch/s]
Scoring:   7%|6         | 16/239 [00:02<00:32,  6.91batch/s]
Scoring:   7%|7         | 17/239 [00:02<00:31,  7.00batch/s]
Scoring:   8%|7         | 18/239 [00:02<00:32,  6.80batch/s]
Scoring:   8%|7         | 19/239 [00:02<00:32,  6.68batch/s]
Scoring:   8%|8         | 20/239 [00:03<00:44,  4.87batch/s]
Scoring:   9%|8         | 21/239 [00:03<00:40,  5.34batch/s]
Scoring:   9%|9         | 22/239 [00:03<00:38,  5.70batch/s]
Scoring:  10%|9         | 23/239 [00:03<00:35,  6.17batch/s]
Scoring:  10%|#         | 24/239 [00:03<00:34,  6.16batch/s]
Scoring:  10%|#         | 25/239 [00:03<00:32,  6.49batch/s]
Scoring:  11%|#         | 26/239 [00:04<00:32,  6.53batch/s]
Scoring:  11%|#1        | 27/239 [00:04<00:30,  6.98batch/s]
Scoring:  12%|#1        | 28/239 [00:04<00:28,  7.37batch/s]
Scoring:  12%|#2        | 29/239 [00:04<00:28,  7.48batch/s]
Scoring:  13%|#2        | 30/239 [00:04<00:28,  7.35batch/s]
Scoring:  13%|#2        | 31/239 [00:04<00:28,  7.40batch/s]
Scoring:  13%|#3        | 32/239 [00:04<00:26,  7.67batch/s]
Scoring:  14%|#3        | 33/239 [00:04<00:26,  7.79batch/s]
Scoring:  14%|#4        | 34/239 [00:05<00:25,  7.99batch/s]
Scoring:  15%|#4        | 35/239 [00:05<00:25,  8.03batch/s]
Scoring:  15%|#5        | 36/239 [00:05<00:26,  7.73batch/s]
Scoring:  15%|#5        | 37/239 [00:05<00:25,  7.78batch/s]
Scoring:  16%|#5        | 38/239 [00:05<00:24,  8.07batch/s]
Scoring:  16%|#6        | 39/239 [00:05<00:25,  7.71batch/s]
Scoring:  17%|#6        | 40/239 [00:05<00:25,  7.86batch/s]
Scoring:  17%|#7        | 41/239 [00:05<00:24,  8.10batch/s]
Scoring:  18%|#7        | 42/239 [00:06<00:24,  8.08batch/s]
Scoring:  18%|#7        | 43/239 [00:06<00:25,  7.79batch/s]
Scoring:  18%|#8        | 44/239 [00:06<00:24,  7.81batch/s]
Scoring:  19%|#8        | 45/239 [00:06<00:23,  8.10batch/s]
Scoring:  19%|#9        | 46/239 [00:06<00:24,  7.81batch/s]
Scoring:  20%|#9        | 47/239 [00:06<00:24,  7.89batch/s]
Scoring:  20%|##        | 48/239 [00:06<00:24,  7.68batch/s]
Scoring:  21%|##        | 49/239 [00:06<00:24,  7.63batch/s]
Scoring:  21%|##        | 50/239 [00:07<00:23,  7.93batch/s]
Scoring:  21%|##1       | 51/239 [00:07<00:24,  7.58batch/s]
Scoring:  22%|##1       | 52/239 [00:07<00:24,  7.76batch/s]
Scoring:  22%|##2       | 53/239 [00:07<00:24,  7.45batch/s]
Scoring:  23%|##2       | 54/239 [00:07<00:24,  7.65batch/s]
Scoring:  23%|##3       | 55/239 [00:07<00:24,  7.48batch/s]
Scoring:  23%|##3       | 56/239 [00:07<00:24,  7.46batch/s]
Scoring:  24%|##3       | 57/239 [00:08<00:23,  7.78batch/s]
Scoring:  24%|##4       | 58/239 [00:08<00:23,  7.64batch/s]
Scoring:  25%|##4       | 59/239 [00:08<00:24,  7.47batch/s]
Scoring:  25%|##5       | 60/239 [00:08<00:24,  7.26batch/s]
Scoring:  26%|##5       | 61/239 [00:08<00:24,  7.21batch/s]
Scoring:  26%|##5       | 62/239 [00:08<00:24,  7.29batch/s]
Scoring:  26%|##6       | 63/239 [00:08<00:23,  7.55batch/s]
Scoring:  27%|##6       | 64/239 [00:08<00:23,  7.49batch/s]
Scoring:  27%|##7       | 65/239 [00:09<00:24,  7.06batch/s]
Scoring:  28%|##7       | 66/239 [00:09<00:24,  7.10batch/s]
Scoring:  28%|##8       | 67/239 [00:09<00:25,  6.82batch/s]
Scoring:  28%|##8       | 68/239 [00:09<00:24,  6.98batch/s]
Scoring:  29%|##8       | 69/239 [00:09<00:25,  6.61batch/s]
Scoring:  29%|##9       | 70/239 [00:09<00:24,  6.77batch/s]
Scoring:  30%|##9       | 71/239 [00:10<00:25,  6.58batch/s]
Scoring:  30%|###       | 72/239 [00:10<00:25,  6.65batch/s]
Scoring:  31%|###       | 73/239 [00:10<00:25,  6.40batch/s]
Scoring:  31%|###       | 74/239 [00:10<00:25,  6.40batch/s]
Scoring:  31%|###1      | 75/239 [00:10<00:25,  6.45batch/s]
Scoring:  32%|###1      | 76/239 [00:10<00:26,  6.25batch/s]
Scoring:  32%|###2      | 77/239 [00:10<00:25,  6.45batch/s]
Scoring:  33%|###2      | 78/239 [00:11<00:25,  6.40batch/s]
Scoring:  33%|###3      | 79/239 [00:11<00:25,  6.18batch/s]
Scoring:  33%|###3      | 80/239 [00:11<00:25,  6.29batch/s]
Scoring:  34%|###3      | 81/239 [00:11<00:24,  6.48batch/s]
Scoring:  34%|###4      | 82/239 [00:11<00:23,  6.62batch/s]
Scoring:  35%|###4      | 83/239 [00:11<00:22,  6.80batch/s]
Scoring:  35%|###5      | 84/239 [00:12<00:21,  7.27batch/s]
Scoring:  36%|###5      | 85/239 [00:12<00:20,  7.51batch/s]
Scoring:  36%|###5      | 86/239 [00:12<00:19,  7.70batch/s]
Scoring:  36%|###6      | 87/239 [00:12<00:19,  7.78batch/s]
Scoring:  37%|###6      | 88/239 [00:12<00:18,  8.13batch/s]
Scoring:  37%|###7      | 89/239 [00:12<00:18,  8.20batch/s]
Scoring:  38%|###7      | 90/239 [00:12<00:18,  8.17batch/s]
Scoring:  38%|###8      | 91/239 [00:12<00:18,  8.05batch/s]
Scoring:  38%|###8      | 92/239 [00:12<00:17,  8.26batch/s]
Scoring:  39%|###8      | 93/239 [00:13<00:17,  8.22batch/s]
Scoring:  39%|###9      | 94/239 [00:13<00:17,  8.37batch/s]
Scoring:  40%|###9      | 95/239 [00:13<00:17,  8.35batch/s]
Scoring:  40%|####      | 96/239 [00:13<00:16,  8.50batch/s]
Scoring:  41%|####      | 97/239 [00:13<00:16,  8.48batch/s]
Scoring:  41%|####1     | 98/239 [00:13<00:16,  8.39batch/s]
Scoring:  41%|####1     | 99/239 [00:13<00:17,  8.14batch/s]
Scoring:  42%|####1     | 100/239 [00:13<00:17,  7.77batch/s]
Scoring:  42%|####2     | 101/239 [00:14<00:17,  7.82batch/s]
Scoring:  43%|####2     | 102/239 [00:14<00:16,  8.11batch/s]
Scoring:  43%|####3     | 103/239 [00:14<00:17,  7.86batch/s]
Scoring:  44%|####3     | 104/239 [00:14<00:16,  7.98batch/s]
Scoring:  44%|####3     | 105/239 [00:14<00:16,  8.24batch/s]
Scoring:  44%|####4     | 106/239 [00:14<00:16,  8.16batch/s]
Scoring:  45%|####4     | 107/239 [00:14<00:16,  8.24batch/s]
Scoring:  45%|####5     | 108/239 [00:14<00:15,  8.22batch/s]
Scoring:  46%|####5     | 109/239 [00:15<00:15,  8.26batch/s]
Scoring:  46%|####6     | 110/239 [00:15<00:15,  8.31batch/s]
Scoring:  46%|####6     | 111/239 [00:15<00:15,  8.34batch/s]
Scoring:  47%|####6     | 112/239 [00:15<00:15,  8.14batch/s]
Scoring:  47%|####7     | 113/239 [00:15<00:15,  7.92batch/s]
Scoring:  48%|####7     | 114/239 [00:15<00:16,  7.78batch/s]
Scoring:  48%|####8     | 115/239 [00:15<00:15,  7.98batch/s]
Scoring:  49%|####8     | 116/239 [00:15<00:15,  7.98batch/s]
Scoring:  49%|####8     | 117/239 [00:16<00:16,  7.49batch/s]
Scoring:  49%|####9     | 118/239 [00:16<00:16,  7.29batch/s]
Scoring:  50%|####9     | 119/239 [00:16<00:16,  7.18batch/s]
Scoring:  50%|#####     | 120/239 [00:16<00:16,  7.24batch/s]
Scoring:  51%|#####     | 121/239 [00:16<00:15,  7.60batch/s]
Scoring:  51%|#####1    | 122/239 [00:16<00:15,  7.57batch/s]
Scoring:  51%|#####1    | 123/239 [00:16<00:15,  7.47batch/s]
Scoring:  52%|#####1    | 124/239 [00:17<00:15,  7.36batch/s]
Scoring:  52%|#####2    | 125/239 [00:17<00:14,  7.70batch/s]
Scoring:  53%|#####2    | 126/239 [00:17<00:14,  7.70batch/s]
Scoring:  53%|#####3    | 127/239 [00:17<00:14,  7.95batch/s]
Scoring:  54%|#####3    | 128/239 [00:17<00:14,  7.91batch/s]
Scoring:  54%|#####3    | 129/239 [00:17<00:13,  8.14batch/s]
Scoring:  54%|#####4    | 130/239 [00:17<00:13,  7.94batch/s]
Scoring:  55%|#####4    | 131/239 [00:17<00:13,  8.25batch/s]
Scoring:  55%|#####5    | 132/239 [00:18<00:13,  8.14batch/s]
Scoring:  56%|#####5    | 133/239 [00:18<00:12,  8.39batch/s]
Scoring:  56%|#####6    | 134/239 [00:18<00:12,  8.26batch/s]
Scoring:  56%|#####6    | 135/239 [00:18<00:12,  8.40batch/s]
Scoring:  57%|#####6    | 136/239 [00:18<00:12,  8.17batch/s]
Scoring:  57%|#####7    | 137/239 [00:18<00:12,  8.35batch/s]
Scoring:  58%|#####7    | 138/239 [00:18<00:12,  8.23batch/s]
Scoring:  58%|#####8    | 139/239 [00:18<00:11,  8.46batch/s]
Scoring:  59%|#####8    | 140/239 [00:18<00:11,  8.43batch/s]
Scoring:  59%|#####8    | 141/239 [00:19<00:11,  8.47batch/s]
Scoring:  59%|#####9    | 142/239 [00:19<00:11,  8.25batch/s]
Scoring:  60%|#####9    | 143/239 [00:19<00:11,  8.43batch/s]
Scoring:  60%|######    | 144/239 [00:19<00:11,  8.29batch/s]
Scoring:  61%|######    | 145/239 [00:19<00:11,  8.50batch/s]
Scoring:  61%|######1   | 146/239 [00:19<00:11,  8.24batch/s]
Scoring:  62%|######1   | 147/239 [00:19<00:10,  8.40batch/s]
Scoring:  62%|######1   | 148/239 [00:19<00:10,  8.33batch/s]
Scoring:  62%|######2   | 149/239 [00:20<00:10,  8.40batch/s]
Scoring:  63%|######2   | 150/239 [00:20<00:10,  8.27batch/s]
Scoring:  63%|######3   | 151/239 [00:20<00:10,  8.35batch/s]
Scoring:  64%|######3   | 152/239 [00:20<00:10,  8.17batch/s]
Scoring:  64%|######4   | 153/239 [00:20<00:10,  7.88batch/s]
Scoring:  64%|######4   | 154/239 [00:20<00:11,  7.59batch/s]
Scoring:  65%|######4   | 155/239 [00:20<00:11,  7.39batch/s]
Scoring:  65%|######5   | 156/239 [00:20<00:11,  7.42batch/s]
Scoring:  66%|######5   | 157/239 [00:21<00:10,  7.73batch/s]
Scoring:  66%|######6   | 158/239 [00:21<00:10,  7.69batch/s]
Scoring:  67%|######6   | 159/239 [00:21<00:10,  7.96batch/s]
Scoring:  67%|######6   | 160/239 [00:21<00:10,  7.88batch/s]
Scoring:  67%|######7   | 161/239 [00:21<00:09,  8.08batch/s]
Scoring:  68%|######7   | 162/239 [00:21<00:09,  7.93batch/s]
Scoring:  68%|######8   | 163/239 [00:21<00:09,  7.70batch/s]
Scoring:  69%|######8   | 164/239 [00:21<00:09,  7.51batch/s]
Scoring:  69%|######9   | 165/239 [00:22<00:09,  7.75batch/s]
Scoring:  69%|######9   | 166/239 [00:22<00:09,  7.72batch/s]
Scoring:  70%|######9   | 167/239 [00:22<00:09,  7.56batch/s]
Scoring:  70%|#######   | 168/239 [00:22<00:09,  7.53batch/s]
Scoring:  71%|#######   | 169/239 [00:22<00:08,  7.81batch/s]
Scoring:  71%|#######1  | 170/239 [00:22<00:09,  7.64batch/s]
Scoring:  72%|#######1  | 171/239 [00:22<00:09,  7.49batch/s]
Scoring:  72%|#######1  | 172/239 [00:23<00:09,  7.27batch/s]
Scoring:  72%|#######2  | 173/239 [00:23<00:09,  7.23batch/s]
Scoring:  73%|#######2  | 174/239 [00:23<00:09,  7.09batch/s]
Scoring:  73%|#######3  | 175/239 [00:23<00:09,  6.98batch/s]
Scoring:  74%|#######3  | 176/239 [00:23<00:08,  7.13batch/s]
Scoring:  74%|#######4  | 177/239 [00:23<00:08,  7.43batch/s]
Scoring:  74%|#######4  | 178/239 [00:23<00:08,  7.49batch/s]
Scoring:  75%|#######4  | 179/239 [00:24<00:08,  7.32batch/s]
Scoring:  75%|#######5  | 180/239 [00:24<00:08,  7.13batch/s]
Scoring:  76%|#######5  | 181/239 [00:24<00:08,  6.84batch/s]
Scoring:  76%|#######6  | 182/239 [00:24<00:08,  6.98batch/s]
Scoring:  77%|#######6  | 183/239 [00:24<00:07,  7.39batch/s]
Scoring:  77%|#######6  | 184/239 [00:24<00:07,  7.46batch/s]
Scoring:  77%|#######7  | 185/239 [00:24<00:07,  7.31batch/s]
Scoring:  78%|#######7  | 186/239 [00:25<00:07,  7.10batch/s]
Scoring:  78%|#######8  | 187/239 [00:25<00:07,  7.14batch/s]
Scoring:  79%|#######8  | 188/239 [00:25<00:07,  7.20batch/s]
Scoring:  79%|#######9  | 189/239 [00:25<00:06,  7.52batch/s]
Scoring:  79%|#######9  | 190/239 [00:25<00:06,  7.58batch/s]
Scoring:  80%|#######9  | 191/239 [00:25<00:06,  7.82batch/s]
Scoring:  80%|########  | 192/239 [00:25<00:06,  7.82batch/s]
Scoring:  81%|########  | 193/239 [00:25<00:05,  8.05batch/s]
Scoring:  81%|########1 | 194/239 [00:26<00:05,  8.06batch/s]
Scoring:  82%|########1 | 195/239 [00:26<00:05,  8.21batch/s]
Scoring:  82%|########2 | 196/239 [00:26<00:05,  8.14batch/s]
Scoring:  82%|########2 | 197/239 [00:26<00:05,  8.24batch/s]
Scoring:  83%|########2 | 198/239 [00:26<00:05,  8.06batch/s]
Scoring:  83%|########3 | 199/239 [00:26<00:05,  7.88batch/s]
Scoring:  84%|########3 | 200/239 [00:26<00:05,  7.70batch/s]
Scoring:  84%|########4 | 201/239 [00:26<00:04,  7.96batch/s]
Scoring:  85%|########4 | 202/239 [00:27<00:04,  7.90batch/s]
Scoring:  85%|########4 | 203/239 [00:27<00:04,  8.12batch/s]
Scoring:  85%|########5 | 204/239 [00:27<00:04,  8.03batch/s]
Scoring:  86%|########5 | 205/239 [00:27<00:04,  8.15batch/s]
Scoring:  86%|########6 | 206/239 [00:27<00:04,  8.08batch/s]
Scoring:  87%|########6 | 207/239 [00:27<00:04,  7.86batch/s]
Scoring:  87%|########7 | 208/239 [00:27<00:04,  7.60batch/s]
Scoring:  87%|########7 | 209/239 [00:27<00:03,  7.88batch/s]
Scoring:  88%|########7 | 210/239 [00:28<00:03,  7.82batch/s]
Scoring:  88%|########8 | 211/239 [00:28<00:03,  8.03batch/s]
Scoring:  89%|########8 | 212/239 [00:28<00:03,  7.99batch/s]
Scoring:  89%|########9 | 213/239 [00:28<00:03,  8.14batch/s]
Scoring:  90%|########9 | 214/239 [00:28<00:03,  8.05batch/s]
Scoring:  90%|########9 | 215/239 [00:28<00:02,  8.20batch/s]
Scoring:  90%|######### | 216/239 [00:28<00:02,  7.94batch/s]
Scoring:  91%|######### | 217/239 [00:28<00:02,  7.85batch/s]
Scoring:  91%|#########1| 218/239 [00:29<00:02,  7.67batch/s]
Scoring:  92%|#########1| 219/239 [00:29<00:02,  7.90batch/s]
Scoring:  92%|#########2| 220/239 [00:29<00:02,  7.75batch/s]
Scoring:  92%|#########2| 221/239 [00:29<00:02,  7.96batch/s]
Scoring:  93%|#########2| 222/239 [00:29<00:02,  7.96batch/s]
Scoring:  93%|#########3| 223/239 [00:29<00:01,  8.14batch/s]
Scoring:  94%|#########3| 224/239 [00:29<00:01,  7.90batch/s]
Scoring:  94%|#########4| 225/239 [00:29<00:01,  7.72batch/s]
Scoring:  95%|#########4| 226/239 [00:30<00:01,  7.60batch/s]
Scoring:  95%|#########4| 227/239 [00:30<00:01,  7.80batch/s]
Scoring:  95%|#########5| 228/239 [00:30<00:01,  7.76batch/s]
Scoring:  96%|#########5| 229/239 [00:30<00:01,  7.56batch/s]
Scoring:  96%|#########6| 230/239 [00:30<00:01,  7.57batch/s]
Scoring:  97%|#########6| 231/239 [00:30<00:01,  7.78batch/s]
Scoring:  97%|#########7| 232/239 [00:30<00:00,  7.88batch/s]
Scoring:  97%|#########7| 233/239 [00:30<00:00,  7.98batch/s]
Scoring:  98%|#########7| 234/239 [00:31<00:00,  7.97batch/s]
Scoring:  98%|#########8| 235/239 [00:31<00:00,  8.12batch/s]
Scoring:  99%|#########8| 236/239 [00:31<00:00,  7.98batch/s]
Scoring:  99%|#########9| 237/239 [00:31<00:00,  7.84batch/s]
Scoring: 100%|#########9| 238/239 [00:31<00:00,  7.74batch/s]
Scoring: 100%|##########| 239/239 [00:31<00:00,  7.57batch/s]

=== loss = NMAE (channels 0,1,2,3,4; mean over channels of mean(|p-t|) / (mean(|t|) + 1e-05)) ===
saved array : D:\Research\NO-2D-Metamaterials\PLOTS\NO_I3O5_BCF16_NMAE_HC128_LR2e-03_WD0e+00_L1P1e-08_SS1_G9e-01_ch0u_260711_E12\c_test\NMAE_sample_case_plots\per_sample_loss_nmae_c_test.npy  shape=(1950000, 5)  (cols: combined_idx, geom_idx, wave_idx, band_idx, nmae)
mean=2.903299e-01
scenario          combined    geom    wave  band            loss
p0                 1587372     814      12     0    2.990146e+02
p01                1280369     656     194     5    2.465527e+00
p10                 941950     483      16     4    7.944664e-01
p20                1269915     651      77     3    3.325629e-01
p25                 587123     301      28     5    2.421881e-01
p30                1486149     762      41     3    1.909650e-01
p40                 477857     245      17     5    1.302532e-01
p50                 254649     130     191     3    9.491201e-02
p60                 157413      80     235     3    7.196619e-02
p70                1211809     621     143     1    5.494867e-02
p75                 784490     402      98     2    4.732796e-02
p80                1491435     764     272     3    4.033584e-02
p90                 632616     324     136     0    2.713309e-02
p99                 246354     126     109     0    1.380964e-02
p100               1525411     782      85     1    7.772323e-03
>> per_sample_loss_nmae_c_test DONE 2026-08-03 17:01:46

>> per_sample_loss_nmse_c_test START 2026-08-03 17:01:46
CPU threads: capped at 4 (torch.get_num_threads()=4)
Dataset   : d:\Research\NO-2D-Metamaterials\DATASETS\c_test\continuous_2026-03-05_20-07-34_pt
Eigen enc : uniform (eigenfrequency_uniform_full.pt)
Inference : d:\Research\NO-2D-Metamaterials\INFERENCE\NO_I3O5_BCF16_NMAE_HC128_LR2e-03_WD0e+00_L1P1e-08_SS1_G9e-01_ch0u_260711_E12\c_test\predictions_I3O5_NO_I3O5_BCF16_NMAE_HC128_LR2e-03_WD0e+00_L1P1e-08_SS1_G9e-01_ch0u_260711_E12.pt  shape=(1950000, 5, 32, 32) dtype=torch.float16
Losses    : nmse
Supported : mae, mse, rms, nmae, nmse, nrms (aliases l1->mae, l2->mse, rmse->rms, nl1->nmae, nl2->nmse, nrmse->nrms)
Field     : 32x32   Device: cpu
Samples   : 1950000  (n_geom=1000, n_waveforms=325, n_bands=6)
Output dir: D:\Research\NO-2D-Metamaterials\PLOTS\NO_I3O5_BCF16_NMAE_HC128_LR2e-03_WD0e+00_L1P1e-08_SS1_G9e-01_ch0u_260711_E12\c_test\NMSE_sample_case_plots
Truth mode: batched mmap/slice  (eigen mmap; displacements=loaded)

--- channel group: [0, 1, 2, 3, 4] ---
System.Management.Automation.RemoteException
Scoring:   0%|          | 0/239 [00:00<?, ?batch/s]
Scoring:   0%|          | 1/239 [00:00<00:46,  5.13batch/s]
Scoring:   1%|          | 2/239 [00:00<00:40,  5.85batch/s]
Scoring:   1%|1         | 3/239 [00:00<00:38,  6.05batch/s]
Scoring:   2%|1         | 4/239 [00:00<00:35,  6.68batch/s]
Scoring:   2%|2         | 5/239 [00:00<00:31,  7.34batch/s]
Scoring:   3%|2         | 6/239 [00:00<00:32,  7.26batch/s]
Scoring:   3%|2         | 7/239 [00:01<00:30,  7.51batch/s]
Scoring:   3%|3         | 8/239 [00:01<00:29,  7.88batch/s]
Scoring:   4%|3         | 9/239 [00:01<00:29,  7.77batch/s]
Scoring:   4%|4         | 10/239 [00:01<00:30,  7.56batch/s]
Scoring:   5%|4         | 11/239 [00:01<00:30,  7.60batch/s]
Scoring:   5%|5         | 12/239 [00:01<00:28,  7.85batch/s]
Scoring:   5%|5         | 13/239 [00:01<00:28,  7.85batch/s]
Scoring:   6%|5         | 14/239 [00:01<00:28,  8.02batch/s]
Scoring:   6%|6         | 15/239 [00:02<00:28,  7.98batch/s]
Scoring:   7%|6         | 16/239 [00:02<00:27,  8.09batch/s]
Scoring:   7%|7         | 17/239 [00:02<00:27,  8.03batch/s]
Scoring:   8%|7         | 18/239 [00:02<00:26,  8.23batch/s]
Scoring:   8%|7         | 19/239 [00:02<00:26,  8.19batch/s]
Scoring:   8%|8         | 20/239 [00:02<00:26,  8.28batch/s]
Scoring:   9%|8         | 21/239 [00:02<00:26,  8.17batch/s]
Scoring:   9%|9         | 22/239 [00:02<00:26,  8.33batch/s]
Scoring:  10%|9         | 23/239 [00:02<00:26,  8.28batch/s]
Scoring:  10%|#         | 24/239 [00:03<00:25,  8.39batch/s]
Scoring:  10%|#         | 25/239 [00:03<00:25,  8.34batch/s]
Scoring:  11%|#         | 26/239 [00:03<00:25,  8.40batch/s]
Scoring:  11%|#1        | 27/239 [00:03<00:25,  8.33batch/s]
Scoring:  12%|#1        | 28/239 [00:03<00:31,  6.79batch/s]
Scoring:  12%|#2        | 29/239 [00:03<00:30,  6.80batch/s]
Scoring:  13%|#2        | 30/239 [00:03<00:29,  6.98batch/s]
Scoring:  13%|#2        | 31/239 [00:04<00:28,  7.19batch/s]
Scoring:  13%|#3        | 32/239 [00:04<00:27,  7.61batch/s]
Scoring:  14%|#3        | 33/239 [00:04<00:27,  7.43batch/s]
Scoring:  14%|#4        | 34/239 [00:04<00:27,  7.46batch/s]
Scoring:  15%|#4        | 35/239 [00:04<00:28,  7.20batch/s]
Scoring:  15%|#5        | 36/239 [00:04<00:26,  7.61batch/s]
Scoring:  15%|#5        | 37/239 [00:04<00:24,  8.09batch/s]
Scoring:  16%|#5        | 38/239 [00:04<00:25,  8.01batch/s]
Scoring:  16%|#6        | 39/239 [00:05<00:24,  8.02batch/s]
Scoring:  17%|#6        | 40/239 [00:05<00:25,  7.68batch/s]
Scoring:  17%|#7        | 41/239 [00:05<00:25,  7.69batch/s]
Scoring:  18%|#7        | 42/239 [00:05<00:24,  8.07batch/s]
Scoring:  18%|#7        | 43/239 [00:05<00:24,  7.91batch/s]
Scoring:  18%|#8        | 44/239 [00:05<00:23,  8.14batch/s]
Scoring:  19%|#8        | 45/239 [00:05<00:22,  8.48batch/s]
Scoring:  19%|#9        | 46/239 [00:05<00:23,  8.15batch/s]
Scoring:  20%|#9        | 47/239 [00:06<00:23,  8.34batch/s]
Scoring:  20%|##        | 48/239 [00:06<00:22,  8.65batch/s]
Scoring:  21%|##        | 49/239 [00:06<00:22,  8.35batch/s]
Scoring:  21%|##        | 50/239 [00:06<00:22,  8.50batch/s]
Scoring:  21%|##1       | 51/239 [00:06<00:21,  8.72batch/s]
Scoring:  22%|##1       | 52/239 [00:06<00:22,  8.33batch/s]
Scoring:  22%|##2       | 53/239 [00:06<00:22,  8.36batch/s]
Scoring:  23%|##2       | 54/239 [00:06<00:21,  8.67batch/s]
Scoring:  23%|##3       | 55/239 [00:07<00:22,  8.34batch/s]
Scoring:  23%|##3       | 56/239 [00:07<00:21,  8.54batch/s]
Scoring:  24%|##3       | 57/239 [00:07<00:20,  8.81batch/s]
Scoring:  24%|##4       | 58/239 [00:07<00:21,  8.44batch/s]
Scoring:  25%|##4       | 59/239 [00:07<00:21,  8.44batch/s]
Scoring:  25%|##5       | 60/239 [00:07<00:20,  8.73batch/s]
Scoring:  26%|##5       | 61/239 [00:07<00:21,  8.40batch/s]
Scoring:  26%|##5       | 62/239 [00:07<00:20,  8.54batch/s]
Scoring:  26%|##6       | 63/239 [00:07<00:20,  8.79batch/s]
Scoring:  27%|##6       | 64/239 [00:08<00:20,  8.46batch/s]
Scoring:  27%|##7       | 65/239 [00:08<00:20,  8.50batch/s]
Scoring:  28%|##7       | 66/239 [00:08<00:19,  8.72batch/s]
Scoring:  28%|##8       | 67/239 [00:08<00:20,  8.42batch/s]
Scoring:  28%|##8       | 68/239 [00:08<00:20,  8.51batch/s]
Scoring:  29%|##8       | 69/239 [00:08<00:19,  8.79batch/s]
Scoring:  29%|##9       | 70/239 [00:08<00:20,  8.38batch/s]
Scoring:  30%|##9       | 71/239 [00:08<00:19,  8.49batch/s]
Scoring:  30%|###       | 72/239 [00:08<00:19,  8.65batch/s]
Scoring:  31%|###       | 73/239 [00:09<00:19,  8.50batch/s]
Scoring:  31%|###       | 74/239 [00:09<00:19,  8.57batch/s]
Scoring:  31%|###1      | 75/239 [00:09<00:18,  8.68batch/s]
Scoring:  32%|###1      | 76/239 [00:09<00:18,  8.81batch/s]
Scoring:  32%|###2      | 77/239 [00:09<00:18,  8.61batch/s]
Scoring:  33%|###2      | 78/239 [00:09<00:19,  8.41batch/s]
Scoring:  33%|###3      | 79/239 [00:09<00:18,  8.57batch/s]
Scoring:  33%|###3      | 80/239 [00:09<00:19,  8.19batch/s]
Scoring:  34%|###3      | 81/239 [00:10<00:18,  8.39batch/s]
Scoring:  34%|###4      | 82/239 [00:10<00:18,  8.51batch/s]
Scoring:  35%|###4      | 83/239 [00:10<00:18,  8.22batch/s]
Scoring:  35%|###5      | 84/239 [00:10<00:18,  8.45batch/s]
Scoring:  36%|###5      | 85/239 [00:10<00:17,  8.67batch/s]
Scoring:  36%|###5      | 86/239 [00:10<00:17,  8.70batch/s]
Scoring:  36%|###6      | 87/239 [00:10<00:17,  8.92batch/s]
Scoring:  37%|###6      | 88/239 [00:10<00:17,  8.61batch/s]
Scoring:  37%|###7      | 89/239 [00:10<00:17,  8.71batch/s]
Scoring:  38%|###7      | 90/239 [00:11<00:19,  7.51batch/s]
Scoring:  38%|###8      | 91/239 [00:11<00:19,  7.50batch/s]
Scoring:  38%|###8      | 92/239 [00:11<00:19,  7.62batch/s]
Scoring:  39%|###8      | 93/239 [00:11<00:18,  7.85batch/s]
Scoring:  39%|###9      | 94/239 [00:11<00:17,  8.22batch/s]
Scoring:  40%|###9      | 95/239 [00:11<00:18,  7.93batch/s]
Scoring:  40%|####      | 96/239 [00:11<00:17,  8.24batch/s]
Scoring:  41%|####      | 97/239 [00:11<00:16,  8.58batch/s]
Scoring:  41%|####1     | 98/239 [00:12<00:16,  8.35batch/s]
Scoring:  41%|####1     | 99/239 [00:12<00:16,  8.50batch/s]
Scoring:  42%|####1     | 100/239 [00:12<00:15,  8.74batch/s]
Scoring:  42%|####2     | 101/239 [00:12<00:16,  8.43batch/s]
Scoring:  43%|####2     | 102/239 [00:12<00:16,  8.52batch/s]
Scoring:  43%|####3     | 103/239 [00:12<00:15,  8.72batch/s]
Scoring:  44%|####3     | 104/239 [00:12<00:15,  8.68batch/s]
Scoring:  44%|####3     | 105/239 [00:12<00:15,  8.81batch/s]
Scoring:  44%|####4     | 106/239 [00:13<00:15,  8.61batch/s]
Scoring:  45%|####4     | 107/239 [00:13<00:15,  8.42batch/s]
Scoring:  45%|####5     | 108/239 [00:13<00:15,  8.71batch/s]
Scoring:  46%|####5     | 109/239 [00:13<00:15,  8.56batch/s]
Scoring:  46%|####6     | 110/239 [00:13<00:15,  8.23batch/s]
Scoring:  46%|####6     | 111/239 [00:13<00:15,  8.44batch/s]
Scoring:  47%|####6     | 112/239 [00:13<00:15,  8.18batch/s]
Scoring:  47%|####7     | 113/239 [00:13<00:14,  8.42batch/s]
Scoring:  48%|####7     | 114/239 [00:13<00:14,  8.67batch/s]
Scoring:  48%|####8     | 115/239 [00:14<00:14,  8.28batch/s]
Scoring:  49%|####8     | 116/239 [00:14<00:14,  8.43batch/s]
Scoring:  49%|####8     | 117/239 [00:14<00:13,  8.77batch/s]
Scoring:  49%|####9     | 118/239 [00:14<00:14,  8.33batch/s]
Scoring:  50%|####9     | 119/239 [00:14<00:14,  8.47batch/s]
Scoring:  50%|#####     | 120/239 [00:14<00:13,  8.75batch/s]
Scoring:  51%|#####     | 121/239 [00:14<00:14,  8.41batch/s]
Scoring:  51%|#####1    | 122/239 [00:14<00:13,  8.51batch/s]
Scoring:  51%|#####1    | 123/239 [00:15<00:13,  8.72batch/s]
Scoring:  52%|#####1    | 124/239 [00:15<00:14,  8.21batch/s]
Scoring:  52%|#####2    | 125/239 [00:15<00:13,  8.22batch/s]
Scoring:  53%|#####2    | 126/239 [00:15<00:13,  8.09batch/s]
Scoring:  53%|#####3    | 127/239 [00:15<00:13,  8.04batch/s]
Scoring:  54%|#####3    | 128/239 [00:15<00:13,  8.24batch/s]
Scoring:  54%|#####3    | 129/239 [00:15<00:14,  7.83batch/s]
Scoring:  54%|#####4    | 130/239 [00:15<00:13,  7.89batch/s]
Scoring:  55%|#####4    | 131/239 [00:16<00:14,  7.65batch/s]
Scoring:  55%|#####5    | 132/239 [00:16<00:13,  7.76batch/s]
Scoring:  56%|#####5    | 133/239 [00:16<00:13,  8.07batch/s]
Scoring:  56%|#####6    | 134/239 [00:16<00:13,  7.82batch/s]
Scoring:  56%|#####6    | 135/239 [00:16<00:13,  7.99batch/s]
Scoring:  57%|#####6    | 136/239 [00:16<00:12,  8.12batch/s]
Scoring:  57%|#####7    | 137/239 [00:16<00:12,  8.06batch/s]
Scoring:  58%|#####7    | 138/239 [00:16<00:12,  8.37batch/s]
Scoring:  58%|#####8    | 139/239 [00:17<00:12,  8.06batch/s]
Scoring:  59%|#####8    | 140/239 [00:17<00:12,  8.21batch/s]
Scoring:  59%|#####8    | 141/239 [00:17<00:11,  8.46batch/s]
Scoring:  59%|#####9    | 142/239 [00:17<00:11,  8.22batch/s]
Scoring:  60%|#####9    | 143/239 [00:17<00:11,  8.35batch/s]
Scoring:  60%|######    | 144/239 [00:17<00:11,  8.47batch/s]
Scoring:  61%|######    | 145/239 [00:17<00:10,  8.66batch/s]
Scoring:  61%|######1   | 146/239 [00:17<00:11,  8.29batch/s]
Scoring:  62%|######1   | 147/239 [00:17<00:10,  8.44batch/s]
Scoring:  62%|######1   | 148/239 [00:18<00:10,  8.68batch/s]
Scoring:  62%|######2   | 149/239 [00:18<00:10,  8.25batch/s]
Scoring:  63%|######2   | 150/239 [00:18<00:10,  8.35batch/s]
Scoring:  63%|######3   | 151/239 [00:18<00:10,  8.66batch/s]
Scoring:  64%|######3   | 152/239 [00:18<00:10,  8.37batch/s]
Scoring:  64%|######4   | 153/239 [00:18<00:10,  8.50batch/s]
Scoring:  64%|######4   | 154/239 [00:18<00:09,  8.79batch/s]
Scoring:  65%|######4   | 155/239 [00:18<00:09,  8.50batch/s]
Scoring:  65%|######5   | 156/239 [00:19<00:09,  8.58batch/s]
Scoring:  66%|######5   | 157/239 [00:19<00:09,  8.72batch/s]
Scoring:  66%|######6   | 158/239 [00:19<00:09,  8.63batch/s]
Scoring:  67%|######6   | 159/239 [00:19<00:09,  8.80batch/s]
Scoring:  67%|######6   | 160/239 [00:19<00:09,  8.38batch/s]
Scoring:  67%|######7   | 161/239 [00:19<00:09,  8.49batch/s]
Scoring:  68%|######7   | 162/239 [00:19<00:09,  8.48batch/s]
Scoring:  68%|######8   | 163/239 [00:19<00:08,  8.49batch/s]
Scoring:  69%|######8   | 164/239 [00:19<00:08,  8.74batch/s]
Scoring:  69%|######9   | 165/239 [00:20<00:08,  8.39batch/s]
Scoring:  69%|######9   | 166/239 [00:20<00:08,  8.36batch/s]
Scoring:  70%|######9   | 167/239 [00:20<00:08,  8.64batch/s]
Scoring:  70%|#######   | 168/239 [00:20<00:08,  8.59batch/s]
Scoring:  71%|#######   | 169/239 [00:20<00:08,  8.54batch/s]
Scoring:  71%|#######1  | 170/239 [00:20<00:08,  8.34batch/s]
Scoring:  72%|#######1  | 171/239 [00:20<00:07,  8.59batch/s]
Scoring:  72%|#######1  | 172/239 [00:20<00:07,  8.86batch/s]
Scoring:  72%|#######2  | 173/239 [00:21<00:07,  8.68batch/s]
Scoring:  73%|#######2  | 174/239 [00:21<00:07,  8.48batch/s]
Scoring:  73%|#######3  | 175/239 [00:21<00:07,  8.76batch/s]
Scoring:  74%|#######3  | 176/239 [00:21<00:07,  8.61batch/s]
Scoring:  74%|#######4  | 177/239 [00:21<00:07,  8.44batch/s]
Scoring:  74%|#######4  | 178/239 [00:21<00:06,  8.72batch/s]
Scoring:  75%|#######4  | 179/239 [00:21<00:07,  8.52batch/s]
Scoring:  75%|#######5  | 180/239 [00:21<00:07,  8.41batch/s]
Scoring:  76%|#######5  | 181/239 [00:21<00:06,  8.61batch/s]
Scoring:  76%|#######6  | 182/239 [00:22<00:06,  8.47batch/s]
Scoring:  77%|#######6  | 183/239 [00:22<00:06,  8.35batch/s]
Scoring:  77%|#######6  | 184/239 [00:22<00:06,  8.62batch/s]
Scoring:  77%|#######7  | 185/239 [00:22<00:06,  8.42batch/s]
Scoring:  78%|#######7  | 186/239 [00:22<00:06,  8.40batch/s]
Scoring:  78%|#######8  | 187/239 [00:22<00:06,  8.65batch/s]
Scoring:  79%|#######8  | 188/239 [00:22<00:06,  8.37batch/s]
Scoring:  79%|#######9  | 189/239 [00:22<00:06,  8.25batch/s]
Scoring:  79%|#######9  | 190/239 [00:23<00:05,  8.58batch/s]
Scoring:  80%|#######9  | 191/239 [00:23<00:05,  8.43batch/s]
Scoring:  80%|########  | 192/239 [00:23<00:05,  8.48batch/s]
Scoring:  81%|########  | 193/239 [00:23<00:05,  8.80batch/s]
Scoring:  81%|########1 | 194/239 [00:23<00:05,  8.92batch/s]
Scoring:  82%|########1 | 195/239 [00:23<00:04,  8.89batch/s]
Scoring:  82%|########2 | 196/239 [00:23<00:04,  9.03batch/s]
Scoring:  82%|########2 | 197/239 [00:23<00:04,  8.64batch/s]
Scoring:  83%|########2 | 198/239 [00:23<00:05,  7.72batch/s]
Scoring:  83%|########3 | 199/239 [00:24<00:04,  8.09batch/s]
Scoring:  84%|########3 | 200/239 [00:24<00:04,  8.28batch/s]
Scoring:  84%|########4 | 201/239 [00:24<00:04,  8.63batch/s]
Scoring:  85%|########4 | 202/239 [00:24<00:04,  8.56batch/s]
Scoring:  85%|########4 | 203/239 [00:24<00:04,  8.32batch/s]
Scoring:  85%|########5 | 204/239 [00:24<00:04,  8.59batch/s]
Scoring:  86%|########5 | 205/239 [00:24<00:04,  8.11batch/s]
Scoring:  86%|########6 | 206/239 [00:24<00:03,  8.29batch/s]
Scoring:  87%|########6 | 207/239 [00:25<00:03,  8.48batch/s]
Scoring:  87%|########7 | 208/239 [00:25<00:03,  8.43batch/s]
Scoring:  87%|########7 | 209/239 [00:25<00:03,  8.50batch/s]
Scoring:  88%|########7 | 210/239 [00:25<00:03,  8.19batch/s]
Scoring:  88%|########8 | 211/239 [00:25<00:03,  8.39batch/s]
Scoring:  89%|########8 | 212/239 [00:25<00:03,  8.71batch/s]
Scoring:  89%|########9 | 213/239 [00:25<00:03,  8.34batch/s]
Scoring:  90%|########9 | 214/239 [00:25<00:02,  8.36batch/s]
Scoring:  90%|########9 | 215/239 [00:25<00:02,  8.65batch/s]
Scoring:  90%|######### | 216/239 [00:26<00:02,  8.37batch/s]
Scoring:  91%|######### | 217/239 [00:26<00:02,  8.54batch/s]
Scoring:  91%|#########1| 218/239 [00:26<00:02,  8.82batch/s]
Scoring:  92%|#########1| 219/239 [00:26<00:02,  8.44batch/s]
Scoring:  92%|#########2| 220/239 [00:26<00:02,  8.50batch/s]
Scoring:  92%|#########2| 221/239 [00:26<00:02,  8.82batch/s]
Scoring:  93%|#########2| 222/239 [00:26<00:02,  8.33batch/s]
Scoring:  93%|#########3| 223/239 [00:26<00:01,  8.40batch/s]
Scoring:  94%|#########3| 224/239 [00:27<00:01,  8.74batch/s]
Scoring:  94%|#########4| 225/239 [00:27<00:01,  8.46batch/s]
Scoring:  95%|#########4| 226/239 [00:27<00:01,  8.43batch/s]
Scoring:  95%|#########4| 227/239 [00:27<00:01,  8.63batch/s]
Scoring:  95%|#########5| 228/239 [00:27<00:01,  8.66batch/s]
Scoring:  96%|#########5| 229/239 [00:27<00:01,  8.77batch/s]
Scoring:  96%|#########6| 230/239 [00:27<00:01,  8.53batch/s]
Scoring:  97%|#########6| 231/239 [00:27<00:00,  8.53batch/s]
Scoring:  97%|#########7| 232/239 [00:27<00:00,  8.82batch/s]
Scoring:  97%|#########7| 233/239 [00:28<00:00,  9.03batch/s]
Scoring:  98%|#########7| 234/239 [00:28<00:00,  8.70batch/s]
Scoring:  98%|#########8| 235/239 [00:28<00:00,  8.85batch/s]
Scoring:  99%|#########8| 236/239 [00:28<00:00,  8.80batch/s]
Scoring:  99%|#########9| 237/239 [00:28<00:00,  8.85batch/s]
Scoring: 100%|#########9| 238/239 [00:28<00:00,  8.47batch/s]
Scoring: 100%|##########| 239/239 [00:28<00:00,  8.34batch/s]

=== loss = NMSE (channels 0,1,2,3,4; mean over channels of mean((p-t)^2) / (mean(t^2) + 1e-05)) ===
saved array : D:\Research\NO-2D-Metamaterials\PLOTS\NO_I3O5_BCF16_NMAE_HC128_LR2e-03_WD0e+00_L1P1e-08_SS1_G9e-01_ch0u_260711_E12\c_test\NMSE_sample_case_plots\per_sample_loss_nmse_c_test.npy  shape=(1950000, 5)  (cols: combined_idx, geom_idx, wave_idx, band_idx, nmse)
mean=1.443666e-01
scenario          combined    geom    wave  band            loss
p0                 1224672     628      12     0    8.055150e+01
p01                1702054     872     275     4    2.020722e+00
p10                1338011     686      51     5    4.753533e-01
p20                1360012     697     143     4    8.595280e-02
p25                 108682      55     238     4    4.619709e-02
p30                1587106     813     292     4    2.881758e-02
p40                1381246     708     107     4    1.439102e-02
p50                1425241     730     290     1    8.498702e-03
p60                 411171     210     278     3    5.326326e-03
p70                 415525     213      29     1    3.378307e-03
p75                 721730     370      38     2    2.682563e-03
p80                1408340     722      73     2    2.100161e-03
p90                1635306     838     201     0    1.079342e-03
p99                 469320     240     220     0    2.710631e-04
p100                915055     469      84     1    9.275573e-05
>> per_sample_loss_nmse_c_test DONE 2026-08-03 17:02:27

>> infer_gpu_b_test START 2026-08-03 17:02:27
Using device: cuda:0
Found 1 dataset(s)
Input encoding: wavelet (in_channels=3)
Inferred 1000 geometries per dataset from d:\Research\NO-2D-Metamaterials\DATASETS\b_test\binarized_2026-03-08_16-34-27_pt
Loading input data...
Input encoding: wavelet (in_channels=3)
  waveforms file: waveforms_full.pt
  bands file    : band_fft_full.pt
Loading waveforms and bands (same across all datasets)...
Waveforms - dtype: torch.float16, shape: torch.Size([325, 32, 32])
Bands     - dtype: torch.float16, shape: torch.Size([6, 32, 32])
Loading geometries from dataset 1/1: d:\Research\NO-2D-Metamaterials\DATASETS\b_test\binarized_2026-03-08_16-34-27_pt
Final dataset shapes:
  - Geometries: torch.Size([1000, 32, 32])
  - Waveforms: torch.Size([325, 32, 32])
  - Bands: torch.Size([6, 32, 32])
Geometry selection: mode=all, 1000 geometries
Building model...
Loading checkpoint from d:\Research\NO-2D-Metamaterials\MODELS\training_runs\NO_I3O5_BCF16_NMAE_HC128_LR2e-03_WD0e+00_L1P1e-08_SS1_G9e-01_ch0u_260711\NO_I3O5_BCF16_NMAE_HC128_LR2e-03_WD0e+00_L1P1e-08_SS1_G9e-01_ch0u_260711_E12.pth...
Model loaded successfully!
Running GPU inference on 1950000 samples...
  - 1000 geometries, 325 waveforms, 6 bands
  - in_channels=3, batch_size=256, pin_memory=True
System.Management.Automation.RemoteException
Geometries:   0%|          | 0/1000 [00:00<?, ?geom/s]
Geometries:   0%|          | 1/1000 [00:00<10:36,  1.57geom/s]
Geometries:   0%|          | 2/1000 [00:01<10:04,  1.65geom/s]
Geometries:   0%|          | 3/1000 [00:01<09:28,  1.75geom/s]
Geometries:   0%|          | 4/1000 [00:02<09:22,  1.77geom/s]
Geometries:   0%|          | 5/1000 [00:02<09:21,  1.77geom/s]
Geometries:   1%|          | 6/1000 [00:03<09:04,  1.82geom/s]
Geometries:   1%|          | 7/1000 [00:03<09:16,  1.78geom/s]
Geometries:   1%|          | 8/1000 [00:04<08:56,  1.85geom/s]
Geometries:   1%|          | 9/1000 [00:05<09:03,  1.82geom/s]
Geometries:   1%|1         | 10/1000 [00:05<09:15,  1.78geom/s]
Geometries:   1%|1         | 11/1000 [00:06<09:02,  1.82geom/s]
Geometries:   1%|1         | 12/1000 [00:06<09:14,  1.78geom/s]
Geometries:   1%|1         | 13/1000 [00:07<09:12,  1.79geom/s]
Geometries:   1%|1         | 14/1000 [00:07<09:01,  1.82geom/s]
Geometries:   2%|1         | 15/1000 [00:08<09:12,  1.78geom/s]
Geometries:   2%|1         | 16/1000 [00:08<09:01,  1.82geom/s]
Geometries:   2%|1         | 17/1000 [00:09<09:02,  1.81geom/s]
Geometries:   2%|1         | 18/1000 [00:10<09:11,  1.78geom/s]
Geometries:   2%|1         | 19/1000 [00:10<09:01,  1.81geom/s]
Geometries:   2%|2         | 20/1000 [00:11<09:10,  1.78geom/s]
Geometries:   2%|2         | 21/1000 [00:11<08:50,  1.85geom/s]
Geometries:   2%|2         | 22/1000 [00:12<09:03,  1.80geom/s]
Geometries:   2%|2         | 23/1000 [00:12<09:13,  1.77geom/s]
Geometries:   2%|2         | 24/1000 [00:13<09:01,  1.80geom/s]
Geometries:   2%|2         | 25/1000 [00:13<09:04,  1.79geom/s]
Geometries:   3%|2         | 26/1000 [00:14<09:04,  1.79geom/s]
Geometries:   3%|2         | 27/1000 [00:15<08:52,  1.83geom/s]
Geometries:   3%|2         | 28/1000 [00:15<09:07,  1.78geom/s]
Geometries:   3%|2         | 29/1000 [00:16<08:55,  1.81geom/s]
Geometries:   3%|3         | 30/1000 [00:16<09:10,  1.76geom/s]
Geometries:   3%|3         | 31/1000 [00:17<09:26,  1.71geom/s]
Geometries:   3%|3         | 32/1000 [00:17<09:11,  1.75geom/s]
Geometries:   3%|3         | 33/1000 [00:18<09:18,  1.73geom/s]
Geometries:   3%|3         | 34/1000 [00:19<08:54,  1.81geom/s]
Geometries:   4%|3         | 35/1000 [00:19<09:06,  1.77geom/s]
Geometries:   4%|3         | 36/1000 [00:20<09:10,  1.75geom/s]
Geometries:   4%|3         | 37/1000 [00:20<08:57,  1.79geom/s]
Geometries:   4%|3         | 38/1000 [00:21<08:58,  1.79geom/s]
Geometries:   4%|3         | 39/1000 [00:21<09:04,  1.76geom/s]
Geometries:   4%|4         | 40/1000 [00:22<08:52,  1.80geom/s]
Geometries:   4%|4         | 41/1000 [00:22<09:01,  1.77geom/s]
Geometries:   4%|4         | 42/1000 [00:23<08:42,  1.83geom/s]
Geometries:   4%|4         | 43/1000 [00:24<08:53,  1.79geom/s]
Geometries:   4%|4         | 44/1000 [00:24<09:03,  1.76geom/s]
Geometries:   4%|4         | 45/1000 [00:25<08:50,  1.80geom/s]
Geometries:   5%|4         | 46/1000 [00:25<08:49,  1.80geom/s]
Geometries:   5%|4         | 47/1000 [00:26<08:50,  1.80geom/s]
Geometries:   5%|4         | 48/1000 [00:26<08:40,  1.83geom/s]
Geometries:   5%|4         | 49/1000 [00:27<08:55,  1.78geom/s]
Geometries:   5%|5         | 50/1000 [00:27<08:36,  1.84geom/s]
Geometries:   5%|5         | 51/1000 [00:28<08:41,  1.82geom/s]
Geometries:   5%|5         | 52/1000 [00:29<08:53,  1.78geom/s]
Geometries:   5%|5         | 53/1000 [00:29<08:46,  1.80geom/s]
Geometries:   5%|5         | 54/1000 [00:30<08:56,  1.76geom/s]
Geometries:   6%|5         | 55/1000 [00:30<08:38,  1.82geom/s]
Geometries:   6%|5         | 56/1000 [00:31<08:48,  1.78geom/s]
Geometries:   6%|5         | 57/1000 [00:31<08:59,  1.75geom/s]
Geometries:   6%|5         | 58/1000 [00:32<08:49,  1.78geom/s]
Geometries:   6%|5         | 59/1000 [00:33<08:50,  1.77geom/s]
Geometries:   6%|6         | 60/1000 [00:33<09:00,  1.74geom/s]
Geometries:   6%|6         | 61/1000 [00:34<08:48,  1.78geom/s]
Geometries:   6%|6         | 62/1000 [00:34<08:58,  1.74geom/s]
Geometries:   6%|6         | 63/1000 [00:35<08:37,  1.81geom/s]
Geometries:   6%|6         | 64/1000 [00:35<08:46,  1.78geom/s]
Geometries:   6%|6         | 65/1000 [00:36<08:55,  1.75geom/s]
Geometries:   7%|6         | 66/1000 [00:36<08:44,  1.78geom/s]
Geometries:   7%|6         | 67/1000 [00:37<08:46,  1.77geom/s]
Geometries:   7%|6         | 68/1000 [00:38<08:26,  1.84geom/s]
Geometries:   7%|6         | 69/1000 [00:38<08:41,  1.79geom/s]
Geometries:   7%|7         | 70/1000 [00:39<08:49,  1.76geom/s]
Geometries:   7%|7         | 71/1000 [00:39<08:31,  1.82geom/s]
Geometries:   7%|7         | 72/1000 [00:40<08:32,  1.81geom/s]
Geometries:   7%|7         | 73/1000 [00:40<08:43,  1.77geom/s]
Geometries:   7%|7         | 74/1000 [00:41<08:33,  1.80geom/s]
Geometries:   8%|7         | 75/1000 [00:42<08:44,  1.76geom/s]
Geometries:   8%|7         | 76/1000 [00:42<08:25,  1.83geom/s]
Geometries:   8%|7         | 77/1000 [00:43<08:37,  1.78geom/s]
Geometries:   8%|7         | 78/1000 [00:43<08:44,  1.76geom/s]
Geometries:   8%|7         | 79/1000 [00:44<08:32,  1.80geom/s]
Geometries:   8%|8         | 80/1000 [00:44<08:35,  1.79geom/s]
Geometries:   8%|8         | 81/1000 [00:45<08:26,  1.81geom/s]
Geometries:   8%|8         | 82/1000 [00:45<08:38,  1.77geom/s]
Geometries:   8%|8         | 83/1000 [00:46<08:45,  1.74geom/s]
Geometries:   8%|8         | 84/1000 [00:47<08:26,  1.81geom/s]
Geometries:   8%|8         | 85/1000 [00:47<08:36,  1.77geom/s]
Geometries:   9%|8         | 86/1000 [00:48<08:41,  1.75geom/s]
Geometries:   9%|8         | 87/1000 [00:48<08:29,  1.79geom/s]
Geometries:   9%|8         | 88/1000 [00:49<08:30,  1.79geom/s]
Geometries:   9%|8         | 89/1000 [00:49<08:13,  1.85geom/s]
Geometries:   9%|9         | 90/1000 [00:50<08:26,  1.80geom/s]
Geometries:   9%|9         | 91/1000 [00:50<08:39,  1.75geom/s]
Geometries:   9%|9         | 92/1000 [00:51<08:18,  1.82geom/s]
Geometries:   9%|9         | 93/1000 [00:52<08:19,  1.82geom/s]
Geometries:   9%|9         | 94/1000 [00:52<08:31,  1.77geom/s]
Geometries:  10%|9         | 95/1000 [00:53<08:20,  1.81geom/s]
Geometries:  10%|9         | 96/1000 [00:53<08:30,  1.77geom/s]
Geometries:  10%|9         | 97/1000 [00:54<08:14,  1.83geom/s]
Geometries:  10%|9         | 98/1000 [00:54<08:27,  1.78geom/s]
Geometries:  10%|9         | 99/1000 [00:55<08:32,  1.76geom/s]
Geometries:  10%|#         | 100/1000 [00:55<08:21,  1.80geom/s]
Geometries:  10%|#         | 101/1000 [00:56<08:24,  1.78geom/s]
Geometries:  10%|#         | 102/1000 [00:57<08:15,  1.81geom/s]
Geometries:  10%|#         | 103/1000 [00:57<08:25,  1.78geom/s]
Geometries:  10%|#         | 104/1000 [00:58<08:29,  1.76geom/s]
Geometries:  10%|#         | 105/1000 [00:58<08:10,  1.82geom/s]
Geometries:  11%|#         | 106/1000 [00:59<08:23,  1.78geom/s]
Geometries:  11%|#         | 107/1000 [00:59<08:31,  1.75geom/s]
Geometries:  11%|#         | 108/1000 [01:00<08:19,  1.79geom/s]
Geometries:  11%|#         | 109/1000 [01:01<08:19,  1.78geom/s]
Geometries:  11%|#1        | 110/1000 [01:01<08:05,  1.83geom/s]
Geometries:  11%|#1        | 111/1000 [01:02<08:17,  1.79geom/s]
Geometries:  11%|#1        | 112/1000 [01:02<08:26,  1.75geom/s]
Geometries:  11%|#1        | 113/1000 [01:03<08:08,  1.82geom/s]
Geometries:  11%|#1        | 114/1000 [01:03<08:12,  1.80geom/s]
Geometries:  12%|#1        | 115/1000 [01:04<08:05,  1.82geom/s]
Geometries:  12%|#1        | 116/1000 [01:04<08:16,  1.78geom/s]
Geometries:  12%|#1        | 117/1000 [01:05<08:21,  1.76geom/s]
Geometries:  12%|#1        | 118/1000 [01:05<08:03,  1.83geom/s]
Geometries:  12%|#1        | 119/1000 [01:06<08:14,  1.78geom/s]
Geometries:  12%|#2        | 120/1000 [01:07<08:22,  1.75geom/s]
Geometries:  12%|#2        | 121/1000 [01:07<08:11,  1.79geom/s]
Geometries:  12%|#2        | 122/1000 [01:08<08:10,  1.79geom/s]
Geometries:  12%|#2        | 123/1000 [01:08<08:02,  1.82geom/s]
Geometries:  12%|#2        | 124/1000 [01:09<08:14,  1.77geom/s]
Geometries:  12%|#2        | 125/1000 [01:09<08:18,  1.76geom/s]
Geometries:  13%|#2        | 126/1000 [01:10<07:59,  1.82geom/s]
Geometries:  13%|#2        | 127/1000 [01:11<08:11,  1.78geom/s]
Geometries:  13%|#2        | 128/1000 [01:11<08:15,  1.76geom/s]
Geometries:  13%|#2        | 129/1000 [01:12<08:03,  1.80geom/s]
Geometries:  13%|#3        | 130/1000 [01:12<08:05,  1.79geom/s]
Geometries:  13%|#3        | 131/1000 [01:13<07:49,  1.85geom/s]
Geometries:  13%|#3        | 132/1000 [01:13<08:02,  1.80geom/s]
Geometries:  13%|#3        | 133/1000 [01:14<08:12,  1.76geom/s]
Geometries:  13%|#3        | 134/1000 [01:14<07:53,  1.83geom/s]
Geometries:  14%|#3        | 135/1000 [01:15<07:54,  1.82geom/s]
Geometries:  14%|#3        | 136/1000 [01:16<07:48,  1.84geom/s]
Geometries:  14%|#3        | 137/1000 [01:16<08:02,  1.79geom/s]
Geometries:  14%|#3        | 138/1000 [01:17<08:09,  1.76geom/s]
Geometries:  14%|#3        | 139/1000 [01:17<07:52,  1.82geom/s]
Geometries:  14%|#4        | 140/1000 [01:18<08:01,  1.79geom/s]
Geometries:  14%|#4        | 141/1000 [01:18<08:09,  1.76geom/s]
Geometries:  14%|#4        | 142/1000 [01:19<07:58,  1.79geom/s]
Geometries:  14%|#4        | 143/1000 [01:19<08:01,  1.78geom/s]
Geometries:  14%|#4        | 144/1000 [01:20<07:49,  1.82geom/s]
Geometries:  14%|#4        | 145/1000 [01:21<07:58,  1.79geom/s]
Geometries:  15%|#4        | 146/1000 [01:21<08:06,  1.75geom/s]
Geometries:  15%|#4        | 147/1000 [01:22<07:48,  1.82geom/s]
Geometries:  15%|#4        | 148/1000 [01:22<07:59,  1.78geom/s]
Geometries:  15%|#4        | 149/1000 [01:23<07:52,  1.80geom/s]
Geometries:  15%|#5        | 150/1000 [01:23<08:02,  1.76geom/s]
Geometries:  15%|#5        | 151/1000 [01:24<08:01,  1.76geom/s]
Geometries:  15%|#5        | 152/1000 [01:24<07:45,  1.82geom/s]
Geometries:  15%|#5        | 153/1000 [01:25<07:57,  1.78geom/s]
Geometries:  15%|#5        | 154/1000 [01:26<08:04,  1.75geom/s]
Geometries:  16%|#5        | 155/1000 [01:26<07:46,  1.81geom/s]
Geometries:  16%|#5        | 156/1000 [01:27<07:53,  1.78geom/s]
Geometries:  16%|#5        | 157/1000 [01:27<07:47,  1.81geom/s]
Geometries:  16%|#5        | 158/1000 [01:28<07:53,  1.78geom/s]
Geometries:  16%|#5        | 159/1000 [01:28<08:00,  1.75geom/s]
Geometries:  16%|#6        | 160/1000 [01:29<07:42,  1.82geom/s]
Geometries:  16%|#6        | 161/1000 [01:30<07:52,  1.78geom/s]
Geometries:  16%|#6        | 162/1000 [01:30<07:42,  1.81geom/s]
Geometries:  16%|#6        | 163/1000 [01:31<07:49,  1.78geom/s]
Geometries:  16%|#6        | 164/1000 [01:31<07:50,  1.78geom/s]
Geometries:  16%|#6        | 165/1000 [01:32<07:42,  1.81geom/s]
Geometries:  17%|#6        | 166/1000 [01:32<07:51,  1.77geom/s]
Geometries:  17%|#6        | 167/1000 [01:33<07:54,  1.76geom/s]
Geometries:  17%|#6        | 168/1000 [01:33<07:36,  1.82geom/s]
Geometries:  17%|#6        | 169/1000 [01:34<07:47,  1.78geom/s]
Geometries:  17%|#7        | 170/1000 [01:35<07:37,  1.82geom/s]
Geometries:  17%|#7        | 171/1000 [01:35<07:45,  1.78geom/s]
Geometries:  17%|#7        | 172/1000 [01:36<07:44,  1.78geom/s]
Geometries:  17%|#7        | 173/1000 [01:36<07:27,  1.85geom/s]
Geometries:  17%|#7        | 174/1000 [01:37<07:39,  1.80geom/s]
Geometries:  18%|#7        | 175/1000 [01:37<07:47,  1.76geom/s]
Geometries:  18%|#7        | 176/1000 [01:38<07:30,  1.83geom/s]
Geometries:  18%|#7        | 177/1000 [01:38<07:31,  1.82geom/s]
Geometries:  18%|#7        | 178/1000 [01:39<07:27,  1.84geom/s]
Geometries:  18%|#7        | 179/1000 [01:40<07:38,  1.79geom/s]
Geometries:  18%|#8        | 180/1000 [01:40<07:47,  1.76geom/s]
Geometries:  18%|#8        | 181/1000 [01:41<07:29,  1.82geom/s]
Geometries:  18%|#8        | 182/1000 [01:41<07:38,  1.79geom/s]
Geometries:  18%|#8        | 183/1000 [01:42<07:28,  1.82geom/s]
Geometries:  18%|#8        | 184/1000 [01:42<07:39,  1.78geom/s]
Geometries:  18%|#8        | 185/1000 [01:43<07:39,  1.77geom/s]
Geometries:  19%|#8        | 186/1000 [01:43<07:29,  1.81geom/s]
Geometries:  19%|#8        | 187/1000 [01:44<07:38,  1.77geom/s]
Geometries:  19%|#8        | 188/1000 [01:45<07:44,  1.75geom/s]
Geometries:  19%|#8        | 189/1000 [01:45<07:26,  1.82geom/s]
Geometries:  19%|#9        | 190/1000 [01:46<07:33,  1.79geom/s]
Geometries:  19%|#9        | 191/1000 [01:46<07:25,  1.82geom/s]
Geometries:  19%|#9        | 192/1000 [01:47<07:35,  1.77geom/s]
Geometries:  19%|#9        | 193/1000 [01:47<07:35,  1.77geom/s]
Geometries:  19%|#9        | 194/1000 [01:48<07:20,  1.83geom/s]
Geometries:  20%|#9        | 195/1000 [01:49<07:31,  1.78geom/s]
Geometries:  20%|#9        | 196/1000 [01:49<07:23,  1.81geom/s]
Geometries:  20%|#9        | 197/1000 [01:50<07:24,  1.81geom/s]
Geometries:  20%|#9        | 198/1000 [01:50<07:26,  1.79geom/s]
Geometries:  20%|#9        | 199/1000 [01:51<07:18,  1.83geom/s]
Geometries:  20%|##        | 200/1000 [01:51<07:28,  1.78geom/s]
Geometries:  20%|##        | 201/1000 [01:52<07:33,  1.76geom/s]
Geometries:  20%|##        | 202/1000 [01:52<07:16,  1.83geom/s]
Geometries:  20%|##        | 203/1000 [01:53<07:26,  1.79geom/s]
Geometries:  20%|##        | 204/1000 [01:53<07:16,  1.82geom/s]
Geometries:  20%|##        | 205/1000 [01:54<07:26,  1.78geom/s]
Geometries:  21%|##        | 206/1000 [01:55<07:26,  1.78geom/s]
Geometries:  21%|##        | 207/1000 [01:55<07:18,  1.81geom/s]
Geometries:  21%|##        | 208/1000 [01:56<07:25,  1.78geom/s]
Geometries:  21%|##        | 209/1000 [01:56<07:16,  1.81geom/s]
Geometries:  21%|##1       | 210/1000 [01:57<07:19,  1.80geom/s]
Geometries:  21%|##1       | 211/1000 [01:57<07:25,  1.77geom/s]
Geometries:  21%|##1       | 212/1000 [01:58<07:15,  1.81geom/s]
Geometries:  21%|##1       | 213/1000 [01:59<07:23,  1.77geom/s]
Geometries:  21%|##1       | 214/1000 [01:59<07:20,  1.78geom/s]
Geometries:  22%|##1       | 215/1000 [02:00<07:05,  1.84geom/s]
Geometries:  22%|##1       | 216/1000 [02:00<07:16,  1.80geom/s]
Geometries:  22%|##1       | 217/1000 [02:01<07:06,  1.84geom/s]
Geometries:  22%|##1       | 218/1000 [02:01<07:09,  1.82geom/s]
Geometries:  22%|##1       | 219/1000 [02:02<07:11,  1.81geom/s]
Geometries:  22%|##2       | 220/1000 [02:02<07:03,  1.84geom/s]
Geometries:  22%|##2       | 221/1000 [02:03<07:12,  1.80geom/s]
Geometries:  22%|##2       | 222/1000 [02:04<07:19,  1.77geom/s]
Geometries:  22%|##2       | 223/1000 [02:04<07:02,  1.84geom/s]
Geometries:  22%|##2       | 224/1000 [02:05<07:11,  1.80geom/s]
Geometries:  22%|##2       | 225/1000 [02:05<07:04,  1.82geom/s]
Geometries:  23%|##2       | 226/1000 [02:06<07:13,  1.79geom/s]
Geometries:  23%|##2       | 227/1000 [02:06<07:13,  1.78geom/s]
Geometries:  23%|##2       | 228/1000 [02:07<07:04,  1.82geom/s]
Geometries:  23%|##2       | 229/1000 [02:07<07:14,  1.78geom/s]
Geometries:  23%|##3       | 230/1000 [02:08<07:04,  1.81geom/s]
Geometries:  23%|##3       | 231/1000 [02:08<07:06,  1.80geom/s]
Geometries:  23%|##3       | 232/1000 [02:09<07:14,  1.77geom/s]
Geometries:  23%|##3       | 233/1000 [02:10<07:02,  1.81geom/s]
Geometries:  23%|##3       | 234/1000 [02:10<07:10,  1.78geom/s]
Geometries:  24%|##3       | 235/1000 [02:11<07:09,  1.78geom/s]
Geometries:  24%|##3       | 236/1000 [02:11<06:54,  1.84geom/s]
Geometries:  24%|##3       | 237/1000 [02:12<07:03,  1.80geom/s]
Geometries:  24%|##3       | 238/1000 [02:12<06:57,  1.83geom/s]
Geometries:  24%|##3       | 239/1000 [02:13<06:59,  1.81geom/s]
Geometries:  24%|##4       | 240/1000 [02:13<06:59,  1.81geom/s]
Geometries:  24%|##4       | 241/1000 [02:14<06:53,  1.84geom/s]
Geometries:  24%|##4       | 242/1000 [02:15<07:03,  1.79geom/s]
Geometries:  24%|##4       | 243/1000 [02:15<06:49,  1.85geom/s]
Geometries:  24%|##4       | 244/1000 [02:16<06:54,  1.82geom/s]
Geometries:  24%|##4       | 245/1000 [02:16<07:03,  1.78geom/s]
Geometries:  25%|##4       | 246/1000 [02:17<06:54,  1.82geom/s]
Geometries:  25%|##4       | 247/1000 [02:17<07:01,  1.79geom/s]
Geometries:  25%|##4       | 248/1000 [02:18<07:02,  1.78geom/s]
Geometries:  25%|##4       | 249/1000 [02:18<06:51,  1.82geom/s]
Geometries:  25%|##5       | 250/1000 [02:19<06:58,  1.79geom/s]
Geometries:  25%|##5       | 251/1000 [02:20<06:51,  1.82geom/s]
Geometries:  25%|##5       | 252/1000 [02:20<06:54,  1.80geom/s]
Geometries:  25%|##5       | 253/1000 [02:21<07:00,  1.78geom/s]
Geometries:  25%|##5       | 254/1000 [02:21<06:52,  1.81geom/s]
Geometries:  26%|##5       | 255/1000 [02:22<06:59,  1.78geom/s]
Geometries:  26%|##5       | 256/1000 [02:22<06:58,  1.78geom/s]
Geometries:  26%|##5       | 257/1000 [02:23<06:44,  1.84geom/s]
Geometries:  26%|##5       | 258/1000 [02:23<06:56,  1.78geom/s]
Geometries:  26%|##5       | 259/1000 [02:24<06:47,  1.82geom/s]
Geometries:  26%|##6       | 260/1000 [02:25<06:49,  1.81geom/s]
Geometries:  26%|##6       | 261/1000 [02:25<06:50,  1.80geom/s]
Geometries:  26%|##6       | 262/1000 [02:26<06:42,  1.84geom/s]
Geometries:  26%|##6       | 263/1000 [02:26<06:51,  1.79geom/s]
Geometries:  26%|##6       | 264/1000 [02:27<06:40,  1.84geom/s]
Geometries:  26%|##6       | 265/1000 [02:27<06:45,  1.81geom/s]
Geometries:  27%|##6       | 266/1000 [02:28<06:52,  1.78geom/s]
Geometries:  27%|##6       | 267/1000 [02:28<06:44,  1.81geom/s]
Geometries:  27%|##6       | 268/1000 [02:29<06:50,  1.78geom/s]
Geometries:  27%|##6       | 269/1000 [02:30<06:50,  1.78geom/s]
Geometries:  27%|##7       | 270/1000 [02:30<06:43,  1.81geom/s]
Geometries:  27%|##7       | 271/1000 [02:31<06:49,  1.78geom/s]
Geometries:  27%|##7       | 272/1000 [02:31<06:40,  1.82geom/s]
Geometries:  27%|##7       | 273/1000 [02:32<06:42,  1.81geom/s]
Geometries:  27%|##7       | 274/1000 [02:32<06:48,  1.78geom/s]
Geometries:  28%|##7       | 275/1000 [02:33<06:40,  1.81geom/s]
Geometries:  28%|##7       | 276/1000 [02:33<06:48,  1.77geom/s]
Geometries:  28%|##7       | 277/1000 [02:34<06:32,  1.84geom/s]
Geometries:  28%|##7       | 278/1000 [02:35<06:43,  1.79geom/s]
Geometries:  28%|##7       | 279/1000 [02:35<06:49,  1.76geom/s]
Geometries:  28%|##8       | 280/1000 [02:36<06:40,  1.80geom/s]
Geometries:  28%|##8       | 281/1000 [02:36<06:42,  1.79geom/s]
Geometries:  28%|##8       | 282/1000 [02:37<06:42,  1.78geom/s]
Geometries:  28%|##8       | 283/1000 [02:37<06:32,  1.83geom/s]
Geometries:  28%|##8       | 284/1000 [02:38<06:41,  1.78geom/s]
Geometries:  28%|##8       | 285/1000 [02:38<06:27,  1.84geom/s]
Geometries:  29%|##8       | 286/1000 [02:39<06:31,  1.82geom/s]
Geometries:  29%|##8       | 287/1000 [02:40<06:40,  1.78geom/s]
Geometries:  29%|##8       | 288/1000 [02:40<06:30,  1.82geom/s]
Geometries:  29%|##8       | 289/1000 [02:41<06:38,  1.78geom/s]
Geometries:  29%|##9       | 290/1000 [02:41<06:26,  1.84geom/s]
Geometries:  29%|##9       | 291/1000 [02:42<06:36,  1.79geom/s]
Geometries:  29%|##9       | 292/1000 [02:42<06:40,  1.77geom/s]
Geometries:  29%|##9       | 293/1000 [02:43<06:31,  1.81geom/s]
Geometries:  29%|##9       | 294/1000 [02:43<06:33,  1.79geom/s]
Geometries:  30%|##9       | 295/1000 [02:44<06:39,  1.77geom/s]
Geometries:  30%|##9       | 296/1000 [02:45<06:30,  1.80geom/s]
Geometries:  30%|##9       | 297/1000 [02:45<06:38,  1.77geom/s]
Geometries:  30%|##9       | 298/1000 [02:46<06:23,  1.83geom/s]
Geometries:  30%|##9       | 299/1000 [02:46<06:29,  1.80geom/s]
Geometries:  30%|###       | 300/1000 [02:47<06:36,  1.76geom/s]
Geometries:  30%|###       | 301/1000 [02:47<06:28,  1.80geom/s]
Geometries:  30%|###       | 302/1000 [02:48<06:26,  1.81geom/s]
Geometries:  30%|###       | 303/1000 [02:48<06:26,  1.80geom/s]
Geometries:  30%|###       | 304/1000 [02:49<06:20,  1.83geom/s]
Geometries:  30%|###       | 305/1000 [02:50<06:29,  1.79geom/s]
Geometries:  31%|###       | 306/1000 [02:50<06:16,  1.84geom/s]
Geometries:  31%|###       | 307/1000 [02:51<06:20,  1.82geom/s]
Geometries:  31%|###       | 308/1000 [02:51<06:26,  1.79geom/s]
Geometries:  31%|###       | 309/1000 [02:52<06:19,  1.82geom/s]
Geometries:  31%|###1      | 310/1000 [02:52<06:28,  1.78geom/s]
Geometries:  31%|###1      | 311/1000 [02:53<06:14,  1.84geom/s]
Geometries:  31%|###1      | 312/1000 [02:53<06:23,  1.79geom/s]
Geometries:  31%|###1      | 313/1000 [02:54<06:29,  1.76geom/s]
Geometries:  31%|###1      | 314/1000 [02:55<06:19,  1.81geom/s]
Geometries:  32%|###1      | 315/1000 [02:55<06:20,  1.80geom/s]
Geometries:  32%|###1      | 316/1000 [02:56<06:28,  1.76geom/s]
Geometries:  32%|###1      | 317/1000 [02:56<06:19,  1.80geom/s]
Geometries:  32%|###1      | 318/1000 [02:57<06:25,  1.77geom/s]
Geometries:  32%|###1      | 319/1000 [02:57<06:11,  1.83geom/s]
Geometries:  32%|###2      | 320/1000 [02:58<06:20,  1.78geom/s]
Geometries:  32%|###2      | 321/1000 [02:59<06:26,  1.76geom/s]
Geometries:  32%|###2      | 322/1000 [02:59<06:18,  1.79geom/s]
Geometries:  32%|###2      | 323/1000 [03:00<06:17,  1.79geom/s]
Geometries:  32%|###2      | 324/1000 [03:00<06:04,  1.86geom/s]
Geometries:  32%|###2      | 325/1000 [03:01<06:14,  1.80geom/s]
Geometries:  33%|###2      | 326/1000 [03:01<06:22,  1.76geom/s]
Geometries:  33%|###2      | 327/1000 [03:02<06:08,  1.83geom/s]
Geometries:  33%|###2      | 328/1000 [03:02<06:10,  1.82geom/s]
Geometries:  33%|###2      | 329/1000 [03:03<06:17,  1.78geom/s]
Geometries:  33%|###3      | 330/1000 [03:03<06:07,  1.82geom/s]
Geometries:  33%|###3      | 331/1000 [03:04<06:15,  1.78geom/s]
Geometries:  33%|###3      | 332/1000 [03:05<06:01,  1.85geom/s]
Geometries:  33%|###3      | 333/1000 [03:05<06:08,  1.81geom/s]
Geometries:  33%|###3      | 334/1000 [03:06<06:14,  1.78geom/s]
Geometries:  34%|###3      | 335/1000 [03:06<06:07,  1.81geom/s]
Geometries:  34%|###3      | 336/1000 [03:07<06:08,  1.80geom/s]
Geometries:  34%|###3      | 337/1000 [03:07<06:02,  1.83geom/s]
Geometries:  34%|###3      | 338/1000 [03:08<06:09,  1.79geom/s]
Geometries:  34%|###3      | 339/1000 [03:08<06:14,  1.76geom/s]
Geometries:  34%|###4      | 340/1000 [03:09<06:00,  1.83geom/s]
Geometries:  34%|###4      | 341/1000 [03:10<06:06,  1.80geom/s]
Geometries:  34%|###4      | 342/1000 [03:10<06:12,  1.77geom/s]
Geometries:  34%|###4      | 343/1000 [03:11<06:03,  1.81geom/s]
Geometries:  34%|###4      | 344/1000 [03:11<06:03,  1.81geom/s]
Geometries:  34%|###4      | 345/1000 [03:12<05:51,  1.86geom/s]
Geometries:  35%|###4      | 346/1000 [03:12<06:00,  1.81geom/s]
Geometries:  35%|###4      | 347/1000 [03:13<06:07,  1.78geom/s]
Geometries:  35%|###4      | 348/1000 [03:13<05:53,  1.84geom/s]
Geometries:  35%|###4      | 349/1000 [03:14<05:56,  1.83geom/s]
Geometries:  35%|###5      | 350/1000 [03:15<06:01,  1.80geom/s]
Geometries:  35%|###5      | 351/1000 [03:15<05:55,  1.83geom/s]
Geometries:  35%|###5      | 352/1000 [03:16<06:03,  1.78geom/s]
Geometries:  35%|###5      | 353/1000 [03:16<05:49,  1.85geom/s]
Geometries:  35%|###5      | 354/1000 [03:17<05:58,  1.80geom/s]
Geometries:  36%|###5      | 355/1000 [03:17<06:03,  1.78geom/s]
Geometries:  36%|###5      | 356/1000 [03:18<05:54,  1.82geom/s]
Geometries:  36%|###5      | 357/1000 [03:18<05:56,  1.80geom/s]
Geometries:  36%|###5      | 358/1000 [03:19<05:51,  1.83geom/s]
Geometries:  36%|###5      | 359/1000 [03:20<05:59,  1.79geom/s]
Geometries:  36%|###6      | 360/1000 [03:20<06:04,  1.76geom/s]
Geometries:  36%|###6      | 361/1000 [03:21<05:49,  1.83geom/s]
Geometries:  36%|###6      | 362/1000 [03:21<05:56,  1.79geom/s]
Geometries:  36%|###6      | 363/1000 [03:22<06:02,  1.76geom/s]
Geometries:  36%|###6      | 364/1000 [03:22<05:54,  1.80geom/s]
Geometries:  36%|###6      | 365/1000 [03:23<05:53,  1.80geom/s]
Geometries:  37%|###6      | 366/1000 [03:23<05:42,  1.85geom/s]
Geometries:  37%|###6      | 367/1000 [03:24<05:51,  1.80geom/s]
Geometries:  37%|###6      | 368/1000 [03:25<05:58,  1.76geom/s]
Geometries:  37%|###6      | 369/1000 [03:25<05:45,  1.83geom/s]
Geometries:  37%|###7      | 370/1000 [03:26<05:48,  1.81geom/s]
Geometries:  37%|###7      | 371/1000 [03:26<05:43,  1.83geom/s]
Geometries:  37%|###7      | 372/1000 [03:27<05:54,  1.77geom/s]
Geometries:  37%|###7      | 373/1000 [03:27<05:58,  1.75geom/s]
Geometries:  37%|###7      | 374/1000 [03:28<05:44,  1.82geom/s]
Geometries:  38%|###7      | 375/1000 [03:28<05:50,  1.78geom/s]
Geometries:  38%|###7      | 376/1000 [03:29<05:55,  1.76geom/s]
Geometries:  38%|###7      | 377/1000 [03:30<05:46,  1.80geom/s]
Geometries:  38%|###7      | 378/1000 [03:30<05:47,  1.79geom/s]
Geometries:  38%|###7      | 379/1000 [03:31<05:40,  1.83geom/s]
Geometries:  38%|###8      | 380/1000 [03:31<05:48,  1.78geom/s]
Geometries:  38%|###8      | 381/1000 [03:32<05:52,  1.76geom/s]
Geometries:  38%|###8      | 382/1000 [03:32<05:39,  1.82geom/s]
Geometries:  38%|###8      | 383/1000 [03:33<05:47,  1.78geom/s]
Geometries:  38%|###8      | 384/1000 [03:34<05:50,  1.76geom/s]
Geometries:  38%|###8      | 385/1000 [03:34<05:42,  1.80geom/s]
Geometries:  39%|###8      | 386/1000 [03:35<05:43,  1.79geom/s]
Geometries:  39%|###8      | 387/1000 [03:35<05:32,  1.84geom/s]
Geometries:  39%|###8      | 388/1000 [03:36<05:40,  1.80geom/s]
Geometries:  39%|###8      | 389/1000 [03:36<05:45,  1.77geom/s]
Geometries:  39%|###9      | 390/1000 [03:37<05:32,  1.84geom/s]
Geometries:  39%|###9      | 391/1000 [03:37<05:35,  1.82geom/s]
Geometries:  39%|###9      | 392/1000 [03:38<05:30,  1.84geom/s]
Geometries:  39%|###9      | 393/1000 [03:38<05:38,  1.79geom/s]
Geometries:  39%|###9      | 394/1000 [03:39<05:42,  1.77geom/s]
Geometries:  40%|###9      | 395/1000 [03:40<05:30,  1.83geom/s]
Geometries:  40%|###9      | 396/1000 [03:40<05:38,  1.78geom/s]
Geometries:  40%|###9      | 397/1000 [03:41<05:43,  1.76geom/s]
Geometries:  40%|###9      | 398/1000 [03:41<05:33,  1.81geom/s]
Geometries:  40%|###9      | 399/1000 [03:42<05:35,  1.79geom/s]
Geometries:  40%|####      | 400/1000 [03:42<05:31,  1.81geom/s]
Geometries:  40%|####      | 401/1000 [03:43<05:41,  1.76geom/s]
Geometries:  40%|####      | 402/1000 [03:44<05:44,  1.74geom/s]
Geometries:  40%|####      | 403/1000 [03:44<05:29,  1.81geom/s]
Geometries:  40%|####      | 404/1000 [03:45<05:35,  1.77geom/s]
Geometries:  40%|####      | 405/1000 [03:45<05:28,  1.81geom/s]
Geometries:  41%|####      | 406/1000 [03:46<05:33,  1.78geom/s]
Geometries:  41%|####      | 407/1000 [03:46<05:33,  1.78geom/s]
Geometries:  41%|####      | 408/1000 [03:47<05:22,  1.84geom/s]
Geometries:  41%|####      | 409/1000 [03:47<05:30,  1.79geom/s]
Geometries:  41%|####1     | 410/1000 [03:48<05:34,  1.76geom/s]
Geometries:  41%|####1     | 411/1000 [03:48<05:21,  1.83geom/s]
Geometries:  41%|####1     | 412/1000 [03:49<05:24,  1.81geom/s]
Geometries:  41%|####1     | 413/1000 [03:50<05:18,  1.84geom/s]
Geometries:  41%|####1     | 414/1000 [03:50<05:26,  1.79geom/s]
Geometries:  42%|####1     | 415/1000 [03:51<05:31,  1.76geom/s]
Geometries:  42%|####1     | 416/1000 [03:51<05:17,  1.84geom/s]
Geometries:  42%|####1     | 417/1000 [03:52<05:25,  1.79geom/s]
Geometries:  42%|####1     | 418/1000 [03:52<05:19,  1.82geom/s]
Geometries:  42%|####1     | 419/1000 [03:53<05:26,  1.78geom/s]
Geometries:  42%|####2     | 420/1000 [03:54<05:25,  1.78geom/s]
Geometries:  42%|####2     | 421/1000 [03:54<05:19,  1.81geom/s]
Geometries:  42%|####2     | 422/1000 [03:55<05:25,  1.77geom/s]
Geometries:  42%|####2     | 423/1000 [03:55<05:30,  1.75geom/s]
Geometries:  42%|####2     | 424/1000 [03:56<05:17,  1.81geom/s]
Geometries:  42%|####2     | 425/1000 [03:56<05:24,  1.77geom/s]
Geometries:  43%|####2     | 426/1000 [03:57<05:16,  1.81geom/s]
Geometries:  43%|####2     | 427/1000 [03:57<05:22,  1.78geom/s]
Geometries:  43%|####2     | 428/1000 [03:58<05:22,  1.77geom/s]
Geometries:  43%|####2     | 429/1000 [03:58<05:09,  1.85geom/s]
Geometries:  43%|####3     | 430/1000 [03:59<05:16,  1.80geom/s]
Geometries:  43%|####3     | 431/1000 [04:00<05:22,  1.77geom/s]
Geometries:  43%|####3     | 432/1000 [04:00<05:10,  1.83geom/s]
Geometries:  43%|####3     | 433/1000 [04:01<05:11,  1.82geom/s]
Geometries:  43%|####3     | 434/1000 [04:01<05:06,  1.85geom/s]
Geometries:  44%|####3     | 435/1000 [04:02<05:13,  1.80geom/s]
Geometries:  44%|####3     | 436/1000 [04:02<05:19,  1.77geom/s]
Geometries:  44%|####3     | 437/1000 [04:03<05:08,  1.83geom/s]
Geometries:  44%|####3     | 438/1000 [04:04<05:13,  1.79geom/s]
Geometries:  44%|####3     | 439/1000 [04:04<05:07,  1.82geom/s]
Geometries:  44%|####4     | 440/1000 [04:05<05:14,  1.78geom/s]
Geometries:  44%|####4     | 441/1000 [04:05<05:13,  1.78geom/s]
Geometries:  44%|####4     | 442/1000 [04:06<05:07,  1.82geom/s]
Geometries:  44%|####4     | 443/1000 [04:06<05:13,  1.78geom/s]
Geometries:  44%|####4     | 444/1000 [04:07<05:16,  1.76geom/s]
Geometries:  44%|####4     | 445/1000 [04:07<05:04,  1.82geom/s]
Geometries:  45%|####4     | 446/1000 [04:08<05:10,  1.78geom/s]
Geometries:  45%|####4     | 447/1000 [04:09<05:04,  1.82geom/s]
Geometries:  45%|####4     | 448/1000 [04:09<05:09,  1.78geom/s]
Geometries:  45%|####4     | 449/1000 [04:10<05:09,  1.78geom/s]
Geometries:  45%|####5     | 450/1000 [04:10<04:58,  1.84geom/s]
Geometries:  45%|####5     | 451/1000 [04:11<05:06,  1.79geom/s]
Geometries:  45%|####5     | 452/1000 [04:11<05:00,  1.82geom/s]
Geometries:  45%|####5     | 453/1000 [04:12<05:00,  1.82geom/s]
Geometries:  45%|####5     | 454/1000 [04:12<05:03,  1.80geom/s]
Geometries:  46%|####5     | 455/1000 [04:13<04:57,  1.83geom/s]
Geometries:  46%|####5     | 456/1000 [04:14<05:03,  1.79geom/s]
Geometries:  46%|####5     | 457/1000 [04:14<05:07,  1.77geom/s]
Geometries:  46%|####5     | 458/1000 [04:15<04:56,  1.83geom/s]
Geometries:  46%|####5     | 459/1000 [04:15<05:02,  1.79geom/s]
Geometries:  46%|####6     | 460/1000 [04:16<04:55,  1.83geom/s]
Geometries:  46%|####6     | 461/1000 [04:16<05:01,  1.79geom/s]
Geometries:  46%|####6     | 462/1000 [04:17<05:01,  1.79geom/s]
Geometries:  46%|####6     | 463/1000 [04:17<04:55,  1.82geom/s]
Geometries:  46%|####6     | 464/1000 [04:18<05:00,  1.78geom/s]
Geometries:  46%|####6     | 465/1000 [04:19<04:55,  1.81geom/s]
Geometries:  47%|####6     | 466/1000 [04:19<04:56,  1.80geom/s]
Geometries:  47%|####6     | 467/1000 [04:20<05:00,  1.78geom/s]
Geometries:  47%|####6     | 468/1000 [04:20<04:54,  1.81geom/s]
Geometries:  47%|####6     | 469/1000 [04:21<04:59,  1.77geom/s]
Geometries:  47%|####6     | 470/1000 [04:21<04:58,  1.78geom/s]
Geometries:  47%|####7     | 471/1000 [04:22<04:46,  1.85geom/s]
Geometries:  47%|####7     | 472/1000 [04:22<04:53,  1.80geom/s]
Geometries:  47%|####7     | 473/1000 [04:23<04:48,  1.83geom/s]
Geometries:  47%|####7     | 474/1000 [04:23<04:47,  1.83geom/s]
Geometries:  48%|####7     | 475/1000 [04:24<04:49,  1.81geom/s]
Geometries:  48%|####7     | 476/1000 [04:25<04:44,  1.84geom/s]
Geometries:  48%|####7     | 477/1000 [04:25<04:49,  1.81geom/s]
Geometries:  48%|####7     | 478/1000 [04:26<04:54,  1.77geom/s]
Geometries:  48%|####7     | 479/1000 [04:26<04:44,  1.83geom/s]
Geometries:  48%|####8     | 480/1000 [04:27<04:54,  1.77geom/s]
Geometries:  48%|####8     | 481/1000 [04:27<04:48,  1.80geom/s]
Geometries:  48%|####8     | 482/1000 [04:28<04:52,  1.77geom/s]
Geometries:  48%|####8     | 483/1000 [04:29<04:51,  1.77geom/s]
Geometries:  48%|####8     | 484/1000 [04:29<04:45,  1.81geom/s]
Geometries:  48%|####8     | 485/1000 [04:30<04:49,  1.78geom/s]
Geometries:  49%|####8     | 486/1000 [04:30<04:43,  1.81geom/s]
Geometries:  49%|####8     | 487/1000 [04:31<04:44,  1.80geom/s]
Geometries:  49%|####8     | 488/1000 [04:31<04:49,  1.77geom/s]
Geometries:  49%|####8     | 489/1000 [04:32<04:41,  1.82geom/s]
Geometries:  49%|####9     | 490/1000 [04:32<04:46,  1.78geom/s]
Geometries:  49%|####9     | 491/1000 [04:33<04:45,  1.78geom/s]
Geometries:  49%|####9     | 492/1000 [04:33<04:35,  1.84geom/s]
Geometries:  49%|####9     | 493/1000 [04:34<04:41,  1.80geom/s]
Geometries:  49%|####9     | 494/1000 [04:35<04:36,  1.83geom/s]
Geometries:  50%|####9     | 495/1000 [04:35<04:37,  1.82geom/s]
Geometries:  50%|####9     | 496/1000 [04:36<04:38,  1.81geom/s]
Geometries:  50%|####9     | 497/1000 [04:36<04:33,  1.84geom/s]
Geometries:  50%|####9     | 498/1000 [04:37<04:39,  1.79geom/s]
Geometries:  50%|####9     | 499/1000 [04:37<04:30,  1.85geom/s]
Geometries:  50%|#####     | 500/1000 [04:38<04:33,  1.83geom/s]
Geometries:  50%|#####     | 501/1000 [04:38<04:38,  1.79geom/s]
Geometries:  50%|#####     | 502/1000 [04:39<04:32,  1.83geom/s]
Geometries:  50%|#####     | 503/1000 [04:40<04:37,  1.79geom/s]
Geometries:  50%|#####     | 504/1000 [04:40<04:37,  1.79geom/s]
Geometries:  50%|#####     | 505/1000 [04:41<04:31,  1.82geom/s]
Geometries:  51%|#####     | 506/1000 [04:41<04:36,  1.78geom/s]
Geometries:  51%|#####     | 507/1000 [04:42<04:30,  1.82geom/s]
Geometries:  51%|#####     | 508/1000 [04:42<04:31,  1.81geom/s]
Geometries:  51%|#####     | 509/1000 [04:43<04:36,  1.78geom/s]
Geometries:  51%|#####1    | 510/1000 [04:43<04:31,  1.80geom/s]
Geometries:  51%|#####1    | 511/1000 [04:44<04:35,  1.77geom/s]
Geometries:  51%|#####1    | 512/1000 [04:45<04:34,  1.78geom/s]
Geometries:  51%|#####1    | 513/1000 [04:45<04:24,  1.84geom/s]
Geometries:  51%|#####1    | 514/1000 [04:46<04:30,  1.80geom/s]
Geometries:  52%|#####1    | 515/1000 [04:46<04:24,  1.83geom/s]
Geometries:  52%|#####1    | 516/1000 [04:47<04:26,  1.82geom/s]
Geometries:  52%|#####1    | 517/1000 [04:47<04:27,  1.80geom/s]
Geometries:  52%|#####1    | 518/1000 [04:48<04:22,  1.83geom/s]
Geometries:  52%|#####1    | 519/1000 [04:48<04:28,  1.79geom/s]
Geometries:  52%|#####2    | 520/1000 [04:49<04:18,  1.86geom/s]
Geometries:  52%|#####2    | 521/1000 [04:50<04:21,  1.83geom/s]
Geometries:  52%|#####2    | 522/1000 [04:50<04:27,  1.79geom/s]
Geometries:  52%|#####2    | 523/1000 [04:51<04:22,  1.82geom/s]
Geometries:  52%|#####2    | 524/1000 [04:51<04:27,  1.78geom/s]
Geometries:  52%|#####2    | 525/1000 [04:52<04:25,  1.79geom/s]
Geometries:  53%|#####2    | 526/1000 [04:52<04:20,  1.82geom/s]
Geometries:  53%|#####2    | 527/1000 [04:53<04:25,  1.78geom/s]
Geometries:  53%|#####2    | 528/1000 [04:53<04:20,  1.81geom/s]
Geometries:  53%|#####2    | 529/1000 [04:54<04:19,  1.81geom/s]
Geometries:  53%|#####3    | 530/1000 [04:55<04:24,  1.78geom/s]
Geometries:  53%|#####3    | 531/1000 [04:55<04:18,  1.81geom/s]
Geometries:  53%|#####3    | 532/1000 [04:56<04:23,  1.78geom/s]
Geometries:  53%|#####3    | 533/1000 [04:56<04:13,  1.84geom/s]
Geometries:  53%|#####3    | 534/1000 [04:57<04:19,  1.80geom/s]
Geometries:  54%|#####3    | 535/1000 [04:57<04:23,  1.77geom/s]
Geometries:  54%|#####3    | 536/1000 [04:58<04:17,  1.81geom/s]
Geometries:  54%|#####3    | 537/1000 [04:58<04:17,  1.80geom/s]
Geometries:  54%|#####3    | 538/1000 [04:59<04:16,  1.80geom/s]
Geometries:  54%|#####3    | 539/1000 [05:00<04:13,  1.82geom/s]
Geometries:  54%|#####4    | 540/1000 [05:00<04:18,  1.78geom/s]
Geometries:  54%|#####4    | 541/1000 [05:01<04:09,  1.84geom/s]
Geometries:  54%|#####4    | 542/1000 [05:01<04:09,  1.83geom/s]
Geometries:  54%|#####4    | 543/1000 [05:02<04:14,  1.79geom/s]
Geometries:  54%|#####4    | 544/1000 [05:02<04:09,  1.82geom/s]
Geometries:  55%|#####4    | 545/1000 [05:03<04:14,  1.79geom/s]
Geometries:  55%|#####4    | 546/1000 [05:03<04:06,  1.84geom/s]
Geometries:  55%|#####4    | 547/1000 [05:04<04:11,  1.80geom/s]
Geometries:  55%|#####4    | 548/1000 [05:05<04:16,  1.76geom/s]
Geometries:  55%|#####4    | 549/1000 [05:05<04:10,  1.80geom/s]
Geometries:  55%|#####5    | 550/1000 [05:06<04:11,  1.79geom/s]
Geometries:  55%|#####5    | 551/1000 [05:06<04:14,  1.76geom/s]
Geometries:  55%|#####5    | 552/1000 [05:07<04:07,  1.81geom/s]
Geometries:  55%|#####5    | 553/1000 [05:07<04:11,  1.78geom/s]
Geometries:  55%|#####5    | 554/1000 [05:08<04:02,  1.84geom/s]
Geometries:  56%|#####5    | 555/1000 [05:08<04:07,  1.80geom/s]
Geometries:  56%|#####5    | 556/1000 [05:09<04:11,  1.77geom/s]
Geometries:  56%|#####5    | 557/1000 [05:10<04:05,  1.81geom/s]
Geometries:  56%|#####5    | 558/1000 [05:10<04:06,  1.80geom/s]
Geometries:  56%|#####5    | 559/1000 [05:11<04:06,  1.79geom/s]
Geometries:  56%|#####6    | 560/1000 [05:11<04:01,  1.82geom/s]
Geometries:  56%|#####6    | 561/1000 [05:12<04:06,  1.78geom/s]
Geometries:  56%|#####6    | 562/1000 [05:12<03:56,  1.85geom/s]
Geometries:  56%|#####6    | 563/1000 [05:13<03:59,  1.83geom/s]
Geometries:  56%|#####6    | 564/1000 [05:13<04:04,  1.79geom/s]
Geometries:  56%|#####6    | 565/1000 [05:14<03:58,  1.82geom/s]
Geometries:  57%|#####6    | 566/1000 [05:15<04:03,  1.78geom/s]
Geometries:  57%|#####6    | 567/1000 [05:15<03:55,  1.84geom/s]
Geometries:  57%|#####6    | 568/1000 [05:16<04:00,  1.80geom/s]
Geometries:  57%|#####6    | 569/1000 [05:16<04:03,  1.77geom/s]
Geometries:  57%|#####6    | 570/1000 [05:17<03:57,  1.81geom/s]
Geometries:  57%|#####7    | 571/1000 [05:17<03:58,  1.80geom/s]
Geometries:  57%|#####7    | 572/1000 [05:18<04:01,  1.77geom/s]
Geometries:  57%|#####7    | 573/1000 [05:18<03:56,  1.81geom/s]
Geometries:  57%|#####7    | 574/1000 [05:19<03:59,  1.78geom/s]
Geometries:  57%|#####7    | 575/1000 [05:19<03:50,  1.84geom/s]
Geometries:  58%|#####7    | 576/1000 [05:20<03:55,  1.80geom/s]
Geometries:  58%|#####7    | 577/1000 [05:21<03:58,  1.77geom/s]
Geometries:  58%|#####7    | 578/1000 [05:21<03:53,  1.81geom/s]
Geometries:  58%|#####7    | 579/1000 [05:22<03:54,  1.80geom/s]
Geometries:  58%|#####8    | 580/1000 [05:22<03:45,  1.86geom/s]
Geometries:  58%|#####8    | 581/1000 [05:23<03:50,  1.82geom/s]
Geometries:  58%|#####8    | 582/1000 [05:23<03:55,  1.78geom/s]
Geometries:  58%|#####8    | 583/1000 [05:24<03:46,  1.84geom/s]
Geometries:  58%|#####8    | 584/1000 [05:24<03:48,  1.82geom/s]
Geometries:  58%|#####8    | 585/1000 [05:25<03:52,  1.78geom/s]
Geometries:  59%|#####8    | 586/1000 [05:26<03:47,  1.82geom/s]
Geometries:  59%|#####8    | 587/1000 [05:26<03:51,  1.78geom/s]
Geometries:  59%|#####8    | 588/1000 [05:27<03:45,  1.83geom/s]
Geometries:  59%|#####8    | 589/1000 [05:27<03:50,  1.78geom/s]
Geometries:  59%|#####8    | 590/1000 [05:28<03:53,  1.75geom/s]
Geometries:  59%|#####9    | 591/1000 [05:28<03:48,  1.79geom/s]
Geometries:  59%|#####9    | 592/1000 [05:29<03:47,  1.79geom/s]
Geometries:  59%|#####9    | 593/1000 [05:29<03:43,  1.82geom/s]
Geometries:  59%|#####9    | 594/1000 [05:30<03:47,  1.78geom/s]
Geometries:  60%|#####9    | 595/1000 [05:31<03:50,  1.76geom/s]
Geometries:  60%|#####9    | 596/1000 [05:31<03:41,  1.82geom/s]
Geometries:  60%|#####9    | 597/1000 [05:32<03:45,  1.79geom/s]
Geometries:  60%|#####9    | 598/1000 [05:32<03:48,  1.76geom/s]
Geometries:  60%|#####9    | 599/1000 [05:33<03:43,  1.80geom/s]
Geometries:  60%|######    | 600/1000 [05:33<03:44,  1.78geom/s]
Geometries:  60%|######    | 601/1000 [05:34<03:36,  1.85geom/s]
Geometries:  60%|######    | 602/1000 [05:35<03:40,  1.80geom/s]
Geometries:  60%|######    | 603/1000 [05:35<03:43,  1.77geom/s]
Geometries:  60%|######    | 604/1000 [05:36<03:35,  1.84geom/s]
Geometries:  60%|######    | 605/1000 [05:36<03:38,  1.81geom/s]
Geometries:  61%|######    | 606/1000 [05:37<03:42,  1.77geom/s]
Geometries:  61%|######    | 607/1000 [05:37<03:37,  1.80geom/s]
Geometries:  61%|######    | 608/1000 [05:38<03:41,  1.77geom/s]
Geometries:  61%|######    | 609/1000 [05:38<03:33,  1.83geom/s]
Geometries:  61%|######1   | 610/1000 [05:39<03:37,  1.79geom/s]
Geometries:  61%|######1   | 611/1000 [05:40<03:39,  1.77geom/s]
Geometries:  61%|######1   | 612/1000 [05:40<03:34,  1.81geom/s]
Geometries:  61%|######1   | 613/1000 [05:41<03:35,  1.80geom/s]
Geometries:  61%|######1   | 614/1000 [05:41<03:31,  1.83geom/s]
Geometries:  62%|######1   | 615/1000 [05:42<03:34,  1.79geom/s]
Geometries:  62%|######1   | 616/1000 [05:42<03:37,  1.76geom/s]
Geometries:  62%|######1   | 617/1000 [05:43<03:28,  1.84geom/s]
Geometries:  62%|######1   | 618/1000 [05:43<03:32,  1.79geom/s]
Geometries:  62%|######1   | 619/1000 [05:44<03:35,  1.77geom/s]
Geometries:  62%|######2   | 620/1000 [05:45<03:29,  1.81geom/s]
Geometries:  62%|######2   | 621/1000 [05:45<03:30,  1.80geom/s]
Geometries:  62%|######2   | 622/1000 [05:46<03:23,  1.86geom/s]
Geometries:  62%|######2   | 623/1000 [05:46<03:28,  1.81geom/s]
Geometries:  62%|######2   | 624/1000 [05:47<03:31,  1.78geom/s]
Geometries:  62%|######2   | 625/1000 [05:47<03:23,  1.84geom/s]
Geometries:  63%|######2   | 626/1000 [05:48<03:25,  1.82geom/s]
Geometries:  63%|######2   | 627/1000 [05:48<03:22,  1.84geom/s]
Geometries:  63%|######2   | 628/1000 [05:49<03:26,  1.80geom/s]
Geometries:  63%|######2   | 629/1000 [05:50<03:28,  1.78geom/s]
Geometries:  63%|######3   | 630/1000 [05:50<03:20,  1.84geom/s]
Geometries:  63%|######3   | 631/1000 [05:51<03:25,  1.80geom/s]
Geometries:  63%|######3   | 632/1000 [05:51<03:28,  1.76geom/s]
Geometries:  63%|######3   | 633/1000 [05:52<03:22,  1.81geom/s]
Geometries:  63%|######3   | 634/1000 [05:52<03:23,  1.80geom/s]
Geometries:  64%|######3   | 635/1000 [05:53<03:18,  1.84geom/s]
Geometries:  64%|######3   | 636/1000 [05:53<03:23,  1.79geom/s]
Geometries:  64%|######3   | 637/1000 [05:54<03:25,  1.76geom/s]
Geometries:  64%|######3   | 638/1000 [05:54<03:16,  1.84geom/s]
Geometries:  64%|######3   | 639/1000 [05:55<03:21,  1.79geom/s]
Geometries:  64%|######4   | 640/1000 [05:56<03:23,  1.77geom/s]
Geometries:  64%|######4   | 641/1000 [05:56<03:18,  1.81geom/s]
Geometries:  64%|######4   | 642/1000 [05:57<03:19,  1.80geom/s]
Geometries:  64%|######4   | 643/1000 [05:57<03:12,  1.86geom/s]
Geometries:  64%|######4   | 644/1000 [05:58<03:16,  1.81geom/s]
Geometries:  64%|######4   | 645/1000 [05:58<03:19,  1.78geom/s]
Geometries:  65%|######4   | 646/1000 [05:59<03:12,  1.84geom/s]
Geometries:  65%|######4   | 647/1000 [05:59<03:13,  1.82geom/s]
Geometries:  65%|######4   | 648/1000 [06:00<03:10,  1.85geom/s]
Geometries:  65%|######4   | 649/1000 [06:01<03:15,  1.80geom/s]
Geometries:  65%|######5   | 650/1000 [06:01<03:18,  1.77geom/s]
Geometries:  65%|######5   | 651/1000 [06:02<03:10,  1.83geom/s]
Geometries:  65%|######5   | 652/1000 [06:02<03:14,  1.79geom/s]
Geometries:  65%|######5   | 653/1000 [06:03<03:16,  1.76geom/s]
Geometries:  65%|######5   | 654/1000 [06:03<03:12,  1.80geom/s]
Geometries:  66%|######5   | 655/1000 [06:04<03:11,  1.80geom/s]
Geometries:  66%|######5   | 656/1000 [06:04<03:07,  1.83geom/s]
Geometries:  66%|######5   | 657/1000 [06:05<03:10,  1.80geom/s]
Geometries:  66%|######5   | 658/1000 [06:06<03:13,  1.76geom/s]
Geometries:  66%|######5   | 659/1000 [06:06<03:06,  1.83geom/s]
Geometries:  66%|######6   | 660/1000 [06:07<03:10,  1.79geom/s]
Geometries:  66%|######6   | 661/1000 [06:07<03:05,  1.82geom/s]
Geometries:  66%|######6   | 662/1000 [06:08<03:09,  1.79geom/s]
Geometries:  66%|######6   | 663/1000 [06:08<03:08,  1.78geom/s]
Geometries:  66%|######6   | 664/1000 [06:09<03:02,  1.84geom/s]
Geometries:  66%|######6   | 665/1000 [06:09<03:06,  1.80geom/s]
Geometries:  67%|######6   | 666/1000 [06:10<03:09,  1.76geom/s]
Geometries:  67%|######6   | 667/1000 [06:11<03:01,  1.83geom/s]
Geometries:  67%|######6   | 668/1000 [06:11<03:02,  1.82geom/s]
Geometries:  67%|######6   | 669/1000 [06:12<02:59,  1.85geom/s]
Geometries:  67%|######7   | 670/1000 [06:12<03:03,  1.80geom/s]
Geometries:  67%|######7   | 671/1000 [06:13<03:06,  1.76geom/s]
Geometries:  67%|######7   | 672/1000 [06:13<02:59,  1.83geom/s]
Geometries:  67%|######7   | 673/1000 [06:14<03:02,  1.79geom/s]
Geometries:  67%|######7   | 674/1000 [06:14<02:59,  1.82geom/s]
Geometries:  68%|######7   | 675/1000 [06:15<03:02,  1.78geom/s]
Geometries:  68%|######7   | 676/1000 [06:16<03:01,  1.79geom/s]
Geometries:  68%|######7   | 677/1000 [06:16<02:57,  1.82geom/s]
Geometries:  68%|######7   | 678/1000 [06:17<03:01,  1.77geom/s]
Geometries:  68%|######7   | 679/1000 [06:17<03:02,  1.76geom/s]
Geometries:  68%|######8   | 680/1000 [06:18<02:55,  1.82geom/s]
Geometries:  68%|######8   | 681/1000 [06:18<02:58,  1.79geom/s]
Geometries:  68%|######8   | 682/1000 [06:19<02:54,  1.82geom/s]
Geometries:  68%|######8   | 683/1000 [06:19<02:58,  1.77geom/s]
Geometries:  68%|######8   | 684/1000 [06:20<02:58,  1.77geom/s]
Geometries:  68%|######8   | 685/1000 [06:21<02:51,  1.83geom/s]
Geometries:  69%|######8   | 686/1000 [06:21<02:55,  1.79geom/s]
Geometries:  69%|######8   | 687/1000 [06:22<02:57,  1.76geom/s]
Geometries:  69%|######8   | 688/1000 [06:22<02:50,  1.83geom/s]
Geometries:  69%|######8   | 689/1000 [06:23<02:50,  1.82geom/s]
Geometries:  69%|######9   | 690/1000 [06:23<02:48,  1.84geom/s]
Geometries:  69%|######9   | 691/1000 [06:24<02:52,  1.79geom/s]
Geometries:  69%|######9   | 692/1000 [06:24<02:54,  1.76geom/s]
Geometries:  69%|######9   | 693/1000 [06:25<02:47,  1.83geom/s]
Geometries:  69%|######9   | 694/1000 [06:26<02:51,  1.79geom/s]
Geometries:  70%|######9   | 695/1000 [06:26<02:47,  1.82geom/s]
Geometries:  70%|######9   | 696/1000 [06:27<02:51,  1.77geom/s]
Geometries:  70%|######9   | 697/1000 [06:27<02:51,  1.76geom/s]
Geometries:  70%|######9   | 698/1000 [06:28<02:47,  1.81geom/s]
Geometries:  70%|######9   | 699/1000 [06:28<02:50,  1.76geom/s]
Geometries:  70%|#######   | 700/1000 [06:29<02:52,  1.74geom/s]
Geometries:  70%|#######   | 701/1000 [06:29<02:45,  1.81geom/s]
Geometries:  70%|#######   | 702/1000 [06:30<02:48,  1.77geom/s]
Geometries:  70%|#######   | 703/1000 [06:31<02:45,  1.80geom/s]
Geometries:  70%|#######   | 704/1000 [06:31<02:48,  1.75geom/s]
Geometries:  70%|#######   | 705/1000 [06:32<02:48,  1.75geom/s]
Geometries:  71%|#######   | 706/1000 [06:32<02:42,  1.81geom/s]
Geometries:  71%|#######   | 707/1000 [06:33<02:45,  1.77geom/s]
Geometries:  71%|#######   | 708/1000 [06:33<02:42,  1.80geom/s]
Geometries:  71%|#######   | 709/1000 [06:34<02:42,  1.79geom/s]
Geometries:  71%|#######1  | 710/1000 [06:35<02:42,  1.79geom/s]
Geometries:  71%|#######1  | 711/1000 [06:35<02:39,  1.82geom/s]
Geometries:  71%|#######1  | 712/1000 [06:36<02:42,  1.78geom/s]
Geometries:  71%|#######1  | 713/1000 [06:36<02:44,  1.75geom/s]
Geometries:  71%|#######1  | 714/1000 [06:37<02:37,  1.81geom/s]
Geometries:  72%|#######1  | 715/1000 [06:37<02:41,  1.77geom/s]
Geometries:  72%|#######1  | 716/1000 [06:38<02:37,  1.80geom/s]
Geometries:  72%|#######1  | 717/1000 [06:38<02:40,  1.76geom/s]
Geometries:  72%|#######1  | 718/1000 [06:39<02:40,  1.76geom/s]
Geometries:  72%|#######1  | 719/1000 [06:40<02:36,  1.80geom/s]
Geometries:  72%|#######2  | 720/1000 [06:40<02:38,  1.77geom/s]
Geometries:  72%|#######2  | 721/1000 [06:41<02:34,  1.80geom/s]
Geometries:  72%|#######2  | 722/1000 [06:41<02:35,  1.79geom/s]
Geometries:  72%|#######2  | 723/1000 [06:42<02:37,  1.76geom/s]
Geometries:  72%|#######2  | 724/1000 [06:42<02:34,  1.79geom/s]
Geometries:  72%|#######2  | 725/1000 [06:43<02:36,  1.75geom/s]
Geometries:  73%|#######2  | 726/1000 [06:44<02:35,  1.76geom/s]
Geometries:  73%|#######2  | 727/1000 [06:44<02:29,  1.82geom/s]
Geometries:  73%|#######2  | 728/1000 [06:45<02:33,  1.78geom/s]
Geometries:  73%|#######2  | 729/1000 [06:45<02:30,  1.80geom/s]
Geometries:  73%|#######3  | 730/1000 [06:46<02:30,  1.79geom/s]
Geometries:  73%|#######3  | 731/1000 [06:46<02:29,  1.79geom/s]
Geometries:  73%|#######3  | 732/1000 [06:47<02:26,  1.83geom/s]
Geometries:  73%|#######3  | 733/1000 [06:47<02:29,  1.78geom/s]
Geometries:  73%|#######3  | 734/1000 [06:48<02:31,  1.75geom/s]
Geometries:  74%|#######3  | 735/1000 [06:49<02:25,  1.82geom/s]
Geometries:  74%|#######3  | 736/1000 [06:49<02:28,  1.78geom/s]
Geometries:  74%|#######3  | 737/1000 [06:50<02:25,  1.81geom/s]
Geometries:  74%|#######3  | 738/1000 [06:50<02:28,  1.76geom/s]
Geometries:  74%|#######3  | 739/1000 [06:51<02:28,  1.76geom/s]
Geometries:  74%|#######4  | 740/1000 [06:51<02:25,  1.79geom/s]
Geometries:  74%|#######4  | 741/1000 [06:52<02:27,  1.76geom/s]
Geometries:  74%|#######4  | 742/1000 [06:52<02:23,  1.80geom/s]
Geometries:  74%|#######4  | 743/1000 [06:53<02:23,  1.79geom/s]
Geometries:  74%|#######4  | 744/1000 [06:54<02:26,  1.75geom/s]
Geometries:  74%|#######4  | 745/1000 [06:54<02:22,  1.79geom/s]
Geometries:  75%|#######4  | 746/1000 [06:55<02:24,  1.76geom/s]
Geometries:  75%|#######4  | 747/1000 [06:55<02:23,  1.76geom/s]
Geometries:  75%|#######4  | 748/1000 [06:56<02:18,  1.82geom/s]
Geometries:  75%|#######4  | 749/1000 [06:56<02:20,  1.79geom/s]
Geometries:  75%|#######5  | 750/1000 [06:57<02:17,  1.82geom/s]
Geometries:  75%|#######5  | 751/1000 [06:58<02:18,  1.80geom/s]
Geometries:  75%|#######5  | 752/1000 [06:58<02:18,  1.79geom/s]
Geometries:  75%|#######5  | 753/1000 [06:59<02:15,  1.82geom/s]
Geometries:  75%|#######5  | 754/1000 [06:59<02:17,  1.78geom/s]
Geometries:  76%|#######5  | 755/1000 [07:00<02:13,  1.84geom/s]
Geometries:  76%|#######5  | 756/1000 [07:00<02:14,  1.81geom/s]
Geometries:  76%|#######5  | 757/1000 [07:01<02:16,  1.78geom/s]
Geometries:  76%|#######5  | 758/1000 [07:01<02:13,  1.81geom/s]
Geometries:  76%|#######5  | 759/1000 [07:02<02:15,  1.78geom/s]
Geometries:  76%|#######6  | 760/1000 [07:03<02:15,  1.77geom/s]
Geometries:  76%|#######6  | 761/1000 [07:03<02:12,  1.81geom/s]
Geometries:  76%|#######6  | 762/1000 [07:04<02:13,  1.78geom/s]
Geometries:  76%|#######6  | 763/1000 [07:04<02:11,  1.80geom/s]
Geometries:  76%|#######6  | 764/1000 [07:05<02:11,  1.80geom/s]
Geometries:  76%|#######6  | 765/1000 [07:05<02:12,  1.77geom/s]
Geometries:  77%|#######6  | 766/1000 [07:06<02:09,  1.81geom/s]
Geometries:  77%|#######6  | 767/1000 [07:06<02:12,  1.76geom/s]
Geometries:  77%|#######6  | 768/1000 [07:07<02:11,  1.77geom/s]
Geometries:  77%|#######6  | 769/1000 [07:08<02:06,  1.83geom/s]
Geometries:  77%|#######7  | 770/1000 [07:08<02:09,  1.78geom/s]
Geometries:  77%|#######7  | 771/1000 [07:09<02:06,  1.81geom/s]
Geometries:  77%|#######7  | 772/1000 [07:09<02:06,  1.80geom/s]
Geometries:  77%|#######7  | 773/1000 [07:10<02:06,  1.80geom/s]
Geometries:  77%|#######7  | 774/1000 [07:10<02:03,  1.83geom/s]
Geometries:  78%|#######7  | 775/1000 [07:11<02:06,  1.78geom/s]
Geometries:  78%|#######7  | 776/1000 [07:11<02:02,  1.83geom/s]
Geometries:  78%|#######7  | 777/1000 [07:12<02:02,  1.82geom/s]
Geometries:  78%|#######7  | 778/1000 [07:13<02:05,  1.77geom/s]
Geometries:  78%|#######7  | 779/1000 [07:13<02:02,  1.80geom/s]
Geometries:  78%|#######8  | 780/1000 [07:14<02:04,  1.77geom/s]
Geometries:  78%|#######8  | 781/1000 [07:14<02:04,  1.76geom/s]
Geometries:  78%|#######8  | 782/1000 [07:15<02:01,  1.80geom/s]
Geometries:  78%|#######8  | 783/1000 [07:15<02:02,  1.77geom/s]
Geometries:  78%|#######8  | 784/1000 [07:16<01:59,  1.81geom/s]
Geometries:  78%|#######8  | 785/1000 [07:16<01:59,  1.79geom/s]
Geometries:  79%|#######8  | 786/1000 [07:17<02:01,  1.76geom/s]
Geometries:  79%|#######8  | 787/1000 [07:18<01:58,  1.80geom/s]
Geometries:  79%|#######8  | 788/1000 [07:18<01:59,  1.77geom/s]
Geometries:  79%|#######8  | 789/1000 [07:19<01:55,  1.83geom/s]
Geometries:  79%|#######9  | 790/1000 [07:19<01:57,  1.78geom/s]
Geometries:  79%|#######9  | 791/1000 [07:20<01:58,  1.76geom/s]
Geometries:  79%|#######9  | 792/1000 [07:20<01:56,  1.79geom/s]
Geometries:  79%|#######9  | 793/1000 [07:21<01:56,  1.78geom/s]
Geometries:  79%|#######9  | 794/1000 [07:22<01:55,  1.78geom/s]
Geometries:  80%|#######9  | 795/1000 [07:22<01:53,  1.81geom/s]
Geometries:  80%|#######9  | 796/1000 [07:23<01:55,  1.77geom/s]
Geometries:  80%|#######9  | 797/1000 [07:23<01:50,  1.83geom/s]
Geometries:  80%|#######9  | 798/1000 [07:24<01:51,  1.81geom/s]
Geometries:  80%|#######9  | 799/1000 [07:24<01:53,  1.77geom/s]
Geometries:  80%|########  | 800/1000 [07:25<01:51,  1.80geom/s]
Geometries:  80%|########  | 801/1000 [07:25<01:52,  1.77geom/s]
Geometries:  80%|########  | 802/1000 [07:26<01:48,  1.83geom/s]
Geometries:  80%|########  | 803/1000 [07:27<01:51,  1.77geom/s]
Geometries:  80%|########  | 804/1000 [07:27<01:52,  1.74geom/s]
Geometries:  80%|########  | 805/1000 [07:28<01:50,  1.77geom/s]
Geometries:  81%|########  | 806/1000 [07:28<01:49,  1.77geom/s]
Geometries:  81%|########  | 807/1000 [07:29<01:50,  1.75geom/s]
Geometries:  81%|########  | 808/1000 [07:29<01:47,  1.79geom/s]
Geometries:  81%|########  | 809/1000 [07:30<01:48,  1.76geom/s]
Geometries:  81%|########1 | 810/1000 [07:30<01:44,  1.82geom/s]
Geometries:  81%|########1 | 811/1000 [07:31<01:46,  1.78geom/s]
Geometries:  81%|########1 | 812/1000 [07:32<01:47,  1.75geom/s]
Geometries:  81%|########1 | 813/1000 [07:32<01:44,  1.79geom/s]
Geometries:  81%|########1 | 814/1000 [07:33<01:44,  1.79geom/s]
Geometries:  82%|########1 | 815/1000 [07:33<01:44,  1.78geom/s]
Geometries:  82%|########1 | 816/1000 [07:34<01:41,  1.81geom/s]
Geometries:  82%|########1 | 817/1000 [07:34<01:43,  1.77geom/s]
Geometries:  82%|########1 | 818/1000 [07:35<01:39,  1.83geom/s]
Geometries:  82%|########1 | 819/1000 [07:36<01:39,  1.82geom/s]
Geometries:  82%|########2 | 820/1000 [07:36<01:41,  1.78geom/s]
Geometries:  82%|########2 | 821/1000 [07:37<01:39,  1.81geom/s]
Geometries:  82%|########2 | 822/1000 [07:37<01:40,  1.77geom/s]
Geometries:  82%|########2 | 823/1000 [07:38<01:36,  1.84geom/s]
Geometries:  82%|########2 | 824/1000 [07:38<01:38,  1.80geom/s]
Geometries:  82%|########2 | 825/1000 [07:39<01:39,  1.76geom/s]
Geometries:  83%|########2 | 826/1000 [07:39<01:36,  1.80geom/s]
Geometries:  83%|########2 | 827/1000 [07:40<01:36,  1.80geom/s]
Geometries:  83%|########2 | 828/1000 [07:41<01:37,  1.76geom/s]
Geometries:  83%|########2 | 829/1000 [07:41<01:34,  1.80geom/s]
Geometries:  83%|########2 | 830/1000 [07:42<01:36,  1.77geom/s]
Geometries:  83%|########3 | 831/1000 [07:42<01:32,  1.82geom/s]
Geometries:  83%|########3 | 832/1000 [07:43<01:34,  1.78geom/s]
Geometries:  83%|########3 | 833/1000 [07:43<01:35,  1.75geom/s]
Geometries:  83%|########3 | 834/1000 [07:44<01:32,  1.79geom/s]
Geometries:  84%|########3 | 835/1000 [07:44<01:32,  1.78geom/s]
Geometries:  84%|########3 | 836/1000 [07:45<01:29,  1.84geom/s]
Geometries:  84%|########3 | 837/1000 [07:46<01:31,  1.79geom/s]
Geometries:  84%|########3 | 838/1000 [07:46<01:31,  1.76geom/s]
Geometries:  84%|########3 | 839/1000 [07:47<01:28,  1.82geom/s]
Geometries:  84%|########4 | 840/1000 [07:47<01:28,  1.80geom/s]
Geometries:  84%|########4 | 841/1000 [07:48<01:30,  1.77geom/s]
Geometries:  84%|########4 | 842/1000 [07:48<01:27,  1.80geom/s]
Geometries:  84%|########4 | 843/1000 [07:49<01:28,  1.77geom/s]
Geometries:  84%|########4 | 844/1000 [07:49<01:25,  1.82geom/s]
Geometries:  84%|########4 | 845/1000 [07:50<01:26,  1.78geom/s]
Geometries:  85%|########4 | 846/1000 [07:51<01:27,  1.76geom/s]
Geometries:  85%|########4 | 847/1000 [07:51<01:25,  1.79geom/s]
Geometries:  85%|########4 | 848/1000 [07:52<01:24,  1.79geom/s]
Geometries:  85%|########4 | 849/1000 [07:52<01:23,  1.81geom/s]
Geometries:  85%|########5 | 850/1000 [07:53<01:24,  1.77geom/s]
Geometries:  85%|########5 | 851/1000 [07:53<01:25,  1.74geom/s]
Geometries:  85%|########5 | 852/1000 [07:54<01:21,  1.81geom/s]
Geometries:  85%|########5 | 853/1000 [07:55<01:23,  1.77geom/s]
Geometries:  85%|########5 | 854/1000 [07:55<01:23,  1.75geom/s]
Geometries:  86%|########5 | 855/1000 [07:56<01:21,  1.79geom/s]
Geometries:  86%|########5 | 856/1000 [07:56<01:20,  1.79geom/s]
Geometries:  86%|########5 | 857/1000 [07:57<01:17,  1.84geom/s]
Geometries:  86%|########5 | 858/1000 [07:57<01:19,  1.80geom/s]
Geometries:  86%|########5 | 859/1000 [07:58<01:19,  1.76geom/s]
Geometries:  86%|########6 | 860/1000 [07:58<01:16,  1.84geom/s]
Geometries:  86%|########6 | 861/1000 [07:59<01:16,  1.82geom/s]
Geometries:  86%|########6 | 862/1000 [08:00<01:17,  1.78geom/s]
Geometries:  86%|########6 | 863/1000 [08:00<01:15,  1.81geom/s]
Geometries:  86%|########6 | 864/1000 [08:01<01:15,  1.79geom/s]
Geometries:  86%|########6 | 865/1000 [08:01<01:13,  1.85geom/s]
Geometries:  87%|########6 | 866/1000 [08:02<01:14,  1.80geom/s]
Geometries:  87%|########6 | 867/1000 [08:02<01:14,  1.78geom/s]
Geometries:  87%|########6 | 868/1000 [08:03<01:12,  1.81geom/s]
Geometries:  87%|########6 | 869/1000 [08:03<01:12,  1.80geom/s]
Geometries:  87%|########7 | 870/1000 [08:04<01:11,  1.83geom/s]
Geometries:  87%|########7 | 871/1000 [08:05<01:12,  1.78geom/s]
Geometries:  87%|########7 | 872/1000 [08:05<01:12,  1.76geom/s]
Geometries:  87%|########7 | 873/1000 [08:06<01:09,  1.82geom/s]
Geometries:  87%|########7 | 874/1000 [08:06<01:10,  1.78geom/s]
Geometries:  88%|########7 | 875/1000 [08:07<01:11,  1.76geom/s]
Geometries:  88%|########7 | 876/1000 [08:07<01:08,  1.80geom/s]
Geometries:  88%|########7 | 877/1000 [08:08<01:08,  1.80geom/s]
Geometries:  88%|########7 | 878/1000 [08:08<01:05,  1.85geom/s]
Geometries:  88%|########7 | 879/1000 [08:09<01:07,  1.80geom/s]
Geometries:  88%|########8 | 880/1000 [08:10<01:08,  1.76geom/s]
Geometries:  88%|########8 | 881/1000 [08:10<01:05,  1.83geom/s]
Geometries:  88%|########8 | 882/1000 [08:11<01:05,  1.81geom/s]
Geometries:  88%|########8 | 883/1000 [08:11<01:03,  1.83geom/s]
Geometries:  88%|########8 | 884/1000 [08:12<01:04,  1.79geom/s]
Geometries:  88%|########8 | 885/1000 [08:12<01:05,  1.76geom/s]
Geometries:  89%|########8 | 886/1000 [08:13<01:02,  1.83geom/s]
Geometries:  89%|########8 | 887/1000 [08:13<01:03,  1.78geom/s]
Geometries:  89%|########8 | 888/1000 [08:14<01:04,  1.75geom/s]
Geometries:  89%|########8 | 889/1000 [08:15<01:01,  1.79geom/s]
Geometries:  89%|########9 | 890/1000 [08:15<01:01,  1.79geom/s]
Geometries:  89%|########9 | 891/1000 [08:16<00:59,  1.82geom/s]
Geometries:  89%|########9 | 892/1000 [08:16<01:00,  1.78geom/s]
Geometries:  89%|########9 | 893/1000 [08:17<01:01,  1.75geom/s]
Geometries:  89%|########9 | 894/1000 [08:17<00:58,  1.81geom/s]
Geometries:  90%|########9 | 895/1000 [08:18<00:59,  1.77geom/s]
Geometries:  90%|########9 | 896/1000 [08:19<00:59,  1.75geom/s]
Geometries:  90%|########9 | 897/1000 [08:19<00:57,  1.79geom/s]
Geometries:  90%|########9 | 898/1000 [08:20<00:57,  1.79geom/s]
Geometries:  90%|########9 | 899/1000 [08:20<00:54,  1.84geom/s]
Geometries:  90%|######### | 900/1000 [08:21<00:55,  1.80geom/s]
Geometries:  90%|######### | 901/1000 [08:21<00:56,  1.75geom/s]
Geometries:  90%|######### | 902/1000 [08:22<00:53,  1.82geom/s]
Geometries:  90%|######### | 903/1000 [08:22<00:53,  1.80geom/s]
Geometries:  90%|######### | 904/1000 [08:23<00:52,  1.83geom/s]
Geometries:  90%|######### | 905/1000 [08:24<00:53,  1.78geom/s]
Geometries:  91%|######### | 906/1000 [08:24<00:53,  1.75geom/s]
Geometries:  91%|######### | 907/1000 [08:25<00:50,  1.82geom/s]
Geometries:  91%|######### | 908/1000 [08:25<00:51,  1.79geom/s]
Geometries:  91%|######### | 909/1000 [08:26<00:51,  1.76geom/s]
Geometries:  91%|#########1| 910/1000 [08:26<00:50,  1.80geom/s]
Geometries:  91%|#########1| 911/1000 [08:27<00:50,  1.77geom/s]
Geometries:  91%|#########1| 912/1000 [08:27<00:48,  1.81geom/s]
Geometries:  91%|#########1| 913/1000 [08:28<00:48,  1.78geom/s]
Geometries:  91%|#########1| 914/1000 [08:29<00:49,  1.75geom/s]
Geometries:  92%|#########1| 915/1000 [08:29<00:46,  1.82geom/s]
Geometries:  92%|#########1| 916/1000 [08:30<00:47,  1.78geom/s]
Geometries:  92%|#########1| 917/1000 [08:30<00:45,  1.82geom/s]
Geometries:  92%|#########1| 918/1000 [08:31<00:46,  1.77geom/s]
Geometries:  92%|#########1| 919/1000 [08:31<00:45,  1.78geom/s]
Geometries:  92%|#########2| 920/1000 [08:32<00:43,  1.84geom/s]
Geometries:  92%|#########2| 921/1000 [08:32<00:44,  1.79geom/s]
Geometries:  92%|#########2| 922/1000 [08:33<00:44,  1.76geom/s]
Geometries:  92%|#########2| 923/1000 [08:34<00:42,  1.82geom/s]
Geometries:  92%|#########2| 924/1000 [08:34<00:42,  1.80geom/s]
Geometries:  92%|#########2| 925/1000 [08:35<00:40,  1.83geom/s]
Geometries:  93%|#########2| 926/1000 [08:35<00:41,  1.79geom/s]
Geometries:  93%|#########2| 927/1000 [08:36<00:41,  1.76geom/s]
Geometries:  93%|#########2| 928/1000 [08:36<00:39,  1.82geom/s]
Geometries:  93%|#########2| 929/1000 [08:37<00:39,  1.78geom/s]
Geometries:  93%|#########3| 930/1000 [08:37<00:38,  1.81geom/s]
Geometries:  93%|#########3| 931/1000 [08:38<00:38,  1.77geom/s]
Geometries:  93%|#########3| 932/1000 [08:39<00:38,  1.77geom/s]
Geometries:  93%|#########3| 933/1000 [08:39<00:37,  1.80geom/s]
Geometries:  93%|#########3| 934/1000 [08:40<00:37,  1.76geom/s]
Geometries:  94%|#########3| 935/1000 [08:40<00:37,  1.74geom/s]
Geometries:  94%|#########3| 936/1000 [08:41<00:35,  1.81geom/s]
Geometries:  94%|#########3| 937/1000 [08:41<00:35,  1.78geom/s]
Geometries:  94%|#########3| 938/1000 [08:42<00:34,  1.81geom/s]
Geometries:  94%|#########3| 939/1000 [08:43<00:34,  1.77geom/s]
Geometries:  94%|#########3| 940/1000 [08:43<00:34,  1.74geom/s]
Geometries:  94%|#########4| 941/1000 [08:44<00:32,  1.81geom/s]
Geometries:  94%|#########4| 942/1000 [08:44<00:32,  1.77geom/s]
Geometries:  94%|#########4| 943/1000 [08:45<00:32,  1.75geom/s]
Geometries:  94%|#########4| 944/1000 [08:45<00:30,  1.81geom/s]
Geometries:  94%|#########4| 945/1000 [08:46<00:30,  1.80geom/s]
Geometries:  95%|#########4| 946/1000 [08:46<00:29,  1.83geom/s]
Geometries:  95%|#########4| 947/1000 [08:47<00:29,  1.79geom/s]
Geometries:  95%|#########4| 948/1000 [08:48<00:29,  1.76geom/s]
Geometries:  95%|#########4| 949/1000 [08:48<00:28,  1.82geom/s]
Geometries:  95%|#########5| 950/1000 [08:49<00:28,  1.77geom/s]
Geometries:  95%|#########5| 951/1000 [08:49<00:27,  1.80geom/s]
Geometries:  95%|#########5| 952/1000 [08:50<00:27,  1.76geom/s]
Geometries:  95%|#########5| 953/1000 [08:50<00:26,  1.76geom/s]
Geometries:  95%|#########5| 954/1000 [08:51<00:25,  1.79geom/s]
Geometries:  96%|#########5| 955/1000 [08:52<00:25,  1.76geom/s]
Geometries:  96%|#########5| 956/1000 [08:52<00:25,  1.73geom/s]
Geometries:  96%|#########5| 957/1000 [08:53<00:23,  1.81geom/s]
Geometries:  96%|#########5| 958/1000 [08:53<00:23,  1.77geom/s]
Geometries:  96%|#########5| 959/1000 [08:54<00:22,  1.81geom/s]
Geometries:  96%|#########6| 960/1000 [08:54<00:22,  1.77geom/s]
Geometries:  96%|#########6| 961/1000 [08:55<00:22,  1.77geom/s]
Geometries:  96%|#########6| 962/1000 [08:55<00:20,  1.83geom/s]
Geometries:  96%|#########6| 963/1000 [08:56<00:20,  1.78geom/s]
Geometries:  96%|#########6| 964/1000 [08:57<00:19,  1.81geom/s]
Geometries:  96%|#########6| 965/1000 [08:57<00:19,  1.80geom/s]
Geometries:  97%|#########6| 966/1000 [08:58<00:18,  1.79geom/s]
Geometries:  97%|#########6| 967/1000 [08:58<00:18,  1.82geom/s]
Geometries:  97%|#########6| 968/1000 [08:59<00:18,  1.78geom/s]
Geometries:  97%|#########6| 969/1000 [08:59<00:17,  1.74geom/s]
Geometries:  97%|#########7| 970/1000 [09:00<00:16,  1.81geom/s]
Geometries:  97%|#########7| 971/1000 [09:00<00:16,  1.78geom/s]
Geometries:  97%|#########7| 972/1000 [09:01<00:15,  1.81geom/s]
Geometries:  97%|#########7| 973/1000 [09:02<00:15,  1.77geom/s]
Geometries:  97%|#########7| 974/1000 [09:02<00:14,  1.77geom/s]
Geometries:  98%|#########7| 975/1000 [09:03<00:13,  1.80geom/s]
Geometries:  98%|#########7| 976/1000 [09:03<00:13,  1.76geom/s]
Geometries:  98%|#########7| 977/1000 [09:04<00:12,  1.80geom/s]
Geometries:  98%|#########7| 978/1000 [09:04<00:12,  1.79geom/s]
Geometries:  98%|#########7| 979/1000 [09:05<00:11,  1.76geom/s]
Geometries:  98%|#########8| 980/1000 [09:05<00:11,  1.80geom/s]
Geometries:  98%|#########8| 981/1000 [09:06<00:10,  1.77geom/s]
Geometries:  98%|#########8| 982/1000 [09:07<00:10,  1.78geom/s]
Geometries:  98%|#########8| 983/1000 [09:07<00:09,  1.84geom/s]
Geometries:  98%|#########8| 984/1000 [09:08<00:08,  1.79geom/s]
Geometries:  98%|#########8| 985/1000 [09:08<00:08,  1.83geom/s]
Geometries:  99%|#########8| 986/1000 [09:09<00:07,  1.81geom/s]
Geometries:  99%|#########8| 987/1000 [09:09<00:07,  1.80geom/s]
Geometries:  99%|#########8| 988/1000 [09:10<00:06,  1.83geom/s]
Geometries:  99%|#########8| 989/1000 [09:10<00:06,  1.78geom/s]
Geometries:  99%|#########9| 990/1000 [09:11<00:05,  1.75geom/s]
Geometries:  99%|#########9| 991/1000 [09:12<00:04,  1.83geom/s]
Geometries:  99%|#########9| 992/1000 [09:12<00:04,  1.78geom/s]
Geometries:  99%|#########9| 993/1000 [09:13<00:03,  1.81geom/s]
Geometries:  99%|#########9| 994/1000 [09:13<00:03,  1.78geom/s]
Geometries: 100%|#########9| 995/1000 [09:14<00:02,  1.78geom/s]
Geometries: 100%|#########9| 996/1000 [09:14<00:02,  1.81geom/s]
Geometries: 100%|#########9| 997/1000 [09:15<00:01,  1.77geom/s]
Geometries: 100%|#########9| 998/1000 [09:15<00:01,  1.82geom/s]
Geometries: 100%|#########9| 999/1000 [09:16<00:00,  1.80geom/s]
Geometries: 100%|##########| 1000/1000 [09:17<00:00,  1.77geom/s]
Geometries: 100%|##########| 1000/1000 [09:17<00:00,  1.79geom/s]
Saving outputs to d:\Research\NO-2D-Metamaterials\INFERENCE\NO_I3O5_BCF16_NMAE_HC128_LR2e-03_WD0e+00_L1P1e-08_SS1_G9e-01_ch0u_260711_E12\b_test\predictions_I3O5_NO_I3O5_BCF16_NMAE_HC128_LR2e-03_WD0e+00_L1P1e-08_SS1_G9e-01_ch0u_260711_E12.pt...
Outputs saved successfully!
  - Format: single stacked tensor (n_samples, 5, 32, 32)
  - Channels: ['eigenfrequency', 'disp_x_real', 'disp_x_imag', 'disp_y_real', 'disp_y_imag']
  - Shape: (1950000, 5, 32, 32)  dtype: torch.float16
  - Total size: 18.60 GB
  - Metadata: 325 waveforms, 6 bands, 1000 geometries
  - Index map: idx = geom*(325*6) + wave*6 + band
Wrote inference documentation: d:\Research\NO-2D-Metamaterials\INFERENCE\NO_I3O5_BCF16_NMAE_HC128_LR2e-03_WD0e+00_L1P1e-08_SS1_G9e-01_ch0u_260711_E12\b_test\inference_info_NO_I3O5_BCF16_NMAE_HC128_LR2e-03_WD0e+00_L1P1e-08_SS1_G9e-01_ch0u_260711_E12_260803-170231.txt
Done. Predictions: d:\Research\NO-2D-Metamaterials\INFERENCE\NO_I3O5_BCF16_NMAE_HC128_LR2e-03_WD0e+00_L1P1e-08_SS1_G9e-01_ch0u_260711_E12\b_test\predictions_I3O5_NO_I3O5_BCF16_NMAE_HC128_LR2e-03_WD0e+00_L1P1e-08_SS1_G9e-01_ch0u_260711_E12.pt
>> infer_gpu_b_test DONE 2026-08-03 17:12:17

>> compare_b_test START 2026-08-03 17:12:17
Using device: cpu
Predictions: d:\Research\NO-2D-Metamaterials\INFERENCE\NO_I3O5_BCF16_NMAE_HC128_LR2e-03_WD0e+00_L1P1e-08_SS1_G9e-01_ch0u_260711_E12\b_test\predictions_I3O5_NO_I3O5_BCF16_NMAE_HC128_LR2e-03_WD0e+00_L1P1e-08_SS1_G9e-01_ch0u_260711_E12.pt
Loading tensors (memory-mapped where possible)...
  predictions     : (1950000, 5, 32, 32) dtype=torch.float16
  eigen_ch0       : (1000, 325, 6, 32, 32) dtype=torch.float16 (uniform)
  displacements   : 4 x (1950000, 32, 32)
  index_source    : indices_full (dense flat, M=1950000)
  out_channels=5  n_geom=1000  n_waveforms=325  n_bands=6
System.Management.Automation.RemoteException
Scoring:   0%|          | 0/239 [00:00<?, ?batch/s]
Scoring:   0%|          | 1/239 [00:00<01:11,  3.35batch/s]
Scoring:   1%|          | 2/239 [00:00<00:50,  4.71batch/s]
Scoring:   1%|1         | 3/239 [00:00<00:45,  5.20batch/s]
Scoring:   2%|1         | 4/239 [00:00<00:39,  5.93batch/s]
Scoring:   2%|2         | 5/239 [00:00<00:39,  5.88batch/s]
Scoring:   3%|2         | 6/239 [00:01<00:36,  6.31batch/s]
Scoring:   3%|2         | 7/239 [00:01<00:37,  6.25batch/s]
Scoring:   3%|3         | 8/239 [00:01<00:37,  6.18batch/s]
Scoring:   4%|3         | 9/239 [00:01<00:35,  6.44batch/s]
Scoring:   4%|4         | 10/239 [00:01<00:36,  6.29batch/s]
Scoring:   5%|4         | 11/239 [00:01<00:34,  6.58batch/s]
Scoring:   5%|5         | 12/239 [00:02<00:35,  6.36batch/s]
Scoring:   5%|5         | 13/239 [00:02<00:34,  6.54batch/s]
Scoring:   6%|5         | 14/239 [00:02<00:35,  6.38batch/s]
Scoring:   6%|6         | 15/239 [00:02<00:33,  6.65batch/s]
Scoring:   7%|6         | 16/239 [00:02<00:35,  6.35batch/s]
Scoring:   7%|7         | 17/239 [00:02<00:36,  6.12batch/s]
Scoring:   8%|7         | 18/239 [00:02<00:36,  6.07batch/s]
Scoring:   8%|7         | 19/239 [00:03<00:34,  6.43batch/s]
Scoring:   8%|8         | 20/239 [00:03<00:34,  6.26batch/s]
Scoring:   9%|8         | 21/239 [00:03<00:33,  6.50batch/s]
Scoring:   9%|9         | 22/239 [00:03<00:34,  6.37batch/s]
Scoring:  10%|9         | 23/239 [00:03<00:32,  6.64batch/s]
Scoring:  10%|#         | 24/239 [00:03<00:33,  6.44batch/s]
Scoring:  10%|#         | 25/239 [00:04<00:32,  6.64batch/s]
Scoring:  11%|#         | 26/239 [00:04<00:32,  6.47batch/s]
Scoring:  11%|#1        | 27/239 [00:04<00:31,  6.70batch/s]
Scoring:  12%|#1        | 28/239 [00:04<00:32,  6.42batch/s]
Scoring:  12%|#2        | 29/239 [00:04<00:31,  6.67batch/s]
Scoring:  13%|#2        | 30/239 [00:04<00:32,  6.51batch/s]
Scoring:  13%|#2        | 31/239 [00:04<00:30,  6.76batch/s]
Scoring:  13%|#3        | 32/239 [00:05<00:31,  6.53batch/s]
Scoring:  14%|#3        | 33/239 [00:05<00:31,  6.64batch/s]
Scoring:  14%|#4        | 34/239 [00:05<00:31,  6.41batch/s]
Scoring:  15%|#4        | 35/239 [00:05<00:30,  6.70batch/s]
Scoring:  15%|#5        | 36/239 [00:05<00:30,  6.68batch/s]
Scoring:  15%|#5        | 37/239 [00:05<00:32,  6.19batch/s]
Scoring:  16%|#5        | 38/239 [00:06<00:31,  6.43batch/s]
Scoring:  16%|#6        | 39/239 [00:06<00:32,  6.15batch/s]
Scoring:  17%|#6        | 40/239 [00:06<00:31,  6.29batch/s]
Scoring:  17%|#7        | 41/239 [00:06<00:31,  6.19batch/s]
Scoring:  18%|#7        | 42/239 [00:06<00:32,  6.07batch/s]
Scoring:  18%|#7        | 43/239 [00:06<00:30,  6.36batch/s]
Scoring:  18%|#8        | 44/239 [00:06<00:31,  6.13batch/s]
Scoring:  19%|#8        | 45/239 [00:07<00:31,  6.07batch/s]
Scoring:  19%|#9        | 46/239 [00:07<00:30,  6.23batch/s]
Scoring:  20%|#9        | 47/239 [00:07<00:32,  5.98batch/s]
Scoring:  20%|##        | 48/239 [00:07<00:30,  6.18batch/s]
Scoring:  21%|##        | 49/239 [00:07<00:31,  5.97batch/s]
Scoring:  21%|##        | 50/239 [00:08<00:32,  5.85batch/s]
Scoring:  21%|##1       | 51/239 [00:08<00:30,  6.19batch/s]
Scoring:  22%|##1       | 52/239 [00:08<00:30,  6.09batch/s]
Scoring:  22%|##2       | 53/239 [00:08<00:30,  6.02batch/s]
Scoring:  23%|##2       | 54/239 [00:08<00:29,  6.21batch/s]
Scoring:  23%|##3       | 55/239 [00:08<00:30,  6.03batch/s]
Scoring:  23%|##3       | 56/239 [00:08<00:30,  5.99batch/s]
Scoring:  24%|##3       | 57/239 [00:09<00:28,  6.30batch/s]
Scoring:  24%|##4       | 58/239 [00:09<00:29,  6.23batch/s]
Scoring:  25%|##4       | 59/239 [00:09<00:27,  6.49batch/s]
Scoring:  25%|##5       | 60/239 [00:09<00:28,  6.28batch/s]
Scoring:  26%|##5       | 61/239 [00:09<00:29,  6.13batch/s]
Scoring:  26%|##5       | 62/239 [00:09<00:28,  6.26batch/s]
Scoring:  26%|##6       | 63/239 [00:10<00:29,  6.05batch/s]
Scoring:  27%|##6       | 64/239 [00:10<00:28,  6.10batch/s]
Scoring:  27%|##7       | 65/239 [00:10<00:28,  6.07batch/s]
Scoring:  28%|##7       | 66/239 [00:10<00:28,  5.99batch/s]
Scoring:  28%|##8       | 67/239 [00:10<00:27,  6.30batch/s]
Scoring:  28%|##8       | 68/239 [00:10<00:27,  6.11batch/s]
Scoring:  29%|##8       | 69/239 [00:11<00:26,  6.40batch/s]
Scoring:  29%|##9       | 70/239 [00:11<00:27,  6.11batch/s]
Scoring:  30%|##9       | 71/239 [00:11<00:27,  6.07batch/s]
Scoring:  30%|###       | 72/239 [00:11<00:27,  6.11batch/s]
Scoring:  31%|###       | 73/239 [00:11<00:27,  6.00batch/s]
Scoring:  31%|###       | 74/239 [00:11<00:26,  6.33batch/s]
Scoring:  31%|###1      | 75/239 [00:12<00:26,  6.14batch/s]
Scoring:  32%|###1      | 76/239 [00:12<00:27,  5.98batch/s]
Scoring:  32%|###2      | 77/239 [00:12<00:25,  6.28batch/s]
Scoring:  33%|###2      | 78/239 [00:12<00:26,  6.18batch/s]
Scoring:  33%|###3      | 79/239 [00:12<00:24,  6.47batch/s]
Scoring:  33%|###3      | 80/239 [00:12<00:25,  6.28batch/s]
Scoring:  34%|###3      | 81/239 [00:12<00:24,  6.51batch/s]
Scoring:  34%|###4      | 82/239 [00:13<00:25,  6.24batch/s]
Scoring:  35%|###4      | 83/239 [00:13<00:25,  6.06batch/s]
Scoring:  35%|###5      | 84/239 [00:13<00:25,  5.98batch/s]
Scoring:  36%|###5      | 85/239 [00:13<00:24,  6.28batch/s]
Scoring:  36%|###5      | 86/239 [00:13<00:24,  6.18batch/s]
Scoring:  36%|###6      | 87/239 [00:13<00:23,  6.41batch/s]
Scoring:  37%|###6      | 88/239 [00:14<00:24,  6.26batch/s]
Scoring:  37%|###7      | 89/239 [00:14<00:24,  6.11batch/s]
Scoring:  38%|###7      | 90/239 [00:14<00:23,  6.25batch/s]
Scoring:  38%|###8      | 91/239 [00:14<00:25,  5.90batch/s]
Scoring:  38%|###8      | 92/239 [00:14<00:24,  6.09batch/s]
Scoring:  39%|###8      | 93/239 [00:14<00:24,  6.05batch/s]
Scoring:  39%|###9      | 94/239 [00:15<00:24,  5.99batch/s]
Scoring:  40%|###9      | 95/239 [00:15<00:22,  6.32batch/s]
Scoring:  40%|####      | 96/239 [00:15<00:23,  6.16batch/s]
Scoring:  41%|####      | 97/239 [00:15<00:22,  6.41batch/s]
Scoring:  41%|####1     | 98/239 [00:15<00:22,  6.24batch/s]
Scoring:  41%|####1     | 99/239 [00:15<00:22,  6.17batch/s]
Scoring:  42%|####1     | 100/239 [00:16<00:21,  6.47batch/s]
Scoring:  42%|####2     | 101/239 [00:16<00:22,  6.08batch/s]
Scoring:  43%|####2     | 102/239 [00:16<00:21,  6.38batch/s]
Scoring:  43%|####3     | 103/239 [00:16<00:22,  6.12batch/s]
Scoring:  44%|####3     | 104/239 [00:16<00:22,  5.99batch/s]
Scoring:  44%|####3     | 105/239 [00:16<00:21,  6.29batch/s]
Scoring:  44%|####4     | 106/239 [00:17<00:21,  6.16batch/s]
Scoring:  45%|####4     | 107/239 [00:17<00:20,  6.47batch/s]
Scoring:  45%|####5     | 108/239 [00:17<00:20,  6.26batch/s]
Scoring:  46%|####5     | 109/239 [00:17<00:21,  6.08batch/s]
Scoring:  46%|####6     | 110/239 [00:17<00:20,  6.24batch/s]
Scoring:  46%|####6     | 111/239 [00:17<00:21,  6.00batch/s]
Scoring:  47%|####6     | 112/239 [00:18<00:20,  6.16batch/s]
Scoring:  47%|####7     | 113/239 [00:18<00:20,  6.07batch/s]
Scoring:  48%|####7     | 114/239 [00:18<00:20,  6.03batch/s]
Scoring:  48%|####8     | 115/239 [00:18<00:19,  6.36batch/s]
Scoring:  49%|####8     | 116/239 [00:18<00:19,  6.17batch/s]
Scoring:  49%|####8     | 117/239 [00:18<00:19,  6.40batch/s]
Scoring:  49%|####9     | 118/239 [00:18<00:19,  6.25batch/s]
Scoring:  50%|####9     | 119/239 [00:19<00:18,  6.57batch/s]
Scoring:  50%|#####     | 120/239 [00:19<00:19,  6.07batch/s]
Scoring:  51%|#####     | 121/239 [00:19<00:19,  6.00batch/s]
Scoring:  51%|#####1    | 122/239 [00:19<00:19,  5.90batch/s]
Scoring:  51%|#####1    | 123/239 [00:19<00:18,  6.27batch/s]
Scoring:  52%|#####1    | 124/239 [00:19<00:18,  6.13batch/s]
Scoring:  52%|#####2    | 125/239 [00:20<00:17,  6.38batch/s]
Scoring:  53%|#####2    | 126/239 [00:20<00:18,  6.22batch/s]
Scoring:  53%|#####3    | 127/239 [00:20<00:18,  6.17batch/s]
Scoring:  54%|#####3    | 128/239 [00:20<00:18,  6.13batch/s]
Scoring:  54%|#####3    | 129/239 [00:20<00:18,  5.99batch/s]
Scoring:  54%|#####4    | 130/239 [00:20<00:17,  6.29batch/s]
Scoring:  55%|#####4    | 131/239 [00:21<00:17,  6.12batch/s]
Scoring:  55%|#####5    | 132/239 [00:21<00:17,  5.99batch/s]
Scoring:  56%|#####5    | 133/239 [00:21<00:16,  6.27batch/s]
Scoring:  56%|#####6    | 134/239 [00:21<00:16,  6.18batch/s]
Scoring:  56%|#####6    | 135/239 [00:21<00:16,  6.45batch/s]
Scoring:  57%|#####6    | 136/239 [00:21<00:16,  6.24batch/s]
Scoring:  57%|#####7    | 137/239 [00:22<00:16,  6.12batch/s]
Scoring:  58%|#####7    | 138/239 [00:22<00:16,  6.29batch/s]
Scoring:  58%|#####8    | 139/239 [00:22<00:16,  5.99batch/s]
Scoring:  59%|#####8    | 140/239 [00:22<00:16,  6.15batch/s]
Scoring:  59%|#####8    | 141/239 [00:22<00:16,  6.04batch/s]
Scoring:  59%|#####9    | 142/239 [00:22<00:16,  6.01batch/s]
Scoring:  60%|#####9    | 143/239 [00:23<00:15,  6.36batch/s]
Scoring:  60%|######    | 144/239 [00:23<00:15,  6.19batch/s]
Scoring:  61%|######    | 145/239 [00:23<00:15,  6.06batch/s]
Scoring:  61%|######1   | 146/239 [00:23<00:15,  6.20batch/s]
Scoring:  62%|######1   | 147/239 [00:23<00:15,  5.88batch/s]
Scoring:  62%|######1   | 148/239 [00:23<00:14,  6.07batch/s]
Scoring:  62%|######2   | 149/239 [00:24<00:14,  6.04batch/s]
Scoring:  63%|######2   | 150/239 [00:24<00:14,  6.00batch/s]
Scoring:  63%|######3   | 151/239 [00:24<00:13,  6.33batch/s]
Scoring:  64%|######3   | 152/239 [00:24<00:14,  6.15batch/s]
Scoring:  64%|######4   | 153/239 [00:24<00:13,  6.35batch/s]
Scoring:  64%|######4   | 154/239 [00:24<00:13,  6.20batch/s]
Scoring:  65%|######4   | 155/239 [00:24<00:13,  6.15batch/s]
Scoring:  65%|######5   | 156/239 [00:25<00:13,  6.17batch/s]
Scoring:  66%|######5   | 157/239 [00:25<00:13,  6.03batch/s]
Scoring:  66%|######6   | 158/239 [00:25<00:12,  6.30batch/s]
Scoring:  67%|######6   | 159/239 [00:25<00:13,  6.03batch/s]
Scoring:  67%|######6   | 160/239 [00:25<00:12,  6.16batch/s]
Scoring:  67%|######7   | 161/239 [00:25<00:12,  6.16batch/s]
Scoring:  68%|######7   | 162/239 [00:26<00:12,  6.10batch/s]
Scoring:  68%|######8   | 163/239 [00:26<00:11,  6.38batch/s]
Scoring:  69%|######8   | 164/239 [00:26<00:12,  6.19batch/s]
Scoring:  69%|######9   | 165/239 [00:26<00:11,  6.32batch/s]
Scoring:  69%|######9   | 166/239 [00:26<00:11,  6.09batch/s]
Scoring:  70%|######9   | 167/239 [00:26<00:12,  5.94batch/s]
Scoring:  70%|#######   | 168/239 [00:27<00:12,  5.90batch/s]
Scoring:  71%|#######   | 169/239 [00:27<00:11,  6.19batch/s]
Scoring:  71%|#######1  | 170/239 [00:27<00:11,  6.13batch/s]
Scoring:  72%|#######1  | 171/239 [00:27<00:10,  6.46batch/s]
Scoring:  72%|#######1  | 172/239 [00:27<00:11,  5.86batch/s]
Scoring:  72%|#######2  | 173/239 [00:27<00:12,  5.49batch/s]
Scoring:  73%|#######2  | 174/239 [00:28<00:12,  5.28batch/s]
Scoring:  73%|#######3  | 175/239 [00:28<00:12,  5.26batch/s]
Scoring:  74%|#######3  | 176/239 [00:28<00:11,  5.49batch/s]
Scoring:  74%|#######4  | 177/239 [00:28<00:11,  5.43batch/s]
Scoring:  74%|#######4  | 178/239 [00:28<00:11,  5.44batch/s]
Scoring:  75%|#######4  | 179/239 [00:29<00:10,  5.61batch/s]
Scoring:  75%|#######5  | 180/239 [00:29<00:10,  5.62batch/s]
Scoring:  76%|#######5  | 181/239 [00:29<00:10,  5.49batch/s]
Scoring:  76%|#######6  | 182/239 [00:29<00:10,  5.43batch/s]
Scoring:  77%|#######6  | 183/239 [00:29<00:10,  5.43batch/s]
Scoring:  77%|#######6  | 184/239 [00:30<00:09,  5.57batch/s]
Scoring:  77%|#######7  | 185/239 [00:30<00:09,  5.58batch/s]
Scoring:  78%|#######7  | 186/239 [00:30<00:09,  5.46batch/s]
Scoring:  78%|#######8  | 187/239 [00:30<00:09,  5.33batch/s]
Scoring:  79%|#######8  | 188/239 [00:30<00:09,  5.41batch/s]
Scoring:  79%|#######9  | 189/239 [00:30<00:09,  5.43batch/s]
Scoring:  79%|#######9  | 190/239 [00:31<00:08,  5.53batch/s]
Scoring:  80%|#######9  | 191/239 [00:31<00:08,  5.91batch/s]
Scoring:  80%|########  | 192/239 [00:31<00:08,  5.83batch/s]
Scoring:  81%|########  | 193/239 [00:31<00:08,  5.62batch/s]
Scoring:  81%|########1 | 194/239 [00:31<00:07,  5.92batch/s]
Scoring:  82%|########1 | 195/239 [00:31<00:07,  5.72batch/s]
Scoring:  82%|########2 | 196/239 [00:32<00:07,  5.69batch/s]
Scoring:  82%|########2 | 197/239 [00:32<00:07,  5.98batch/s]
Scoring:  83%|########2 | 198/239 [00:32<00:07,  5.85batch/s]
Scoring:  83%|########3 | 199/239 [00:32<00:06,  5.86batch/s]
Scoring:  84%|########3 | 200/239 [00:32<00:06,  5.91batch/s]
Scoring:  84%|########4 | 201/239 [00:32<00:06,  5.81batch/s]
Scoring:  85%|########4 | 202/239 [00:33<00:06,  5.70batch/s]
Scoring:  85%|########4 | 203/239 [00:33<00:05,  6.06batch/s]
Scoring:  85%|########5 | 204/239 [00:33<00:05,  5.88batch/s]
Scoring:  86%|########5 | 205/239 [00:33<00:06,  5.65batch/s]
Scoring:  86%|########6 | 206/239 [00:33<00:05,  5.97batch/s]
Scoring:  87%|########6 | 207/239 [00:34<00:05,  5.71batch/s]
Scoring:  87%|########7 | 208/239 [00:34<00:05,  5.61batch/s]
Scoring:  87%|########7 | 209/239 [00:34<00:05,  5.84batch/s]
Scoring:  88%|########7 | 210/239 [00:34<00:05,  5.65batch/s]
Scoring:  88%|########8 | 211/239 [00:34<00:05,  5.58batch/s]
Scoring:  89%|########8 | 212/239 [00:34<00:04,  5.72batch/s]
Scoring:  89%|########9 | 213/239 [00:35<00:04,  5.62batch/s]
Scoring:  90%|########9 | 214/239 [00:35<00:04,  5.55batch/s]
Scoring:  90%|########9 | 215/239 [00:35<00:04,  5.58batch/s]
Scoring:  90%|######### | 216/239 [00:35<00:04,  5.64batch/s]
Scoring:  91%|######### | 217/239 [00:35<00:03,  5.64batch/s]
Scoring:  91%|#########1| 218/239 [00:35<00:03,  5.63batch/s]
Scoring:  92%|#########1| 219/239 [00:36<00:03,  5.95batch/s]
Scoring:  92%|#########2| 220/239 [00:36<00:03,  5.64batch/s]
Scoring:  92%|#########2| 221/239 [00:36<00:03,  5.58batch/s]
Scoring:  93%|#########2| 222/239 [00:36<00:02,  5.86batch/s]
Scoring:  93%|#########3| 223/239 [00:36<00:02,  5.72batch/s]
Scoring:  94%|#########3| 224/239 [00:37<00:02,  5.74batch/s]
Scoring:  94%|#########4| 225/239 [00:37<00:02,  5.99batch/s]
Scoring:  95%|#########4| 226/239 [00:37<00:02,  5.68batch/s]
Scoring:  95%|#########4| 227/239 [00:37<00:02,  5.63batch/s]
Scoring:  95%|#########5| 228/239 [00:37<00:01,  5.78batch/s]
Scoring:  96%|#########5| 229/239 [00:37<00:01,  5.73batch/s]
Scoring:  96%|#########6| 230/239 [00:38<00:01,  5.79batch/s]
Scoring:  97%|#########6| 231/239 [00:38<00:01,  6.12batch/s]
Scoring:  97%|#########7| 232/239 [00:38<00:01,  6.00batch/s]
Scoring:  97%|#########7| 233/239 [00:38<00:01,  5.75batch/s]
Scoring:  98%|#########7| 234/239 [00:38<00:00,  5.84batch/s]
Scoring:  98%|#########8| 235/239 [00:38<00:00,  5.73batch/s]
Scoring:  99%|#########8| 236/239 [00:39<00:00,  5.63batch/s]
Scoring:  99%|#########9| 237/239 [00:39<00:00,  5.90batch/s]
Scoring: 100%|#########9| 238/239 [00:39<00:00,  5.81batch/s]
Scoring: 100%|##########| 239/239 [00:39<00:00,  6.06batch/s]

Loss comparison (rows = metric/statistic, columns = channels + overall):
metric  statistic   ch0_eigenfrequency   ch1_disp_x_real   ch2_disp_x_imag   ch3_disp_y_real   ch4_disp_y_imag    overall_sample
MAE     average        7.605307e-04      2.963995e-03      2.797871e-03      3.541240e-03      3.288682e-03      2.670464e-03
MAE     best           2.348423e-05      2.478453e-05      4.678906e-05      4.380953e-05      1.129194e-05      1.077604e-04
MAE     p25            2.473295e-04      6.156733e-04      5.703237e-04      6.231558e-04      5.643005e-04      6.054265e-04
MAE     median         4.742742e-04      1.334911e-03      1.241918e-03      1.373346e-03      1.291866e-03      1.285749e-03
MAE     p75            8.569360e-04      3.586065e-03      3.343750e-03      4.050602e-03      3.873714e-03      3.603519e-03
MAE     worst          1.654948e-01      5.170736e-02      5.126256e-02      6.427486e-02      5.485611e-02      4.334350e-02
MSE     average        2.642601e-06      7.411873e-05      6.905254e-05      1.024934e-04      8.963015e-05      6.758748e-05
MSE     best           1.159606e-09      1.004422e-09      3.296777e-09      4.084525e-09      2.344962e-10      1.978228e-08
MSE     p25            8.069765e-08      9.857743e-07      8.558220e-07      9.675625e-07      8.538769e-07      9.826217e-07
MSE     median         2.482720e-07      4.469924e-06      3.950687e-06      4.682875e-06      4.271283e-06      4.573662e-06
MSE     p75            7.696044e-07      4.139855e-05      3.578385e-05      5.679904e-05      5.129062e-05      7.046866e-05
MSE     worst          2.738880e-02      3.827048e-03      3.881924e-03      4.307662e-03      3.995772e-03      5.503464e-03

Wrote: D:\Research\NO-2D-Metamaterials\INFERENCE\NO_I3O5_BCF16_NMAE_HC128_LR2e-03_WD0e+00_L1P1e-08_SS1_G9e-01_ch0u_260711_E12\b_test\loss_comparison_b_test.csv
Scored 1950000 full-grid samples across 5 channels.
>> compare_b_test DONE 2026-08-03 17:13:14

>> per_sample_loss_mae_b_test START 2026-08-03 17:13:14
CPU threads: capped at 4 (torch.get_num_threads()=4)
Dataset   : d:\Research\NO-2D-Metamaterials\DATASETS\b_test\binarized_2026-03-08_16-34-27_pt
Eigen enc : uniform (eigenfrequency_uniform_full.pt)
Inference : d:\Research\NO-2D-Metamaterials\INFERENCE\NO_I3O5_BCF16_NMAE_HC128_LR2e-03_WD0e+00_L1P1e-08_SS1_G9e-01_ch0u_260711_E12\b_test\predictions_I3O5_NO_I3O5_BCF16_NMAE_HC128_LR2e-03_WD0e+00_L1P1e-08_SS1_G9e-01_ch0u_260711_E12.pt  shape=(1950000, 5, 32, 32) dtype=torch.float16
Losses    : mae
Supported : mae, mse, rms, nmae, nmse, nrms (aliases l1->mae, l2->mse, rmse->rms, nl1->nmae, nl2->nmse, nrmse->nrms)
Field     : 32x32   Device: cpu
Samples   : 1950000  (n_geom=1000, n_waveforms=325, n_bands=6)
Output dir: D:\Research\NO-2D-Metamaterials\PLOTS\NO_I3O5_BCF16_NMAE_HC128_LR2e-03_WD0e+00_L1P1e-08_SS1_G9e-01_ch0u_260711_E12\b_test\MAE_sample_case_plots
Truth mode: batched mmap/slice  (eigen mmap; displacements=loaded)

--- channel group: [0, 1, 2, 3, 4] ---
System.Management.Automation.RemoteException
Scoring:   0%|          | 0/239 [00:00<?, ?batch/s]
Scoring:   0%|          | 1/239 [00:00<00:30,  7.72batch/s]
Scoring:   1%|          | 2/239 [00:00<00:35,  6.70batch/s]
Scoring:   1%|1         | 3/239 [00:00<00:30,  7.76batch/s]
Scoring:   2%|1         | 4/239 [00:00<00:30,  7.82batch/s]
Scoring:   2%|2         | 5/239 [00:00<00:27,  8.37batch/s]
Scoring:   3%|2         | 6/239 [00:00<00:27,  8.47batch/s]
Scoring:   3%|2         | 7/239 [00:00<00:26,  8.75batch/s]
Scoring:   4%|3         | 9/239 [00:01<00:25,  8.94batch/s]
Scoring:   4%|4         | 10/239 [00:01<00:25,  8.92batch/s]
Scoring:   5%|4         | 11/239 [00:01<00:25,  9.07batch/s]
Scoring:   5%|5         | 12/239 [00:01<00:25,  8.81batch/s]
Scoring:   5%|5         | 13/239 [00:01<00:25,  8.81batch/s]
Scoring:   6%|6         | 15/239 [00:01<00:24,  9.08batch/s]
Scoring:   7%|6         | 16/239 [00:01<00:25,  8.91batch/s]
Scoring:   7%|7         | 17/239 [00:01<00:24,  9.16batch/s]
Scoring:   8%|7         | 18/239 [00:02<00:24,  9.06batch/s]
Scoring:   8%|7         | 19/239 [00:02<00:24,  9.01batch/s]
Scoring:   9%|8         | 21/239 [00:02<00:22,  9.56batch/s]
Scoring:   9%|9         | 22/239 [00:02<00:22,  9.48batch/s]
Scoring:  10%|#         | 24/239 [00:02<00:22,  9.57batch/s]
Scoring:  10%|#         | 25/239 [00:02<00:22,  9.32batch/s]
Scoring:  11%|#1        | 27/239 [00:03<00:22,  9.45batch/s]
Scoring:  12%|#1        | 28/239 [00:03<00:22,  9.32batch/s]
Scoring:  12%|#2        | 29/239 [00:03<00:22,  9.40batch/s]
Scoring:  13%|#2        | 30/239 [00:03<00:22,  9.29batch/s]
Scoring:  13%|#2        | 31/239 [00:03<00:22,  9.15batch/s]
Scoring:  14%|#3        | 33/239 [00:03<00:22,  9.33batch/s]
Scoring:  14%|#4        | 34/239 [00:03<00:22,  9.22batch/s]
Scoring:  15%|#5        | 36/239 [00:03<00:21,  9.34batch/s]
Scoring:  15%|#5        | 37/239 [00:04<00:22,  9.13batch/s]
Scoring:  16%|#5        | 38/239 [00:04<00:21,  9.27batch/s]
Scoring:  16%|#6        | 39/239 [00:04<00:21,  9.21batch/s]
Scoring:  17%|#6        | 40/239 [00:04<00:21,  9.26batch/s]
Scoring:  18%|#7        | 42/239 [00:04<00:19, 10.03batch/s]
Scoring:  18%|#7        | 43/239 [00:04<00:19,  9.94batch/s]
Scoring:  18%|#8        | 44/239 [00:04<00:19,  9.84batch/s]
Scoring:  19%|#9        | 46/239 [00:04<00:18, 10.27batch/s]
Scoring:  20%|##        | 48/239 [00:05<00:19, 10.01batch/s]
Scoring:  21%|##        | 50/239 [00:05<00:18, 10.36batch/s]
Scoring:  22%|##1       | 52/239 [00:05<00:17, 10.45batch/s]
Scoring:  23%|##2       | 54/239 [00:05<00:17, 10.51batch/s]
Scoring:  23%|##3       | 56/239 [00:05<00:17, 10.76batch/s]
Scoring:  24%|##4       | 58/239 [00:06<00:16, 10.76batch/s]
Scoring:  25%|##5       | 60/239 [00:06<00:16, 10.72batch/s]
Scoring:  26%|##5       | 62/239 [00:06<00:16, 10.44batch/s]
Scoring:  27%|##6       | 64/239 [00:06<00:17, 10.19batch/s]
Scoring:  28%|##7       | 66/239 [00:06<00:16, 10.27batch/s]
Scoring:  28%|##8       | 68/239 [00:07<00:16, 10.17batch/s]
Scoring:  29%|##9       | 70/239 [00:07<00:16, 10.18batch/s]
Scoring:  30%|###       | 72/239 [00:07<00:16, 10.27batch/s]
Scoring:  31%|###       | 74/239 [00:07<00:16, 10.26batch/s]
Scoring:  32%|###1      | 76/239 [00:07<00:15, 10.30batch/s]
Scoring:  33%|###2      | 78/239 [00:08<00:15, 10.34batch/s]
Scoring:  33%|###3      | 80/239 [00:08<00:15, 10.34batch/s]
Scoring:  34%|###4      | 82/239 [00:08<00:15, 10.25batch/s]
Scoring:  35%|###5      | 84/239 [00:08<00:15, 10.30batch/s]
Scoring:  36%|###5      | 86/239 [00:08<00:15,  9.96batch/s]
Scoring:  36%|###6      | 87/239 [00:08<00:15,  9.79batch/s]
Scoring:  37%|###7      | 89/239 [00:09<00:14, 10.21batch/s]
Scoring:  38%|###8      | 91/239 [00:09<00:15,  9.80batch/s]
Scoring:  39%|###8      | 93/239 [00:09<00:14, 10.27batch/s]
Scoring:  40%|###9      | 95/239 [00:09<00:13, 10.43batch/s]
Scoring:  41%|####      | 97/239 [00:09<00:13, 10.46batch/s]
Scoring:  41%|####1     | 99/239 [00:10<00:13, 10.50batch/s]
Scoring:  42%|####2     | 101/239 [00:10<00:13, 10.49batch/s]
Scoring:  43%|####3     | 103/239 [00:10<00:13, 10.13batch/s]
Scoring:  44%|####3     | 105/239 [00:10<00:12, 10.36batch/s]
Scoring:  45%|####4     | 107/239 [00:10<00:12, 10.36batch/s]
Scoring:  46%|####5     | 109/239 [00:11<00:13,  9.94batch/s]
Scoring:  46%|####6     | 111/239 [00:11<00:12, 10.23batch/s]
Scoring:  47%|####7     | 113/239 [00:11<00:12, 10.10batch/s]
Scoring:  48%|####8     | 115/239 [00:11<00:11, 10.41batch/s]
Scoring:  49%|####8     | 117/239 [00:11<00:12, 10.13batch/s]
Scoring:  50%|####9     | 119/239 [00:12<00:11, 10.33batch/s]
Scoring:  51%|#####     | 121/239 [00:12<00:11, 10.14batch/s]
Scoring:  51%|#####1    | 123/239 [00:12<00:11,  9.88batch/s]
Scoring:  52%|#####2    | 125/239 [00:12<00:11, 10.15batch/s]
Scoring:  53%|#####3    | 127/239 [00:12<00:10, 10.19batch/s]
Scoring:  54%|#####3    | 129/239 [00:13<00:10, 10.10batch/s]
Scoring:  55%|#####4    | 131/239 [00:13<00:10,  9.95batch/s]
Scoring:  55%|#####5    | 132/239 [00:13<00:10,  9.80batch/s]
Scoring:  56%|#####6    | 134/239 [00:13<00:10,  9.69batch/s]
Scoring:  56%|#####6    | 135/239 [00:13<00:10,  9.67batch/s]
Scoring:  57%|#####7    | 137/239 [00:13<00:10, 10.02batch/s]
Scoring:  58%|#####7    | 138/239 [00:14<00:10,  9.93batch/s]
Scoring:  59%|#####8    | 140/239 [00:14<00:10,  9.85batch/s]
Scoring:  59%|#####8    | 141/239 [00:14<00:10,  9.61batch/s]
Scoring:  60%|#####9    | 143/239 [00:14<00:09, 10.02batch/s]
Scoring:  60%|######    | 144/239 [00:14<00:09, 10.01batch/s]
Scoring:  61%|######1   | 146/239 [00:14<00:09,  9.93batch/s]
Scoring:  62%|######1   | 147/239 [00:14<00:09,  9.77batch/s]
Scoring:  62%|######2   | 149/239 [00:15<00:08, 10.10batch/s]
Scoring:  63%|######2   | 150/239 [00:15<00:08,  9.96batch/s]
Scoring:  64%|######3   | 152/239 [00:15<00:08,  9.91batch/s]
Scoring:  64%|######4   | 153/239 [00:15<00:08,  9.72batch/s]
Scoring:  65%|######4   | 155/239 [00:15<00:08, 10.02batch/s]
Scoring:  65%|######5   | 156/239 [00:15<00:08,  9.92batch/s]
Scoring:  66%|######6   | 158/239 [00:16<00:08,  9.86batch/s]
Scoring:  67%|######6   | 159/239 [00:16<00:08,  9.57batch/s]
Scoring:  67%|######7   | 161/239 [00:16<00:07,  9.95batch/s]
Scoring:  68%|######7   | 162/239 [00:16<00:07,  9.95batch/s]
Scoring:  69%|######8   | 164/239 [00:16<00:07, 10.31batch/s]
Scoring:  69%|######9   | 166/239 [00:16<00:07, 10.33batch/s]
Scoring:  70%|#######   | 168/239 [00:17<00:06, 10.36batch/s]
Scoring:  71%|#######1  | 170/239 [00:17<00:06, 10.19batch/s]
Scoring:  72%|#######1  | 172/239 [00:17<00:06,  9.97batch/s]
Scoring:  72%|#######2  | 173/239 [00:17<00:06,  9.82batch/s]
Scoring:  73%|#######2  | 174/239 [00:17<00:06,  9.61batch/s]
Scoring:  74%|#######3  | 176/239 [00:17<00:06,  9.61batch/s]
Scoring:  74%|#######4  | 177/239 [00:17<00:06,  9.41batch/s]
Scoring:  75%|#######4  | 179/239 [00:18<00:06,  9.82batch/s]
Scoring:  75%|#######5  | 180/239 [00:18<00:05,  9.84batch/s]
Scoring:  76%|#######6  | 182/239 [00:18<00:05, 10.14batch/s]
Scoring:  77%|#######6  | 184/239 [00:18<00:05, 10.06batch/s]
Scoring:  77%|#######7  | 185/239 [00:18<00:05,  9.91batch/s]
Scoring:  78%|#######7  | 186/239 [00:18<00:05,  9.69batch/s]
Scoring:  79%|#######8  | 188/239 [00:19<00:05,  9.97batch/s]
Scoring:  79%|#######9  | 189/239 [00:19<00:05,  9.82batch/s]
Scoring:  79%|#######9  | 190/239 [00:19<00:05,  9.78batch/s]
Scoring:  80%|#######9  | 191/239 [00:19<00:05,  9.45batch/s]
Scoring:  80%|########  | 192/239 [00:19<00:04,  9.48batch/s]
Scoring:  81%|########1 | 194/239 [00:19<00:04,  9.72batch/s]
Scoring:  82%|########2 | 196/239 [00:19<00:04,  9.91batch/s]
Scoring:  83%|########2 | 198/239 [00:20<00:04,  9.93batch/s]
Scoring:  83%|########3 | 199/239 [00:20<00:04,  9.70batch/s]
Scoring:  84%|########4 | 201/239 [00:20<00:03,  9.65batch/s]
Scoring:  85%|########4 | 202/239 [00:20<00:03,  9.61batch/s]
Scoring:  85%|########5 | 204/239 [00:20<00:03, 10.01batch/s]
Scoring:  86%|########5 | 205/239 [00:20<00:03,  9.99batch/s]
Scoring:  86%|########6 | 206/239 [00:20<00:03,  9.94batch/s]
Scoring:  87%|########6 | 207/239 [00:21<00:03,  9.61batch/s]
Scoring:  87%|########7 | 208/239 [00:21<00:03,  9.53batch/s]
Scoring:  88%|########7 | 210/239 [00:21<00:03,  9.47batch/s]
Scoring:  88%|########8 | 211/239 [00:21<00:03,  9.18batch/s]
Scoring:  89%|########9 | 213/239 [00:21<00:02,  9.35batch/s]
Scoring:  90%|########9 | 214/239 [00:21<00:02,  9.26batch/s]
Scoring:  90%|######### | 216/239 [00:21<00:02,  9.75batch/s]
Scoring:  91%|######### | 217/239 [00:22<00:02,  9.63batch/s]
Scoring:  92%|#########1| 219/239 [00:22<00:02,  9.73batch/s]
Scoring:  92%|#########2| 220/239 [00:22<00:01,  9.76batch/s]
Scoring:  92%|#########2| 221/239 [00:22<00:01,  9.27batch/s]
Scoring:  93%|#########2| 222/239 [00:22<00:01,  8.85batch/s]
Scoring:  94%|#########3| 224/239 [00:22<00:01,  9.43batch/s]
Scoring:  94%|#########4| 225/239 [00:22<00:01,  9.38batch/s]
Scoring:  95%|#########4| 227/239 [00:23<00:01, 10.06batch/s]
Scoring:  95%|#########5| 228/239 [00:23<00:01,  9.91batch/s]
Scoring:  96%|#########5| 229/239 [00:23<00:01,  9.89batch/s]
Scoring:  97%|#########6| 231/239 [00:23<00:00, 10.42batch/s]
Scoring:  97%|#########7| 233/239 [00:23<00:00, 10.15batch/s]
Scoring:  98%|#########8| 235/239 [00:23<00:00, 10.50batch/s]
Scoring:  99%|#########9| 237/239 [00:24<00:00, 10.05batch/s]
Scoring: 100%|##########| 239/239 [00:24<00:00,  9.89batch/s]

=== loss = MAE (channels 0,1,2,3,4; mean over channels of mean(|p-t|) over 32x32) ===
saved array : D:\Research\NO-2D-Metamaterials\PLOTS\NO_I3O5_BCF16_NMAE_HC128_LR2e-03_WD0e+00_L1P1e-08_SS1_G9e-01_ch0u_260711_E12\b_test\MAE_sample_case_plots\per_sample_loss_mae_b_test.npy  shape=(1950000, 5)  (cols: combined_idx, geom_idx, wave_idx, band_idx, mae)
mean=2.670464e-03
scenario          combined    geom    wave  band            loss
p0                 1033573     530      12     1    4.334350e-02
p01                 818216     419     194     2    1.414679e-02
p10                1917908     983     176     2    7.193029e-03
p20                1650711     846     168     3    4.514559e-03
p25                1337318     685     261     2    3.603517e-03
p30                1554328     797      29     4    2.874955e-03
p40                1300716     667      11     0    1.853208e-03
p50                 766103     392     283     5    1.285750e-03
p60                1717199     880     199     5    9.392435e-04
p70                 789102     404     217     0    7.000350e-04
p75                 726134     372     122     2    6.054266e-04
p80                1571079     805     221     3    5.225483e-04
p90                1843855     945     184     1    3.832253e-04
p99                 314190     161      40     0    2.376244e-04
p100                353322     181      62     0    1.077604e-04
>> per_sample_loss_mae_b_test DONE 2026-08-03 17:13:51

>> per_sample_loss_mse_b_test START 2026-08-03 17:13:51
CPU threads: capped at 4 (torch.get_num_threads()=4)
Dataset   : d:\Research\NO-2D-Metamaterials\DATASETS\b_test\binarized_2026-03-08_16-34-27_pt
Eigen enc : uniform (eigenfrequency_uniform_full.pt)
Inference : d:\Research\NO-2D-Metamaterials\INFERENCE\NO_I3O5_BCF16_NMAE_HC128_LR2e-03_WD0e+00_L1P1e-08_SS1_G9e-01_ch0u_260711_E12\b_test\predictions_I3O5_NO_I3O5_BCF16_NMAE_HC128_LR2e-03_WD0e+00_L1P1e-08_SS1_G9e-01_ch0u_260711_E12.pt  shape=(1950000, 5, 32, 32) dtype=torch.float16
Losses    : mse
Supported : mae, mse, rms, nmae, nmse, nrms (aliases l1->mae, l2->mse, rmse->rms, nl1->nmae, nl2->nmse, nrmse->nrms)
Field     : 32x32   Device: cpu
Samples   : 1950000  (n_geom=1000, n_waveforms=325, n_bands=6)
Output dir: D:\Research\NO-2D-Metamaterials\PLOTS\NO_I3O5_BCF16_NMAE_HC128_LR2e-03_WD0e+00_L1P1e-08_SS1_G9e-01_ch0u_260711_E12\b_test\MSE_sample_case_plots
Truth mode: batched mmap/slice  (eigen mmap; displacements=loaded)

--- channel group: [0, 1, 2, 3, 4] ---
System.Management.Automation.RemoteException
Scoring:   0%|          | 0/239 [00:00<?, ?batch/s]
Scoring:   0%|          | 1/239 [00:00<00:34,  6.83batch/s]
Scoring:   1%|          | 2/239 [00:00<00:35,  6.74batch/s]
Scoring:   1%|1         | 3/239 [00:00<00:35,  6.66batch/s]
Scoring:   2%|1         | 4/239 [00:00<00:32,  7.16batch/s]
Scoring:   2%|2         | 5/239 [00:00<00:29,  7.94batch/s]
Scoring:   3%|2         | 6/239 [00:00<00:28,  8.20batch/s]
Scoring:   3%|3         | 8/239 [00:01<00:27,  8.41batch/s]
Scoring:   4%|3         | 9/239 [00:01<00:26,  8.62batch/s]
Scoring:   4%|4         | 10/239 [00:01<00:25,  8.82batch/s]
Scoring:   5%|4         | 11/239 [00:01<00:26,  8.76batch/s]
Scoring:   5%|5         | 12/239 [00:01<00:25,  8.91batch/s]
Scoring:   5%|5         | 13/239 [00:01<00:25,  8.88batch/s]
Scoring:   6%|6         | 15/239 [00:01<00:24,  9.22batch/s]
Scoring:   7%|6         | 16/239 [00:01<00:24,  9.26batch/s]
Scoring:   7%|7         | 17/239 [00:02<00:25,  8.88batch/s]
Scoring:   8%|7         | 18/239 [00:02<00:24,  8.96batch/s]
Scoring:   8%|7         | 19/239 [00:02<00:23,  9.20batch/s]
Scoring:   8%|8         | 20/239 [00:02<00:24,  9.11batch/s]
Scoring:   9%|9         | 22/239 [00:02<00:23,  9.34batch/s]
Scoring:  10%|9         | 23/239 [00:02<00:22,  9.39batch/s]
Scoring:  10%|#         | 24/239 [00:02<00:22,  9.39batch/s]
Scoring:  10%|#         | 25/239 [00:02<00:22,  9.39batch/s]
Scoring:  11%|#         | 26/239 [00:02<00:23,  8.88batch/s]
Scoring:  11%|#1        | 27/239 [00:03<00:23,  9.07batch/s]
Scoring:  12%|#2        | 29/239 [00:03<00:22,  9.33batch/s]
Scoring:  13%|#2        | 30/239 [00:03<00:22,  9.41batch/s]
Scoring:  13%|#2        | 31/239 [00:03<00:22,  9.34batch/s]
Scoring:  13%|#3        | 32/239 [00:03<00:22,  9.28batch/s]
Scoring:  14%|#4        | 34/239 [00:03<00:20,  9.93batch/s]
Scoring:  15%|#4        | 35/239 [00:03<00:20,  9.91batch/s]
Scoring:  15%|#5        | 37/239 [00:04<00:20,  9.85batch/s]
Scoring:  16%|#5        | 38/239 [00:04<00:20,  9.78batch/s]
Scoring:  17%|#6        | 40/239 [00:04<00:19, 10.16batch/s]
Scoring:  18%|#7        | 42/239 [00:04<00:19, 10.19batch/s]
Scoring:  18%|#8        | 44/239 [00:04<00:18, 10.28batch/s]
Scoring:  19%|#9        | 46/239 [00:04<00:19, 10.15batch/s]
Scoring:  20%|##        | 48/239 [00:05<00:19, 10.02batch/s]
Scoring:  21%|##        | 50/239 [00:05<00:19,  9.90batch/s]
Scoring:  22%|##1       | 52/239 [00:05<00:18,  9.89batch/s]
Scoring:  22%|##2       | 53/239 [00:05<00:18,  9.79batch/s]
Scoring:  23%|##3       | 55/239 [00:05<00:18, 10.03batch/s]
Scoring:  23%|##3       | 56/239 [00:06<00:18,  9.92batch/s]
Scoring:  24%|##4       | 58/239 [00:06<00:18,  9.93batch/s]
Scoring:  25%|##4       | 59/239 [00:06<00:18,  9.74batch/s]
Scoring:  26%|##5       | 61/239 [00:06<00:17, 10.01batch/s]
Scoring:  26%|##5       | 62/239 [00:06<00:17,  9.92batch/s]
Scoring:  27%|##6       | 64/239 [00:06<00:17,  9.95batch/s]
Scoring:  27%|##7       | 65/239 [00:06<00:17,  9.95batch/s]
Scoring:  28%|##8       | 67/239 [00:07<00:16, 10.21batch/s]
Scoring:  29%|##8       | 69/239 [00:07<00:17,  9.97batch/s]
Scoring:  29%|##9       | 70/239 [00:07<00:17,  9.75batch/s]
Scoring:  30%|##9       | 71/239 [00:07<00:17,  9.65batch/s]
Scoring:  31%|###       | 73/239 [00:07<00:16, 10.09batch/s]
Scoring:  31%|###       | 74/239 [00:07<00:16, 10.01batch/s]
Scoring:  32%|###1      | 76/239 [00:08<00:15, 10.26batch/s]
Scoring:  33%|###2      | 78/239 [00:08<00:15, 10.21batch/s]
Scoring:  33%|###3      | 80/239 [00:08<00:16,  9.75batch/s]
Scoring:  34%|###4      | 82/239 [00:08<00:15, 10.05batch/s]
Scoring:  35%|###5      | 84/239 [00:08<00:15, 10.17batch/s]
Scoring:  36%|###5      | 86/239 [00:08<00:14, 10.23batch/s]
Scoring:  37%|###6      | 88/239 [00:09<00:14, 10.45batch/s]
Scoring:  38%|###7      | 90/239 [00:09<00:14, 10.41batch/s]
Scoring:  38%|###8      | 92/239 [00:09<00:14, 10.04batch/s]
Scoring:  39%|###9      | 94/239 [00:09<00:14, 10.30batch/s]
Scoring:  40%|####      | 96/239 [00:09<00:13, 10.25batch/s]
Scoring:  41%|####1     | 98/239 [00:10<00:13, 10.35batch/s]
Scoring:  42%|####1     | 100/239 [00:10<00:13, 10.48batch/s]
Scoring:  43%|####2     | 102/239 [00:10<00:13, 10.50batch/s]
Scoring:  44%|####3     | 104/239 [00:10<00:12, 10.57batch/s]
Scoring:  44%|####4     | 106/239 [00:10<00:12, 10.72batch/s]
Scoring:  45%|####5     | 108/239 [00:11<00:12, 10.58batch/s]
Scoring:  46%|####6     | 110/239 [00:11<00:12, 10.60batch/s]
Scoring:  47%|####6     | 112/239 [00:11<00:11, 10.78batch/s]
Scoring:  48%|####7     | 114/239 [00:11<00:11, 10.75batch/s]
Scoring:  49%|####8     | 116/239 [00:11<00:11, 10.72batch/s]
Scoring:  49%|####9     | 118/239 [00:12<00:11, 10.80batch/s]
Scoring:  50%|#####     | 120/239 [00:12<00:11, 10.72batch/s]
Scoring:  51%|#####1    | 122/239 [00:12<00:11, 10.61batch/s]
Scoring:  52%|#####1    | 124/239 [00:12<00:11, 10.31batch/s]
Scoring:  53%|#####2    | 126/239 [00:12<00:11,  9.86batch/s]
Scoring:  53%|#####3    | 127/239 [00:12<00:11,  9.65batch/s]
Scoring:  54%|#####3    | 128/239 [00:13<00:11,  9.53batch/s]
Scoring:  54%|#####3    | 129/239 [00:13<00:11,  9.62batch/s]
Scoring:  55%|#####4    | 131/239 [00:13<00:10,  9.95batch/s]
Scoring:  55%|#####5    | 132/239 [00:13<00:10,  9.87batch/s]
Scoring:  56%|#####6    | 134/239 [00:13<00:10,  9.92batch/s]
Scoring:  56%|#####6    | 135/239 [00:13<00:10,  9.86batch/s]
Scoring:  57%|#####7    | 137/239 [00:13<00:10, 10.14batch/s]
Scoring:  58%|#####8    | 139/239 [00:14<00:09, 10.16batch/s]
Scoring:  59%|#####8    | 141/239 [00:14<00:09,  9.92batch/s]
Scoring:  60%|#####9    | 143/239 [00:14<00:09, 10.21batch/s]
Scoring:  61%|######    | 145/239 [00:14<00:09, 10.18batch/s]
Scoring:  62%|######1   | 147/239 [00:14<00:08, 10.23batch/s]
Scoring:  62%|######2   | 149/239 [00:15<00:08, 10.03batch/s]
Scoring:  63%|######3   | 151/239 [00:15<00:08,  9.99batch/s]
Scoring:  64%|######4   | 153/239 [00:15<00:08, 10.06batch/s]
Scoring:  65%|######4   | 155/239 [00:15<00:08, 10.01batch/s]
Scoring:  66%|######5   | 157/239 [00:15<00:08, 10.04batch/s]
Scoring:  67%|######6   | 159/239 [00:16<00:07, 10.12batch/s]
Scoring:  67%|######7   | 161/239 [00:16<00:07, 10.22batch/s]
Scoring:  68%|######8   | 163/239 [00:16<00:07, 10.21batch/s]
Scoring:  69%|######9   | 165/239 [00:16<00:07,  9.88batch/s]
Scoring:  70%|######9   | 167/239 [00:16<00:07, 10.07batch/s]
Scoring:  71%|#######   | 169/239 [00:17<00:06, 10.00batch/s]
Scoring:  72%|#######1  | 171/239 [00:17<00:07,  9.58batch/s]
Scoring:  72%|#######2  | 173/239 [00:17<00:06,  9.62batch/s]
Scoring:  73%|#######2  | 174/239 [00:17<00:06,  9.50batch/s]
Scoring:  74%|#######3  | 176/239 [00:17<00:06,  9.85batch/s]
Scoring:  74%|#######4  | 177/239 [00:17<00:06,  9.82batch/s]
Scoring:  75%|#######4  | 179/239 [00:18<00:06,  9.85batch/s]
Scoring:  75%|#######5  | 180/239 [00:18<00:06,  9.67batch/s]
Scoring:  76%|#######6  | 182/239 [00:18<00:05, 10.06batch/s]
Scoring:  77%|#######6  | 183/239 [00:18<00:05, 10.02batch/s]
Scoring:  77%|#######7  | 185/239 [00:18<00:05, 10.30batch/s]
Scoring:  78%|#######8  | 187/239 [00:18<00:05, 10.25batch/s]
Scoring:  79%|#######9  | 189/239 [00:19<00:05,  9.83batch/s]
Scoring:  80%|#######9  | 191/239 [00:19<00:04, 10.14batch/s]
Scoring:  81%|########  | 193/239 [00:19<00:04, 10.14batch/s]
Scoring:  82%|########1 | 195/239 [00:19<00:04,  9.73batch/s]
Scoring:  82%|########2 | 197/239 [00:19<00:04, 10.04batch/s]
Scoring:  83%|########3 | 199/239 [00:20<00:03, 10.10batch/s]
Scoring:  84%|########4 | 201/239 [00:20<00:03,  9.86batch/s]
Scoring:  85%|########4 | 203/239 [00:20<00:03, 10.10batch/s]
Scoring:  86%|########5 | 205/239 [00:20<00:03, 10.21batch/s]
Scoring:  87%|########6 | 207/239 [00:20<00:03, 10.16batch/s]
Scoring:  87%|########7 | 209/239 [00:21<00:02, 10.11batch/s]
Scoring:  88%|########8 | 211/239 [00:21<00:02, 10.09batch/s]
Scoring:  89%|########9 | 213/239 [00:21<00:02, 10.20batch/s]
Scoring:  90%|########9 | 215/239 [00:21<00:02, 10.32batch/s]
Scoring:  91%|######### | 217/239 [00:21<00:02, 10.24batch/s]
Scoring:  92%|#########1| 219/239 [00:22<00:02,  9.66batch/s]
Scoring:  92%|#########2| 221/239 [00:22<00:01,  9.96batch/s]
Scoring:  93%|#########3| 223/239 [00:22<00:01, 10.09batch/s]
Scoring:  94%|#########4| 225/239 [00:22<00:01, 10.14batch/s]
Scoring:  95%|#########4| 227/239 [00:22<00:01, 10.07batch/s]
Scoring:  96%|#########5| 229/239 [00:23<00:00, 10.00batch/s]
Scoring:  97%|#########6| 231/239 [00:23<00:00, 10.06batch/s]
Scoring:  97%|#########7| 233/239 [00:23<00:00, 10.28batch/s]
Scoring:  98%|#########8| 235/239 [00:23<00:00, 10.29batch/s]
Scoring:  99%|#########9| 237/239 [00:23<00:00, 10.42batch/s]
Scoring: 100%|##########| 239/239 [00:23<00:00,  9.97batch/s]

=== loss = MSE (channels 0,1,2,3,4; mean over channels of mean((p-t)^2) over 32x32) ===
saved array : D:\Research\NO-2D-Metamaterials\PLOTS\NO_I3O5_BCF16_NMAE_HC128_LR2e-03_WD0e+00_L1P1e-08_SS1_G9e-01_ch0u_260711_E12\b_test\MSE_sample_case_plots\per_sample_loss_mse_b_test.npy  shape=(1950000, 5)  (cols: combined_idx, geom_idx, wave_idx, band_idx, mse)
mean=6.758748e-05
scenario          combined    geom    wave  band            loss
p0                 1606873     824      12     1    5.503464e-03
p01                1873992     961       7     0    6.066895e-04
p10                1532824     786      20     4    2.318255e-04
p20                1180990     605     206     4    1.333258e-04
p25                  60854      31      67     2    7.046860e-05
p30                 731112     374     302     0    3.439018e-05
p40                1608297     824     249     3    1.054732e-05
p50                1445151     741      33     3    4.573665e-06
p60                1198656     614     226     0    2.402229e-06
p70                1298901     666      33     3    1.317370e-06
p75                1107961     568      60     1    9.826219e-07
p80                1768135     906     239     1    7.256188e-07
p90                 567960     291      85     0    3.766840e-07
p99                 631987     324      31     1    9.761018e-08
p100                353322     181      62     0    1.978228e-08
>> per_sample_loss_mse_b_test DONE 2026-08-03 17:14:27

>> per_sample_loss_nmae_b_test START 2026-08-03 17:14:27
CPU threads: capped at 4 (torch.get_num_threads()=4)
Dataset   : d:\Research\NO-2D-Metamaterials\DATASETS\b_test\binarized_2026-03-08_16-34-27_pt
Eigen enc : uniform (eigenfrequency_uniform_full.pt)
Inference : d:\Research\NO-2D-Metamaterials\INFERENCE\NO_I3O5_BCF16_NMAE_HC128_LR2e-03_WD0e+00_L1P1e-08_SS1_G9e-01_ch0u_260711_E12\b_test\predictions_I3O5_NO_I3O5_BCF16_NMAE_HC128_LR2e-03_WD0e+00_L1P1e-08_SS1_G9e-01_ch0u_260711_E12.pt  shape=(1950000, 5, 32, 32) dtype=torch.float16
Losses    : nmae
Supported : mae, mse, rms, nmae, nmse, nrms (aliases l1->mae, l2->mse, rmse->rms, nl1->nmae, nl2->nmse, nrmse->nrms)
Field     : 32x32   Device: cpu
Samples   : 1950000  (n_geom=1000, n_waveforms=325, n_bands=6)
Output dir: D:\Research\NO-2D-Metamaterials\PLOTS\NO_I3O5_BCF16_NMAE_HC128_LR2e-03_WD0e+00_L1P1e-08_SS1_G9e-01_ch0u_260711_E12\b_test\NMAE_sample_case_plots
Truth mode: batched mmap/slice  (eigen mmap; displacements=loaded)

--- channel group: [0, 1, 2, 3, 4] ---
System.Management.Automation.RemoteException
Scoring:   0%|          | 0/239 [00:00<?, ?batch/s]
Scoring:   0%|          | 1/239 [00:00<00:38,  6.21batch/s]
Scoring:   1%|          | 2/239 [00:00<00:37,  6.25batch/s]
Scoring:   1%|1         | 3/239 [00:00<00:39,  5.97batch/s]
Scoring:   2%|1         | 4/239 [00:00<00:35,  6.56batch/s]
Scoring:   2%|2         | 5/239 [00:00<00:34,  6.84batch/s]
Scoring:   3%|2         | 6/239 [00:00<00:32,  7.06batch/s]
Scoring:   3%|2         | 7/239 [00:01<00:31,  7.31batch/s]
Scoring:   3%|3         | 8/239 [00:01<00:31,  7.38batch/s]
Scoring:   4%|3         | 9/239 [00:01<00:29,  7.70batch/s]
Scoring:   4%|4         | 10/239 [00:01<00:29,  7.82batch/s]
Scoring:   5%|4         | 11/239 [00:01<00:28,  8.08batch/s]
Scoring:   5%|5         | 12/239 [00:01<00:28,  8.07batch/s]
Scoring:   5%|5         | 13/239 [00:01<00:27,  8.26batch/s]
Scoring:   6%|5         | 14/239 [00:01<00:27,  8.19batch/s]
Scoring:   6%|6         | 15/239 [00:01<00:26,  8.31batch/s]
Scoring:   7%|6         | 16/239 [00:02<00:26,  8.27batch/s]
Scoring:   7%|7         | 17/239 [00:02<00:26,  8.35batch/s]
Scoring:   8%|7         | 18/239 [00:02<00:26,  8.29batch/s]
Scoring:   8%|7         | 19/239 [00:02<00:26,  8.43batch/s]
Scoring:   8%|8         | 20/239 [00:02<00:26,  8.33batch/s]
Scoring:   9%|8         | 21/239 [00:02<00:25,  8.44batch/s]
Scoring:   9%|9         | 22/239 [00:02<00:25,  8.60batch/s]
Scoring:  10%|9         | 23/239 [00:02<00:24,  8.69batch/s]
Scoring:  10%|#         | 24/239 [00:03<00:25,  8.38batch/s]
Scoring:  10%|#         | 25/239 [00:03<00:25,  8.40batch/s]
Scoring:  11%|#         | 26/239 [00:03<00:24,  8.60batch/s]
Scoring:  11%|#1        | 27/239 [00:03<00:24,  8.62batch/s]
Scoring:  12%|#1        | 28/239 [00:03<00:24,  8.74batch/s]
Scoring:  12%|#2        | 29/239 [00:03<00:24,  8.60batch/s]
Scoring:  13%|#2        | 30/239 [00:03<00:24,  8.46batch/s]
Scoring:  13%|#2        | 31/239 [00:03<00:23,  8.68batch/s]
Scoring:  13%|#3        | 32/239 [00:03<00:24,  8.35batch/s]
Scoring:  14%|#3        | 33/239 [00:04<00:25,  8.12batch/s]
Scoring:  14%|#4        | 34/239 [00:04<00:24,  8.36batch/s]
Scoring:  15%|#4        | 35/239 [00:04<00:25,  8.15batch/s]
Scoring:  15%|#5        | 36/239 [00:04<00:24,  8.38batch/s]
Scoring:  15%|#5        | 37/239 [00:04<00:23,  8.68batch/s]
Scoring:  16%|#5        | 38/239 [00:04<00:24,  8.20batch/s]
Scoring:  16%|#6        | 39/239 [00:04<00:24,  8.23batch/s]
Scoring:  17%|#6        | 40/239 [00:04<00:23,  8.41batch/s]
Scoring:  17%|#7        | 41/239 [00:05<00:23,  8.44batch/s]
Scoring:  18%|#7        | 42/239 [00:05<00:22,  8.57batch/s]
Scoring:  18%|#7        | 43/239 [00:05<00:23,  8.49batch/s]
Scoring:  18%|#8        | 44/239 [00:05<00:23,  8.36batch/s]
Scoring:  19%|#8        | 45/239 [00:05<00:23,  8.15batch/s]
Scoring:  19%|#9        | 46/239 [00:05<00:25,  7.67batch/s]
Scoring:  20%|#9        | 47/239 [00:05<00:25,  7.59batch/s]
Scoring:  20%|##        | 48/239 [00:05<00:24,  7.90batch/s]
Scoring:  21%|##        | 49/239 [00:06<00:23,  8.05batch/s]
Scoring:  21%|##        | 50/239 [00:06<00:23,  8.12batch/s]
Scoring:  21%|##1       | 51/239 [00:06<00:23,  8.16batch/s]
Scoring:  22%|##1       | 52/239 [00:06<00:22,  8.23batch/s]
Scoring:  22%|##2       | 53/239 [00:06<00:22,  8.11batch/s]
Scoring:  23%|##2       | 54/239 [00:06<00:22,  8.09batch/s]
Scoring:  23%|##3       | 55/239 [00:06<00:23,  7.83batch/s]
Scoring:  23%|##3       | 56/239 [00:06<00:25,  7.22batch/s]
Scoring:  24%|##3       | 57/239 [00:07<00:25,  7.28batch/s]
Scoring:  24%|##4       | 58/239 [00:07<00:25,  7.11batch/s]
Scoring:  25%|##4       | 59/239 [00:07<00:24,  7.30batch/s]
Scoring:  25%|##5       | 60/239 [00:07<00:24,  7.31batch/s]
Scoring:  26%|##5       | 61/239 [00:07<00:23,  7.51batch/s]
Scoring:  26%|##5       | 62/239 [00:07<00:22,  7.86batch/s]
Scoring:  26%|##6       | 63/239 [00:07<00:22,  7.76batch/s]
Scoring:  27%|##6       | 64/239 [00:08<00:21,  8.08batch/s]
Scoring:  27%|##7       | 65/239 [00:08<00:20,  8.31batch/s]
Scoring:  28%|##7       | 66/239 [00:08<00:21,  8.10batch/s]
Scoring:  28%|##8       | 67/239 [00:08<00:20,  8.32batch/s]
Scoring:  28%|##8       | 68/239 [00:08<00:19,  8.66batch/s]
Scoring:  29%|##8       | 69/239 [00:08<00:19,  8.75batch/s]
Scoring:  29%|##9       | 70/239 [00:08<00:19,  8.86batch/s]
Scoring:  30%|##9       | 71/239 [00:08<00:19,  8.67batch/s]
Scoring:  30%|###       | 72/239 [00:08<00:19,  8.56batch/s]
Scoring:  31%|###       | 73/239 [00:09<00:18,  8.79batch/s]
Scoring:  31%|###       | 74/239 [00:09<00:19,  8.59batch/s]
Scoring:  31%|###1      | 75/239 [00:09<00:19,  8.57batch/s]
Scoring:  32%|###1      | 76/239 [00:09<00:18,  8.84batch/s]
Scoring:  32%|###2      | 77/239 [00:09<00:17,  9.05batch/s]
Scoring:  33%|###2      | 78/239 [00:09<00:17,  8.95batch/s]
Scoring:  33%|###3      | 79/239 [00:09<00:17,  9.13batch/s]
Scoring:  33%|###3      | 80/239 [00:09<00:17,  8.87batch/s]
Scoring:  34%|###3      | 81/239 [00:09<00:18,  8.58batch/s]
Scoring:  34%|###4      | 82/239 [00:10<00:18,  8.63batch/s]
Scoring:  35%|###4      | 83/239 [00:10<00:19,  8.21batch/s]
Scoring:  35%|###5      | 84/239 [00:10<00:18,  8.46batch/s]
Scoring:  36%|###5      | 85/239 [00:10<00:17,  8.76batch/s]
Scoring:  36%|###5      | 86/239 [00:10<00:17,  8.51batch/s]
Scoring:  36%|###6      | 87/239 [00:10<00:17,  8.60batch/s]
Scoring:  37%|###6      | 88/239 [00:10<00:17,  8.87batch/s]
Scoring:  37%|###7      | 89/239 [00:10<00:17,  8.55batch/s]
Scoring:  38%|###7      | 90/239 [00:11<00:17,  8.45batch/s]
Scoring:  38%|###8      | 91/239 [00:11<00:17,  8.66batch/s]
Scoring:  38%|###8      | 92/239 [00:11<00:17,  8.57batch/s]
Scoring:  39%|###8      | 93/239 [00:11<00:16,  8.85batch/s]
Scoring:  39%|###9      | 94/239 [00:11<00:16,  8.56batch/s]
Scoring:  40%|###9      | 95/239 [00:11<00:16,  8.63batch/s]
Scoring:  40%|####      | 96/239 [00:11<00:16,  8.73batch/s]
Scoring:  41%|####      | 97/239 [00:11<00:16,  8.37batch/s]
Scoring:  41%|####1     | 98/239 [00:11<00:16,  8.56batch/s]
Scoring:  41%|####1     | 99/239 [00:12<00:15,  8.77batch/s]
Scoring:  42%|####1     | 100/239 [00:12<00:16,  8.45batch/s]
Scoring:  42%|####2     | 101/239 [00:12<00:16,  8.32batch/s]
Scoring:  43%|####2     | 102/239 [00:12<00:16,  8.44batch/s]
Scoring:  43%|####3     | 103/239 [00:12<00:16,  8.39batch/s]
Scoring:  44%|####3     | 104/239 [00:12<00:15,  8.53batch/s]
Scoring:  44%|####3     | 105/239 [00:12<00:15,  8.50batch/s]
Scoring:  44%|####4     | 106/239 [00:12<00:15,  8.46batch/s]
Scoring:  45%|####4     | 107/239 [00:13<00:16,  8.10batch/s]
Scoring:  45%|####5     | 108/239 [00:13<00:15,  8.20batch/s]
Scoring:  46%|####5     | 109/239 [00:13<00:15,  8.15batch/s]
Scoring:  46%|####6     | 110/239 [00:13<00:16,  8.03batch/s]
Scoring:  46%|####6     | 111/239 [00:13<00:15,  8.28batch/s]
Scoring:  47%|####6     | 112/239 [00:13<00:15,  8.05batch/s]
Scoring:  47%|####7     | 113/239 [00:13<00:15,  8.14batch/s]
Scoring:  48%|####7     | 114/239 [00:13<00:14,  8.38batch/s]
Scoring:  48%|####8     | 115/239 [00:13<00:14,  8.29batch/s]
Scoring:  49%|####8     | 116/239 [00:14<00:14,  8.50batch/s]
Scoring:  49%|####8     | 117/239 [00:14<00:14,  8.37batch/s]
Scoring:  49%|####9     | 118/239 [00:14<00:14,  8.54batch/s]
Scoring:  50%|####9     | 119/239 [00:14<00:14,  8.44batch/s]
Scoring:  50%|#####     | 120/239 [00:14<00:14,  8.40batch/s]
Scoring:  51%|#####     | 121/239 [00:14<00:14,  8.20batch/s]
Scoring:  51%|#####1    | 122/239 [00:14<00:14,  8.35batch/s]
Scoring:  51%|#####1    | 123/239 [00:14<00:13,  8.40batch/s]
Scoring:  52%|#####1    | 124/239 [00:15<00:13,  8.56batch/s]
Scoring:  52%|#####2    | 125/239 [00:15<00:13,  8.21batch/s]
Scoring:  53%|#####2    | 126/239 [00:15<00:13,  8.26batch/s]
Scoring:  53%|#####3    | 127/239 [00:15<00:13,  8.18batch/s]
Scoring:  54%|#####3    | 128/239 [00:15<00:13,  8.13batch/s]
Scoring:  54%|#####3    | 129/239 [00:15<00:13,  8.34batch/s]
Scoring:  54%|#####4    | 130/239 [00:15<00:13,  7.99batch/s]
Scoring:  55%|#####4    | 131/239 [00:15<00:13,  7.97batch/s]
Scoring:  55%|#####5    | 132/239 [00:16<00:13,  7.88batch/s]
Scoring:  56%|#####5    | 133/239 [00:16<00:13,  7.79batch/s]
Scoring:  56%|#####6    | 134/239 [00:16<00:12,  8.13batch/s]
Scoring:  56%|#####6    | 135/239 [00:16<00:13,  7.58batch/s]
Scoring:  57%|#####6    | 136/239 [00:16<00:14,  7.18batch/s]
Scoring:  57%|#####7    | 137/239 [00:16<00:13,  7.54batch/s]
Scoring:  58%|#####7    | 138/239 [00:16<00:12,  7.86batch/s]
Scoring:  58%|#####8    | 139/239 [00:16<00:12,  7.89batch/s]
Scoring:  59%|#####8    | 140/239 [00:17<00:12,  8.03batch/s]
Scoring:  59%|#####8    | 141/239 [00:17<00:11,  8.17batch/s]
Scoring:  59%|#####9    | 142/239 [00:17<00:11,  8.40batch/s]
Scoring:  60%|#####9    | 143/239 [00:17<00:11,  8.09batch/s]
Scoring:  60%|######    | 144/239 [00:17<00:11,  8.29batch/s]
Scoring:  61%|######    | 145/239 [00:17<00:11,  8.50batch/s]
Scoring:  61%|######1   | 146/239 [00:17<00:11,  8.40batch/s]
Scoring:  62%|######1   | 147/239 [00:17<00:10,  8.54batch/s]
Scoring:  62%|######1   | 148/239 [00:18<00:11,  8.22batch/s]
Scoring:  62%|######2   | 149/239 [00:18<00:10,  8.27batch/s]
Scoring:  63%|######2   | 150/239 [00:18<00:10,  8.09batch/s]
Scoring:  63%|######3   | 151/239 [00:18<00:10,  8.10batch/s]
Scoring:  64%|######3   | 152/239 [00:18<00:10,  8.37batch/s]
Scoring:  64%|######4   | 153/239 [00:18<00:10,  8.03batch/s]
Scoring:  64%|######4   | 154/239 [00:18<00:10,  8.11batch/s]
Scoring:  65%|######4   | 155/239 [00:18<00:10,  8.39batch/s]
Scoring:  65%|######5   | 156/239 [00:19<00:09,  8.40batch/s]
Scoring:  66%|######5   | 157/239 [00:19<00:09,  8.53batch/s]
Scoring:  66%|######6   | 158/239 [00:19<00:09,  8.29batch/s]
Scoring:  67%|######6   | 159/239 [00:19<00:09,  8.42batch/s]
Scoring:  67%|######6   | 160/239 [00:19<00:09,  8.32batch/s]
Scoring:  67%|######7   | 161/239 [00:19<00:09,  8.53batch/s]
Scoring:  68%|######7   | 162/239 [00:19<00:09,  8.47batch/s]
Scoring:  68%|######8   | 163/239 [00:19<00:08,  8.57batch/s]
Scoring:  69%|######8   | 164/239 [00:19<00:08,  8.36batch/s]
Scoring:  69%|######9   | 165/239 [00:20<00:08,  8.36batch/s]
Scoring:  69%|######9   | 166/239 [00:20<00:08,  8.32batch/s]
Scoring:  70%|######9   | 167/239 [00:20<00:08,  8.50batch/s]
Scoring:  70%|#######   | 168/239 [00:20<00:08,  8.39batch/s]
Scoring:  71%|#######   | 169/239 [00:20<00:08,  8.42batch/s]
Scoring:  71%|#######1  | 170/239 [00:20<00:08,  8.47batch/s]
Scoring:  72%|#######1  | 171/239 [00:20<00:07,  8.66batch/s]
Scoring:  72%|#######1  | 172/239 [00:20<00:08,  8.23batch/s]
Scoring:  72%|#######2  | 173/239 [00:21<00:08,  8.10batch/s]
Scoring:  73%|#######2  | 174/239 [00:21<00:08,  7.87batch/s]
Scoring:  73%|#######3  | 175/239 [00:21<00:08,  7.94batch/s]
Scoring:  74%|#######3  | 176/239 [00:21<00:07,  8.18batch/s]
Scoring:  74%|#######4  | 177/239 [00:21<00:07,  7.89batch/s]
Scoring:  74%|#######4  | 178/239 [00:21<00:07,  7.92batch/s]
Scoring:  75%|#######4  | 179/239 [00:21<00:07,  8.22batch/s]
Scoring:  75%|#######5  | 180/239 [00:21<00:07,  8.25batch/s]
Scoring:  76%|#######5  | 181/239 [00:22<00:06,  8.38batch/s]
Scoring:  76%|#######6  | 182/239 [00:22<00:06,  8.23batch/s]
Scoring:  77%|#######6  | 183/239 [00:22<00:08,  6.54batch/s]
Scoring:  77%|#######6  | 184/239 [00:22<00:09,  6.07batch/s]
Scoring:  77%|#######7  | 185/239 [00:22<00:08,  6.27batch/s]
Scoring:  78%|#######7  | 186/239 [00:22<00:08,  6.36batch/s]
Scoring:  78%|#######8  | 187/239 [00:23<00:08,  6.42batch/s]
Scoring:  79%|#######8  | 188/239 [00:23<00:07,  6.60batch/s]
Scoring:  79%|#######9  | 189/239 [00:23<00:07,  6.54batch/s]
Scoring:  79%|#######9  | 190/239 [00:23<00:07,  6.56batch/s]
Scoring:  80%|#######9  | 191/239 [00:23<00:07,  6.83batch/s]
Scoring:  80%|########  | 192/239 [00:23<00:06,  6.85batch/s]
Scoring:  81%|########  | 193/239 [00:23<00:06,  6.87batch/s]
Scoring:  81%|########1 | 194/239 [00:24<00:06,  6.92batch/s]
Scoring:  82%|########1 | 195/239 [00:24<00:06,  7.14batch/s]
Scoring:  82%|########2 | 196/239 [00:24<00:05,  7.54batch/s]
Scoring:  82%|########2 | 197/239 [00:24<00:05,  7.35batch/s]
Scoring:  83%|########2 | 198/239 [00:24<00:05,  7.61batch/s]
Scoring:  83%|########3 | 199/239 [00:24<00:05,  7.49batch/s]
Scoring:  84%|########3 | 200/239 [00:24<00:05,  7.68batch/s]
Scoring:  84%|########4 | 201/239 [00:24<00:04,  7.95batch/s]
Scoring:  85%|########4 | 202/239 [00:25<00:04,  7.72batch/s]
Scoring:  85%|########4 | 203/239 [00:25<00:04,  7.38batch/s]
Scoring:  85%|########5 | 204/239 [00:25<00:04,  7.68batch/s]
Scoring:  86%|########5 | 205/239 [00:25<00:04,  8.04batch/s]
Scoring:  86%|########6 | 206/239 [00:25<00:04,  8.12batch/s]
Scoring:  87%|########6 | 207/239 [00:25<00:03,  8.38batch/s]
Scoring:  87%|########7 | 208/239 [00:25<00:03,  8.11batch/s]
Scoring:  87%|########7 | 209/239 [00:25<00:03,  7.97batch/s]
Scoring:  88%|########7 | 210/239 [00:26<00:03,  7.84batch/s]
Scoring:  88%|########8 | 211/239 [00:26<00:03,  7.75batch/s]
Scoring:  89%|########8 | 212/239 [00:26<00:03,  7.91batch/s]
Scoring:  89%|########9 | 213/239 [00:26<00:03,  7.98batch/s]
Scoring:  90%|########9 | 214/239 [00:26<00:03,  8.23batch/s]
Scoring:  90%|########9 | 215/239 [00:26<00:02,  8.21batch/s]
Scoring:  90%|######### | 216/239 [00:26<00:02,  8.22batch/s]
Scoring:  91%|######### | 217/239 [00:26<00:02,  7.95batch/s]
Scoring:  91%|#########1| 218/239 [00:27<00:02,  7.85batch/s]
Scoring:  92%|#########1| 219/239 [00:27<00:02,  7.86batch/s]
Scoring:  92%|#########2| 220/239 [00:27<00:02,  8.18batch/s]
Scoring:  92%|#########2| 221/239 [00:27<00:02,  7.99batch/s]
Scoring:  93%|#########2| 222/239 [00:27<00:02,  8.12batch/s]
Scoring:  93%|#########3| 223/239 [00:27<00:01,  8.36batch/s]
Scoring:  94%|#########3| 224/239 [00:27<00:01,  8.32batch/s]
Scoring:  94%|#########4| 225/239 [00:27<00:01,  8.50batch/s]
Scoring:  95%|#########4| 226/239 [00:28<00:01,  8.44batch/s]
Scoring:  95%|#########4| 227/239 [00:28<00:01,  8.61batch/s]
Scoring:  95%|#########5| 228/239 [00:28<00:01,  8.39batch/s]
Scoring:  96%|#########5| 229/239 [00:28<00:01,  8.42batch/s]
Scoring:  96%|#########6| 230/239 [00:28<00:01,  8.28batch/s]
Scoring:  97%|#########6| 231/239 [00:28<00:00,  8.45batch/s]
Scoring:  97%|#########7| 232/239 [00:28<00:00,  8.42batch/s]
Scoring:  97%|#########7| 233/239 [00:28<00:00,  8.44batch/s]
Scoring:  98%|#########7| 234/239 [00:28<00:00,  8.11batch/s]
Scoring:  98%|#########8| 235/239 [00:29<00:00,  7.32batch/s]
Scoring:  99%|#########8| 236/239 [00:29<00:00,  7.60batch/s]
Scoring:  99%|#########9| 237/239 [00:29<00:00,  8.02batch/s]
Scoring: 100%|#########9| 238/239 [00:29<00:00,  8.12batch/s]
Scoring: 100%|##########| 239/239 [00:29<00:00,  8.10batch/s]

=== loss = NMAE (channels 0,1,2,3,4; mean over channels of mean(|p-t|) / (mean(|t|) + 1e-05)) ===
saved array : D:\Research\NO-2D-Metamaterials\PLOTS\NO_I3O5_BCF16_NMAE_HC128_LR2e-03_WD0e+00_L1P1e-08_SS1_G9e-01_ch0u_260711_E12\b_test\NMAE_sample_case_plots\per_sample_loss_nmae_b_test.npy  shape=(1950000, 5)  (cols: combined_idx, geom_idx, wave_idx, band_idx, nmae)
mean=4.914966e-01
scenario          combined    geom    wave  band            loss
p0                 1019847     522     324     3    5.838395e+02
p01                1743526     894      37     4    3.672831e+00
p10                1853354     950     142     2    1.051811e+00
p20                 242219     124      69     5    7.692301e-01
p25                 452177     231     287     5    6.086990e-01
p30                1945949     997     299     5    4.524136e-01
p40                 379039     194     123     1    2.619459e-01
p50                 708745     363     149     1    1.745493e-01
p60                1547343     793     165     3    1.269727e-01
p70                 909291     466      98     3    9.498324e-02
p75                 899423     461      78     5    8.186557e-02
p80                1789024     917     145     4    6.966405e-02
p90                 289555     148     159     1    4.662499e-02
p99                 547224     280     204     0    2.023533e-02
p100               1146954     588      59     0    8.441169e-03
>> per_sample_loss_nmae_b_test DONE 2026-08-03 17:15:09

>> per_sample_loss_nmse_b_test START 2026-08-03 17:15:09
CPU threads: capped at 4 (torch.get_num_threads()=4)
Dataset   : d:\Research\NO-2D-Metamaterials\DATASETS\b_test\binarized_2026-03-08_16-34-27_pt
Eigen enc : uniform (eigenfrequency_uniform_full.pt)
Inference : d:\Research\NO-2D-Metamaterials\INFERENCE\NO_I3O5_BCF16_NMAE_HC128_LR2e-03_WD0e+00_L1P1e-08_SS1_G9e-01_ch0u_260711_E12\b_test\predictions_I3O5_NO_I3O5_BCF16_NMAE_HC128_LR2e-03_WD0e+00_L1P1e-08_SS1_G9e-01_ch0u_260711_E12.pt  shape=(1950000, 5, 32, 32) dtype=torch.float16
Losses    : nmse
Supported : mae, mse, rms, nmae, nmse, nrms (aliases l1->mae, l2->mse, rmse->rms, nl1->nmae, nl2->nmse, nrmse->nrms)
Field     : 32x32   Device: cpu
Samples   : 1950000  (n_geom=1000, n_waveforms=325, n_bands=6)
Output dir: D:\Research\NO-2D-Metamaterials\PLOTS\NO_I3O5_BCF16_NMAE_HC128_LR2e-03_WD0e+00_L1P1e-08_SS1_G9e-01_ch0u_260711_E12\b_test\NMSE_sample_case_plots
Truth mode: batched mmap/slice  (eigen mmap; displacements=loaded)

--- channel group: [0, 1, 2, 3, 4] ---
System.Management.Automation.RemoteException
Scoring:   0%|          | 0/239 [00:00<?, ?batch/s]
Scoring:   0%|          | 1/239 [00:00<00:35,  6.73batch/s]
Scoring:   1%|          | 2/239 [00:00<00:36,  6.49batch/s]
Scoring:   1%|1         | 3/239 [00:00<00:38,  6.19batch/s]
Scoring:   2%|1         | 4/239 [00:00<00:34,  6.72batch/s]
Scoring:   2%|2         | 5/239 [00:00<00:33,  7.05batch/s]
Scoring:   3%|2         | 6/239 [00:00<00:31,  7.30batch/s]
Scoring:   3%|2         | 7/239 [00:00<00:30,  7.62batch/s]
Scoring:   3%|3         | 8/239 [00:01<00:29,  7.72batch/s]
Scoring:   4%|3         | 9/239 [00:01<00:29,  7.77batch/s]
Scoring:   4%|4         | 10/239 [00:01<00:29,  7.85batch/s]
Scoring:   5%|4         | 11/239 [00:01<00:28,  7.98batch/s]
Scoring:   5%|5         | 12/239 [00:01<00:28,  7.97batch/s]
Scoring:   5%|5         | 13/239 [00:01<00:27,  8.12batch/s]
Scoring:   6%|5         | 14/239 [00:01<00:27,  8.12batch/s]
Scoring:   6%|6         | 15/239 [00:01<00:27,  8.23batch/s]
Scoring:   7%|6         | 16/239 [00:02<00:27,  8.04batch/s]
Scoring:   7%|7         | 17/239 [00:02<00:29,  7.56batch/s]
Scoring:   8%|7         | 18/239 [00:02<00:28,  7.66batch/s]
Scoring:   8%|7         | 19/239 [00:02<00:27,  7.88batch/s]
Scoring:   8%|8         | 20/239 [00:02<00:27,  7.99batch/s]
Scoring:   9%|8         | 21/239 [00:02<00:26,  8.14batch/s]
Scoring:   9%|9         | 22/239 [00:02<00:26,  8.05batch/s]
Scoring:  10%|9         | 23/239 [00:02<00:26,  8.18batch/s]
Scoring:  10%|#         | 24/239 [00:03<00:26,  8.13batch/s]
Scoring:  10%|#         | 25/239 [00:03<00:25,  8.32batch/s]
Scoring:  11%|#         | 26/239 [00:03<00:25,  8.46batch/s]
Scoring:  11%|#1        | 27/239 [00:03<00:24,  8.70batch/s]
Scoring:  12%|#1        | 28/239 [00:03<00:25,  8.30batch/s]
Scoring:  12%|#2        | 29/239 [00:03<00:24,  8.42batch/s]
Scoring:  13%|#2        | 30/239 [00:03<00:23,  8.71batch/s]
Scoring:  13%|#2        | 31/239 [00:03<00:24,  8.38batch/s]
Scoring:  13%|#3        | 32/239 [00:04<00:24,  8.59batch/s]
Scoring:  14%|#3        | 33/239 [00:04<00:23,  8.82batch/s]
Scoring:  14%|#4        | 34/239 [00:04<00:24,  8.48batch/s]
Scoring:  15%|#4        | 35/239 [00:04<00:23,  8.55batch/s]
Scoring:  15%|#5        | 36/239 [00:04<00:23,  8.61batch/s]
Scoring:  15%|#5        | 37/239 [00:04<00:23,  8.50batch/s]
Scoring:  16%|#5        | 38/239 [00:04<00:23,  8.57batch/s]
Scoring:  16%|#6        | 39/239 [00:04<00:23,  8.34batch/s]
Scoring:  17%|#6        | 40/239 [00:04<00:23,  8.39batch/s]
Scoring:  17%|#7        | 41/239 [00:05<00:22,  8.64batch/s]
Scoring:  18%|#7        | 42/239 [00:05<00:22,  8.62batch/s]
Scoring:  18%|#7        | 43/239 [00:05<00:22,  8.89batch/s]
Scoring:  18%|#8        | 44/239 [00:05<00:22,  8.68batch/s]
Scoring:  19%|#8        | 45/239 [00:05<00:22,  8.67batch/s]
Scoring:  19%|#9        | 46/239 [00:05<00:21,  8.80batch/s]
Scoring:  20%|#9        | 47/239 [00:05<00:21,  9.05batch/s]
Scoring:  20%|##        | 48/239 [00:05<00:21,  8.97batch/s]
Scoring:  21%|##        | 49/239 [00:05<00:20,  9.12batch/s]
Scoring:  21%|##        | 50/239 [00:06<00:22,  8.53batch/s]
Scoring:  21%|##1       | 51/239 [00:06<00:21,  8.65batch/s]
Scoring:  22%|##1       | 52/239 [00:06<00:21,  8.84batch/s]
Scoring:  22%|##2       | 53/239 [00:06<00:22,  8.41batch/s]
Scoring:  23%|##2       | 54/239 [00:06<00:21,  8.57batch/s]
Scoring:  23%|##3       | 55/239 [00:06<00:21,  8.71batch/s]
Scoring:  23%|##3       | 56/239 [00:06<00:21,  8.33batch/s]
Scoring:  24%|##3       | 57/239 [00:06<00:21,  8.47batch/s]
Scoring:  24%|##4       | 58/239 [00:07<00:20,  8.73batch/s]
Scoring:  25%|##4       | 59/239 [00:07<00:21,  8.36batch/s]
Scoring:  25%|##5       | 60/239 [00:07<00:21,  8.28batch/s]
Scoring:  26%|##5       | 61/239 [00:07<00:20,  8.52batch/s]
Scoring:  26%|##5       | 62/239 [00:07<00:20,  8.55batch/s]
Scoring:  26%|##6       | 63/239 [00:07<00:19,  8.81batch/s]
Scoring:  27%|##6       | 64/239 [00:07<00:20,  8.54batch/s]
Scoring:  27%|##7       | 65/239 [00:07<00:20,  8.68batch/s]
Scoring:  28%|##7       | 66/239 [00:07<00:19,  8.91batch/s]
Scoring:  28%|##8       | 67/239 [00:08<00:20,  8.52batch/s]
Scoring:  28%|##8       | 68/239 [00:08<00:19,  8.59batch/s]
Scoring:  29%|##8       | 69/239 [00:08<00:19,  8.79batch/s]
Scoring:  29%|##9       | 70/239 [00:08<00:20,  8.36batch/s]
Scoring:  30%|##9       | 71/239 [00:08<00:19,  8.55batch/s]
Scoring:  30%|###       | 72/239 [00:08<00:19,  8.74batch/s]
Scoring:  31%|###       | 73/239 [00:08<00:19,  8.45batch/s]
Scoring:  31%|###       | 74/239 [00:08<00:19,  8.50batch/s]
Scoring:  31%|###1      | 75/239 [00:09<00:19,  8.63batch/s]
Scoring:  32%|###1      | 76/239 [00:09<00:18,  8.62batch/s]
Scoring:  32%|###2      | 77/239 [00:09<00:18,  8.74batch/s]
Scoring:  33%|###2      | 78/239 [00:09<00:19,  8.39batch/s]
Scoring:  33%|###3      | 79/239 [00:09<00:19,  8.32batch/s]
Scoring:  33%|###3      | 80/239 [00:09<00:18,  8.62batch/s]
Scoring:  34%|###3      | 81/239 [00:09<00:18,  8.64batch/s]
Scoring:  34%|###4      | 82/239 [00:09<00:17,  8.76batch/s]
Scoring:  35%|###4      | 83/239 [00:09<00:18,  8.59batch/s]
Scoring:  35%|###5      | 84/239 [00:10<00:18,  8.37batch/s]
Scoring:  36%|###5      | 85/239 [00:10<00:17,  8.67batch/s]
Scoring:  36%|###5      | 86/239 [00:10<00:17,  8.57batch/s]
Scoring:  36%|###6      | 87/239 [00:10<00:18,  8.44batch/s]
Scoring:  37%|###6      | 88/239 [00:10<00:17,  8.64batch/s]
Scoring:  37%|###7      | 89/239 [00:10<00:17,  8.49batch/s]
Scoring:  38%|###7      | 90/239 [00:10<00:17,  8.36batch/s]
Scoring:  38%|###8      | 91/239 [00:10<00:17,  8.65batch/s]
Scoring:  38%|###8      | 92/239 [00:11<00:17,  8.53batch/s]
Scoring:  39%|###8      | 93/239 [00:11<00:17,  8.44batch/s]
Scoring:  39%|###9      | 94/239 [00:11<00:16,  8.57batch/s]
Scoring:  40%|###9      | 95/239 [00:11<00:17,  8.11batch/s]
Scoring:  40%|####      | 96/239 [00:11<00:17,  8.34batch/s]
Scoring:  41%|####      | 97/239 [00:11<00:16,  8.66batch/s]
Scoring:  41%|####1     | 98/239 [00:11<00:16,  8.30batch/s]
Scoring:  41%|####1     | 99/239 [00:11<00:16,  8.42batch/s]
Scoring:  42%|####1     | 100/239 [00:11<00:15,  8.73batch/s]
Scoring:  42%|####2     | 101/239 [00:12<00:16,  8.40batch/s]
Scoring:  43%|####2     | 102/239 [00:12<00:16,  8.30batch/s]
Scoring:  43%|####3     | 103/239 [00:12<00:16,  8.47batch/s]
Scoring:  44%|####3     | 104/239 [00:12<00:16,  8.44batch/s]
Scoring:  44%|####3     | 105/239 [00:12<00:15,  8.68batch/s]
Scoring:  44%|####4     | 106/239 [00:12<00:15,  8.39batch/s]
Scoring:  45%|####4     | 107/239 [00:12<00:15,  8.55batch/s]
Scoring:  45%|####5     | 108/239 [00:12<00:15,  8.61batch/s]
Scoring:  46%|####5     | 109/239 [00:13<00:15,  8.63batch/s]
Scoring:  46%|####6     | 110/239 [00:13<00:14,  8.71batch/s]
Scoring:  46%|####6     | 111/239 [00:13<00:15,  8.45batch/s]
Scoring:  47%|####6     | 112/239 [00:13<00:14,  8.64batch/s]
Scoring:  47%|####7     | 113/239 [00:13<00:14,  8.79batch/s]
Scoring:  48%|####7     | 114/239 [00:13<00:14,  8.41batch/s]
Scoring:  48%|####8     | 115/239 [00:13<00:14,  8.50batch/s]
Scoring:  49%|####8     | 116/239 [00:13<00:14,  8.75batch/s]
Scoring:  49%|####8     | 117/239 [00:13<00:14,  8.41batch/s]
Scoring:  49%|####9     | 118/239 [00:14<00:14,  8.55batch/s]
Scoring:  50%|####9     | 119/239 [00:14<00:13,  8.83batch/s]
Scoring:  50%|#####     | 120/239 [00:14<00:14,  8.47batch/s]
Scoring:  51%|#####     | 121/239 [00:14<00:13,  8.61batch/s]
Scoring:  51%|#####1    | 122/239 [00:14<00:13,  8.81batch/s]
Scoring:  51%|#####1    | 123/239 [00:14<00:13,  8.52batch/s]
Scoring:  52%|#####1    | 124/239 [00:14<00:13,  8.40batch/s]
Scoring:  52%|#####2    | 125/239 [00:14<00:13,  8.70batch/s]
Scoring:  53%|#####2    | 126/239 [00:14<00:12,  8.71batch/s]
Scoring:  53%|#####3    | 127/239 [00:15<00:12,  8.90batch/s]
Scoring:  54%|#####3    | 128/239 [00:15<00:12,  8.74batch/s]
Scoring:  54%|#####3    | 129/239 [00:15<00:12,  8.63batch/s]
Scoring:  54%|#####4    | 130/239 [00:15<00:12,  8.69batch/s]
Scoring:  55%|#####4    | 131/239 [00:15<00:12,  8.52batch/s]
Scoring:  55%|#####5    | 132/239 [00:15<00:12,  8.50batch/s]
Scoring:  56%|#####5    | 133/239 [00:15<00:12,  8.68batch/s]
Scoring:  56%|#####6    | 134/239 [00:15<00:12,  8.46batch/s]
Scoring:  56%|#####6    | 135/239 [00:16<00:12,  8.33batch/s]
Scoring:  57%|#####6    | 136/239 [00:16<00:11,  8.62batch/s]
Scoring:  57%|#####7    | 137/239 [00:16<00:12,  8.46batch/s]
Scoring:  58%|#####7    | 138/239 [00:16<00:12,  8.41batch/s]
Scoring:  58%|#####8    | 139/239 [00:16<00:11,  8.58batch/s]
Scoring:  59%|#####8    | 140/239 [00:16<00:11,  8.45batch/s]
Scoring:  59%|#####8    | 141/239 [00:16<00:11,  8.36batch/s]
Scoring:  59%|#####9    | 142/239 [00:16<00:11,  8.63batch/s]
Scoring:  60%|#####9    | 143/239 [00:16<00:11,  8.26batch/s]
Scoring:  60%|######    | 144/239 [00:17<00:11,  8.24batch/s]
Scoring:  61%|######    | 145/239 [00:17<00:11,  8.39batch/s]
Scoring:  61%|######1   | 146/239 [00:17<00:11,  7.94batch/s]
Scoring:  62%|######1   | 147/239 [00:17<00:11,  8.05batch/s]
Scoring:  62%|######1   | 148/239 [00:17<00:11,  8.23batch/s]
Scoring:  62%|######2   | 149/239 [00:17<00:10,  8.21batch/s]
Scoring:  63%|######2   | 150/239 [00:17<00:10,  8.42batch/s]
Scoring:  63%|######3   | 151/239 [00:17<00:10,  8.18batch/s]
Scoring:  64%|######3   | 152/239 [00:18<00:10,  8.00batch/s]
Scoring:  64%|######4   | 153/239 [00:18<00:11,  7.75batch/s]
Scoring:  64%|######4   | 154/239 [00:18<00:10,  7.97batch/s]
Scoring:  65%|######4   | 155/239 [00:18<00:10,  8.28batch/s]
Scoring:  65%|######5   | 156/239 [00:18<00:09,  8.44batch/s]
Scoring:  66%|######5   | 157/239 [00:18<00:09,  8.61batch/s]
Scoring:  66%|######6   | 158/239 [00:18<00:09,  8.55batch/s]
Scoring:  67%|######6   | 159/239 [00:18<00:09,  8.38batch/s]
Scoring:  67%|######6   | 160/239 [00:19<00:09,  8.62batch/s]
Scoring:  67%|######7   | 161/239 [00:19<00:09,  8.45batch/s]
Scoring:  68%|######7   | 162/239 [00:19<00:09,  8.49batch/s]
Scoring:  68%|######8   | 163/239 [00:19<00:08,  8.61batch/s]
Scoring:  69%|######8   | 164/239 [00:19<00:08,  8.48batch/s]
Scoring:  69%|######9   | 165/239 [00:19<00:08,  8.42batch/s]
Scoring:  69%|######9   | 166/239 [00:19<00:08,  8.65batch/s]
Scoring:  70%|######9   | 167/239 [00:19<00:08,  8.90batch/s]
Scoring:  70%|#######   | 168/239 [00:19<00:08,  8.69batch/s]
Scoring:  71%|#######   | 169/239 [00:20<00:07,  8.86batch/s]
Scoring:  71%|#######1  | 170/239 [00:20<00:08,  8.46batch/s]
Scoring:  72%|#######1  | 171/239 [00:20<00:08,  8.48batch/s]
Scoring:  72%|#######1  | 172/239 [00:20<00:07,  8.57batch/s]
Scoring:  72%|#######2  | 173/239 [00:20<00:07,  8.58batch/s]
Scoring:  73%|#######2  | 174/239 [00:20<00:07,  8.85batch/s]
Scoring:  73%|#######3  | 175/239 [00:20<00:07,  8.72batch/s]
Scoring:  74%|#######3  | 176/239 [00:20<00:07,  8.59batch/s]
Scoring:  74%|#######4  | 177/239 [00:21<00:06,  8.87batch/s]
Scoring:  74%|#######4  | 178/239 [00:21<00:07,  8.67batch/s]
Scoring:  75%|#######4  | 179/239 [00:21<00:07,  8.56batch/s]
Scoring:  75%|#######5  | 180/239 [00:21<00:06,  8.84batch/s]
Scoring:  76%|#######5  | 181/239 [00:21<00:06,  8.58batch/s]
Scoring:  76%|#######6  | 182/239 [00:21<00:06,  8.43batch/s]
Scoring:  77%|#######6  | 183/239 [00:21<00:06,  8.57batch/s]
Scoring:  77%|#######6  | 184/239 [00:21<00:06,  8.29batch/s]
Scoring:  77%|#######7  | 185/239 [00:21<00:06,  8.44batch/s]
Scoring:  78%|#######7  | 186/239 [00:22<00:06,  8.75batch/s]
Scoring:  78%|#######8  | 187/239 [00:22<00:06,  8.39batch/s]
Scoring:  79%|#######8  | 188/239 [00:22<00:05,  8.55batch/s]
Scoring:  79%|#######9  | 189/239 [00:22<00:05,  8.77batch/s]
Scoring:  79%|#######9  | 190/239 [00:22<00:05,  8.44batch/s]
Scoring:  80%|#######9  | 191/239 [00:22<00:05,  8.40batch/s]
Scoring:  80%|########  | 192/239 [00:22<00:05,  8.39batch/s]
Scoring:  81%|########  | 193/239 [00:22<00:05,  8.50batch/s]
Scoring:  81%|########1 | 194/239 [00:22<00:05,  8.75batch/s]
Scoring:  82%|########1 | 195/239 [00:23<00:05,  8.55batch/s]
Scoring:  82%|########2 | 196/239 [00:23<00:04,  8.65batch/s]
Scoring:  82%|########2 | 197/239 [00:23<00:04,  8.93batch/s]
Scoring:  83%|########2 | 198/239 [00:23<00:04,  8.59batch/s]
Scoring:  83%|########3 | 199/239 [00:23<00:04,  8.66batch/s]
Scoring:  84%|########3 | 200/239 [00:23<00:04,  8.89batch/s]
Scoring:  84%|########4 | 201/239 [00:23<00:04,  8.51batch/s]
Scoring:  85%|########4 | 202/239 [00:23<00:04,  8.51batch/s]
Scoring:  85%|########4 | 203/239 [00:24<00:04,  8.80batch/s]
Scoring:  85%|########5 | 204/239 [00:24<00:04,  8.28batch/s]
Scoring:  86%|########5 | 205/239 [00:24<00:04,  8.37batch/s]
Scoring:  86%|########6 | 206/239 [00:24<00:03,  8.61batch/s]
Scoring:  87%|########6 | 207/239 [00:24<00:03,  8.56batch/s]
Scoring:  87%|########7 | 208/239 [00:24<00:03,  8.77batch/s]
Scoring:  87%|########7 | 209/239 [00:24<00:03,  8.43batch/s]
Scoring:  88%|########7 | 210/239 [00:24<00:03,  8.49batch/s]
Scoring:  88%|########8 | 211/239 [00:24<00:03,  8.61batch/s]
Scoring:  89%|########8 | 212/239 [00:25<00:03,  8.55batch/s]
Scoring:  89%|########9 | 213/239 [00:25<00:03,  8.51batch/s]
Scoring:  90%|########9 | 214/239 [00:25<00:02,  8.35batch/s]
Scoring:  90%|########9 | 215/239 [00:25<00:02,  8.21batch/s]
Scoring:  90%|######### | 216/239 [00:25<00:02,  8.49batch/s]
Scoring:  91%|######### | 217/239 [00:25<00:02,  8.24batch/s]
Scoring:  91%|#########1| 218/239 [00:25<00:02,  8.33batch/s]
Scoring:  92%|#########1| 219/239 [00:25<00:02,  8.18batch/s]
Scoring:  92%|#########2| 220/239 [00:26<00:02,  8.42batch/s]
Scoring:  92%|#########2| 221/239 [00:26<00:02,  8.51batch/s]
Scoring:  93%|#########2| 222/239 [00:26<00:01,  8.73batch/s]
Scoring:  93%|#########3| 223/239 [00:26<00:01,  8.39batch/s]
Scoring:  94%|#########3| 224/239 [00:26<00:01,  8.36batch/s]
Scoring:  94%|#########4| 225/239 [00:26<00:01,  8.60batch/s]
Scoring:  95%|#########4| 226/239 [00:26<00:01,  8.64batch/s]
Scoring:  95%|#########4| 227/239 [00:26<00:01,  8.76batch/s]
Scoring:  95%|#########5| 228/239 [00:26<00:01,  8.45batch/s]
Scoring:  96%|#########5| 229/239 [00:27<00:01,  8.60batch/s]
Scoring:  96%|#########6| 230/239 [00:27<00:01,  8.74batch/s]
Scoring:  97%|#########6| 231/239 [00:27<00:00,  8.34batch/s]
Scoring:  97%|#########7| 232/239 [00:27<00:00,  8.48batch/s]
Scoring:  97%|#########7| 233/239 [00:27<00:00,  8.77batch/s]
Scoring:  98%|#########7| 234/239 [00:27<00:00,  8.49batch/s]
Scoring:  98%|#########8| 235/239 [00:27<00:00,  8.70batch/s]
Scoring:  99%|#########8| 236/239 [00:27<00:00,  8.95batch/s]
Scoring:  99%|#########9| 237/239 [00:28<00:00,  8.75batch/s]
Scoring: 100%|#########9| 238/239 [00:28<00:00,  8.57batch/s]
Scoring: 100%|##########| 239/239 [00:28<00:00,  8.49batch/s]

=== loss = NMSE (channels 0,1,2,3,4; mean over channels of mean((p-t)^2) / (mean(t^2) + 1e-05)) ===
saved array : D:\Research\NO-2D-Metamaterials\PLOTS\NO_I3O5_BCF16_NMAE_HC128_LR2e-03_WD0e+00_L1P1e-08_SS1_G9e-01_ch0u_260711_E12\b_test\NMSE_sample_case_plots\per_sample_loss_nmse_b_test.npy  shape=(1950000, 5)  (cols: combined_idx, geom_idx, wave_idx, band_idx, nmse)
mean=3.588520e-01
scenario          combined    geom    wave  band            loss
p0                 1686822     865      12     0    4.240338e+02
p01                1479236     758     189     2    3.725374e+00
p10                 731314     375      10     4    1.000581e+00
p20                1824364     935     185     4    5.331791e-01
p25                 519862     266     193     4    3.322069e-01
p30                1838102     942     200     2    1.800162e-01
p40                1865284     956     180     4    6.053321e-02
p50                 951589     487     323     1    2.766075e-02
p60                1716154     880      25     4    1.485682e-02
p70                1449123     743      45     3    8.457590e-03
p75                1844331     945     263     3    6.363630e-03
p80                 765661     392     210     1    4.714829e-03
p90                 303426     155     196     0    2.285012e-03
p99                1342092     688      82     0    5.798970e-04
p100               1146954     588      59     0    1.144671e-04
>> per_sample_loss_nmse_b_test DONE 2026-08-03 17:15:50

ALL_0711_E12_LOSS_PIPELINE_DONE 2026-08-03 17:15:50
